solid 
 facet normal  0.000000e+00  0.000000e+00  1.000000e+00
   outer loop
     vertex -1.143801e+01 -1.251789e+01  5.000000e+00
     vertex -1.141381e+01 -1.258597e+01  5.000000e+00
     vertex -1.136700e+01 -1.264100e+01  5.000000e+00
   endloop
 endfacet
 facet normal  0.000000e+00  0.000000e+00  1.000000e+00
   outer loop
     vertex -1.143237e+01 -1.242937e+01  5.000000e+00
     vertex -1.143801e+01 -1.251789e+01  5.000000e+00
     vertex -1.136700e+01 -1.264100e+01  5.000000e+00
   endloop
 endfacet
 facet normal  0.000000e+00  0.000000e+00  1.000000e+00
   outer loop
     vertex -1.138900e+01 -1.235200e+01  5.000000e+00
     vertex -1.143237e+01 -1.242937e+01  5.000000e+00
     vertex -1.136700e+01 -1.264100e+01  5.000000e+00
   endloop
 endfacet
 facet normal  0.000000e+00  0.000000e+00  1.000000e+00
   outer loop
     vertex -1.235200e+01 -1.138900e+01  5.000000e+00
     vertex -1.264100e+01 -1.136700e+01  5.000000e+00
     vertex -1.257108e+01 -1.142158e+01  5.000000e+00
   endloop
 endfacet
 facet normal  0.000000e+00  0.000000e+00  1.000000e+00
   outer loop
     vertex -1.235200e+01 -1.138900e+01  5.000000e+00
     vertex -1.257108e+01 -1.142158e+01  5.000000e+00
     vertex -1.248444e+01 -1.144056e+01  5.000000e+00
   endloop
 endfacet
 facet normal  0.000000e+00  0.000000e+00  1.000000e+00
   outer loop
     vertex -1.235200e+01 -1.138900e+01  5.000000e+00
     vertex -1.248444e+01 -1.144056e+01  5.000000e+00
     vertex -1.241348e+01 -1.142694e+01  5.000000e+00
   endloop
 endfacet
 facet normal  0.000000e+00  0.000000e+00  1.000000e+00
   outer loop
     vertex -9.713000e+00 -1.370900e+01  5.000000e+00
     vertex -1.000000e+01 -1.374600e+01  5.000000e+00
     vertex -9.920401e+00 -1.378514e+01  5.000000e+00
   endloop
 endfacet
 facet normal  0.000000e+00  0.000000e+00  1.000000e+00
   outer loop
     vertex -9.713000e+00 -1.370900e+01  5.000000e+00
     vertex -9.920401e+00 -1.378514e+01  5.000000e+00
     vertex -9.831706e+00 -1.378600e+01  5.000000e+00
   endloop
 endfacet
 facet normal  0.000000e+00  0.000000e+00  1.000000e+00
   outer loop
     vertex -9.713000e+00 -1.370900e+01  5.000000e+00
     vertex -9.831706e+00 -1.378600e+01  5.000000e+00
     vertex -9.765316e+00 -1.375835e+01  5.000000e+00
   endloop
 endfacet
 facet normal  0.000000e+00  0.000000e+00  1.000000e+00
   outer loop
     vertex -1.370900e+01 -9.713000e+00  5.000000e+00
     vertex -1.376704e+01 -9.780071e+00  5.000000e+00
     vertex -1.379037e+01 -9.865647e+00  5.000000e+00
   endloop
 endfacet
 facet normal  0.000000e+00  0.000000e+00  1.000000e+00
   outer loop
     vertex -1.370900e+01 -9.713000e+00  5.000000e+00
     vertex -1.379037e+01 -9.865647e+00  5.000000e+00
     vertex -1.378047e+01 -9.936878e+00  5.000000e+00
   endloop
 endfacet
 facet normal  0.000000e+00  0.000000e+00  1.000000e+00
   outer loop
     vertex -1.370900e+01 -9.713000e+00  5.000000e+00
     vertex -1.378047e+01 -9.936878e+00  5.000000e+00
     vertex -1.374600e+01 -1.000000e+01  5.000000e+00
   endloop
 endfacet
 facet normal  0.000000e+00  0.000000e+00  1.000000e+00
   outer loop
     vertex -1.095100e+01 -1.246300e+01  5.000000e+00
     vertex -1.138900e+01 -1.235200e+01  5.000000e+00
     vertex -1.136700e+01 -1.264100e+01  5.000000e+00
   endloop
 endfacet
 facet normal  0.000000e+00  0.000000e+00  1.000000e+00
   outer loop
     vertex -1.246300e+01 -1.095100e+01  5.000000e+00
     vertex -1.264100e+01 -1.136700e+01  5.000000e+00
     vertex -1.235200e+01 -1.138900e+01  5.000000e+00
   endloop
 endfacet
 facet normal  0.000000e+00  0.000000e+00  1.000000e+00
   outer loop
     vertex -9.914000e+00 -1.330300e+01  5.000000e+00
     vertex -1.095100e+01 -1.246300e+01  5.000000e+00
     vertex -1.136700e+01 -1.264100e+01  5.000000e+00
   endloop
 endfacet
 facet normal  0.000000e+00  0.000000e+00  1.000000e+00
   outer loop
     vertex -9.914000e+00 -1.330300e+01  5.000000e+00
     vertex -1.136700e+01 -1.264100e+01  5.000000e+00
     vertex -1.000000e+01 -1.374600e+01  5.000000e+00
   endloop
 endfacet
 facet normal  0.000000e+00  0.000000e+00  1.000000e+00
   outer loop
     vertex -9.914000e+00 -1.330300e+01  5.000000e+00
     vertex -1.000000e+01 -1.374600e+01  5.000000e+00
     vertex -9.713000e+00 -1.370900e+01  5.000000e+00
   endloop
 endfacet
 facet normal  0.000000e+00  0.000000e+00  1.000000e+00
   outer loop
     vertex -1.330300e+01 -9.914000e+00  5.000000e+00
     vertex -1.264100e+01 -1.136700e+01  5.000000e+00
     vertex -1.246300e+01 -1.095100e+01  5.000000e+00
   endloop
 endfacet
 facet normal  0.000000e+00  0.000000e+00  1.000000e+00
   outer loop
     vertex -1.330300e+01 -9.914000e+00  5.000000e+00
     vertex -1.374600e+01 -1.000000e+01  5.000000e+00
     vertex -1.264100e+01 -1.136700e+01  5.000000e+00
   endloop
 endfacet
 facet normal  0.000000e+00  0.000000e+00  1.000000e+00
   outer loop
     vertex -1.330300e+01 -9.914000e+00  5.000000e+00
     vertex -1.370900e+01 -9.713000e+00  5.000000e+00
     vertex -1.374600e+01 -1.000000e+01  5.000000e+00
   endloop
 endfacet
 facet normal  0.000000e+00  0.000000e+00  1.000000e+00
   outer loop
     vertex -1.458930e+01 -8.594697e+00  5.000000e+00
     vertex -1.472700e+01 -8.490000e+00  5.000000e+00
     vertex -1.467005e+01 -8.558006e+00  5.000000e+00
   endloop
 endfacet
 facet normal  0.000000e+00  0.000000e+00  1.000000e+00
   outer loop
     vertex -8.572000e+00 -1.444900e+01  5.000000e+00
     vertex -8.598214e+00 -1.453374e+01  5.000000e+00
     vertex -8.585206e+00 -1.462148e+01  5.000000e+00
   endloop
 endfacet
 facet normal  0.000000e+00  0.000000e+00  1.000000e+00
   outer loop
     vertex -8.572000e+00 -1.444900e+01  5.000000e+00
     vertex -8.585206e+00 -1.462148e+01  5.000000e+00
     vertex -8.547292e+00 -1.468298e+01  5.000000e+00
   endloop
 endfacet
 facet normal  0.000000e+00  0.000000e+00  1.000000e+00
   outer loop
     vertex -8.572000e+00 -1.444900e+01  5.000000e+00
     vertex -8.547292e+00 -1.468298e+01  5.000000e+00
     vertex -8.490000e+00 -1.472700e+01  5.000000e+00
   endloop
 endfacet
 facet normal  0.000000e+00  0.000000e+00  1.000000e+00
   outer loop
     vertex -1.444900e+01 -8.572000e+00  5.000000e+00
     vertex -1.458930e+01 -8.594697e+00  5.000000e+00
     vertex -1.451707e+01 -8.596231e+00  5.000000e+00
   endloop
 endfacet
 facet normal  0.000000e+00  0.000000e+00  1.000000e+00
   outer loop
     vertex -1.444900e+01 -8.572000e+00  5.000000e+00
     vertex -1.472700e+01 -8.490000e+00  5.000000e+00
     vertex -1.458930e+01 -8.594697e+00  5.000000e+00
   endloop
 endfacet
 facet normal  0.000000e+00  0.000000e+00  1.000000e+00
   outer loop
     vertex -8.121000e+00 -1.446700e+01  5.000000e+00
     vertex -8.572000e+00 -1.444900e+01  5.000000e+00
     vertex -8.490000e+00 -1.472700e+01  5.000000e+00
   endloop
 endfacet
 facet normal  0.000000e+00  0.000000e+00  1.000000e+00
   outer loop
     vertex -1.446700e+01 -8.121000e+00  5.000000e+00
     vertex -1.472700e+01 -8.490000e+00  5.000000e+00
     vertex -1.444900e+01 -8.572000e+00  5.000000e+00
   endloop
 endfacet
 facet normal  0.000000e+00  0.000000e+00  1.000000e+00
   outer loop
     vertex -6.924000e+00 -1.552500e+01  5.000000e+00
     vertex -8.121000e+00 -1.446700e+01  5.000000e+00
     vertex -8.490000e+00 -1.472700e+01  5.000000e+00
   endloop
 endfacet
 facet normal  0.000000e+00  0.000000e+00  1.000000e+00
   outer loop
     vertex -1.552500e+01 -6.924000e+00  5.000000e+00
     vertex -1.472700e+01 -8.490000e+00  5.000000e+00
     vertex -1.446700e+01 -8.121000e+00  5.000000e+00
   endloop
 endfacet
 facet normal  0.000000e+00  0.000000e+00  1.000000e+00
   outer loop
     vertex -6.751096e+00 -1.553020e+01  5.000000e+00
     vertex -6.924000e+00 -1.552500e+01  5.000000e+00
     vertex -6.838140e+00 -1.554726e+01  5.000000e+00
   endloop
 endfacet
 facet normal  0.000000e+00  0.000000e+00  1.000000e+00
   outer loop
     vertex -6.650000e+00 -1.543000e+01  5.000000e+00
     vertex -6.924000e+00 -1.552500e+01  5.000000e+00
     vertex -6.751096e+00 -1.553020e+01  5.000000e+00
   endloop
 endfacet
 facet normal  0.000000e+00  0.000000e+00  1.000000e+00
   outer loop
     vertex -6.650000e+00 -1.543000e+01  5.000000e+00
     vertex -6.751096e+00 -1.553020e+01  5.000000e+00
     vertex -6.691332e+00 -1.548940e+01  5.000000e+00
   endloop
 endfacet
 facet normal  0.000000e+00  0.000000e+00  1.000000e+00
   outer loop
     vertex -1.543000e+01 -6.650000e+00  5.000000e+00
     vertex -1.550063e+01 -6.703653e+00  5.000000e+00
     vertex -1.554112e+01 -6.782574e+00  5.000000e+00
   endloop
 endfacet
 facet normal  0.000000e+00  0.000000e+00  1.000000e+00
   outer loop
     vertex -1.543000e+01 -6.650000e+00  5.000000e+00
     vertex -1.554112e+01 -6.782574e+00  5.000000e+00
     vertex -1.554607e+01 -6.854769e+00  5.000000e+00
   endloop
 endfacet
 facet normal  0.000000e+00  0.000000e+00  1.000000e+00
   outer loop
     vertex -1.543000e+01 -6.650000e+00  5.000000e+00
     vertex -1.554607e+01 -6.854769e+00  5.000000e+00
     vertex -1.552500e+01 -6.924000e+00  5.000000e+00
   endloop
 endfacet
 facet normal  0.000000e+00  0.000000e+00  1.000000e+00
   outer loop
     vertex -6.930000e+00 -1.507400e+01  5.000000e+00
     vertex -6.924000e+00 -1.552500e+01  5.000000e+00
     vertex -6.650000e+00 -1.543000e+01  5.000000e+00
   endloop
 endfacet
 facet normal  0.000000e+00  0.000000e+00  1.000000e+00
   outer loop
     vertex -6.930000e+00 -1.507400e+01  5.000000e+00
     vertex -8.121000e+00 -1.446700e+01  5.000000e+00
     vertex -6.924000e+00 -1.552500e+01  5.000000e+00
   endloop
 endfacet
 facet normal  0.000000e+00  0.000000e+00  1.000000e+00
   outer loop
     vertex -1.507400e+01 -6.930000e+00  5.000000e+00
     vertex -1.543000e+01 -6.650000e+00  5.000000e+00
     vertex -1.552500e+01 -6.924000e+00  5.000000e+00
   endloop
 endfacet
 facet normal  0.000000e+00  0.000000e+00  1.000000e+00
   outer loop
     vertex -1.507400e+01 -6.930000e+00  5.000000e+00
     vertex -1.552500e+01 -6.924000e+00  5.000000e+00
     vertex -1.446700e+01 -8.121000e+00  5.000000e+00
   endloop
 endfacet
 facet normal  0.000000e+00  0.000000e+00  1.000000e+00
   outer loop
     vertex -5.242000e+00 -1.617200e+01  5.000000e+00
     vertex -5.358770e+00 -1.608755e+01  5.000000e+00
     vertex -5.308256e+00 -1.614066e+01  5.000000e+00
   endloop
 endfacet
 facet normal  0.000000e+00  0.000000e+00  1.000000e+00
   outer loop
     vertex -5.389391e+00 -1.600430e+01  5.000000e+00
     vertex -5.358770e+00 -1.608755e+01  5.000000e+00
     vertex -5.242000e+00 -1.617200e+01  5.000000e+00
   endloop
 endfacet
 facet normal  0.000000e+00  0.000000e+00  1.000000e+00
   outer loop
     vertex -1.598864e+01 -5.390797e+00  5.000000e+00
     vertex -1.617200e+01 -5.242000e+00  5.000000e+00
     vertex -1.613095e+01 -5.320627e+00  5.000000e+00
   endloop
 endfacet
 facet normal  0.000000e+00  0.000000e+00  1.000000e+00
   outer loop
     vertex -1.598864e+01 -5.390797e+00  5.000000e+00
     vertex -1.613095e+01 -5.320627e+00  5.000000e+00
     vertex -1.605993e+01 -5.373767e+00  5.000000e+00
   endloop
 endfacet
 facet normal  0.000000e+00  0.000000e+00  1.000000e+00
   outer loop
     vertex -5.381000e+00 -1.591600e+01  5.000000e+00
     vertex -5.389391e+00 -1.600430e+01  5.000000e+00
     vertex -5.242000e+00 -1.617200e+01  5.000000e+00
   endloop
 endfacet
 facet normal  0.000000e+00  0.000000e+00  1.000000e+00
   outer loop
     vertex -1.591600e+01 -5.381000e+00  5.000000e+00
     vertex -1.617200e+01 -5.242000e+00  5.000000e+00
     vertex -1.598864e+01 -5.390797e+00  5.000000e+00
   endloop
 endfacet
 facet normal  0.000000e+00  0.000000e+00  1.000000e+00
   outer loop
     vertex -4.936000e+00 -1.584000e+01  5.000000e+00
     vertex -5.381000e+00 -1.591600e+01  5.000000e+00
     vertex -5.242000e+00 -1.617200e+01  5.000000e+00
   endloop
 endfacet
 facet normal  0.000000e+00  0.000000e+00  1.000000e+00
   outer loop
     vertex -1.584000e+01 -4.936000e+00  5.000000e+00
     vertex -1.617200e+01 -5.242000e+00  5.000000e+00
     vertex -1.591600e+01 -5.381000e+00  5.000000e+00
   endloop
 endfacet
 facet normal  0.000000e+00  0.000000e+00  1.000000e+00
   outer loop
     vertex -1.661229e+01 -3.402228e+00  5.000000e+00
     vertex -1.663290e+01 -3.472250e+00  5.000000e+00
     vertex -1.662700e+01 -3.545000e+00  5.000000e+00
   endloop
 endfacet
 facet normal  0.000000e+00  0.000000e+00  1.000000e+00
   outer loop
     vertex -3.324765e+00 -1.654250e+01  5.000000e+00
     vertex -3.456374e+00 -1.663061e+01  5.000000e+00
     vertex -3.374902e+00 -1.659555e+01  5.000000e+00
   endloop
 endfacet
 facet normal  0.000000e+00  0.000000e+00  1.000000e+00
   outer loop
     vertex -3.646000e+00 -1.618600e+01  5.000000e+00
     vertex -4.936000e+00 -1.584000e+01  5.000000e+00
     vertex -5.242000e+00 -1.617200e+01  5.000000e+00
   endloop
 endfacet
 facet normal  0.000000e+00  0.000000e+00  1.000000e+00
   outer loop
     vertex -3.646000e+00 -1.618600e+01  5.000000e+00
     vertex -5.242000e+00 -1.617200e+01  5.000000e+00
     vertex -3.545000e+00 -1.662700e+01  5.000000e+00
   endloop
 endfacet
 facet normal  0.000000e+00  0.000000e+00  1.000000e+00
   outer loop
     vertex -1.618600e+01 -3.646000e+00  5.000000e+00
     vertex -1.662700e+01 -3.545000e+00  5.000000e+00
     vertex -1.617200e+01 -5.242000e+00  5.000000e+00
   endloop
 endfacet
 facet normal  0.000000e+00  0.000000e+00  1.000000e+00
   outer loop
     vertex -1.618600e+01 -3.646000e+00  5.000000e+00
     vertex -1.617200e+01 -5.242000e+00  5.000000e+00
     vertex -1.584000e+01 -4.936000e+00  5.000000e+00
   endloop
 endfacet
 facet normal  0.000000e+00  0.000000e+00  1.000000e+00
   outer loop
     vertex -3.297000e+00 -1.647500e+01  5.000000e+00
     vertex -3.646000e+00 -1.618600e+01  5.000000e+00
     vertex -3.545000e+00 -1.662700e+01  5.000000e+00
   endloop
 endfacet
 facet normal  0.000000e+00  0.000000e+00  1.000000e+00
   outer loop
     vertex -3.297000e+00 -1.647500e+01  5.000000e+00
     vertex -3.456374e+00 -1.663061e+01  5.000000e+00
     vertex -3.324765e+00 -1.654250e+01  5.000000e+00
   endloop
 endfacet
 facet normal  0.000000e+00  0.000000e+00  1.000000e+00
   outer loop
     vertex -3.297000e+00 -1.647500e+01  5.000000e+00
     vertex -3.545000e+00 -1.662700e+01  5.000000e+00
     vertex -3.456374e+00 -1.663061e+01  5.000000e+00
   endloop
 endfacet
 facet normal  0.000000e+00  0.000000e+00  1.000000e+00
   outer loop
     vertex -1.647500e+01 -3.297000e+00  5.000000e+00
     vertex -1.655561e+01 -3.334003e+00  5.000000e+00
     vertex -1.661229e+01 -3.402228e+00  5.000000e+00
   endloop
 endfacet
 facet normal  0.000000e+00  0.000000e+00  1.000000e+00
   outer loop
     vertex -1.647500e+01 -3.297000e+00  5.000000e+00
     vertex -1.662700e+01 -3.545000e+00  5.000000e+00
     vertex -1.618600e+01 -3.646000e+00  5.000000e+00
   endloop
 endfacet
 facet normal  0.000000e+00  0.000000e+00  1.000000e+00
   outer loop
     vertex -1.647500e+01 -3.297000e+00  5.000000e+00
     vertex -1.661229e+01 -3.402228e+00  5.000000e+00
     vertex -1.662700e+01 -3.545000e+00  5.000000e+00
   endloop
 endfacet
 facet normal  0.000000e+00  0.000000e+00  1.000000e+00
   outer loop
     vertex -1.011300e+01 -9.375000e+00  5.000000e+00
     vertex -1.246300e+01 -1.095100e+01  5.000000e+00
     vertex -1.235200e+01 -1.138900e+01  5.000000e+00
   endloop
 endfacet
 facet normal  0.000000e+00  0.000000e+00  1.000000e+00
   outer loop
     vertex -9.375000e+00 -1.011300e+01  5.000000e+00
     vertex -1.138900e+01 -1.235200e+01  5.000000e+00
     vertex -1.095100e+01 -1.246300e+01  5.000000e+00
   endloop
 endfacet
 facet normal  0.000000e+00  0.000000e+00  1.000000e+00
   outer loop
     vertex -7.943000e+00 -1.127300e+01  5.000000e+00
     vertex -9.914000e+00 -1.330300e+01  5.000000e+00
     vertex -9.713000e+00 -1.370900e+01  5.000000e+00
   endloop
 endfacet
 facet normal  0.000000e+00  0.000000e+00  1.000000e+00
   outer loop
     vertex -1.127300e+01 -7.943000e+00  5.000000e+00
     vertex -1.370900e+01 -9.713000e+00  5.000000e+00
     vertex -1.330300e+01 -9.914000e+00  5.000000e+00
   endloop
 endfacet
 facet normal  0.000000e+00  0.000000e+00  1.000000e+00
   outer loop
     vertex -1.024000e+01 -8.951000e+00  5.000000e+00
     vertex -1.246300e+01 -1.095100e+01  5.000000e+00
     vertex -1.011300e+01 -9.375000e+00  5.000000e+00
   endloop
 endfacet
 facet normal  0.000000e+00  0.000000e+00  1.000000e+00
   outer loop
     vertex -8.951000e+00 -1.024000e+01  5.000000e+00
     vertex -9.375000e+00 -1.011300e+01  5.000000e+00
     vertex -1.095100e+01 -1.246300e+01  5.000000e+00
   endloop
 endfacet
 facet normal  0.000000e+00  0.000000e+00  1.000000e+00
   outer loop
     vertex -1.088500e+01 -8.156000e+00  5.000000e+00
     vertex -1.127300e+01 -7.943000e+00  5.000000e+00
     vertex -1.330300e+01 -9.914000e+00  5.000000e+00
   endloop
 endfacet
 facet normal  0.000000e+00  0.000000e+00  1.000000e+00
   outer loop
     vertex -8.156000e+00 -1.088500e+01  5.000000e+00
     vertex -9.914000e+00 -1.330300e+01  5.000000e+00
     vertex -7.943000e+00 -1.127300e+01  5.000000e+00
   endloop
 endfacet
 facet normal  0.000000e+00  0.000000e+00  1.000000e+00
   outer loop
     vertex -8.922381e+00 -1.001502e+01  5.000000e+00
     vertex -8.951000e+00 -1.024000e+01  5.000000e+00
     vertex -8.908028e+00 -1.016240e+01  5.000000e+00
   endloop
 endfacet
 facet normal  0.000000e+00  0.000000e+00  1.000000e+00
   outer loop
     vertex -8.922381e+00 -1.001502e+01  5.000000e+00
     vertex -8.908028e+00 -1.016240e+01  5.000000e+00
     vertex -8.902839e+00 -1.007386e+01  5.000000e+00
   endloop
 endfacet
 facet normal  0.000000e+00  0.000000e+00  1.000000e+00
   outer loop
     vertex -9.965000e+00 -8.959000e+00  5.000000e+00
     vertex -1.024000e+01 -8.951000e+00  5.000000e+00
     vertex -1.011300e+01 -9.375000e+00  5.000000e+00
   endloop
 endfacet
 facet normal  0.000000e+00  0.000000e+00  1.000000e+00
   outer loop
     vertex -9.965000e+00 -8.959000e+00  5.000000e+00
     vertex -1.003997e+01 -8.911590e+00  5.000000e+00
     vertex -1.012806e+01 -8.901262e+00  5.000000e+00
   endloop
 endfacet
 facet normal  0.000000e+00  0.000000e+00  1.000000e+00
   outer loop
     vertex -9.965000e+00 -8.959000e+00  5.000000e+00
     vertex -1.012806e+01 -8.901262e+00  5.000000e+00
     vertex -1.018793e+01 -8.917350e+00  5.000000e+00
   endloop
 endfacet
 facet normal  0.000000e+00  0.000000e+00  1.000000e+00
   outer loop
     vertex -9.965000e+00 -8.959000e+00  5.000000e+00
     vertex -1.018793e+01 -8.917350e+00  5.000000e+00
     vertex -1.024000e+01 -8.951000e+00  5.000000e+00
   endloop
 endfacet
 facet normal  0.000000e+00  0.000000e+00  1.000000e+00
   outer loop
     vertex -8.959000e+00 -9.965000e+00  5.000000e+00
     vertex -1.011300e+01 -9.375000e+00  5.000000e+00
     vertex -9.375000e+00 -1.011300e+01  5.000000e+00
   endloop
 endfacet
 facet normal  0.000000e+00  0.000000e+00  1.000000e+00
   outer loop
     vertex -8.959000e+00 -9.965000e+00  5.000000e+00
     vertex -9.375000e+00 -1.011300e+01  5.000000e+00
     vertex -8.951000e+00 -1.024000e+01  5.000000e+00
   endloop
 endfacet
 facet normal  0.000000e+00  0.000000e+00  1.000000e+00
   outer loop
     vertex -8.959000e+00 -9.965000e+00  5.000000e+00
     vertex -8.951000e+00 -1.024000e+01  5.000000e+00
     vertex -8.922381e+00 -1.001502e+01  5.000000e+00
   endloop
 endfacet
 facet normal  0.000000e+00  0.000000e+00  1.000000e+00
   outer loop
     vertex -8.959000e+00 -9.965000e+00  5.000000e+00
     vertex -9.965000e+00 -8.959000e+00  5.000000e+00
     vertex -1.011300e+01 -9.375000e+00  5.000000e+00
   endloop
 endfacet
 facet normal  0.000000e+00  0.000000e+00  1.000000e+00
   outer loop
     vertex -7.068000e+00 -1.184200e+01  5.000000e+00
     vertex -8.572000e+00 -1.444900e+01  5.000000e+00
     vertex -8.121000e+00 -1.446700e+01  5.000000e+00
   endloop
 endfacet
 facet normal  0.000000e+00  0.000000e+00  1.000000e+00
   outer loop
     vertex -1.184200e+01 -7.068000e+00  5.000000e+00
     vertex -1.446700e+01 -8.121000e+00  5.000000e+00
     vertex -1.444900e+01 -8.572000e+00  5.000000e+00
   endloop
 endfacet
 facet normal  0.000000e+00  0.000000e+00  1.000000e+00
   outer loop
     vertex -8.056447e+00 -1.081301e+01  5.000000e+00
     vertex -8.111888e+00 -1.084117e+01  5.000000e+00
     vertex -8.156000e+00 -1.088500e+01  5.000000e+00
   endloop
 endfacet
 facet normal  0.000000e+00  0.000000e+00  1.000000e+00
   outer loop
     vertex -7.968109e+00 -1.080501e+01  5.000000e+00
     vertex -8.056447e+00 -1.081301e+01  5.000000e+00
     vertex -8.156000e+00 -1.088500e+01  5.000000e+00
   endloop
 endfacet
 facet normal  0.000000e+00  0.000000e+00  1.000000e+00
   outer loop
     vertex -7.885000e+00 -1.083600e+01  5.000000e+00
     vertex -8.156000e+00 -1.088500e+01  5.000000e+00
     vertex -7.943000e+00 -1.127300e+01  5.000000e+00
   endloop
 endfacet
 facet normal  0.000000e+00  0.000000e+00  1.000000e+00
   outer loop
     vertex -7.885000e+00 -1.083600e+01  5.000000e+00
     vertex -7.968109e+00 -1.080501e+01  5.000000e+00
     vertex -8.156000e+00 -1.088500e+01  5.000000e+00
   endloop
 endfacet
 facet normal  0.000000e+00  0.000000e+00  1.000000e+00
   outer loop
     vertex -1.083600e+01 -7.885000e+00  5.000000e+00
     vertex -1.082687e+01 -8.089005e+00  5.000000e+00
     vertex -1.080343e+01 -8.003459e+00  5.000000e+00
   endloop
 endfacet
 facet normal  0.000000e+00  0.000000e+00  1.000000e+00
   outer loop
     vertex -1.083600e+01 -7.885000e+00  5.000000e+00
     vertex -1.080343e+01 -8.003459e+00  5.000000e+00
     vertex -1.081039e+01 -7.941667e+00  5.000000e+00
   endloop
 endfacet
 facet normal  0.000000e+00  0.000000e+00  1.000000e+00
   outer loop
     vertex -1.083600e+01 -7.885000e+00  5.000000e+00
     vertex -1.127300e+01 -7.943000e+00  5.000000e+00
     vertex -1.088500e+01 -8.156000e+00  5.000000e+00
   endloop
 endfacet
 facet normal  0.000000e+00  0.000000e+00  1.000000e+00
   outer loop
     vertex -1.083600e+01 -7.885000e+00  5.000000e+00
     vertex -1.088500e+01 -8.156000e+00  5.000000e+00
     vertex -1.082687e+01 -8.089005e+00  5.000000e+00
   endloop
 endfacet
 facet normal  0.000000e+00  0.000000e+00  1.000000e+00
   outer loop
     vertex -1.955000e+00 -1.668800e+01  5.000000e+00
     vertex -1.944189e+00 -1.677604e+01  5.000000e+00
     vertex -1.896369e+00 -1.685074e+01  5.000000e+00
   endloop
 endfacet
 facet normal  0.000000e+00  0.000000e+00  1.000000e+00
   outer loop
     vertex -1.955000e+00 -1.668800e+01  5.000000e+00
     vertex -1.896369e+00 -1.685074e+01  5.000000e+00
     vertex -1.836452e+00 -1.689137e+01  5.000000e+00
   endloop
 endfacet
 facet normal  0.000000e+00  0.000000e+00  1.000000e+00
   outer loop
     vertex -1.955000e+00 -1.668800e+01  5.000000e+00
     vertex -1.836452e+00 -1.689137e+01  5.000000e+00
     vertex -1.766000e+00 -1.690800e+01  5.000000e+00
   endloop
 endfacet
 facet normal  0.000000e+00  0.000000e+00  1.000000e+00
   outer loop
     vertex -1.668700e+01 -1.955000e+00  5.000000e+00
     vertex -1.690800e+01 -1.766000e+00  5.000000e+00
     vertex -1.688409e+01 -1.851415e+00  5.000000e+00
   endloop
 endfacet
 facet normal  0.000000e+00  0.000000e+00  1.000000e+00
   outer loop
     vertex -1.668700e+01 -1.955000e+00  5.000000e+00
     vertex -1.688409e+01 -1.851415e+00  5.000000e+00
     vertex -1.682559e+01 -1.918089e+00  5.000000e+00
   endloop
 endfacet
 facet normal  0.000000e+00  0.000000e+00  1.000000e+00
   outer loop
     vertex -1.668700e+01 -1.955000e+00  5.000000e+00
     vertex -1.682559e+01 -1.918089e+00  5.000000e+00
     vertex -1.675972e+01 -1.949394e+00  5.000000e+00
   endloop
 endfacet
 facet normal  0.000000e+00  0.000000e+00  1.000000e+00
   outer loop
     vertex -6.627000e+00 -1.187900e+01  5.000000e+00
     vertex -7.068000e+00 -1.184200e+01  5.000000e+00
     vertex -8.121000e+00 -1.446700e+01  5.000000e+00
   endloop
 endfacet
 facet normal  0.000000e+00  0.000000e+00  1.000000e+00
   outer loop
     vertex -1.187900e+01 -6.627000e+00  5.000000e+00
     vertex -1.446700e+01 -8.121000e+00  5.000000e+00
     vertex -1.184200e+01 -7.068000e+00  5.000000e+00
   endloop
 endfacet
 facet normal  0.000000e+00  0.000000e+00  1.000000e+00
   outer loop
     vertex -1.175628e+01 -6.600268e+00  5.000000e+00
     vertex -1.181979e+01 -6.603750e+00  5.000000e+00
     vertex -1.187900e+01 -6.627000e+00  5.000000e+00
   endloop
 endfacet
 facet normal  0.000000e+00  0.000000e+00  1.000000e+00
   outer loop
     vertex -6.691000e+00 -1.160900e+01  5.000000e+00
     vertex -7.885000e+00 -1.083600e+01  5.000000e+00
     vertex -7.943000e+00 -1.127300e+01  5.000000e+00
   endloop
 endfacet
 facet normal  0.000000e+00  0.000000e+00  1.000000e+00
   outer loop
     vertex -6.691000e+00 -1.160900e+01  5.000000e+00
     vertex -7.068000e+00 -1.184200e+01  5.000000e+00
     vertex -6.627000e+00 -1.187900e+01  5.000000e+00
   endloop
 endfacet
 facet normal  0.000000e+00  0.000000e+00  1.000000e+00
   outer loop
     vertex -6.691000e+00 -1.160900e+01  5.000000e+00
     vertex -7.943000e+00 -1.127300e+01  5.000000e+00
     vertex -7.068000e+00 -1.184200e+01  5.000000e+00
   endloop
 endfacet
 facet normal  0.000000e+00  0.000000e+00  1.000000e+00
   outer loop
     vertex -1.160900e+01 -6.691000e+00  5.000000e+00
     vertex -1.167232e+01 -6.628888e+00  5.000000e+00
     vertex -1.175628e+01 -6.600268e+00  5.000000e+00
   endloop
 endfacet
 facet normal  0.000000e+00  0.000000e+00  1.000000e+00
   outer loop
     vertex -1.160900e+01 -6.691000e+00  5.000000e+00
     vertex -1.127300e+01 -7.943000e+00  5.000000e+00
     vertex -1.083600e+01 -7.885000e+00  5.000000e+00
   endloop
 endfacet
 facet normal  0.000000e+00  0.000000e+00  1.000000e+00
   outer loop
     vertex -1.160900e+01 -6.691000e+00  5.000000e+00
     vertex -1.184200e+01 -7.068000e+00  5.000000e+00
     vertex -1.127300e+01 -7.943000e+00  5.000000e+00
   endloop
 endfacet
 facet normal  0.000000e+00  0.000000e+00  1.000000e+00
   outer loop
     vertex -1.160900e+01 -6.691000e+00  5.000000e+00
     vertex -1.175628e+01 -6.600268e+00  5.000000e+00
     vertex -1.187900e+01 -6.627000e+00  5.000000e+00
   endloop
 endfacet
 facet normal  0.000000e+00  0.000000e+00  1.000000e+00
   outer loop
     vertex -1.160900e+01 -6.691000e+00  5.000000e+00
     vertex -1.187900e+01 -6.627000e+00  5.000000e+00
     vertex -1.184200e+01 -7.068000e+00  5.000000e+00
   endloop
 endfacet
 facet normal  0.000000e+00  0.000000e+00  1.000000e+00
   outer loop
     vertex -6.643648e+00 -1.165147e+01  5.000000e+00
     vertex -6.691000e+00 -1.160900e+01  5.000000e+00
     vertex -6.627000e+00 -1.187900e+01  5.000000e+00
   endloop
 endfacet
 facet normal  0.000000e+00  0.000000e+00  1.000000e+00
   outer loop
     vertex -6.643648e+00 -1.165147e+01  5.000000e+00
     vertex -6.627000e+00 -1.187900e+01  5.000000e+00
     vertex -6.599919e+00 -1.179454e+01  5.000000e+00
   endloop
 endfacet
 facet normal  0.000000e+00  0.000000e+00  1.000000e+00
   outer loop
     vertex -6.643648e+00 -1.165147e+01  5.000000e+00
     vertex -6.599919e+00 -1.179454e+01  5.000000e+00
     vertex -6.612028e+00 -1.170667e+01  5.000000e+00
   endloop
 endfacet
 facet normal  0.000000e+00  0.000000e+00  1.000000e+00
   outer loop
     vertex -5.426000e+00 -1.268000e+01  5.000000e+00
     vertex -6.930000e+00 -1.507400e+01  5.000000e+00
     vertex -6.650000e+00 -1.543000e+01  5.000000e+00
   endloop
 endfacet
 facet normal  0.000000e+00  0.000000e+00  1.000000e+00
   outer loop
     vertex -1.268000e+01 -5.426000e+00  5.000000e+00
     vertex -1.543000e+01 -6.650000e+00  5.000000e+00
     vertex -1.507400e+01 -6.930000e+00  5.000000e+00
   endloop
 endfacet
 facet normal  0.000000e+00  0.000000e+00  1.000000e+00
   outer loop
     vertex -5.715000e+00 -1.234200e+01  5.000000e+00
     vertex -6.930000e+00 -1.507400e+01  5.000000e+00
     vertex -5.426000e+00 -1.268000e+01  5.000000e+00
   endloop
 endfacet
 facet normal  0.000000e+00  0.000000e+00  1.000000e+00
   outer loop
     vertex -1.234200e+01 -5.715000e+00  5.000000e+00
     vertex -1.268000e+01 -5.426000e+00  5.000000e+00
     vertex -1.507400e+01 -6.930000e+00  5.000000e+00
   endloop
 endfacet
 facet normal  0.000000e+00  0.000000e+00  1.000000e+00
   outer loop
     vertex -1.535000e+00 -1.652000e+01  5.000000e+00
     vertex -1.955000e+00 -1.668800e+01  5.000000e+00
     vertex -1.766000e+00 -1.690800e+01  5.000000e+00
   endloop
 endfacet
 facet normal  0.000000e+00  0.000000e+00  1.000000e+00
   outer loop
     vertex -1.652000e+01 -1.535000e+00  5.000000e+00
     vertex -1.690800e+01 -1.766000e+00  5.000000e+00
     vertex -1.668700e+01 -1.955000e+00  5.000000e+00
   endloop
 endfacet
 facet normal  0.000000e+00  0.000000e+00  1.000000e+00
   outer loop
     vertex -5.548833e+00 -1.222363e+01  5.000000e+00
     vertex -5.633376e+00 -1.225047e+01  5.000000e+00
     vertex -5.681377e+00 -1.228982e+01  5.000000e+00
   endloop
 endfacet
 facet normal  0.000000e+00  0.000000e+00  1.000000e+00
   outer loop
     vertex -5.548833e+00 -1.222363e+01  5.000000e+00
     vertex -5.681377e+00 -1.228982e+01  5.000000e+00
     vertex -5.715000e+00 -1.234200e+01  5.000000e+00
   endloop
 endfacet
 facet normal  0.000000e+00  0.000000e+00  1.000000e+00
   outer loop
     vertex -1.222320e+01 -5.521739e+00  5.000000e+00
     vertex -1.234200e+01 -5.715000e+00  5.000000e+00
     vertex -1.227087e+01 -5.662014e+00  5.000000e+00
   endloop
 endfacet
 facet normal  0.000000e+00  0.000000e+00  1.000000e+00
   outer loop
     vertex -1.222320e+01 -5.521739e+00  5.000000e+00
     vertex -1.227087e+01 -5.662014e+00  5.000000e+00
     vertex -1.222964e+01 -5.583476e+00  5.000000e+00
   endloop
 endfacet
 facet normal  0.000000e+00  0.000000e+00  1.000000e+00
   outer loop
     vertex -5.461000e+00 -1.223600e+01  5.000000e+00
     vertex -5.715000e+00 -1.234200e+01  5.000000e+00
     vertex -5.426000e+00 -1.268000e+01  5.000000e+00
   endloop
 endfacet
 facet normal  0.000000e+00  0.000000e+00  1.000000e+00
   outer loop
     vertex -5.461000e+00 -1.223600e+01  5.000000e+00
     vertex -5.548833e+00 -1.222363e+01  5.000000e+00
     vertex -5.715000e+00 -1.234200e+01  5.000000e+00
   endloop
 endfacet
 facet normal  0.000000e+00  0.000000e+00  1.000000e+00
   outer loop
     vertex -1.223600e+01 -5.461000e+00  5.000000e+00
     vertex -1.268000e+01 -5.426000e+00  5.000000e+00
     vertex -1.234200e+01 -5.715000e+00  5.000000e+00
   endloop
 endfacet
 facet normal  0.000000e+00  0.000000e+00  1.000000e+00
   outer loop
     vertex -1.223600e+01 -5.461000e+00  5.000000e+00
     vertex -1.234200e+01 -5.715000e+00  5.000000e+00
     vertex -1.222320e+01 -5.521739e+00  5.000000e+00
   endloop
 endfacet
 facet normal  0.000000e+00  0.000000e+00  1.000000e+00
   outer loop
     vertex -4.451000e+00 -1.305300e+01  5.000000e+00
     vertex -5.381000e+00 -1.591600e+01  5.000000e+00
     vertex -4.936000e+00 -1.584000e+01  5.000000e+00
   endloop
 endfacet
 facet normal  0.000000e+00  0.000000e+00  1.000000e+00
   outer loop
     vertex -1.305300e+01 -4.451000e+00  5.000000e+00
     vertex -1.584000e+01 -4.936000e+00  5.000000e+00
     vertex -1.591600e+01 -5.381000e+00  5.000000e+00
   endloop
 endfacet
 facet normal  0.000000e+00  0.000000e+00  1.000000e+00
   outer loop
     vertex -4.014000e+00 -1.299600e+01  5.000000e+00
     vertex -4.451000e+00 -1.305300e+01  5.000000e+00
     vertex -4.936000e+00 -1.584000e+01  5.000000e+00
   endloop
 endfacet
 facet normal  0.000000e+00  0.000000e+00  1.000000e+00
   outer loop
     vertex -1.000000e-02 -1.700000e+01  5.000000e+00
     vertex -1.535000e+00 -1.652000e+01  5.000000e+00
     vertex -1.766000e+00 -1.690800e+01  5.000000e+00
   endloop
 endfacet
 facet normal  0.000000e+00  0.000000e+00  1.000000e+00
   outer loop
     vertex -1.299600e+01 -4.014000e+00  5.000000e+00
     vertex -1.584000e+01 -4.936000e+00  5.000000e+00
     vertex -1.305300e+01 -4.451000e+00  5.000000e+00
   endloop
 endfacet
 facet normal  0.000000e+00  0.000000e+00  1.000000e+00
   outer loop
     vertex -1.700000e+01 -1.000000e-02  5.000000e+00
     vertex -1.690800e+01 -1.766000e+00  5.000000e+00
     vertex -1.652000e+01 -1.535000e+00  5.000000e+00
   endloop
 endfacet
 facet normal  0.000000e+00  0.000000e+00  1.000000e+00
   outer loop
     vertex -1.274800e+01 -4.131000e+00  5.000000e+00
     vertex -1.299600e+01 -4.014000e+00  5.000000e+00
     vertex -1.305300e+01 -4.451000e+00  5.000000e+00
   endloop
 endfacet
 facet normal  0.000000e+00  0.000000e+00  1.000000e+00
   outer loop
     vertex -1.274800e+01 -4.131000e+00  5.000000e+00
     vertex -1.305300e+01 -4.451000e+00  5.000000e+00
     vertex -1.268000e+01 -5.426000e+00  5.000000e+00
   endloop
 endfacet
 facet normal  0.000000e+00  0.000000e+00  1.000000e+00
   outer loop
     vertex -1.274800e+01 -4.131000e+00  5.000000e+00
     vertex -1.268000e+01 -5.426000e+00  5.000000e+00
     vertex -1.223600e+01 -5.461000e+00  5.000000e+00
   endloop
 endfacet
 facet normal  0.000000e+00  0.000000e+00  1.000000e+00
   outer loop
     vertex -4.131000e+00 -1.274800e+01  5.000000e+00
     vertex -5.461000e+00 -1.223600e+01  5.000000e+00
     vertex -5.426000e+00 -1.268000e+01  5.000000e+00
   endloop
 endfacet
 facet normal  0.000000e+00  0.000000e+00  1.000000e+00
   outer loop
     vertex -4.131000e+00 -1.274800e+01  5.000000e+00
     vertex -5.426000e+00 -1.268000e+01  5.000000e+00
     vertex -4.451000e+00 -1.305300e+01  5.000000e+00
   endloop
 endfacet
 facet normal  0.000000e+00  0.000000e+00  1.000000e+00
   outer loop
     vertex -4.131000e+00 -1.274800e+01  5.000000e+00
     vertex -4.451000e+00 -1.305300e+01  5.000000e+00
     vertex -4.014000e+00 -1.299600e+01  5.000000e+00
   endloop
 endfacet
 facet normal  0.000000e+00  0.000000e+00  1.000000e+00
   outer loop
     vertex -4.078000e+00 -1.277896e+01  5.000000e+00
     vertex -4.131000e+00 -1.274800e+01  5.000000e+00
     vertex -4.014000e+00 -1.299600e+01  5.000000e+00
   endloop
 endfacet
 facet normal  0.000000e+00  0.000000e+00  1.000000e+00
   outer loop
     vertex -4.078000e+00 -1.277896e+01  5.000000e+00
     vertex -4.014000e+00 -1.299600e+01  5.000000e+00
     vertex -4.005947e+00 -1.290767e+01  5.000000e+00
   endloop
 endfacet
 facet normal  0.000000e+00  0.000000e+00  1.000000e+00
   outer loop
     vertex -4.078000e+00 -1.277896e+01  5.000000e+00
     vertex -4.005947e+00 -1.290767e+01  5.000000e+00
     vertex -4.036886e+00 -1.282454e+01  5.000000e+00
   endloop
 endfacet
 facet normal  0.000000e+00  0.000000e+00  1.000000e+00
   outer loop
     vertex -1.279796e+01 -4.057706e+00  5.000000e+00
     vertex -1.299600e+01 -4.014000e+00  5.000000e+00
     vertex -1.274800e+01 -4.131000e+00  5.000000e+00
   endloop
 endfacet
 facet normal  0.000000e+00  0.000000e+00  1.000000e+00
   outer loop
     vertex -1.279796e+01 -4.057706e+00  5.000000e+00
     vertex -1.287469e+01 -4.013224e+00  5.000000e+00
     vertex -1.293541e+01 -4.004193e+00  5.000000e+00
   endloop
 endfacet
 facet normal  0.000000e+00  0.000000e+00  1.000000e+00
   outer loop
     vertex -1.279796e+01 -4.057706e+00  5.000000e+00
     vertex -1.293541e+01 -4.004193e+00  5.000000e+00
     vertex -1.299600e+01 -4.014000e+00  5.000000e+00
   endloop
 endfacet
 facet normal  0.000000e+00  0.000000e+00  1.000000e+00
   outer loop
     vertex -1.990000e-01 -1.658800e+01  5.000000e+00
     vertex -1.535000e+00 -1.652000e+01  5.000000e+00
     vertex -1.000000e-02 -1.700000e+01  5.000000e+00
   endloop
 endfacet
 facet normal  0.000000e+00  0.000000e+00  1.000000e+00
   outer loop
     vertex -1.658800e+01 -1.990000e-01  5.000000e+00
     vertex -1.700000e+01 -1.000000e-02  5.000000e+00
     vertex -1.652000e+01 -1.535000e+00  5.000000e+00
   endloop
 endfacet
 facet normal  0.000000e+00  0.000000e+00  1.000000e+00
   outer loop
     vertex  1.859908e-01 -1.687116e+01  5.000000e+00
     vertex  7.728858e-02 -1.698424e+01  5.000000e+00
     vertex  1.491790e-01 -1.693229e+01  5.000000e+00
   endloop
 endfacet
 facet normal  0.000000e+00  0.000000e+00  1.000000e+00
   outer loop
     vertex  1.990000e-01 -1.680100e+01  5.000000e+00
     vertex -1.990000e-01 -1.658800e+01  5.000000e+00
     vertex -1.000000e-02 -1.700000e+01  5.000000e+00
   endloop
 endfacet
 facet normal  0.000000e+00  0.000000e+00  1.000000e+00
   outer loop
     vertex  1.990000e-01 -1.680100e+01  5.000000e+00
     vertex  7.728858e-02 -1.698424e+01  5.000000e+00
     vertex  1.859908e-01 -1.687116e+01  5.000000e+00
   endloop
 endfacet
 facet normal  0.000000e+00  0.000000e+00  1.000000e+00
   outer loop
     vertex  1.990000e-01 -1.680100e+01  5.000000e+00
     vertex -1.000000e-02 -1.700000e+01  5.000000e+00
     vertex  7.728858e-02 -1.698424e+01  5.000000e+00
   endloop
 endfacet
 facet normal  0.000000e+00  0.000000e+00  1.000000e+00
   outer loop
     vertex -1.680100e+01  1.990000e-01  5.000000e+00
     vertex -1.688741e+01  1.789865e-01  5.000000e+00
     vertex -1.695667e+01  1.235719e-01  5.000000e+00
   endloop
 endfacet
 facet normal  0.000000e+00  0.000000e+00  1.000000e+00
   outer loop
     vertex -1.680100e+01  1.990000e-01  5.000000e+00
     vertex -1.695667e+01  1.235719e-01  5.000000e+00
     vertex -1.699044e+01  6.071376e-02  5.000000e+00
   endloop
 endfacet
 facet normal  0.000000e+00  0.000000e+00  1.000000e+00
   outer loop
     vertex -1.680100e+01  1.990000e-01  5.000000e+00
     vertex -1.699044e+01  6.071376e-02  5.000000e+00
     vertex -1.700000e+01 -1.000000e-02  5.000000e+00
   endloop
 endfacet
 facet normal  0.000000e+00  0.000000e+00  1.000000e+00
   outer loop
     vertex -1.680100e+01  1.990000e-01  5.000000e+00
     vertex -1.700000e+01 -1.000000e-02  5.000000e+00
     vertex -1.658800e+01 -1.990000e-01  5.000000e+00
   endloop
 endfacet
 facet normal  0.000000e+00  0.000000e+00  1.000000e+00
   outer loop
     vertex -2.672000e+00 -1.352900e+01  5.000000e+00
     vertex -3.646000e+00 -1.618600e+01  5.000000e+00
     vertex -3.297000e+00 -1.647500e+01  5.000000e+00
   endloop
 endfacet
 facet normal  0.000000e+00  0.000000e+00  1.000000e+00
   outer loop
     vertex -2.672000e+00 -1.352900e+01  5.000000e+00
     vertex -3.023000e+00 -1.326200e+01  5.000000e+00
     vertex -3.646000e+00 -1.618600e+01  5.000000e+00
   endloop
 endfacet
 facet normal  0.000000e+00  0.000000e+00  1.000000e+00
   outer loop
     vertex -1.352900e+01 -2.672000e+00  5.000000e+00
     vertex -1.618600e+01 -3.646000e+00  5.000000e+00
     vertex -1.326200e+01 -3.023000e+00  5.000000e+00
   endloop
 endfacet
 facet normal  0.000000e+00  0.000000e+00  1.000000e+00
   outer loop
     vertex -1.352900e+01 -2.672000e+00  5.000000e+00
     vertex -1.647500e+01 -3.297000e+00  5.000000e+00
     vertex -1.618600e+01 -3.646000e+00  5.000000e+00
   endloop
 endfacet
 facet normal  0.000000e+00  0.000000e+00  1.000000e+00
   outer loop
     vertex -2.885469e+00 -1.311139e+01  5.000000e+00
     vertex -2.962474e+00 -1.315541e+01  5.000000e+00
     vertex -3.001104e+00 -1.320395e+01  5.000000e+00
   endloop
 endfacet
 facet normal  0.000000e+00  0.000000e+00  1.000000e+00
   outer loop
     vertex -2.885469e+00 -1.311139e+01  5.000000e+00
     vertex -3.001104e+00 -1.320395e+01  5.000000e+00
     vertex -3.023000e+00 -1.326200e+01  5.000000e+00
   endloop
 endfacet
 facet normal  0.000000e+00  0.000000e+00  1.000000e+00
   outer loop
     vertex -1.310526e+01 -2.859039e+00  5.000000e+00
     vertex -1.326200e+01 -3.023000e+00  5.000000e+00
     vertex -1.318132e+01 -2.986138e+00  5.000000e+00
   endloop
 endfacet
 facet normal  0.000000e+00  0.000000e+00  1.000000e+00
   outer loop
     vertex -1.310526e+01 -2.859039e+00  5.000000e+00
     vertex -1.318132e+01 -2.986138e+00  5.000000e+00
     vertex -1.312452e+01 -2.918012e+00  5.000000e+00
   endloop
 endfacet
 facet normal  0.000000e+00  0.000000e+00  1.000000e+00
   outer loop
     vertex -2.797000e+00 -1.310500e+01  5.000000e+00
     vertex -3.023000e+00 -1.326200e+01  5.000000e+00
     vertex -2.672000e+00 -1.352900e+01  5.000000e+00
   endloop
 endfacet
 facet normal  0.000000e+00  0.000000e+00  1.000000e+00
   outer loop
     vertex -2.797000e+00 -1.310500e+01  5.000000e+00
     vertex -2.885469e+00 -1.311139e+01  5.000000e+00
     vertex -3.023000e+00 -1.326200e+01  5.000000e+00
   endloop
 endfacet
 facet normal  0.000000e+00  0.000000e+00  1.000000e+00
   outer loop
     vertex -1.310500e+01 -2.797000e+00  5.000000e+00
     vertex -1.352900e+01 -2.672000e+00  5.000000e+00
     vertex -1.326200e+01 -3.023000e+00  5.000000e+00
   endloop
 endfacet
 facet normal  0.000000e+00  0.000000e+00  1.000000e+00
   outer loop
     vertex -1.310500e+01 -2.797000e+00  5.000000e+00
     vertex -1.326200e+01 -3.023000e+00  5.000000e+00
     vertex -1.310526e+01 -2.859039e+00  5.000000e+00
   endloop
 endfacet
 facet normal  0.000000e+00  0.000000e+00  1.000000e+00
   outer loop
     vertex -1.641000e+00 -1.369300e+01  5.000000e+00
     vertex -1.955000e+00 -1.668800e+01  5.000000e+00
     vertex -1.535000e+00 -1.652000e+01  5.000000e+00
   endloop
 endfacet
 facet normal  0.000000e+00  0.000000e+00  1.000000e+00
   outer loop
     vertex -1.369300e+01 -1.641000e+00  5.000000e+00
     vertex -1.652000e+01 -1.535000e+00  5.000000e+00
     vertex -1.668700e+01 -1.955000e+00  5.000000e+00
   endloop
 endfacet
 facet normal  0.000000e+00  0.000000e+00  1.000000e+00
   outer loop
     vertex  1.557000e+00 -1.672900e+01  5.000000e+00
     vertex  1.585462e+00 -1.681301e+01  5.000000e+00
     vertex  1.647454e+00 -1.687645e+01  5.000000e+00
   endloop
 endfacet
 facet normal  0.000000e+00  0.000000e+00  1.000000e+00
   outer loop
     vertex -1.672900e+01  1.557000e+00  5.000000e+00
     vertex -1.690000e+01  1.698504e+00  5.000000e+00
     vertex -1.685632e+01  1.621304e+00  5.000000e+00
   endloop
 endfacet
 facet normal  0.000000e+00  0.000000e+00  1.000000e+00
   outer loop
     vertex -1.672900e+01  1.557000e+00  5.000000e+00
     vertex -1.685632e+01  1.621304e+00  5.000000e+00
     vertex -1.679859e+01  1.577415e+00  5.000000e+00
   endloop
 endfacet
 facet normal  0.000000e+00  0.000000e+00  1.000000e+00
   outer loop
     vertex  1.787000e+00 -1.690600e+01  5.000000e+00
     vertex  1.557000e+00 -1.672900e+01  5.000000e+00
     vertex  1.647454e+00 -1.687645e+01  5.000000e+00
   endloop
 endfacet
 facet normal  0.000000e+00  0.000000e+00  1.000000e+00
   outer loop
     vertex  1.787000e+00 -1.690600e+01  5.000000e+00
     vertex  1.647454e+00 -1.687645e+01  5.000000e+00
     vertex  1.714503e+00 -1.690409e+01  5.000000e+00
   endloop
 endfacet
 facet normal  0.000000e+00  0.000000e+00  1.000000e+00
   outer loop
     vertex -1.690600e+01  1.787000e+00  5.000000e+00
     vertex -1.690000e+01  1.698504e+00  5.000000e+00
     vertex -1.672900e+01  1.557000e+00  5.000000e+00
   endloop
 endfacet
 facet normal  0.000000e+00  0.000000e+00  1.000000e+00
   outer loop
     vertex -1.354500e+01 -1.223000e+00  5.000000e+00
     vertex -1.652000e+01 -1.535000e+00  5.000000e+00
     vertex -1.369300e+01 -1.641000e+00  5.000000e+00
   endloop
 endfacet
 facet normal  0.000000e+00  0.000000e+00  1.000000e+00
   outer loop
     vertex -1.223000e+00 -1.354500e+01  5.000000e+00
     vertex -1.641000e+00 -1.369300e+01  5.000000e+00
     vertex -1.535000e+00 -1.652000e+01  5.000000e+00
   endloop
 endfacet
 facet normal  0.000000e+00  0.000000e+00  1.000000e+00
   outer loop
     vertex -1.391000e+00 -1.332800e+01  5.000000e+00
     vertex -2.797000e+00 -1.310500e+01  5.000000e+00
     vertex -2.672000e+00 -1.352900e+01  5.000000e+00
   endloop
 endfacet
 facet normal  0.000000e+00  0.000000e+00  1.000000e+00
   outer loop
     vertex -1.391000e+00 -1.332800e+01  5.000000e+00
     vertex -1.641000e+00 -1.369300e+01  5.000000e+00
     vertex -1.223000e+00 -1.354500e+01  5.000000e+00
   endloop
 endfacet
 facet normal  0.000000e+00  0.000000e+00  1.000000e+00
   outer loop
     vertex -1.391000e+00 -1.332800e+01  5.000000e+00
     vertex -2.672000e+00 -1.352900e+01  5.000000e+00
     vertex -1.641000e+00 -1.369300e+01  5.000000e+00
   endloop
 endfacet
 facet normal  0.000000e+00  0.000000e+00  1.000000e+00
   outer loop
     vertex -1.332800e+01 -1.391000e+00  5.000000e+00
     vertex -1.369300e+01 -1.641000e+00  5.000000e+00
     vertex -1.352900e+01 -2.672000e+00  5.000000e+00
   endloop
 endfacet
 facet normal  0.000000e+00  0.000000e+00  1.000000e+00
   outer loop
     vertex -1.332800e+01 -1.391000e+00  5.000000e+00
     vertex -1.352900e+01 -2.672000e+00  5.000000e+00
     vertex -1.310500e+01 -2.797000e+00  5.000000e+00
   endloop
 endfacet
 facet normal  0.000000e+00  0.000000e+00  1.000000e+00
   outer loop
     vertex -1.332800e+01 -1.391000e+00  5.000000e+00
     vertex -1.354500e+01 -1.223000e+00  5.000000e+00
     vertex -1.369300e+01 -1.641000e+00  5.000000e+00
   endloop
 endfacet
 facet normal  0.000000e+00  0.000000e+00  1.000000e+00
   outer loop
     vertex -1.342612e+01 -1.248537e+00  5.000000e+00
     vertex -1.348357e+01 -1.226515e+00  5.000000e+00
     vertex -1.354500e+01 -1.223000e+00  5.000000e+00
   endloop
 endfacet
 facet normal  0.000000e+00  0.000000e+00  1.000000e+00
   outer loop
     vertex -1.336086e+01 -1.308612e+00  5.000000e+00
     vertex -1.354500e+01 -1.223000e+00  5.000000e+00
     vertex -1.332800e+01 -1.391000e+00  5.000000e+00
   endloop
 endfacet
 facet normal  0.000000e+00  0.000000e+00  1.000000e+00
   outer loop
     vertex -1.336086e+01 -1.308612e+00  5.000000e+00
     vertex -1.342612e+01 -1.248537e+00  5.000000e+00
     vertex -1.354500e+01 -1.223000e+00  5.000000e+00
   endloop
 endfacet
 facet normal  0.000000e+00  0.000000e+00  1.000000e+00
   outer loop
     vertex -1.282304e+00 -1.338250e+01  5.000000e+00
     vertex -1.391000e+00 -1.332800e+01  5.000000e+00
     vertex -1.223000e+00 -1.354500e+01  5.000000e+00
   endloop
 endfacet
 facet normal  0.000000e+00  0.000000e+00  1.000000e+00
   outer loop
     vertex -1.282304e+00 -1.338250e+01  5.000000e+00
     vertex -1.223000e+00 -1.354500e+01  5.000000e+00
     vertex -1.234175e+00 -1.345701e+01  5.000000e+00
   endloop
 endfacet
 facet normal  0.000000e+00  0.000000e+00  1.000000e+00
   outer loop
     vertex -1.282304e+00 -1.338250e+01  5.000000e+00
     vertex -1.332410e+00 -1.334679e+01  5.000000e+00
     vertex -1.391000e+00 -1.332800e+01  5.000000e+00
   endloop
 endfacet
 facet normal  0.000000e+00  0.000000e+00  1.000000e+00
   outer loop
     vertex  1.934000e+00 -1.647700e+01  5.000000e+00
     vertex  1.557000e+00 -1.672900e+01  5.000000e+00
     vertex  1.787000e+00 -1.690600e+01  5.000000e+00
   endloop
 endfacet
 facet normal  0.000000e+00  0.000000e+00  1.000000e+00
   outer loop
     vertex -1.647700e+01  1.934000e+00  5.000000e+00
     vertex -1.690600e+01  1.787000e+00  5.000000e+00
     vertex -1.672900e+01  1.557000e+00  5.000000e+00
   endloop
 endfacet
 facet normal  0.000000e+00  0.000000e+00  1.000000e+00
   outer loop
     vertex  1.990000e-01 -1.378900e+01  5.000000e+00
     vertex -1.990000e-01 -1.658800e+01  5.000000e+00
     vertex  1.990000e-01 -1.680100e+01  5.000000e+00
   endloop
 endfacet
 facet normal  0.000000e+00  0.000000e+00  1.000000e+00
   outer loop
     vertex  1.990000e-01 -1.378900e+01  5.000000e+00
     vertex -1.990000e-01 -1.360000e+01  5.000000e+00
     vertex -1.990000e-01 -1.658800e+01  5.000000e+00
   endloop
 endfacet
 facet normal  0.000000e+00  0.000000e+00  1.000000e+00
   outer loop
     vertex -1.378900e+01  1.990000e-01  5.000000e+00
     vertex -1.680100e+01  1.990000e-01  5.000000e+00
     vertex -1.658800e+01 -1.990000e-01  5.000000e+00
   endloop
 endfacet
 facet normal  0.000000e+00  0.000000e+00  1.000000e+00
   outer loop
     vertex -1.378900e+01  1.990000e-01  5.000000e+00
     vertex -1.658800e+01 -1.990000e-01  5.000000e+00
     vertex -1.360000e+01 -1.990000e-01  5.000000e+00
   endloop
 endfacet
 facet normal  0.000000e+00  0.000000e+00  1.000000e+00
   outer loop
     vertex -1.000000e-02 -1.340000e+01  5.000000e+00
     vertex -9.527829e-02 -1.342440e+01  5.000000e+00
     vertex -1.616198e-01 -1.348327e+01  5.000000e+00
   endloop
 endfacet
 facet normal  0.000000e+00  0.000000e+00  1.000000e+00
   outer loop
     vertex -1.000000e-02 -1.340000e+01  5.000000e+00
     vertex -1.616198e-01 -1.348327e+01  5.000000e+00
     vertex -1.894722e-01 -1.353870e+01  5.000000e+00
   endloop
 endfacet
 facet normal  0.000000e+00  0.000000e+00  1.000000e+00
   outer loop
     vertex -1.000000e-02 -1.340000e+01  5.000000e+00
     vertex -1.894722e-01 -1.353870e+01  5.000000e+00
     vertex -1.990000e-01 -1.360000e+01  5.000000e+00
   endloop
 endfacet
 facet normal  0.000000e+00  0.000000e+00  1.000000e+00
   outer loop
     vertex -1.000000e-02 -1.340000e+01  5.000000e+00
     vertex -1.990000e-01 -1.360000e+01  5.000000e+00
     vertex  1.990000e-01 -1.378900e+01  5.000000e+00
   endloop
 endfacet
 facet normal  0.000000e+00  0.000000e+00  1.000000e+00
   outer loop
     vertex -1.340000e+01 -1.000000e-02  5.000000e+00
     vertex -1.360000e+01 -1.990000e-01  5.000000e+00
     vertex -1.351348e+01 -1.794621e-01  5.000000e+00
   endloop
 endfacet
 facet normal  0.000000e+00  0.000000e+00  1.000000e+00
   outer loop
     vertex -1.340000e+01 -1.000000e-02  5.000000e+00
     vertex -1.351348e+01 -1.794621e-01  5.000000e+00
     vertex -1.344392e+01 -1.244293e-01  5.000000e+00
   endloop
 endfacet
 facet normal  0.000000e+00  0.000000e+00  1.000000e+00
   outer loop
     vertex -1.340000e+01 -1.000000e-02  5.000000e+00
     vertex -1.344392e+01 -1.244293e-01  5.000000e+00
     vertex -1.341298e+01 -7.066178e-02  5.000000e+00
   endloop
 endfacet
 facet normal  0.000000e+00  0.000000e+00  1.000000e+00
   outer loop
     vertex -1.340000e+01 -1.000000e-02  5.000000e+00
     vertex -1.378900e+01  1.990000e-01  5.000000e+00
     vertex -1.360000e+01 -1.990000e-01  5.000000e+00
   endloop
 endfacet
 facet normal  0.000000e+00  0.000000e+00  1.000000e+00
   outer loop
     vertex  3.523000e+00 -1.663100e+01  5.000000e+00
     vertex  1.934000e+00 -1.647700e+01  5.000000e+00
     vertex  1.787000e+00 -1.690600e+01  5.000000e+00
   endloop
 endfacet
 facet normal  0.000000e+00  0.000000e+00  1.000000e+00
   outer loop
     vertex -1.663100e+01  3.523000e+00  5.000000e+00
     vertex -1.690600e+01  1.787000e+00  5.000000e+00
     vertex -1.647700e+01  1.934000e+00  5.000000e+00
   endloop
 endfacet
 facet normal  0.000000e+00  0.000000e+00  1.000000e+00
   outer loop
     vertex  3.254000e+00 -1.627000e+01  5.000000e+00
     vertex  1.934000e+00 -1.647700e+01  5.000000e+00
     vertex  3.523000e+00 -1.663100e+01  5.000000e+00
   endloop
 endfacet
 facet normal  0.000000e+00  0.000000e+00  1.000000e+00
   outer loop
     vertex -1.627000e+01  3.254000e+00  5.000000e+00
     vertex -1.663100e+01  3.523000e+00  5.000000e+00
     vertex -1.647700e+01  1.934000e+00  5.000000e+00
   endloop
 endfacet
 facet normal  0.000000e+00  0.000000e+00  1.000000e+00
   outer loop
     vertex  3.691012e+00 -1.646464e+01  5.000000e+00
     vertex  3.523000e+00 -1.663100e+01  5.000000e+00
     vertex  3.605644e+00 -1.659879e+01  5.000000e+00
   endloop
 endfacet
 facet normal  0.000000e+00  0.000000e+00  1.000000e+00
   outer loop
     vertex  3.691012e+00 -1.646464e+01  5.000000e+00
     vertex  3.605644e+00 -1.659879e+01  5.000000e+00
     vertex  3.666230e+00 -1.653401e+01  5.000000e+00
   endloop
 endfacet
 facet normal  0.000000e+00  0.000000e+00  1.000000e+00
   outer loop
     vertex  3.689000e+00 -1.639100e+01  5.000000e+00
     vertex  3.254000e+00 -1.627000e+01  5.000000e+00
     vertex  3.523000e+00 -1.663100e+01  5.000000e+00
   endloop
 endfacet
 facet normal  0.000000e+00  0.000000e+00  1.000000e+00
   outer loop
     vertex  3.689000e+00 -1.639100e+01  5.000000e+00
     vertex  3.523000e+00 -1.663100e+01  5.000000e+00
     vertex  3.691012e+00 -1.646464e+01  5.000000e+00
   endloop
 endfacet
 facet normal  0.000000e+00  0.000000e+00  1.000000e+00
   outer loop
     vertex -1.639100e+01  3.689000e+00  5.000000e+00
     vertex -1.663100e+01  3.523000e+00  5.000000e+00
     vertex -1.627000e+01  3.254000e+00  5.000000e+00
   endloop
 endfacet
 facet normal  0.000000e+00  0.000000e+00  1.000000e+00
   outer loop
     vertex -1.639100e+01  3.689000e+00  5.000000e+00
     vertex -1.647969e+01  3.688018e+00  5.000000e+00
     vertex -1.655924e+01  3.648776e+00  5.000000e+00
   endloop
 endfacet
 facet normal  0.000000e+00  0.000000e+00  1.000000e+00
   outer loop
     vertex -1.639100e+01  3.689000e+00  5.000000e+00
     vertex -1.655924e+01  3.648776e+00  5.000000e+00
     vertex -1.660690e+01  3.592611e+00  5.000000e+00
   endloop
 endfacet
 facet normal  0.000000e+00  0.000000e+00  1.000000e+00
   outer loop
     vertex -1.639100e+01  3.689000e+00  5.000000e+00
     vertex -1.660690e+01  3.592611e+00  5.000000e+00
     vertex -1.663100e+01  3.523000e+00  5.000000e+00
   endloop
 endfacet
 facet normal  0.000000e+00  0.000000e+00  1.000000e+00
   outer loop
     vertex  1.242000e+00 -1.373400e+01  5.000000e+00
     vertex -1.000000e-02 -1.340000e+01  5.000000e+00
     vertex  1.990000e-01 -1.378900e+01  5.000000e+00
   endloop
 endfacet
 facet normal  0.000000e+00  0.000000e+00  1.000000e+00
   outer loop
     vertex  1.242000e+00 -1.373400e+01  5.000000e+00
     vertex  1.557000e+00 -1.672900e+01  5.000000e+00
     vertex  1.934000e+00 -1.647700e+01  5.000000e+00
   endloop
 endfacet
 facet normal  0.000000e+00  0.000000e+00  1.000000e+00
   outer loop
     vertex -1.373400e+01  1.242000e+00  5.000000e+00
     vertex -1.378900e+01  1.990000e-01  5.000000e+00
     vertex -1.340000e+01 -1.000000e-02  5.000000e+00
   endloop
 endfacet
 facet normal  0.000000e+00  0.000000e+00  1.000000e+00
   outer loop
     vertex -1.373400e+01  1.242000e+00  5.000000e+00
     vertex -1.647700e+01  1.934000e+00  5.000000e+00
     vertex -1.672900e+01  1.557000e+00  5.000000e+00
   endloop
 endfacet
 facet normal  0.000000e+00  0.000000e+00  1.000000e+00
   outer loop
     vertex  1.412000e+00 -1.332600e+01  5.000000e+00
     vertex -1.000000e-02 -1.340000e+01  5.000000e+00
     vertex  1.242000e+00 -1.373400e+01  5.000000e+00
   endloop
 endfacet
 facet normal  0.000000e+00  0.000000e+00  1.000000e+00
   outer loop
     vertex -1.332600e+01  1.412000e+00  5.000000e+00
     vertex -1.373400e+01  1.242000e+00  5.000000e+00
     vertex -1.340000e+01 -1.000000e-02  5.000000e+00
   endloop
 endfacet
 facet normal  0.000000e+00  0.000000e+00  1.000000e+00
   outer loop
     vertex  1.621000e+00 -1.350400e+01  5.000000e+00
     vertex  1.242000e+00 -1.373400e+01  5.000000e+00
     vertex  1.934000e+00 -1.647700e+01  5.000000e+00
   endloop
 endfacet
 facet normal  0.000000e+00  0.000000e+00  1.000000e+00
   outer loop
     vertex  1.621000e+00 -1.350400e+01  5.000000e+00
     vertex  1.412000e+00 -1.332600e+01  5.000000e+00
     vertex  1.242000e+00 -1.373400e+01  5.000000e+00
   endloop
 endfacet
 facet normal  0.000000e+00  0.000000e+00  1.000000e+00
   outer loop
     vertex -1.350400e+01  1.621000e+00  5.000000e+00
     vertex -1.373400e+01  1.242000e+00  5.000000e+00
     vertex -1.332600e+01  1.412000e+00  5.000000e+00
   endloop
 endfacet
 facet normal  0.000000e+00  0.000000e+00  1.000000e+00
   outer loop
     vertex -1.350400e+01  1.621000e+00  5.000000e+00
     vertex -1.647700e+01  1.934000e+00  5.000000e+00
     vertex -1.373400e+01  1.242000e+00  5.000000e+00
   endloop
 endfacet
 facet normal  0.000000e+00  0.000000e+00  1.000000e+00
   outer loop
     vertex -1.344453e+01  1.604956e+00  5.000000e+00
     vertex -1.350400e+01  1.621000e+00  5.000000e+00
     vertex -1.332600e+01  1.412000e+00  5.000000e+00
   endloop
 endfacet
 facet normal  0.000000e+00  0.000000e+00  1.000000e+00
   outer loop
     vertex -1.344453e+01  1.604956e+00  5.000000e+00
     vertex -1.332600e+01  1.412000e+00  5.000000e+00
     vertex -1.334124e+01  1.499380e+00  5.000000e+00
   endloop
 endfacet
 facet normal  0.000000e+00  0.000000e+00  1.000000e+00
   outer loop
     vertex  1.529682e+00 -1.335709e+01  5.000000e+00
     vertex  1.621000e+00 -1.350400e+01  5.000000e+00
     vertex  1.592046e+00 -1.342016e+01  5.000000e+00
   endloop
 endfacet
 facet normal  0.000000e+00  0.000000e+00  1.000000e+00
   outer loop
     vertex  1.529682e+00 -1.335709e+01  5.000000e+00
     vertex  1.473263e+00 -1.333237e+01  5.000000e+00
     vertex  1.412000e+00 -1.332600e+01  5.000000e+00
   endloop
 endfacet
 facet normal  0.000000e+00  0.000000e+00  1.000000e+00
   outer loop
     vertex  1.529682e+00 -1.335709e+01  5.000000e+00
     vertex  1.412000e+00 -1.332600e+01  5.000000e+00
     vertex  1.621000e+00 -1.350400e+01  5.000000e+00
   endloop
 endfacet
 facet normal  0.000000e+00  0.000000e+00  1.000000e+00
   outer loop
     vertex -1.339277e+01  1.571577e+00  5.000000e+00
     vertex -1.344453e+01  1.604956e+00  5.000000e+00
     vertex -1.334124e+01  1.499380e+00  5.000000e+00
   endloop
 endfacet
 facet normal  0.000000e+00  0.000000e+00  1.000000e+00
   outer loop
     vertex  5.190660e+00 -1.617731e+01  5.000000e+00
     vertex  5.045387e+00 -1.611521e+01  5.000000e+00
     vertex  5.119266e+00 -1.616429e+01  5.000000e+00
   endloop
 endfacet
 facet normal  0.000000e+00  0.000000e+00  1.000000e+00
   outer loop
     vertex  5.262000e+00 -1.616400e+01  5.000000e+00
     vertex  5.045387e+00 -1.611521e+01  5.000000e+00
     vertex  5.190660e+00 -1.617731e+01  5.000000e+00
   endloop
 endfacet
 facet normal  0.000000e+00  0.000000e+00  1.000000e+00
   outer loop
     vertex  5.262000e+00 -1.616400e+01  5.000000e+00
     vertex  5.000000e+00 -1.603900e+01  5.000000e+00
     vertex  5.045387e+00 -1.611521e+01  5.000000e+00
   endloop
 endfacet
 facet normal  0.000000e+00  0.000000e+00  1.000000e+00
   outer loop
     vertex -1.616400e+01  5.262000e+00  5.000000e+00
     vertex -1.617667e+01  5.174210e+00  5.000000e+00
     vertex -1.615013e+01  5.089575e+00  5.000000e+00
   endloop
 endfacet
 facet normal  0.000000e+00  0.000000e+00  1.000000e+00
   outer loop
     vertex -1.616400e+01  5.262000e+00  5.000000e+00
     vertex -1.615013e+01  5.089575e+00  5.000000e+00
     vertex -1.610283e+01  5.034537e+00  5.000000e+00
   endloop
 endfacet
 facet normal  0.000000e+00  0.000000e+00  1.000000e+00
   outer loop
     vertex -1.616400e+01  5.262000e+00  5.000000e+00
     vertex -1.610283e+01  5.034537e+00  5.000000e+00
     vertex -1.603900e+01  5.000000e+00  5.000000e+00
   endloop
 endfacet
 facet normal  0.000000e+00  0.000000e+00  1.000000e+00
   outer loop
     vertex  2.644712e+00 -1.322279e+01  5.000000e+00
     vertex  2.629407e+00 -1.328248e+01  5.000000e+00
     vertex  2.633000e+00 -1.334400e+01  5.000000e+00
   endloop
 endfacet
 facet normal  0.000000e+00  0.000000e+00  1.000000e+00
   outer loop
     vertex  2.696918e+00 -1.315108e+01  5.000000e+00
     vertex  2.644712e+00 -1.322279e+01  5.000000e+00
     vertex  2.633000e+00 -1.334400e+01  5.000000e+00
   endloop
 endfacet
 facet normal  0.000000e+00  0.000000e+00  1.000000e+00
   outer loop
     vertex  5.316000e+00 -1.571500e+01  5.000000e+00
     vertex  5.000000e+00 -1.603900e+01  5.000000e+00
     vertex  5.262000e+00 -1.616400e+01  5.000000e+00
   endloop
 endfacet
 facet normal  0.000000e+00  0.000000e+00  1.000000e+00
   outer loop
     vertex -1.571500e+01  5.316000e+00  5.000000e+00
     vertex -1.616400e+01  5.262000e+00  5.000000e+00
     vertex -1.603900e+01  5.000000e+00  5.000000e+00
   endloop
 endfacet
 facet normal  0.000000e+00  0.000000e+00  1.000000e+00
   outer loop
     vertex -1.344700e+01  3.062000e+00  5.000000e+00
     vertex -1.639100e+01  3.689000e+00  5.000000e+00
     vertex -1.627000e+01  3.254000e+00  5.000000e+00
   endloop
 endfacet
 facet normal  0.000000e+00  0.000000e+00  1.000000e+00
   outer loop
     vertex -1.344700e+01  3.062000e+00  5.000000e+00
     vertex -1.627000e+01  3.254000e+00  5.000000e+00
     vertex -1.334400e+01  2.633000e+00  5.000000e+00
   endloop
 endfacet
 facet normal  0.000000e+00  0.000000e+00  1.000000e+00
   outer loop
     vertex  3.063000e+00 -1.344700e+01  5.000000e+00
     vertex  2.633000e+00 -1.334400e+01  5.000000e+00
     vertex  3.254000e+00 -1.627000e+01  5.000000e+00
   endloop
 endfacet
 facet normal  0.000000e+00  0.000000e+00  1.000000e+00
   outer loop
     vertex  3.063000e+00 -1.344700e+01  5.000000e+00
     vertex  3.254000e+00 -1.627000e+01  5.000000e+00
     vertex  3.689000e+00 -1.639100e+01  5.000000e+00
   endloop
 endfacet
 facet normal  0.000000e+00  0.000000e+00  1.000000e+00
   outer loop
     vertex  2.775000e+00 -1.310900e+01  5.000000e+00
     vertex  2.633000e+00 -1.334400e+01  5.000000e+00
     vertex  3.063000e+00 -1.344700e+01  5.000000e+00
   endloop
 endfacet
 facet normal  0.000000e+00  0.000000e+00  1.000000e+00
   outer loop
     vertex  2.775000e+00 -1.310900e+01  5.000000e+00
     vertex  2.696918e+00 -1.315108e+01  5.000000e+00
     vertex  2.633000e+00 -1.334400e+01  5.000000e+00
   endloop
 endfacet
 facet normal  0.000000e+00  0.000000e+00  1.000000e+00
   outer loop
     vertex -1.310900e+01  2.775000e+00  5.000000e+00
     vertex -1.344700e+01  3.062000e+00  5.000000e+00
     vertex -1.334400e+01  2.633000e+00  5.000000e+00
   endloop
 endfacet
 facet normal  0.000000e+00  0.000000e+00  1.000000e+00
   outer loop
     vertex -1.310900e+01  2.775000e+00  5.000000e+00
     vertex -1.334400e+01  2.633000e+00  5.000000e+00
     vertex -1.325531e+01  2.633939e+00  5.000000e+00
   endloop
 endfacet
 facet normal  0.000000e+00  0.000000e+00  1.000000e+00
   outer loop
     vertex -1.310900e+01  2.775000e+00  5.000000e+00
     vertex -1.325531e+01  2.633939e+00  5.000000e+00
     vertex -1.317574e+01  2.673142e+00  5.000000e+00
   endloop
 endfacet
 facet normal  0.000000e+00  0.000000e+00  1.000000e+00
   outer loop
     vertex -1.310900e+01  2.775000e+00  5.000000e+00
     vertex -1.317574e+01  2.673142e+00  5.000000e+00
     vertex -1.313443e+01  2.718868e+00  5.000000e+00
   endloop
 endfacet
 facet normal  0.000000e+00  0.000000e+00  1.000000e+00
   outer loop
     vertex  4.072000e+00 -1.317600e+01  5.000000e+00
     vertex  5.000000e+00 -1.603900e+01  5.000000e+00
     vertex  5.316000e+00 -1.571500e+01  5.000000e+00
   endloop
 endfacet
 facet normal  0.000000e+00  0.000000e+00  1.000000e+00
   outer loop
     vertex -1.317600e+01  4.072000e+00  5.000000e+00
     vertex -1.571500e+01  5.316000e+00  5.000000e+00
     vertex -1.603900e+01  5.000000e+00  5.000000e+00
   endloop
 endfacet
 facet normal  0.000000e+00  0.000000e+00  1.000000e+00
   outer loop
     vertex  6.564000e+00 -1.523800e+01  5.000000e+00
     vertex  5.316000e+00 -1.571500e+01  5.000000e+00
     vertex  5.262000e+00 -1.616400e+01  5.000000e+00
   endloop
 endfacet
 facet normal  0.000000e+00  0.000000e+00  1.000000e+00
   outer loop
     vertex -1.523800e+01  6.564000e+00  5.000000e+00
     vertex -1.616400e+01  5.262000e+00  5.000000e+00
     vertex -1.571500e+01  5.316000e+00  5.000000e+00
   endloop
 endfacet
 facet normal  0.000000e+00  0.000000e+00  1.000000e+00
   outer loop
     vertex  6.904000e+00 -1.553500e+01  5.000000e+00
     vertex  6.564000e+00 -1.523800e+01  5.000000e+00
     vertex  5.262000e+00 -1.616400e+01  5.000000e+00
   endloop
 endfacet
 facet normal  0.000000e+00  0.000000e+00  1.000000e+00
   outer loop
     vertex -1.553500e+01  6.904000e+00  5.000000e+00
     vertex -1.616400e+01  5.262000e+00  5.000000e+00
     vertex -1.523800e+01  6.564000e+00  5.000000e+00
   endloop
 endfacet
 facet normal  0.000000e+00  0.000000e+00  1.000000e+00
   outer loop
     vertex  4.150000e+00 -1.274000e+01  5.000000e+00
     vertex  2.775000e+00 -1.310900e+01  5.000000e+00
     vertex  3.063000e+00 -1.344700e+01  5.000000e+00
   endloop
 endfacet
 facet normal  0.000000e+00  0.000000e+00  1.000000e+00
   outer loop
     vertex  4.150000e+00 -1.274000e+01  5.000000e+00
     vertex  3.063000e+00 -1.344700e+01  5.000000e+00
     vertex  4.072000e+00 -1.317600e+01  5.000000e+00
   endloop
 endfacet
 facet normal  0.000000e+00  0.000000e+00  1.000000e+00
   outer loop
     vertex -1.274000e+01  4.150000e+00  5.000000e+00
     vertex -1.344700e+01  3.062000e+00  5.000000e+00
     vertex -1.310900e+01  2.775000e+00  5.000000e+00
   endloop
 endfacet
 facet normal  0.000000e+00  0.000000e+00  1.000000e+00
   outer loop
     vertex -1.274000e+01  4.150000e+00  5.000000e+00
     vertex -1.317600e+01  4.072000e+00  5.000000e+00
     vertex -1.344700e+01  3.062000e+00  5.000000e+00
   endloop
 endfacet
 facet normal  0.000000e+00  0.000000e+00  1.000000e+00
   outer loop
     vertex  4.393000e+00 -1.287300e+01  5.000000e+00
     vertex  4.150000e+00 -1.274000e+01  5.000000e+00
     vertex  4.072000e+00 -1.317600e+01  5.000000e+00
   endloop
 endfacet
 facet normal  0.000000e+00  0.000000e+00  1.000000e+00
   outer loop
     vertex  4.393000e+00 -1.287300e+01  5.000000e+00
     vertex  4.072000e+00 -1.317600e+01  5.000000e+00
     vertex  5.316000e+00 -1.571500e+01  5.000000e+00
   endloop
 endfacet
 facet normal  0.000000e+00  0.000000e+00  1.000000e+00
   outer loop
     vertex -1.287300e+01  4.393000e+00  5.000000e+00
     vertex -1.571500e+01  5.316000e+00  5.000000e+00
     vertex -1.317600e+01  4.072000e+00  5.000000e+00
   endloop
 endfacet
 facet normal  0.000000e+00  0.000000e+00  1.000000e+00
   outer loop
     vertex -1.287300e+01  4.393000e+00  5.000000e+00
     vertex -1.317600e+01  4.072000e+00  5.000000e+00
     vertex -1.274000e+01  4.150000e+00  5.000000e+00
   endloop
 endfacet
 facet normal  0.000000e+00  0.000000e+00  1.000000e+00
   outer loop
     vertex  4.274808e+00 -1.274669e+01  5.000000e+00
     vertex  4.212940e+00 -1.273335e+01  5.000000e+00
     vertex  4.150000e+00 -1.274000e+01  5.000000e+00
   endloop
 endfacet
 facet normal  0.000000e+00  0.000000e+00  1.000000e+00
   outer loop
     vertex  4.274808e+00 -1.274669e+01  5.000000e+00
     vertex  4.150000e+00 -1.274000e+01  5.000000e+00
     vertex  4.393000e+00 -1.287300e+01  5.000000e+00
   endloop
 endfacet
 facet normal  0.000000e+00  0.000000e+00  1.000000e+00
   outer loop
     vertex -1.277148e+01  4.320094e+00  5.000000e+00
     vertex -1.274000e+01  4.150000e+00  5.000000e+00
     vertex -1.273640e+01  4.238626e+00  5.000000e+00
   endloop
 endfacet
 facet normal  0.000000e+00  0.000000e+00  1.000000e+00
   outer loop
     vertex -1.277148e+01  4.320094e+00  5.000000e+00
     vertex -1.281640e+01  4.364681e+00  5.000000e+00
     vertex -1.287300e+01  4.393000e+00  5.000000e+00
   endloop
 endfacet
 facet normal  0.000000e+00  0.000000e+00  1.000000e+00
   outer loop
     vertex -1.277148e+01  4.320094e+00  5.000000e+00
     vertex -1.287300e+01  4.393000e+00  5.000000e+00
     vertex -1.274000e+01  4.150000e+00  5.000000e+00
   endloop
 endfacet
 facet normal  0.000000e+00  0.000000e+00  1.000000e+00
   outer loop
     vertex  4.348266e+00 -1.279641e+01  5.000000e+00
     vertex  4.274808e+00 -1.274669e+01  5.000000e+00
     vertex  4.393000e+00 -1.287300e+01  5.000000e+00
   endloop
 endfacet
 facet normal  0.000000e+00  0.000000e+00  1.000000e+00
   outer loop
     vertex -1.544088e+01  7.009941e+00  5.000000e+00
     vertex -1.549764e+01  6.965587e+00  5.000000e+00
     vertex -1.553500e+01  6.904000e+00  5.000000e+00
   endloop
 endfacet
 facet normal  0.000000e+00  0.000000e+00  1.000000e+00
   outer loop
     vertex  7.032500e+00 -1.533812e+01  5.000000e+00
     vertex  6.977809e+00 -1.548581e+01  5.000000e+00
     vertex  7.023087e+00 -1.540954e+01  5.000000e+00
   endloop
 endfacet
 facet normal  0.000000e+00  0.000000e+00  1.000000e+00
   outer loop
     vertex  7.016000e+00 -1.526800e+01  5.000000e+00
     vertex  6.904000e+00 -1.553500e+01  5.000000e+00
     vertex  6.977809e+00 -1.548581e+01  5.000000e+00
   endloop
 endfacet
 facet normal  0.000000e+00  0.000000e+00  1.000000e+00
   outer loop
     vertex  7.016000e+00 -1.526800e+01  5.000000e+00
     vertex  6.977809e+00 -1.548581e+01  5.000000e+00
     vertex  7.032500e+00 -1.533812e+01  5.000000e+00
   endloop
 endfacet
 facet normal  0.000000e+00  0.000000e+00  1.000000e+00
   outer loop
     vertex  7.016000e+00 -1.526800e+01  5.000000e+00
     vertex  6.564000e+00 -1.523800e+01  5.000000e+00
     vertex  6.904000e+00 -1.553500e+01  5.000000e+00
   endloop
 endfacet
 facet normal  0.000000e+00  0.000000e+00  1.000000e+00
   outer loop
     vertex -1.526800e+01  7.016000e+00  5.000000e+00
     vertex -1.544088e+01  7.009941e+00  5.000000e+00
     vertex -1.553500e+01  6.904000e+00  5.000000e+00
   endloop
 endfacet
 facet normal  0.000000e+00  0.000000e+00  1.000000e+00
   outer loop
     vertex -1.526800e+01  7.016000e+00  5.000000e+00
     vertex -1.553500e+01  6.904000e+00  5.000000e+00
     vertex -1.523800e+01  6.564000e+00  5.000000e+00
   endloop
 endfacet
 facet normal  0.000000e+00  0.000000e+00  1.000000e+00
   outer loop
     vertex -1.526800e+01  7.016000e+00  5.000000e+00
     vertex -1.535513e+01  7.032627e+00  5.000000e+00
     vertex -1.544088e+01  7.009941e+00  5.000000e+00
   endloop
 endfacet
 facet normal  0.000000e+00  0.000000e+00  1.000000e+00
   outer loop
     vertex  5.336437e+00 -1.238380e+01  5.000000e+00
     vertex  5.333596e+00 -1.244597e+01  5.000000e+00
     vertex  5.350000e+00 -1.250600e+01  5.000000e+00
   endloop
 endfacet
 facet normal  0.000000e+00  0.000000e+00  1.000000e+00
   outer loop
     vertex -1.233307e+01  5.354194e+00  5.000000e+00
     vertex -1.250600e+01  5.350000e+00  5.000000e+00
     vertex -1.241906e+01  5.332434e+00  5.000000e+00
   endloop
 endfacet
 facet normal  0.000000e+00  0.000000e+00  1.000000e+00
   outer loop
     vertex  5.373050e+00 -1.230301e+01  5.000000e+00
     vertex  5.336437e+00 -1.238380e+01  5.000000e+00
     vertex  5.350000e+00 -1.250600e+01  5.000000e+00
   endloop
 endfacet
 facet normal  0.000000e+00  0.000000e+00  1.000000e+00
   outer loop
     vertex  5.441000e+00 -1.224600e+01  5.000000e+00
     vertex  5.373050e+00 -1.230301e+01  5.000000e+00
     vertex  5.350000e+00 -1.250600e+01  5.000000e+00
   endloop
 endfacet
 facet normal  0.000000e+00  0.000000e+00  1.000000e+00
   outer loop
     vertex -1.224600e+01  5.441000e+00  5.000000e+00
     vertex -1.233307e+01  5.354194e+00  5.000000e+00
     vertex -1.228270e+01  5.390740e+00  5.000000e+00
   endloop
 endfacet
 facet normal  0.000000e+00  0.000000e+00  1.000000e+00
   outer loop
     vertex -1.224600e+01  5.441000e+00  5.000000e+00
     vertex -1.250600e+01  5.350000e+00  5.000000e+00
     vertex -1.233307e+01  5.354194e+00  5.000000e+00
   endloop
 endfacet
 facet normal  0.000000e+00  0.000000e+00  1.000000e+00
   outer loop
     vertex  5.791000e+00 -1.251600e+01  5.000000e+00
     vertex  5.350000e+00 -1.250600e+01  5.000000e+00
     vertex  6.564000e+00 -1.523800e+01  5.000000e+00
   endloop
 endfacet
 facet normal  0.000000e+00  0.000000e+00  1.000000e+00
   outer loop
     vertex  5.791000e+00 -1.251600e+01  5.000000e+00
     vertex  5.441000e+00 -1.224600e+01  5.000000e+00
     vertex  5.350000e+00 -1.250600e+01  5.000000e+00
   endloop
 endfacet
 facet normal  0.000000e+00  0.000000e+00  1.000000e+00
   outer loop
     vertex  5.791000e+00 -1.251600e+01  5.000000e+00
     vertex  6.564000e+00 -1.523800e+01  5.000000e+00
     vertex  7.016000e+00 -1.526800e+01  5.000000e+00
   endloop
 endfacet
 facet normal  0.000000e+00  0.000000e+00  1.000000e+00
   outer loop
     vertex -1.251600e+01  5.791000e+00  5.000000e+00
     vertex -1.526800e+01  7.016000e+00  5.000000e+00
     vertex -1.523800e+01  6.564000e+00  5.000000e+00
   endloop
 endfacet
 facet normal  0.000000e+00  0.000000e+00  1.000000e+00
   outer loop
     vertex -1.251600e+01  5.791000e+00  5.000000e+00
     vertex -1.523800e+01  6.564000e+00  5.000000e+00
     vertex -1.250600e+01  5.350000e+00  5.000000e+00
   endloop
 endfacet
 facet normal  0.000000e+00  0.000000e+00  1.000000e+00
   outer loop
     vertex -1.251600e+01  5.791000e+00  5.000000e+00
     vertex -1.250600e+01  5.350000e+00  5.000000e+00
     vertex -1.224600e+01  5.441000e+00  5.000000e+00
   endloop
 endfacet
 facet normal  0.000000e+00  0.000000e+00  1.000000e+00
   outer loop
     vertex  8.369015e+00 -1.474676e+01  5.000000e+00
     vertex  8.227000e+00 -1.464800e+01  5.000000e+00
     vertex  8.286778e+00 -1.471353e+01  5.000000e+00
   endloop
 endfacet
 facet normal  0.000000e+00  0.000000e+00  1.000000e+00
   outer loop
     vertex -1.474766e+01  8.426769e+00  5.000000e+00
     vertex -1.473932e+01  8.338464e+00  5.000000e+00
     vertex -1.470404e+01  8.274222e+00  5.000000e+00
   endloop
 endfacet
 facet normal  0.000000e+00  0.000000e+00  1.000000e+00
   outer loop
     vertex -1.474766e+01  8.426769e+00  5.000000e+00
     vertex -1.470404e+01  8.274222e+00  5.000000e+00
     vertex -1.464800e+01  8.227000e+00  5.000000e+00
   endloop
 endfacet
 facet normal  0.000000e+00  0.000000e+00  1.000000e+00
   outer loop
     vertex  8.442281e+00 -1.474502e+01  5.000000e+00
     vertex  8.227000e+00 -1.464800e+01  5.000000e+00
     vertex  8.369015e+00 -1.474676e+01  5.000000e+00
   endloop
 endfacet
 facet normal  0.000000e+00  0.000000e+00  1.000000e+00
   outer loop
     vertex  8.510000e+00 -1.471700e+01  5.000000e+00
     vertex  8.227000e+00 -1.464800e+01  5.000000e+00
     vertex  8.442281e+00 -1.474502e+01  5.000000e+00
   endloop
 endfacet
 facet normal  0.000000e+00  0.000000e+00  1.000000e+00
   outer loop
     vertex -1.471700e+01  8.510000e+00  5.000000e+00
     vertex -1.474766e+01  8.426769e+00  5.000000e+00
     vertex -1.464800e+01  8.227000e+00  5.000000e+00
   endloop
 endfacet
 facet normal  0.000000e+00  0.000000e+00  1.000000e+00
   outer loop
     vertex  8.467000e+00 -1.426800e+01  5.000000e+00
     vertex  8.227000e+00 -1.464800e+01  5.000000e+00
     vertex  8.510000e+00 -1.471700e+01  5.000000e+00
   endloop
 endfacet
 facet normal  0.000000e+00  0.000000e+00  1.000000e+00
   outer loop
     vertex -1.426800e+01  8.467000e+00  5.000000e+00
     vertex -1.471700e+01  8.510000e+00  5.000000e+00
     vertex -1.464800e+01  8.227000e+00  5.000000e+00
   endloop
 endfacet
 facet normal  0.000000e+00  0.000000e+00  1.000000e+00
   outer loop
     vertex  6.723000e+00 -1.204300e+01  5.000000e+00
     vertex  8.227000e+00 -1.464800e+01  5.000000e+00
     vertex  8.467000e+00 -1.426800e+01  5.000000e+00
   endloop
 endfacet
 facet normal  0.000000e+00  0.000000e+00  1.000000e+00
   outer loop
     vertex -1.204300e+01  6.723000e+00  5.000000e+00
     vertex -1.426800e+01  8.467000e+00  5.000000e+00
     vertex -1.464800e+01  8.227000e+00  5.000000e+00
   endloop
 endfacet
 facet normal  0.000000e+00  0.000000e+00  1.000000e+00
   outer loop
     vertex  6.709000e+00 -1.160000e+01  5.000000e+00
     vertex  5.791000e+00 -1.251600e+01  5.000000e+00
     vertex  6.723000e+00 -1.204300e+01  5.000000e+00
   endloop
 endfacet
 facet normal  0.000000e+00  0.000000e+00  1.000000e+00
   outer loop
     vertex  6.709000e+00 -1.160000e+01  5.000000e+00
     vertex  5.441000e+00 -1.224600e+01  5.000000e+00
     vertex  5.791000e+00 -1.251600e+01  5.000000e+00
   endloop
 endfacet
 facet normal  0.000000e+00  0.000000e+00  1.000000e+00
   outer loop
     vertex -1.160000e+01  6.709000e+00  5.000000e+00
     vertex -1.204300e+01  6.723000e+00  5.000000e+00
     vertex -1.251600e+01  5.791000e+00  5.000000e+00
   endloop
 endfacet
 facet normal  0.000000e+00  0.000000e+00  1.000000e+00
   outer loop
     vertex -1.160000e+01  6.709000e+00  5.000000e+00
     vertex -1.251600e+01  5.791000e+00  5.000000e+00
     vertex -1.224600e+01  5.441000e+00  5.000000e+00
   endloop
 endfacet
 facet normal  0.000000e+00  0.000000e+00  1.000000e+00
   outer loop
     vertex  6.830142e+00 -1.158046e+01  5.000000e+00
     vertex  6.768035e+00 -1.158071e+01  5.000000e+00
     vertex  6.709000e+00 -1.160000e+01  5.000000e+00
   endloop
 endfacet
 facet normal  0.000000e+00  0.000000e+00  1.000000e+00
   outer loop
     vertex  6.973000e+00 -1.167800e+01  5.000000e+00
     vertex  6.723000e+00 -1.204300e+01  5.000000e+00
     vertex  8.467000e+00 -1.426800e+01  5.000000e+00
   endloop
 endfacet
 facet normal  0.000000e+00  0.000000e+00  1.000000e+00
   outer loop
     vertex  6.973000e+00 -1.167800e+01  5.000000e+00
     vertex  6.709000e+00 -1.160000e+01  5.000000e+00
     vertex  6.723000e+00 -1.204300e+01  5.000000e+00
   endloop
 endfacet
 facet normal  0.000000e+00  0.000000e+00  1.000000e+00
   outer loop
     vertex -1.167800e+01  6.973000e+00  5.000000e+00
     vertex -1.426800e+01  8.467000e+00  5.000000e+00
     vertex -1.204300e+01  6.723000e+00  5.000000e+00
   endloop
 endfacet
 facet normal  0.000000e+00  0.000000e+00  1.000000e+00
   outer loop
     vertex -1.167800e+01  6.973000e+00  5.000000e+00
     vertex -1.160000e+01  6.709000e+00  5.000000e+00
     vertex -1.157822e+01  6.794983e+00  5.000000e+00
   endloop
 endfacet
 facet normal  0.000000e+00  0.000000e+00  1.000000e+00
   outer loop
     vertex -1.167800e+01  6.973000e+00  5.000000e+00
     vertex -1.157822e+01  6.794983e+00  5.000000e+00
     vertex -1.159576e+01  6.881930e+00  5.000000e+00
   endloop
 endfacet
 facet normal  0.000000e+00  0.000000e+00  1.000000e+00
   outer loop
     vertex -1.167800e+01  6.973000e+00  5.000000e+00
     vertex -1.204300e+01  6.723000e+00  5.000000e+00
     vertex -1.160000e+01  6.709000e+00  5.000000e+00
   endloop
 endfacet
 facet normal  0.000000e+00  0.000000e+00  1.000000e+00
   outer loop
     vertex  6.912662e+00 -1.161299e+01  5.000000e+00
     vertex  6.830142e+00 -1.158046e+01  5.000000e+00
     vertex  6.709000e+00 -1.160000e+01  5.000000e+00
   endloop
 endfacet
 facet normal  0.000000e+00  0.000000e+00  1.000000e+00
   outer loop
     vertex  6.912662e+00 -1.161299e+01  5.000000e+00
     vertex  6.709000e+00 -1.160000e+01  5.000000e+00
     vertex  6.973000e+00 -1.167800e+01  5.000000e+00
   endloop
 endfacet
 facet normal  0.000000e+00  0.000000e+00  1.000000e+00
   outer loop
     vertex -1.162972e+01  6.933928e+00  5.000000e+00
     vertex -1.167800e+01  6.973000e+00  5.000000e+00
     vertex -1.159576e+01  6.881930e+00  5.000000e+00
   endloop
 endfacet
 facet normal  0.000000e+00  0.000000e+00  1.000000e+00
   outer loop
     vertex  9.590000e+00 -1.353900e+01  5.000000e+00
     vertex  8.467000e+00 -1.426800e+01  5.000000e+00
     vertex  8.510000e+00 -1.471700e+01  5.000000e+00
   endloop
 endfacet
 facet normal  0.000000e+00  0.000000e+00  1.000000e+00
   outer loop
     vertex -1.353900e+01  9.590000e+00  5.000000e+00
     vertex -1.471700e+01  8.510000e+00  5.000000e+00
     vertex -1.426800e+01  8.467000e+00  5.000000e+00
   endloop
 endfacet
 facet normal  0.000000e+00  0.000000e+00  1.000000e+00
   outer loop
     vertex  9.984000e+00 -1.375800e+01  5.000000e+00
     vertex  9.590000e+00 -1.353900e+01  5.000000e+00
     vertex  8.510000e+00 -1.471700e+01  5.000000e+00
   endloop
 endfacet
 facet normal  0.000000e+00  0.000000e+00  1.000000e+00
   outer loop
     vertex -1.375800e+01  9.984000e+00  5.000000e+00
     vertex -1.471700e+01  8.510000e+00  5.000000e+00
     vertex -1.353900e+01  9.590000e+00  5.000000e+00
   endloop
 endfacet
 facet normal  0.000000e+00  0.000000e+00  1.000000e+00
   outer loop
     vertex -1.364320e+01  1.006789e+01  5.000000e+00
     vertex -1.370831e+01  1.003649e+01  5.000000e+00
     vertex -1.375800e+01  9.984000e+00  5.000000e+00
   endloop
 endfacet
 facet normal  0.000000e+00  0.000000e+00  1.000000e+00
   outer loop
     vertex  1.006812e+01 -1.353824e+01  5.000000e+00
     vertex  1.004580e+01 -1.369438e+01  5.000000e+00
     vertex  1.007401e+01 -1.361028e+01  5.000000e+00
   endloop
 endfacet
 facet normal  0.000000e+00  0.000000e+00  1.000000e+00
   outer loop
     vertex  1.003700e+01 -1.347300e+01  5.000000e+00
     vertex  9.984000e+00 -1.375800e+01  5.000000e+00
     vertex  1.004580e+01 -1.369438e+01  5.000000e+00
   endloop
 endfacet
 facet normal  0.000000e+00  0.000000e+00  1.000000e+00
   outer loop
     vertex  1.003700e+01 -1.347300e+01  5.000000e+00
     vertex  9.590000e+00 -1.353900e+01  5.000000e+00
     vertex  9.984000e+00 -1.375800e+01  5.000000e+00
   endloop
 endfacet
 facet normal  0.000000e+00  0.000000e+00  1.000000e+00
   outer loop
     vertex  1.003700e+01 -1.347300e+01  5.000000e+00
     vertex  1.004580e+01 -1.369438e+01  5.000000e+00
     vertex  1.006812e+01 -1.353824e+01  5.000000e+00
   endloop
 endfacet
 facet normal  0.000000e+00  0.000000e+00  1.000000e+00
   outer loop
     vertex -1.347300e+01  1.003700e+01  5.000000e+00
     vertex -1.375800e+01  9.984000e+00  5.000000e+00
     vertex -1.353900e+01  9.590000e+00  5.000000e+00
   endloop
 endfacet
 facet normal  0.000000e+00  0.000000e+00  1.000000e+00
   outer loop
     vertex -1.347300e+01  1.003700e+01  5.000000e+00
     vertex -1.364320e+01  1.006789e+01  5.000000e+00
     vertex -1.375800e+01  9.984000e+00  5.000000e+00
   endloop
 endfacet
 facet normal  0.000000e+00  0.000000e+00  1.000000e+00
   outer loop
     vertex -1.347300e+01  1.003700e+01  5.000000e+00
     vertex -1.355459e+01  1.007180e+01  5.000000e+00
     vertex -1.364320e+01  1.006789e+01  5.000000e+00
   endloop
 endfacet
 facet normal  0.000000e+00  0.000000e+00  1.000000e+00
   outer loop
     vertex -1.095094e+01  7.800329e+00  5.000000e+00
     vertex -1.112100e+01  7.832000e+00  5.000000e+00
     vertex -1.103957e+01  7.796828e+00  5.000000e+00
   endloop
 endfacet
 facet normal  0.000000e+00  0.000000e+00  1.000000e+00
   outer loop
     vertex  7.812424e+00 -1.091792e+01  5.000000e+00
     vertex  7.793454e+00 -1.100457e+01  5.000000e+00
     vertex  7.803582e+00 -1.106581e+01  5.000000e+00
   endloop
 endfacet
 facet normal  0.000000e+00  0.000000e+00  1.000000e+00
   outer loop
     vertex  7.812424e+00 -1.091792e+01  5.000000e+00
     vertex  7.803582e+00 -1.106581e+01  5.000000e+00
     vertex  7.832000e+00 -1.112100e+01  5.000000e+00
   endloop
 endfacet
 facet normal  0.000000e+00  0.000000e+00  1.000000e+00
   outer loop
     vertex  7.867000e+00 -1.084800e+01  5.000000e+00
     vertex  7.812424e+00 -1.091792e+01  5.000000e+00
     vertex  7.832000e+00 -1.112100e+01  5.000000e+00
   endloop
 endfacet
 facet normal  0.000000e+00  0.000000e+00  1.000000e+00
   outer loop
     vertex -1.084800e+01  7.867000e+00  5.000000e+00
     vertex -1.112100e+01  7.832000e+00  5.000000e+00
     vertex -1.095094e+01  7.800329e+00  5.000000e+00
   endloop
 endfacet
 facet normal  0.000000e+00  0.000000e+00  1.000000e+00
   outer loop
     vertex -1.084800e+01  7.867000e+00  5.000000e+00
     vertex -1.095094e+01  7.800329e+00  5.000000e+00
     vertex -1.089423e+01  7.825579e+00  5.000000e+00
   endloop
 endfacet
 facet normal  0.000000e+00  0.000000e+00  1.000000e+00
   outer loop
     vertex  8.268000e+00 -1.103900e+01  5.000000e+00
     vertex  7.832000e+00 -1.112100e+01  5.000000e+00
     vertex  9.590000e+00 -1.353900e+01  5.000000e+00
   endloop
 endfacet
 facet normal  0.000000e+00  0.000000e+00  1.000000e+00
   outer loop
     vertex  8.268000e+00 -1.103900e+01  5.000000e+00
     vertex  9.590000e+00 -1.353900e+01  5.000000e+00
     vertex  1.003700e+01 -1.347300e+01  5.000000e+00
   endloop
 endfacet
 facet normal  0.000000e+00  0.000000e+00  1.000000e+00
   outer loop
     vertex  8.268000e+00 -1.103900e+01  5.000000e+00
     vertex  7.867000e+00 -1.084800e+01  5.000000e+00
     vertex  7.832000e+00 -1.112100e+01  5.000000e+00
   endloop
 endfacet
 facet normal  0.000000e+00  0.000000e+00  1.000000e+00
   outer loop
     vertex -1.103900e+01  8.268000e+00  5.000000e+00
     vertex -1.347300e+01  1.003700e+01  5.000000e+00
     vertex -1.353900e+01  9.590000e+00  5.000000e+00
   endloop
 endfacet
 facet normal  0.000000e+00  0.000000e+00  1.000000e+00
   outer loop
     vertex -1.103900e+01  8.268000e+00  5.000000e+00
     vertex -1.112100e+01  7.832000e+00  5.000000e+00
     vertex -1.084800e+01  7.867000e+00  5.000000e+00
   endloop
 endfacet
 facet normal  0.000000e+00  0.000000e+00  1.000000e+00
   outer loop
     vertex -1.103900e+01  8.268000e+00  5.000000e+00
     vertex -1.353900e+01  9.590000e+00  5.000000e+00
     vertex -1.112100e+01  7.832000e+00  5.000000e+00
   endloop
 endfacet
 facet normal  0.000000e+00  0.000000e+00  1.000000e+00
   outer loop
     vertex -1.268475e+01  1.121994e+01  5.000000e+00
     vertex -1.266377e+01  1.114986e+01  5.000000e+00
     vertex -1.261900e+01  1.109200e+01  5.000000e+00
   endloop
 endfacet
 facet normal  0.000000e+00  0.000000e+00  1.000000e+00
   outer loop
     vertex  1.132277e+01 -1.266853e+01  5.000000e+00
     vertex  1.116424e+01 -1.267046e+01  5.000000e+00
     vertex  1.125164e+01 -1.268562e+01  5.000000e+00
   endloop
 endfacet
 facet normal  0.000000e+00  0.000000e+00  1.000000e+00
   outer loop
     vertex  9.078000e+00 -1.038300e+01  5.000000e+00
     vertex  7.867000e+00 -1.084800e+01  5.000000e+00
     vertex  8.268000e+00 -1.103900e+01  5.000000e+00
   endloop
 endfacet
 facet normal  0.000000e+00  0.000000e+00  1.000000e+00
   outer loop
     vertex -1.038300e+01  9.078000e+00  5.000000e+00
     vertex -1.103900e+01  8.268000e+00  5.000000e+00
     vertex -1.084800e+01  7.867000e+00  5.000000e+00
   endloop
 endfacet
 facet normal  0.000000e+00  0.000000e+00  1.000000e+00
   outer loop
     vertex  1.138300e+01 -1.262700e+01  5.000000e+00
     vertex  1.109200e+01 -1.261900e+01  5.000000e+00
     vertex  1.116424e+01 -1.267046e+01  5.000000e+00
   endloop
 endfacet
 facet normal  0.000000e+00  0.000000e+00  1.000000e+00
   outer loop
     vertex  1.138300e+01 -1.262700e+01  5.000000e+00
     vertex  1.116424e+01 -1.267046e+01  5.000000e+00
     vertex  1.132277e+01 -1.266853e+01  5.000000e+00
   endloop
 endfacet
 facet normal  0.000000e+00  0.000000e+00  1.000000e+00
   outer loop
     vertex -1.262700e+01  1.138300e+01  5.000000e+00
     vertex -1.267441e+01  1.130804e+01  5.000000e+00
     vertex -1.268475e+01  1.121994e+01  5.000000e+00
   endloop
 endfacet
 facet normal  0.000000e+00  0.000000e+00  1.000000e+00
   outer loop
     vertex -1.262700e+01  1.138300e+01  5.000000e+00
     vertex -1.268475e+01  1.121994e+01  5.000000e+00
     vertex -1.261900e+01  1.109200e+01  5.000000e+00
   endloop
 endfacet
 facet normal  0.000000e+00  0.000000e+00  1.000000e+00
   outer loop
     vertex  8.975000e+00 -9.951000e+00  5.000000e+00
     vertex  7.867000e+00 -1.084800e+01  5.000000e+00
     vertex  9.078000e+00 -1.038300e+01  5.000000e+00
   endloop
 endfacet
 facet normal  0.000000e+00  0.000000e+00  1.000000e+00
   outer loop
     vertex -9.951000e+00  8.975000e+00  5.000000e+00
     vertex -1.038300e+01  9.078000e+00  5.000000e+00
     vertex -1.084800e+01  7.867000e+00  5.000000e+00
   endloop
 endfacet
 facet normal  0.000000e+00  0.000000e+00  1.000000e+00
   outer loop
     vertex  1.124800e+01 -1.219500e+01  5.000000e+00
     vertex  9.078000e+00 -1.038300e+01  5.000000e+00
     vertex  1.109200e+01 -1.261900e+01  5.000000e+00
   endloop
 endfacet
 facet normal  0.000000e+00  0.000000e+00  1.000000e+00
   outer loop
     vertex  1.124800e+01 -1.219500e+01  5.000000e+00
     vertex  1.109200e+01 -1.261900e+01  5.000000e+00
     vertex  1.138300e+01 -1.262700e+01  5.000000e+00
   endloop
 endfacet
 facet normal  0.000000e+00  0.000000e+00  1.000000e+00
   outer loop
     vertex -1.219500e+01  1.124800e+01  5.000000e+00
     vertex -1.261900e+01  1.109200e+01  5.000000e+00
     vertex -1.038300e+01  9.078000e+00  5.000000e+00
   endloop
 endfacet
 facet normal  0.000000e+00  0.000000e+00  1.000000e+00
   outer loop
     vertex -1.219500e+01  1.124800e+01  5.000000e+00
     vertex -1.262700e+01  1.138300e+01  5.000000e+00
     vertex -1.261900e+01  1.109200e+01  5.000000e+00
   endloop
 endfacet
 facet normal  0.000000e+00  0.000000e+00  1.000000e+00
   outer loop
     vertex -9.912140e+00  9.143560e+00  5.000000e+00
     vertex -9.951000e+00  8.975000e+00  5.000000e+00
     vertex -9.912404e+00  9.054862e+00  5.000000e+00
   endloop
 endfacet
 facet normal  0.000000e+00  0.000000e+00  1.000000e+00
   outer loop
     vertex  9.175349e+00 -9.922113e+00  5.000000e+00
     vertex  9.087838e+00 -9.907649e+00  5.000000e+00
     vertex  9.028065e+00 -9.920596e+00  5.000000e+00
   endloop
 endfacet
 facet normal  0.000000e+00  0.000000e+00  1.000000e+00
   outer loop
     vertex  9.248000e+00 -9.973000e+00  5.000000e+00
     vertex  8.975000e+00 -9.951000e+00  5.000000e+00
     vertex  9.078000e+00 -1.038300e+01  5.000000e+00
   endloop
 endfacet
 facet normal  0.000000e+00  0.000000e+00  1.000000e+00
   outer loop
     vertex  9.248000e+00 -9.973000e+00  5.000000e+00
     vertex  9.028065e+00 -9.920596e+00  5.000000e+00
     vertex  8.975000e+00 -9.951000e+00  5.000000e+00
   endloop
 endfacet
 facet normal  0.000000e+00  0.000000e+00  1.000000e+00
   outer loop
     vertex  9.248000e+00 -9.973000e+00  5.000000e+00
     vertex  9.175349e+00 -9.922113e+00  5.000000e+00
     vertex  9.028065e+00 -9.920596e+00  5.000000e+00
   endloop
 endfacet
 facet normal  0.000000e+00  0.000000e+00  1.000000e+00
   outer loop
     vertex  9.248000e+00 -9.973000e+00  5.000000e+00
     vertex  9.078000e+00 -1.038300e+01  5.000000e+00
     vertex  1.124800e+01 -1.219500e+01  5.000000e+00
   endloop
 endfacet
 facet normal  0.000000e+00  0.000000e+00  1.000000e+00
   outer loop
     vertex -9.973000e+00  9.248000e+00  5.000000e+00
     vertex -1.038300e+01  9.078000e+00  5.000000e+00
     vertex -9.951000e+00  8.975000e+00  5.000000e+00
   endloop
 endfacet
 facet normal  0.000000e+00  0.000000e+00  1.000000e+00
   outer loop
     vertex -9.973000e+00  9.248000e+00  5.000000e+00
     vertex -9.951000e+00  8.975000e+00  5.000000e+00
     vertex -9.912140e+00  9.143560e+00  5.000000e+00
   endloop
 endfacet
 facet normal  0.000000e+00  0.000000e+00  1.000000e+00
   outer loop
     vertex -9.973000e+00  9.248000e+00  5.000000e+00
     vertex -1.219500e+01  1.124800e+01  5.000000e+00
     vertex -1.038300e+01  9.078000e+00  5.000000e+00
   endloop
 endfacet
 facet normal  0.000000e+00  0.000000e+00  1.000000e+00
   outer loop
     vertex -9.973000e+00  9.248000e+00  5.000000e+00
     vertex -9.912140e+00  9.143560e+00  5.000000e+00
     vertex -9.934491e+00  9.200488e+00  5.000000e+00
   endloop
 endfacet
 facet normal  0.000000e+00  0.000000e+00  1.000000e+00
   outer loop
     vertex  9.912404e+00 -9.054862e+00  5.000000e+00
     vertex  9.934491e+00 -9.200488e+00  5.000000e+00
     vertex  9.973000e+00 -9.248000e+00  5.000000e+00
   endloop
 endfacet
 facet normal  0.000000e+00  0.000000e+00  1.000000e+00
   outer loop
     vertex  9.912404e+00 -9.054862e+00  5.000000e+00
     vertex  9.912140e+00 -9.143560e+00  5.000000e+00
     vertex  9.934491e+00 -9.200488e+00  5.000000e+00
   endloop
 endfacet
 facet normal  0.000000e+00  0.000000e+00  1.000000e+00
   outer loop
     vertex -9.028065e+00  9.920596e+00  5.000000e+00
     vertex -9.175349e+00  9.922113e+00  5.000000e+00
     vertex -9.087838e+00  9.907649e+00  5.000000e+00
   endloop
 endfacet
 facet normal  0.000000e+00  0.000000e+00  1.000000e+00
   outer loop
     vertex  1.219500e+01 -1.124800e+01  5.000000e+00
     vertex  1.124800e+01 -1.219500e+01  5.000000e+00
     vertex  1.138300e+01 -1.262700e+01  5.000000e+00
   endloop
 endfacet
 facet normal  0.000000e+00  0.000000e+00  1.000000e+00
   outer loop
     vertex  9.951000e+00 -8.975000e+00  5.000000e+00
     vertex  9.912404e+00 -9.054862e+00  5.000000e+00
     vertex  9.973000e+00 -9.248000e+00  5.000000e+00
   endloop
 endfacet
 facet normal  0.000000e+00  0.000000e+00  1.000000e+00
   outer loop
     vertex -8.975000e+00  9.951000e+00  5.000000e+00
     vertex -9.175349e+00  9.922113e+00  5.000000e+00
     vertex -9.028065e+00  9.920596e+00  5.000000e+00
   endloop
 endfacet
 facet normal  0.000000e+00  0.000000e+00  1.000000e+00
   outer loop
     vertex -8.975000e+00  9.951000e+00  5.000000e+00
     vertex -9.248000e+00  9.973000e+00  5.000000e+00
     vertex -9.175349e+00  9.922113e+00  5.000000e+00
   endloop
 endfacet
 facet normal  0.000000e+00  0.000000e+00  1.000000e+00
   outer loop
     vertex  1.262700e+01 -1.138300e+01  5.000000e+00
     vertex  1.219500e+01 -1.124800e+01  5.000000e+00
     vertex  1.138300e+01 -1.262700e+01  5.000000e+00
   endloop
 endfacet
 facet normal  0.000000e+00  0.000000e+00  1.000000e+00
   outer loop
     vertex -1.138300e+01  1.262700e+01  5.000000e+00
     vertex -1.219500e+01  1.124800e+01  5.000000e+00
     vertex -1.124800e+01  1.219500e+01  5.000000e+00
   endloop
 endfacet
 facet normal  0.000000e+00  0.000000e+00  1.000000e+00
   outer loop
     vertex -1.138300e+01  1.262700e+01  5.000000e+00
     vertex -1.262700e+01  1.138300e+01  5.000000e+00
     vertex -1.219500e+01  1.124800e+01  5.000000e+00
   endloop
 endfacet
 facet normal  0.000000e+00  0.000000e+00  1.000000e+00
   outer loop
     vertex  1.038300e+01 -9.078000e+00  5.000000e+00
     vertex  9.973000e+00 -9.248000e+00  5.000000e+00
     vertex  1.219500e+01 -1.124800e+01  5.000000e+00
   endloop
 endfacet
 facet normal  0.000000e+00  0.000000e+00  1.000000e+00
   outer loop
     vertex  1.038300e+01 -9.078000e+00  5.000000e+00
     vertex  9.951000e+00 -8.975000e+00  5.000000e+00
     vertex  9.973000e+00 -9.248000e+00  5.000000e+00
   endloop
 endfacet
 facet normal  0.000000e+00  0.000000e+00  1.000000e+00
   outer loop
     vertex -9.078000e+00  1.038300e+01  5.000000e+00
     vertex -9.248000e+00  9.973000e+00  5.000000e+00
     vertex -8.975000e+00  9.951000e+00  5.000000e+00
   endloop
 endfacet
 facet normal  0.000000e+00  0.000000e+00  1.000000e+00
   outer loop
     vertex -9.078000e+00  1.038300e+01  5.000000e+00
     vertex -1.124800e+01  1.219500e+01  5.000000e+00
     vertex -9.248000e+00  9.973000e+00  5.000000e+00
   endloop
 endfacet
 facet normal  0.000000e+00  0.000000e+00  1.000000e+00
   outer loop
     vertex -1.116424e+01  1.267046e+01  5.000000e+00
     vertex -1.125164e+01  1.268562e+01  5.000000e+00
     vertex -1.132277e+01  1.266853e+01  5.000000e+00
   endloop
 endfacet
 facet normal  0.000000e+00  0.000000e+00  1.000000e+00
   outer loop
     vertex  1.261900e+01 -1.109200e+01  5.000000e+00
     vertex  1.262700e+01 -1.138300e+01  5.000000e+00
     vertex  1.267441e+01 -1.130804e+01  5.000000e+00
   endloop
 endfacet
 facet normal  0.000000e+00  0.000000e+00  1.000000e+00
   outer loop
     vertex  1.261900e+01 -1.109200e+01  5.000000e+00
     vertex  1.267441e+01 -1.130804e+01  5.000000e+00
     vertex  1.268475e+01 -1.121994e+01  5.000000e+00
   endloop
 endfacet
 facet normal  0.000000e+00  0.000000e+00  1.000000e+00
   outer loop
     vertex  1.261900e+01 -1.109200e+01  5.000000e+00
     vertex  1.268475e+01 -1.121994e+01  5.000000e+00
     vertex  1.266377e+01 -1.114986e+01  5.000000e+00
   endloop
 endfacet
 facet normal  0.000000e+00  0.000000e+00  1.000000e+00
   outer loop
     vertex  1.261900e+01 -1.109200e+01  5.000000e+00
     vertex  1.219500e+01 -1.124800e+01  5.000000e+00
     vertex  1.262700e+01 -1.138300e+01  5.000000e+00
   endloop
 endfacet
 facet normal  0.000000e+00  0.000000e+00  1.000000e+00
   outer loop
     vertex  1.261900e+01 -1.109200e+01  5.000000e+00
     vertex  1.038300e+01 -9.078000e+00  5.000000e+00
     vertex  1.219500e+01 -1.124800e+01  5.000000e+00
   endloop
 endfacet
 facet normal  0.000000e+00  0.000000e+00  1.000000e+00
   outer loop
     vertex -1.109200e+01  1.261900e+01  5.000000e+00
     vertex -1.132277e+01  1.266853e+01  5.000000e+00
     vertex -1.138300e+01  1.262700e+01  5.000000e+00
   endloop
 endfacet
 facet normal  0.000000e+00  0.000000e+00  1.000000e+00
   outer loop
     vertex -1.109200e+01  1.261900e+01  5.000000e+00
     vertex -1.138300e+01  1.262700e+01  5.000000e+00
     vertex -1.124800e+01  1.219500e+01  5.000000e+00
   endloop
 endfacet
 facet normal  0.000000e+00  0.000000e+00  1.000000e+00
   outer loop
     vertex -1.109200e+01  1.261900e+01  5.000000e+00
     vertex -1.124800e+01  1.219500e+01  5.000000e+00
     vertex -9.078000e+00  1.038300e+01  5.000000e+00
   endloop
 endfacet
 facet normal  0.000000e+00  0.000000e+00  1.000000e+00
   outer loop
     vertex -1.109200e+01  1.261900e+01  5.000000e+00
     vertex -1.116424e+01  1.267046e+01  5.000000e+00
     vertex -1.132277e+01  1.266853e+01  5.000000e+00
   endloop
 endfacet
 facet normal  0.000000e+00  0.000000e+00  1.000000e+00
   outer loop
     vertex  1.084800e+01 -7.867000e+00  5.000000e+00
     vertex  1.038300e+01 -9.078000e+00  5.000000e+00
     vertex  1.103900e+01 -8.268000e+00  5.000000e+00
   endloop
 endfacet
 facet normal  0.000000e+00  0.000000e+00  1.000000e+00
   outer loop
     vertex  1.084800e+01 -7.867000e+00  5.000000e+00
     vertex  9.951000e+00 -8.975000e+00  5.000000e+00
     vertex  1.038300e+01 -9.078000e+00  5.000000e+00
   endloop
 endfacet
 facet normal  0.000000e+00  0.000000e+00  1.000000e+00
   outer loop
     vertex -7.867000e+00  1.084800e+01  5.000000e+00
     vertex -9.078000e+00  1.038300e+01  5.000000e+00
     vertex -8.975000e+00  9.951000e+00  5.000000e+00
   endloop
 endfacet
 facet normal  0.000000e+00  0.000000e+00  1.000000e+00
   outer loop
     vertex -7.867000e+00  1.084800e+01  5.000000e+00
     vertex -8.268000e+00  1.103900e+01  5.000000e+00
     vertex -9.078000e+00  1.038300e+01  5.000000e+00
   endloop
 endfacet
 facet normal  0.000000e+00  0.000000e+00  1.000000e+00
   outer loop
     vertex -7.793454e+00  1.100457e+01  5.000000e+00
     vertex -7.867000e+00  1.084800e+01  5.000000e+00
     vertex -7.812424e+00  1.091792e+01  5.000000e+00
   endloop
 endfacet
 facet normal  0.000000e+00  0.000000e+00  1.000000e+00
   outer loop
     vertex  1.112100e+01 -7.832000e+00  5.000000e+00
     vertex  1.084800e+01 -7.867000e+00  5.000000e+00
     vertex  1.103900e+01 -8.268000e+00  5.000000e+00
   endloop
 endfacet
 facet normal  0.000000e+00  0.000000e+00  1.000000e+00
   outer loop
     vertex  1.112100e+01 -7.832000e+00  5.000000e+00
     vertex  1.103957e+01 -7.796828e+00  5.000000e+00
     vertex  1.095094e+01 -7.800329e+00  5.000000e+00
   endloop
 endfacet
 facet normal  0.000000e+00  0.000000e+00  1.000000e+00
   outer loop
     vertex  1.112100e+01 -7.832000e+00  5.000000e+00
     vertex  1.095094e+01 -7.800329e+00  5.000000e+00
     vertex  1.089423e+01 -7.825579e+00  5.000000e+00
   endloop
 endfacet
 facet normal  0.000000e+00  0.000000e+00  1.000000e+00
   outer loop
     vertex  1.112100e+01 -7.832000e+00  5.000000e+00
     vertex  1.089423e+01 -7.825579e+00  5.000000e+00
     vertex  1.084800e+01 -7.867000e+00  5.000000e+00
   endloop
 endfacet
 facet normal  0.000000e+00  0.000000e+00  1.000000e+00
   outer loop
     vertex -7.832000e+00  1.112100e+01  5.000000e+00
     vertex -8.268000e+00  1.103900e+01  5.000000e+00
     vertex -7.867000e+00  1.084800e+01  5.000000e+00
   endloop
 endfacet
 facet normal  0.000000e+00  0.000000e+00  1.000000e+00
   outer loop
     vertex -7.832000e+00  1.112100e+01  5.000000e+00
     vertex -7.793454e+00  1.100457e+01  5.000000e+00
     vertex -7.803582e+00  1.106581e+01  5.000000e+00
   endloop
 endfacet
 facet normal  0.000000e+00  0.000000e+00  1.000000e+00
   outer loop
     vertex -7.832000e+00  1.112100e+01  5.000000e+00
     vertex -7.867000e+00  1.084800e+01  5.000000e+00
     vertex -7.793454e+00  1.100457e+01  5.000000e+00
   endloop
 endfacet
 facet normal  0.000000e+00  0.000000e+00  1.000000e+00
   outer loop
     vertex  1.375800e+01 -9.984000e+00  5.000000e+00
     vertex  1.347300e+01 -1.003700e+01  5.000000e+00
     vertex  1.355459e+01 -1.007180e+01  5.000000e+00
   endloop
 endfacet
 facet normal  0.000000e+00  0.000000e+00  1.000000e+00
   outer loop
     vertex  1.375800e+01 -9.984000e+00  5.000000e+00
     vertex  1.355459e+01 -1.007180e+01  5.000000e+00
     vertex  1.364320e+01 -1.006789e+01  5.000000e+00
   endloop
 endfacet
 facet normal  0.000000e+00  0.000000e+00  1.000000e+00
   outer loop
     vertex  1.375800e+01 -9.984000e+00  5.000000e+00
     vertex  1.364320e+01 -1.006789e+01  5.000000e+00
     vertex  1.370831e+01 -1.003649e+01  5.000000e+00
   endloop
 endfacet
 facet normal  0.000000e+00  0.000000e+00  1.000000e+00
   outer loop
     vertex -9.984000e+00  1.375800e+01  5.000000e+00
     vertex -1.004580e+01  1.369438e+01  5.000000e+00
     vertex -1.007401e+01  1.361028e+01  5.000000e+00
   endloop
 endfacet
 facet normal  0.000000e+00  0.000000e+00  1.000000e+00
   outer loop
     vertex -9.984000e+00  1.375800e+01  5.000000e+00
     vertex -1.007401e+01  1.361028e+01  5.000000e+00
     vertex -1.006812e+01  1.353824e+01  5.000000e+00
   endloop
 endfacet
 facet normal  0.000000e+00  0.000000e+00  1.000000e+00
   outer loop
     vertex -9.984000e+00  1.375800e+01  5.000000e+00
     vertex -1.006812e+01  1.353824e+01  5.000000e+00
     vertex -1.003700e+01  1.347300e+01  5.000000e+00
   endloop
 endfacet
 facet normal  0.000000e+00  0.000000e+00  1.000000e+00
   outer loop
     vertex  1.353900e+01 -9.590000e+00  5.000000e+00
     vertex  1.347300e+01 -1.003700e+01  5.000000e+00
     vertex  1.375800e+01 -9.984000e+00  5.000000e+00
   endloop
 endfacet
 facet normal  0.000000e+00  0.000000e+00  1.000000e+00
   outer loop
     vertex  1.353900e+01 -9.590000e+00  5.000000e+00
     vertex  1.103900e+01 -8.268000e+00  5.000000e+00
     vertex  1.347300e+01 -1.003700e+01  5.000000e+00
   endloop
 endfacet
 facet normal  0.000000e+00  0.000000e+00  1.000000e+00
   outer loop
     vertex  1.353900e+01 -9.590000e+00  5.000000e+00
     vertex  1.112100e+01 -7.832000e+00  5.000000e+00
     vertex  1.103900e+01 -8.268000e+00  5.000000e+00
   endloop
 endfacet
 facet normal  0.000000e+00  0.000000e+00  1.000000e+00
   outer loop
     vertex -9.590000e+00  1.353900e+01  5.000000e+00
     vertex -9.984000e+00  1.375800e+01  5.000000e+00
     vertex -1.003700e+01  1.347300e+01  5.000000e+00
   endloop
 endfacet
 facet normal  0.000000e+00  0.000000e+00  1.000000e+00
   outer loop
     vertex -9.590000e+00  1.353900e+01  5.000000e+00
     vertex -1.003700e+01  1.347300e+01  5.000000e+00
     vertex -8.268000e+00  1.103900e+01  5.000000e+00
   endloop
 endfacet
 facet normal  0.000000e+00  0.000000e+00  1.000000e+00
   outer loop
     vertex -9.590000e+00  1.353900e+01  5.000000e+00
     vertex -8.268000e+00  1.103900e+01  5.000000e+00
     vertex -7.832000e+00  1.112100e+01  5.000000e+00
   endloop
 endfacet
 facet normal  0.000000e+00  0.000000e+00  1.000000e+00
   outer loop
     vertex -6.830142e+00  1.158046e+01  5.000000e+00
     vertex -6.973000e+00  1.167800e+01  5.000000e+00
     vertex -6.912662e+00  1.161299e+01  5.000000e+00
   endloop
 endfacet
 facet normal  0.000000e+00  0.000000e+00  1.000000e+00
   outer loop
     vertex  1.160000e+01 -6.709000e+00  5.000000e+00
     vertex  1.157822e+01 -6.794983e+00  5.000000e+00
     vertex  1.159576e+01 -6.881930e+00  5.000000e+00
   endloop
 endfacet
 facet normal  0.000000e+00  0.000000e+00  1.000000e+00
   outer loop
     vertex  1.160000e+01 -6.709000e+00  5.000000e+00
     vertex  1.159576e+01 -6.881930e+00  5.000000e+00
     vertex  1.162972e+01 -6.933928e+00  5.000000e+00
   endloop
 endfacet
 facet normal  0.000000e+00  0.000000e+00  1.000000e+00
   outer loop
     vertex  1.160000e+01 -6.709000e+00  5.000000e+00
     vertex  1.162972e+01 -6.933928e+00  5.000000e+00
     vertex  1.167800e+01 -6.973000e+00  5.000000e+00
   endloop
 endfacet
 facet normal  0.000000e+00  0.000000e+00  1.000000e+00
   outer loop
     vertex -6.709000e+00  1.160000e+01  5.000000e+00
     vertex -6.973000e+00  1.167800e+01  5.000000e+00
     vertex -6.830142e+00  1.158046e+01  5.000000e+00
   endloop
 endfacet
 facet normal  0.000000e+00  0.000000e+00  1.000000e+00
   outer loop
     vertex -6.709000e+00  1.160000e+01  5.000000e+00
     vertex -6.830142e+00  1.158046e+01  5.000000e+00
     vertex -6.768035e+00  1.158071e+01  5.000000e+00
   endloop
 endfacet
 facet normal  0.000000e+00  0.000000e+00  1.000000e+00
   outer loop
     vertex  1.204300e+01 -6.723000e+00  5.000000e+00
     vertex  1.160000e+01 -6.709000e+00  5.000000e+00
     vertex  1.167800e+01 -6.973000e+00  5.000000e+00
   endloop
 endfacet
 facet normal  0.000000e+00  0.000000e+00  1.000000e+00
   outer loop
     vertex -6.723000e+00  1.204300e+01  5.000000e+00
     vertex -6.973000e+00  1.167800e+01  5.000000e+00
     vertex -6.709000e+00  1.160000e+01  5.000000e+00
   endloop
 endfacet
 facet normal  0.000000e+00  0.000000e+00  1.000000e+00
   outer loop
     vertex  1.426800e+01 -8.467000e+00  5.000000e+00
     vertex  1.204300e+01 -6.723000e+00  5.000000e+00
     vertex  1.167800e+01 -6.973000e+00  5.000000e+00
   endloop
 endfacet
 facet normal  0.000000e+00  0.000000e+00  1.000000e+00
   outer loop
     vertex -8.467000e+00  1.426800e+01  5.000000e+00
     vertex -6.973000e+00  1.167800e+01  5.000000e+00
     vertex -6.723000e+00  1.204300e+01  5.000000e+00
   endloop
 endfacet
 facet normal  0.000000e+00  0.000000e+00  1.000000e+00
   outer loop
     vertex  1.471700e+01 -8.510000e+00  5.000000e+00
     vertex  1.353900e+01 -9.590000e+00  5.000000e+00
     vertex  1.375800e+01 -9.984000e+00  5.000000e+00
   endloop
 endfacet
 facet normal  0.000000e+00  0.000000e+00  1.000000e+00
   outer loop
     vertex  1.471700e+01 -8.510000e+00  5.000000e+00
     vertex  1.426800e+01 -8.467000e+00  5.000000e+00
     vertex  1.353900e+01 -9.590000e+00  5.000000e+00
   endloop
 endfacet
 facet normal  0.000000e+00  0.000000e+00  1.000000e+00
   outer loop
     vertex -8.510000e+00  1.471700e+01  5.000000e+00
     vertex -9.984000e+00  1.375800e+01  5.000000e+00
     vertex -9.590000e+00  1.353900e+01  5.000000e+00
   endloop
 endfacet
 facet normal  0.000000e+00  0.000000e+00  1.000000e+00
   outer loop
     vertex -8.510000e+00  1.471700e+01  5.000000e+00
     vertex -9.590000e+00  1.353900e+01  5.000000e+00
     vertex -8.467000e+00  1.426800e+01  5.000000e+00
   endloop
 endfacet
 facet normal  0.000000e+00  0.000000e+00  1.000000e+00
   outer loop
     vertex  1.464800e+01 -8.227000e+00  5.000000e+00
     vertex  1.204300e+01 -6.723000e+00  5.000000e+00
     vertex  1.426800e+01 -8.467000e+00  5.000000e+00
   endloop
 endfacet
 facet normal  0.000000e+00  0.000000e+00  1.000000e+00
   outer loop
     vertex  1.464800e+01 -8.227000e+00  5.000000e+00
     vertex  1.426800e+01 -8.467000e+00  5.000000e+00
     vertex  1.471700e+01 -8.510000e+00  5.000000e+00
   endloop
 endfacet
 facet normal  0.000000e+00  0.000000e+00  1.000000e+00
   outer loop
     vertex -8.227000e+00  1.464800e+01  5.000000e+00
     vertex -8.467000e+00  1.426800e+01  5.000000e+00
     vertex -6.723000e+00  1.204300e+01  5.000000e+00
   endloop
 endfacet
 facet normal  0.000000e+00  0.000000e+00  1.000000e+00
   outer loop
     vertex -8.227000e+00  1.464800e+01  5.000000e+00
     vertex -8.510000e+00  1.471700e+01  5.000000e+00
     vertex -8.467000e+00  1.426800e+01  5.000000e+00
   endloop
 endfacet
 facet normal  0.000000e+00  0.000000e+00  1.000000e+00
   outer loop
     vertex -8.286778e+00  1.471353e+01  5.000000e+00
     vertex -8.369015e+00  1.474676e+01  5.000000e+00
     vertex -8.442281e+00  1.474502e+01  5.000000e+00
   endloop
 endfacet
 facet normal  0.000000e+00  0.000000e+00  1.000000e+00
   outer loop
     vertex -8.286778e+00  1.471353e+01  5.000000e+00
     vertex -8.442281e+00  1.474502e+01  5.000000e+00
     vertex -8.510000e+00  1.471700e+01  5.000000e+00
   endloop
 endfacet
 facet normal  0.000000e+00  0.000000e+00  1.000000e+00
   outer loop
     vertex -8.286778e+00  1.471353e+01  5.000000e+00
     vertex -8.510000e+00  1.471700e+01  5.000000e+00
     vertex -8.227000e+00  1.464800e+01  5.000000e+00
   endloop
 endfacet
 facet normal  0.000000e+00  0.000000e+00  1.000000e+00
   outer loop
     vertex  1.470404e+01 -8.274222e+00  5.000000e+00
     vertex  1.471700e+01 -8.510000e+00  5.000000e+00
     vertex  1.474766e+01 -8.426769e+00  5.000000e+00
   endloop
 endfacet
 facet normal  0.000000e+00  0.000000e+00  1.000000e+00
   outer loop
     vertex  1.470404e+01 -8.274222e+00  5.000000e+00
     vertex  1.474766e+01 -8.426769e+00  5.000000e+00
     vertex  1.473932e+01 -8.338464e+00  5.000000e+00
   endloop
 endfacet
 facet normal  0.000000e+00  0.000000e+00  1.000000e+00
   outer loop
     vertex  1.470404e+01 -8.274222e+00  5.000000e+00
     vertex  1.464800e+01 -8.227000e+00  5.000000e+00
     vertex  1.471700e+01 -8.510000e+00  5.000000e+00
   endloop
 endfacet
 facet normal  0.000000e+00  0.000000e+00  1.000000e+00
   outer loop
     vertex  1.251600e+01 -5.791000e+00  5.000000e+00
     vertex  1.160000e+01 -6.709000e+00  5.000000e+00
     vertex  1.204300e+01 -6.723000e+00  5.000000e+00
   endloop
 endfacet
 facet normal  0.000000e+00  0.000000e+00  1.000000e+00
   outer loop
     vertex -5.791000e+00  1.251600e+01  5.000000e+00
     vertex -6.723000e+00  1.204300e+01  5.000000e+00
     vertex -6.709000e+00  1.160000e+01  5.000000e+00
   endloop
 endfacet
 facet normal  0.000000e+00  0.000000e+00  1.000000e+00
   outer loop
     vertex  1.224600e+01 -5.441000e+00  5.000000e+00
     vertex  1.160000e+01 -6.709000e+00  5.000000e+00
     vertex  1.251600e+01 -5.791000e+00  5.000000e+00
   endloop
 endfacet
 facet normal  0.000000e+00  0.000000e+00  1.000000e+00
   outer loop
     vertex -5.441000e+00  1.224600e+01  5.000000e+00
     vertex -5.791000e+00  1.251600e+01  5.000000e+00
     vertex -6.709000e+00  1.160000e+01  5.000000e+00
   endloop
 endfacet
 facet normal  0.000000e+00  0.000000e+00  1.000000e+00
   outer loop
     vertex  1.233307e+01 -5.354194e+00  5.000000e+00
     vertex  1.228270e+01 -5.390740e+00  5.000000e+00
     vertex  1.224600e+01 -5.441000e+00  5.000000e+00
   endloop
 endfacet
 facet normal  0.000000e+00  0.000000e+00  1.000000e+00
   outer loop
     vertex  1.241906e+01 -5.332434e+00  5.000000e+00
     vertex  1.233307e+01 -5.354194e+00  5.000000e+00
     vertex  1.224600e+01 -5.441000e+00  5.000000e+00
   endloop
 endfacet
 facet normal  0.000000e+00  0.000000e+00  1.000000e+00
   outer loop
     vertex -5.333596e+00  1.244597e+01  5.000000e+00
     vertex -5.373050e+00  1.230301e+01  5.000000e+00
     vertex -5.336437e+00  1.238380e+01  5.000000e+00
   endloop
 endfacet
 facet normal  0.000000e+00  0.000000e+00  1.000000e+00
   outer loop
     vertex  1.250600e+01 -5.350000e+00  5.000000e+00
     vertex  1.224600e+01 -5.441000e+00  5.000000e+00
     vertex  1.251600e+01 -5.791000e+00  5.000000e+00
   endloop
 endfacet
 facet normal  0.000000e+00  0.000000e+00  1.000000e+00
   outer loop
     vertex  1.250600e+01 -5.350000e+00  5.000000e+00
     vertex  1.241906e+01 -5.332434e+00  5.000000e+00
     vertex  1.224600e+01 -5.441000e+00  5.000000e+00
   endloop
 endfacet
 facet normal  0.000000e+00  0.000000e+00  1.000000e+00
   outer loop
     vertex -5.350000e+00  1.250600e+01  5.000000e+00
     vertex -5.373050e+00  1.230301e+01  5.000000e+00
     vertex -5.333596e+00  1.244597e+01  5.000000e+00
   endloop
 endfacet
 facet normal  0.000000e+00  0.000000e+00  1.000000e+00
   outer loop
     vertex -5.350000e+00  1.250600e+01  5.000000e+00
     vertex -5.791000e+00  1.251600e+01  5.000000e+00
     vertex -5.441000e+00  1.224600e+01  5.000000e+00
   endloop
 endfacet
 facet normal  0.000000e+00  0.000000e+00  1.000000e+00
   outer loop
     vertex -5.350000e+00  1.250600e+01  5.000000e+00
     vertex -5.441000e+00  1.224600e+01  5.000000e+00
     vertex -5.373050e+00  1.230301e+01  5.000000e+00
   endloop
 endfacet
 facet normal  0.000000e+00  0.000000e+00  1.000000e+00
   outer loop
     vertex -4.393000e+00  1.287300e+01  5.000000e+00
     vertex -4.348266e+00  1.279641e+01  5.000000e+00
     vertex -4.274808e+00  1.274669e+01  5.000000e+00
   endloop
 endfacet
 facet normal  0.000000e+00  0.000000e+00  1.000000e+00
   outer loop
     vertex  1.273640e+01 -4.238626e+00  5.000000e+00
     vertex  1.277148e+01 -4.320094e+00  5.000000e+00
     vertex  1.281640e+01 -4.364681e+00  5.000000e+00
   endloop
 endfacet
 facet normal  0.000000e+00  0.000000e+00  1.000000e+00
   outer loop
     vertex -6.977809e+00  1.548581e+01  5.000000e+00
     vertex -7.023087e+00  1.540954e+01  5.000000e+00
     vertex -7.032500e+00  1.533812e+01  5.000000e+00
   endloop
 endfacet
 facet normal  0.000000e+00  0.000000e+00  1.000000e+00
   outer loop
     vertex -6.977809e+00  1.548581e+01  5.000000e+00
     vertex -7.032500e+00  1.533812e+01  5.000000e+00
     vertex -7.016000e+00  1.526800e+01  5.000000e+00
   endloop
 endfacet
 facet normal  0.000000e+00  0.000000e+00  1.000000e+00
   outer loop
     vertex  1.549764e+01 -6.965587e+00  5.000000e+00
     vertex  1.526800e+01 -7.016000e+00  5.000000e+00
     vertex  1.535513e+01 -7.032627e+00  5.000000e+00
   endloop
 endfacet
 facet normal  0.000000e+00  0.000000e+00  1.000000e+00
   outer loop
     vertex  1.549764e+01 -6.965587e+00  5.000000e+00
     vertex  1.535513e+01 -7.032627e+00  5.000000e+00
     vertex  1.544088e+01 -7.009941e+00  5.000000e+00
   endloop
 endfacet
 facet normal  0.000000e+00  0.000000e+00  1.000000e+00
   outer loop
     vertex  1.274000e+01 -4.150000e+00  5.000000e+00
     vertex  1.273640e+01 -4.238626e+00  5.000000e+00
     vertex  1.281640e+01 -4.364681e+00  5.000000e+00
   endloop
 endfacet
 facet normal  0.000000e+00  0.000000e+00  1.000000e+00
   outer loop
     vertex  1.274000e+01 -4.150000e+00  5.000000e+00
     vertex  1.281640e+01 -4.364681e+00  5.000000e+00
     vertex  1.287300e+01 -4.393000e+00  5.000000e+00
   endloop
 endfacet
 facet normal  0.000000e+00  0.000000e+00  1.000000e+00
   outer loop
     vertex -4.150000e+00  1.274000e+01  5.000000e+00
     vertex -4.274808e+00  1.274669e+01  5.000000e+00
     vertex -4.212940e+00  1.273335e+01  5.000000e+00
   endloop
 endfacet
 facet normal  0.000000e+00  0.000000e+00  1.000000e+00
   outer loop
     vertex -4.150000e+00  1.274000e+01  5.000000e+00
     vertex -4.393000e+00  1.287300e+01  5.000000e+00
     vertex -4.274808e+00  1.274669e+01  5.000000e+00
   endloop
 endfacet
 facet normal  0.000000e+00  0.000000e+00  1.000000e+00
   outer loop
     vertex  1.553500e+01 -6.904000e+00  5.000000e+00
     vertex  1.526800e+01 -7.016000e+00  5.000000e+00
     vertex  1.549764e+01 -6.965587e+00  5.000000e+00
   endloop
 endfacet
 facet normal  0.000000e+00  0.000000e+00  1.000000e+00
   outer loop
     vertex -6.904000e+00  1.553500e+01  5.000000e+00
     vertex -6.977809e+00  1.548581e+01  5.000000e+00
     vertex -7.016000e+00  1.526800e+01  5.000000e+00
   endloop
 endfacet
 facet normal  0.000000e+00  0.000000e+00  1.000000e+00
   outer loop
     vertex  1.523800e+01 -6.564000e+00  5.000000e+00
     vertex  1.251600e+01 -5.791000e+00  5.000000e+00
     vertex  1.526800e+01 -7.016000e+00  5.000000e+00
   endloop
 endfacet
 facet normal  0.000000e+00  0.000000e+00  1.000000e+00
   outer loop
     vertex  1.523800e+01 -6.564000e+00  5.000000e+00
     vertex  1.526800e+01 -7.016000e+00  5.000000e+00
     vertex  1.553500e+01 -6.904000e+00  5.000000e+00
   endloop
 endfacet
 facet normal  0.000000e+00  0.000000e+00  1.000000e+00
   outer loop
     vertex  1.523800e+01 -6.564000e+00  5.000000e+00
     vertex  1.250600e+01 -5.350000e+00  5.000000e+00
     vertex  1.251600e+01 -5.791000e+00  5.000000e+00
   endloop
 endfacet
 facet normal  0.000000e+00  0.000000e+00  1.000000e+00
   outer loop
     vertex -6.564000e+00  1.523800e+01  5.000000e+00
     vertex -6.904000e+00  1.553500e+01  5.000000e+00
     vertex -7.016000e+00  1.526800e+01  5.000000e+00
   endloop
 endfacet
 facet normal  0.000000e+00  0.000000e+00  1.000000e+00
   outer loop
     vertex -6.564000e+00  1.523800e+01  5.000000e+00
     vertex -7.016000e+00  1.526800e+01  5.000000e+00
     vertex -5.791000e+00  1.251600e+01  5.000000e+00
   endloop
 endfacet
 facet normal  0.000000e+00  0.000000e+00  1.000000e+00
   outer loop
     vertex -6.564000e+00  1.523800e+01  5.000000e+00
     vertex -5.791000e+00  1.251600e+01  5.000000e+00
     vertex -5.350000e+00  1.250600e+01  5.000000e+00
   endloop
 endfacet
 facet normal  0.000000e+00  0.000000e+00  1.000000e+00
   outer loop
     vertex  1.317600e+01 -4.072000e+00  5.000000e+00
     vertex  1.274000e+01 -4.150000e+00  5.000000e+00
     vertex  1.287300e+01 -4.393000e+00  5.000000e+00
   endloop
 endfacet
 facet normal  0.000000e+00  0.000000e+00  1.000000e+00
   outer loop
     vertex -4.072000e+00  1.317600e+01  5.000000e+00
     vertex -4.393000e+00  1.287300e+01  5.000000e+00
     vertex -4.150000e+00  1.274000e+01  5.000000e+00
   endloop
 endfacet
 facet normal  0.000000e+00  0.000000e+00  1.000000e+00
   outer loop
     vertex  1.344700e+01 -3.063000e+00  5.000000e+00
     vertex  1.274000e+01 -4.150000e+00  5.000000e+00
     vertex  1.317600e+01 -4.072000e+00  5.000000e+00
   endloop
 endfacet
 facet normal  0.000000e+00  0.000000e+00  1.000000e+00
   outer loop
     vertex  1.344700e+01 -3.063000e+00  5.000000e+00
     vertex  1.310900e+01 -2.775000e+00  5.000000e+00
     vertex  1.274000e+01 -4.150000e+00  5.000000e+00
   endloop
 endfacet
 facet normal  0.000000e+00  0.000000e+00  1.000000e+00
   outer loop
     vertex -3.062000e+00  1.344700e+01  5.000000e+00
     vertex -4.150000e+00  1.274000e+01  5.000000e+00
     vertex -2.775000e+00  1.310900e+01  5.000000e+00
   endloop
 endfacet
 facet normal  0.000000e+00  0.000000e+00  1.000000e+00
   outer loop
     vertex -3.062000e+00  1.344700e+01  5.000000e+00
     vertex -4.072000e+00  1.317600e+01  5.000000e+00
     vertex -4.150000e+00  1.274000e+01  5.000000e+00
   endloop
 endfacet
 facet normal  0.000000e+00  0.000000e+00  1.000000e+00
   outer loop
     vertex  1.571500e+01 -5.316000e+00  5.000000e+00
     vertex  1.317600e+01 -4.072000e+00  5.000000e+00
     vertex  1.287300e+01 -4.393000e+00  5.000000e+00
   endloop
 endfacet
 facet normal  0.000000e+00  0.000000e+00  1.000000e+00
   outer loop
     vertex -5.316000e+00  1.571500e+01  5.000000e+00
     vertex -4.393000e+00  1.287300e+01  5.000000e+00
     vertex -4.072000e+00  1.317600e+01  5.000000e+00
   endloop
 endfacet
 facet normal  0.000000e+00  0.000000e+00  1.000000e+00
   outer loop
     vertex -2.644712e+00  1.322279e+01  5.000000e+00
     vertex -2.775000e+00  1.310900e+01  5.000000e+00
     vertex -2.696918e+00  1.315108e+01  5.000000e+00
   endloop
 endfacet
 facet normal  0.000000e+00  0.000000e+00  1.000000e+00
   outer loop
     vertex  1.325531e+01 -2.633939e+00  5.000000e+00
     vertex  1.317574e+01 -2.673142e+00  5.000000e+00
     vertex  1.313443e+01 -2.718868e+00  5.000000e+00
   endloop
 endfacet
 facet normal  0.000000e+00  0.000000e+00  1.000000e+00
   outer loop
     vertex -2.629407e+00  1.328248e+01  5.000000e+00
     vertex -2.775000e+00  1.310900e+01  5.000000e+00
     vertex -2.644712e+00  1.322279e+01  5.000000e+00
   endloop
 endfacet
 facet normal  0.000000e+00  0.000000e+00  1.000000e+00
   outer loop
     vertex  1.334400e+01 -2.633000e+00  5.000000e+00
     vertex  1.310900e+01 -2.775000e+00  5.000000e+00
     vertex  1.344700e+01 -3.063000e+00  5.000000e+00
   endloop
 endfacet
 facet normal  0.000000e+00  0.000000e+00  1.000000e+00
   outer loop
     vertex  1.334400e+01 -2.633000e+00  5.000000e+00
     vertex  1.325531e+01 -2.633939e+00  5.000000e+00
     vertex  1.313443e+01 -2.718868e+00  5.000000e+00
   endloop
 endfacet
 facet normal  0.000000e+00  0.000000e+00  1.000000e+00
   outer loop
     vertex  1.334400e+01 -2.633000e+00  5.000000e+00
     vertex  1.313443e+01 -2.718868e+00  5.000000e+00
     vertex  1.310900e+01 -2.775000e+00  5.000000e+00
   endloop
 endfacet
 facet normal  0.000000e+00  0.000000e+00  1.000000e+00
   outer loop
     vertex -2.633000e+00  1.334400e+01  5.000000e+00
     vertex -3.062000e+00  1.344700e+01  5.000000e+00
     vertex -2.775000e+00  1.310900e+01  5.000000e+00
   endloop
 endfacet
 facet normal  0.000000e+00  0.000000e+00  1.000000e+00
   outer loop
     vertex -2.633000e+00  1.334400e+01  5.000000e+00
     vertex -2.775000e+00  1.310900e+01  5.000000e+00
     vertex -2.629407e+00  1.328248e+01  5.000000e+00
   endloop
 endfacet
 facet normal  0.000000e+00  0.000000e+00  1.000000e+00
   outer loop
     vertex  1.616400e+01 -5.262000e+00  5.000000e+00
     vertex  1.523800e+01 -6.564000e+00  5.000000e+00
     vertex  1.553500e+01 -6.904000e+00  5.000000e+00
   endloop
 endfacet
 facet normal  0.000000e+00  0.000000e+00  1.000000e+00
   outer loop
     vertex  1.616400e+01 -5.262000e+00  5.000000e+00
     vertex  1.571500e+01 -5.316000e+00  5.000000e+00
     vertex  1.523800e+01 -6.564000e+00  5.000000e+00
   endloop
 endfacet
 facet normal  0.000000e+00  0.000000e+00  1.000000e+00
   outer loop
     vertex -5.262000e+00  1.616400e+01  5.000000e+00
     vertex -6.564000e+00  1.523800e+01  5.000000e+00
     vertex -5.316000e+00  1.571500e+01  5.000000e+00
   endloop
 endfacet
 facet normal  0.000000e+00  0.000000e+00  1.000000e+00
   outer loop
     vertex -5.262000e+00  1.616400e+01  5.000000e+00
     vertex -6.904000e+00  1.553500e+01  5.000000e+00
     vertex -6.564000e+00  1.523800e+01  5.000000e+00
   endloop
 endfacet
 facet normal  0.000000e+00  0.000000e+00  1.000000e+00
   outer loop
     vertex  1.603900e+01 -5.000000e+00  5.000000e+00
     vertex  1.317600e+01 -4.072000e+00  5.000000e+00
     vertex  1.571500e+01 -5.316000e+00  5.000000e+00
   endloop
 endfacet
 facet normal  0.000000e+00  0.000000e+00  1.000000e+00
   outer loop
     vertex  1.603900e+01 -5.000000e+00  5.000000e+00
     vertex  1.571500e+01 -5.316000e+00  5.000000e+00
     vertex  1.616400e+01 -5.262000e+00  5.000000e+00
   endloop
 endfacet
 facet normal  0.000000e+00  0.000000e+00  1.000000e+00
   outer loop
     vertex -5.000000e+00  1.603900e+01  5.000000e+00
     vertex -5.316000e+00  1.571500e+01  5.000000e+00
     vertex -4.072000e+00  1.317600e+01  5.000000e+00
   endloop
 endfacet
 facet normal  0.000000e+00  0.000000e+00  1.000000e+00
   outer loop
     vertex -5.000000e+00  1.603900e+01  5.000000e+00
     vertex -5.262000e+00  1.616400e+01  5.000000e+00
     vertex -5.316000e+00  1.571500e+01  5.000000e+00
   endloop
 endfacet
 facet normal  0.000000e+00  0.000000e+00  1.000000e+00
   outer loop
     vertex -5.119266e+00  1.616429e+01  5.000000e+00
     vertex -5.190660e+00  1.617731e+01  5.000000e+00
     vertex -5.262000e+00  1.616400e+01  5.000000e+00
   endloop
 endfacet
 facet normal  0.000000e+00  0.000000e+00  1.000000e+00
   outer loop
     vertex  1.610283e+01 -5.034537e+00  5.000000e+00
     vertex  1.616400e+01 -5.262000e+00  5.000000e+00
     vertex  1.617667e+01 -5.174210e+00  5.000000e+00
   endloop
 endfacet
 facet normal  0.000000e+00  0.000000e+00  1.000000e+00
   outer loop
     vertex  1.610283e+01 -5.034537e+00  5.000000e+00
     vertex  1.617667e+01 -5.174210e+00  5.000000e+00
     vertex  1.615013e+01 -5.089575e+00  5.000000e+00
   endloop
 endfacet
 facet normal  0.000000e+00  0.000000e+00  1.000000e+00
   outer loop
     vertex  1.610283e+01 -5.034537e+00  5.000000e+00
     vertex  1.603900e+01 -5.000000e+00  5.000000e+00
     vertex  1.616400e+01 -5.262000e+00  5.000000e+00
   endloop
 endfacet
 facet normal  0.000000e+00  0.000000e+00  1.000000e+00
   outer loop
     vertex -5.045387e+00  1.611521e+01  5.000000e+00
     vertex -5.262000e+00  1.616400e+01  5.000000e+00
     vertex -5.000000e+00  1.603900e+01  5.000000e+00
   endloop
 endfacet
 facet normal  0.000000e+00  0.000000e+00  1.000000e+00
   outer loop
     vertex -5.045387e+00  1.611521e+01  5.000000e+00
     vertex -5.119266e+00  1.616429e+01  5.000000e+00
     vertex -5.262000e+00  1.616400e+01  5.000000e+00
   endloop
 endfacet
 facet normal  0.000000e+00  0.000000e+00  1.000000e+00
   outer loop
     vertex  1.334124e+01 -1.499380e+00  5.000000e+00
     vertex  1.339277e+01 -1.571577e+00  5.000000e+00
     vertex  1.344453e+01 -1.604956e+00  5.000000e+00
   endloop
 endfacet
 facet normal  0.000000e+00  0.000000e+00  1.000000e+00
   outer loop
     vertex -1.621000e+00  1.350400e+01  5.000000e+00
     vertex -1.592046e+00  1.342016e+01  5.000000e+00
     vertex -1.529682e+00  1.335709e+01  5.000000e+00
   endloop
 endfacet
 facet normal  0.000000e+00  0.000000e+00  1.000000e+00
   outer loop
     vertex  1.332600e+01 -1.412000e+00  5.000000e+00
     vertex  1.344453e+01 -1.604956e+00  5.000000e+00
     vertex  1.350400e+01 -1.621000e+00  5.000000e+00
   endloop
 endfacet
 facet normal  0.000000e+00  0.000000e+00  1.000000e+00
   outer loop
     vertex  1.332600e+01 -1.412000e+00  5.000000e+00
     vertex  1.334124e+01 -1.499380e+00  5.000000e+00
     vertex  1.344453e+01 -1.604956e+00  5.000000e+00
   endloop
 endfacet
 facet normal  0.000000e+00  0.000000e+00  1.000000e+00
   outer loop
     vertex -1.412000e+00  1.332600e+01  5.000000e+00
     vertex -1.529682e+00  1.335709e+01  5.000000e+00
     vertex -1.473263e+00  1.333237e+01  5.000000e+00
   endloop
 endfacet
 facet normal  0.000000e+00  0.000000e+00  1.000000e+00
   outer loop
     vertex -1.412000e+00  1.332600e+01  5.000000e+00
     vertex -1.621000e+00  1.350400e+01  5.000000e+00
     vertex -1.529682e+00  1.335709e+01  5.000000e+00
   endloop
 endfacet
 facet normal  0.000000e+00  0.000000e+00  1.000000e+00
   outer loop
     vertex  1.373400e+01 -1.242000e+00  5.000000e+00
     vertex  1.332600e+01 -1.412000e+00  5.000000e+00
     vertex  1.350400e+01 -1.621000e+00  5.000000e+00
   endloop
 endfacet
 facet normal  0.000000e+00  0.000000e+00  1.000000e+00
   outer loop
     vertex -1.242000e+00  1.373400e+01  5.000000e+00
     vertex -1.621000e+00  1.350400e+01  5.000000e+00
     vertex -1.412000e+00  1.332600e+01  5.000000e+00
   endloop
 endfacet
 facet normal  0.000000e+00  0.000000e+00  1.000000e+00
   outer loop
     vertex -3.666230e+00  1.653401e+01  5.000000e+00
     vertex -3.691012e+00  1.646464e+01  5.000000e+00
     vertex -3.689000e+00  1.639100e+01  5.000000e+00
   endloop
 endfacet
 facet normal  0.000000e+00  0.000000e+00  1.000000e+00
   outer loop
     vertex  1.655924e+01 -3.648776e+00  5.000000e+00
     vertex  1.639100e+01 -3.689000e+00  5.000000e+00
     vertex  1.647969e+01 -3.688018e+00  5.000000e+00
   endloop
 endfacet
 facet normal  0.000000e+00  0.000000e+00  1.000000e+00
   outer loop
     vertex -3.605644e+00  1.659879e+01  5.000000e+00
     vertex -3.666230e+00  1.653401e+01  5.000000e+00
     vertex -3.689000e+00  1.639100e+01  5.000000e+00
   endloop
 endfacet
 facet normal  0.000000e+00  0.000000e+00  1.000000e+00
   outer loop
     vertex  1.660690e+01 -3.592611e+00  5.000000e+00
     vertex  1.639100e+01 -3.689000e+00  5.000000e+00
     vertex  1.655924e+01 -3.648776e+00  5.000000e+00
   endloop
 endfacet
 facet normal  0.000000e+00  0.000000e+00  1.000000e+00
   outer loop
     vertex  1.627000e+01 -3.254000e+00  5.000000e+00
     vertex  1.334400e+01 -2.633000e+00  5.000000e+00
     vertex  1.344700e+01 -3.063000e+00  5.000000e+00
   endloop
 endfacet
 facet normal  0.000000e+00  0.000000e+00  1.000000e+00
   outer loop
     vertex  1.627000e+01 -3.254000e+00  5.000000e+00
     vertex  1.344700e+01 -3.063000e+00  5.000000e+00
     vertex  1.639100e+01 -3.689000e+00  5.000000e+00
   endloop
 endfacet
 facet normal  0.000000e+00  0.000000e+00  1.000000e+00
   outer loop
     vertex -3.254000e+00  1.627000e+01  5.000000e+00
     vertex -3.689000e+00  1.639100e+01  5.000000e+00
     vertex -3.062000e+00  1.344700e+01  5.000000e+00
   endloop
 endfacet
 facet normal  0.000000e+00  0.000000e+00  1.000000e+00
   outer loop
     vertex -3.254000e+00  1.627000e+01  5.000000e+00
     vertex -3.062000e+00  1.344700e+01  5.000000e+00
     vertex -2.633000e+00  1.334400e+01  5.000000e+00
   endloop
 endfacet
 facet normal  0.000000e+00  0.000000e+00  1.000000e+00
   outer loop
     vertex  1.663100e+01 -3.523000e+00  5.000000e+00
     vertex  1.627000e+01 -3.254000e+00  5.000000e+00
     vertex  1.639100e+01 -3.689000e+00  5.000000e+00
   endloop
 endfacet
 facet normal  0.000000e+00  0.000000e+00  1.000000e+00
   outer loop
     vertex  1.663100e+01 -3.523000e+00  5.000000e+00
     vertex  1.639100e+01 -3.689000e+00  5.000000e+00
     vertex  1.660690e+01 -3.592611e+00  5.000000e+00
   endloop
 endfacet
 facet normal  0.000000e+00  0.000000e+00  1.000000e+00
   outer loop
     vertex -3.523000e+00  1.663100e+01  5.000000e+00
     vertex -3.689000e+00  1.639100e+01  5.000000e+00
     vertex -3.254000e+00  1.627000e+01  5.000000e+00
   endloop
 endfacet
 facet normal  0.000000e+00  0.000000e+00  1.000000e+00
   outer loop
     vertex -3.523000e+00  1.663100e+01  5.000000e+00
     vertex -3.605644e+00  1.659879e+01  5.000000e+00
     vertex -3.689000e+00  1.639100e+01  5.000000e+00
   endloop
 endfacet
 facet normal  0.000000e+00  0.000000e+00  1.000000e+00
   outer loop
     vertex  1.340000e+01  1.000000e-02  5.000000e+00
     vertex  1.332600e+01 -1.412000e+00  5.000000e+00
     vertex  1.373400e+01 -1.242000e+00  5.000000e+00
   endloop
 endfacet
 facet normal  0.000000e+00  0.000000e+00  1.000000e+00
   outer loop
     vertex  1.000000e-02  1.340000e+01  5.000000e+00
     vertex -1.242000e+00  1.373400e+01  5.000000e+00
     vertex -1.412000e+00  1.332600e+01  5.000000e+00
   endloop
 endfacet
 facet normal  0.000000e+00  0.000000e+00  1.000000e+00
   outer loop
     vertex  1.378900e+01 -1.990000e-01  5.000000e+00
     vertex  1.340000e+01  1.000000e-02  5.000000e+00
     vertex  1.373400e+01 -1.242000e+00  5.000000e+00
   endloop
 endfacet
 facet normal  0.000000e+00  0.000000e+00  1.000000e+00
   outer loop
     vertex -1.990000e-01  1.378900e+01  5.000000e+00
     vertex -1.242000e+00  1.373400e+01  5.000000e+00
     vertex  1.000000e-02  1.340000e+01  5.000000e+00
   endloop
 endfacet
 facet normal  0.000000e+00  0.000000e+00  1.000000e+00
   outer loop
     vertex  1.351348e+01  1.794621e-01  5.000000e+00
     vertex  1.344392e+01  1.244293e-01  5.000000e+00
     vertex  1.341298e+01  7.066178e-02  5.000000e+00
   endloop
 endfacet
 facet normal  0.000000e+00  0.000000e+00  1.000000e+00
   outer loop
     vertex  1.894722e-01  1.353870e+01  5.000000e+00
     vertex  1.000000e-02  1.340000e+01  5.000000e+00
     vertex  9.527829e-02  1.342440e+01  5.000000e+00
   endloop
 endfacet
 facet normal  0.000000e+00  0.000000e+00  1.000000e+00
   outer loop
     vertex  1.894722e-01  1.353870e+01  5.000000e+00
     vertex  9.527829e-02  1.342440e+01  5.000000e+00
     vertex  1.616198e-01  1.348327e+01  5.000000e+00
   endloop
 endfacet
 facet normal  0.000000e+00  0.000000e+00  1.000000e+00
   outer loop
     vertex  1.360000e+01  1.990000e-01  5.000000e+00
     vertex  1.340000e+01  1.000000e-02  5.000000e+00
     vertex  1.378900e+01 -1.990000e-01  5.000000e+00
   endloop
 endfacet
 facet normal  0.000000e+00  0.000000e+00  1.000000e+00
   outer loop
     vertex  1.360000e+01  1.990000e-01  5.000000e+00
     vertex  1.351348e+01  1.794621e-01  5.000000e+00
     vertex  1.341298e+01  7.066178e-02  5.000000e+00
   endloop
 endfacet
 facet normal  0.000000e+00  0.000000e+00  1.000000e+00
   outer loop
     vertex  1.360000e+01  1.990000e-01  5.000000e+00
     vertex  1.341298e+01  7.066178e-02  5.000000e+00
     vertex  1.340000e+01  1.000000e-02  5.000000e+00
   endloop
 endfacet
 facet normal  0.000000e+00  0.000000e+00  1.000000e+00
   outer loop
     vertex  1.990000e-01  1.360000e+01  5.000000e+00
     vertex  1.000000e-02  1.340000e+01  5.000000e+00
     vertex  1.894722e-01  1.353870e+01  5.000000e+00
   endloop
 endfacet
 facet normal  0.000000e+00  0.000000e+00  1.000000e+00
   outer loop
     vertex  1.990000e-01  1.360000e+01  5.000000e+00
     vertex -1.990000e-01  1.378900e+01  5.000000e+00
     vertex  1.000000e-02  1.340000e+01  5.000000e+00
   endloop
 endfacet
 facet normal  0.000000e+00  0.000000e+00  1.000000e+00
   outer loop
     vertex  1.647700e+01 -1.934000e+00  5.000000e+00
     vertex  1.627000e+01 -3.254000e+00  5.000000e+00
     vertex  1.663100e+01 -3.523000e+00  5.000000e+00
   endloop
 endfacet
 facet normal  0.000000e+00  0.000000e+00  1.000000e+00
   outer loop
     vertex  1.647700e+01 -1.934000e+00  5.000000e+00
     vertex  1.373400e+01 -1.242000e+00  5.000000e+00
     vertex  1.350400e+01 -1.621000e+00  5.000000e+00
   endloop
 endfacet
 facet normal  0.000000e+00  0.000000e+00  1.000000e+00
   outer loop
     vertex -1.934000e+00  1.647700e+01  5.000000e+00
     vertex -1.621000e+00  1.350400e+01  5.000000e+00
     vertex -1.242000e+00  1.373400e+01  5.000000e+00
   endloop
 endfacet
 facet normal  0.000000e+00  0.000000e+00  1.000000e+00
   outer loop
     vertex -1.934000e+00  1.647700e+01  5.000000e+00
     vertex -3.523000e+00  1.663100e+01  5.000000e+00
     vertex -3.254000e+00  1.627000e+01  5.000000e+00
   endloop
 endfacet
 facet normal  0.000000e+00  0.000000e+00  1.000000e+00
   outer loop
     vertex  1.354500e+01  1.223000e+00  5.000000e+00
     vertex  1.332800e+01  1.391000e+00  5.000000e+00
     vertex  1.336086e+01  1.308612e+00  5.000000e+00
   endloop
 endfacet
 facet normal  0.000000e+00  0.000000e+00  1.000000e+00
   outer loop
     vertex  1.354500e+01  1.223000e+00  5.000000e+00
     vertex  1.336086e+01  1.308612e+00  5.000000e+00
     vertex  1.342612e+01  1.248537e+00  5.000000e+00
   endloop
 endfacet
 facet normal  0.000000e+00  0.000000e+00  1.000000e+00
   outer loop
     vertex  1.354500e+01  1.223000e+00  5.000000e+00
     vertex  1.342612e+01  1.248537e+00  5.000000e+00
     vertex  1.348357e+01  1.226515e+00  5.000000e+00
   endloop
 endfacet
 facet normal  0.000000e+00  0.000000e+00  1.000000e+00
   outer loop
     vertex  1.223000e+00  1.354500e+01  5.000000e+00
     vertex  1.234175e+00  1.345701e+01  5.000000e+00
     vertex  1.282304e+00  1.338250e+01  5.000000e+00
   endloop
 endfacet
 facet normal  0.000000e+00  0.000000e+00  1.000000e+00
   outer loop
     vertex  1.223000e+00  1.354500e+01  5.000000e+00
     vertex  1.282304e+00  1.338250e+01  5.000000e+00
     vertex  1.332410e+00  1.334679e+01  5.000000e+00
   endloop
 endfacet
 facet normal  0.000000e+00  0.000000e+00  1.000000e+00
   outer loop
     vertex  1.223000e+00  1.354500e+01  5.000000e+00
     vertex  1.332410e+00  1.334679e+01  5.000000e+00
     vertex  1.391000e+00  1.332800e+01  5.000000e+00
   endloop
 endfacet
 facet normal  0.000000e+00  0.000000e+00  1.000000e+00
   outer loop
     vertex  1.690600e+01 -1.787000e+00  5.000000e+00
     vertex  1.647700e+01 -1.934000e+00  5.000000e+00
     vertex  1.663100e+01 -3.523000e+00  5.000000e+00
   endloop
 endfacet
 facet normal  0.000000e+00  0.000000e+00  1.000000e+00
   outer loop
     vertex -1.787000e+00  1.690600e+01  5.000000e+00
     vertex -3.523000e+00  1.663100e+01  5.000000e+00
     vertex -1.934000e+00  1.647700e+01  5.000000e+00
   endloop
 endfacet
 facet normal  0.000000e+00  0.000000e+00  1.000000e+00
   outer loop
     vertex  1.672900e+01 -1.557000e+00  5.000000e+00
     vertex  1.373400e+01 -1.242000e+00  5.000000e+00
     vertex  1.647700e+01 -1.934000e+00  5.000000e+00
   endloop
 endfacet
 facet normal  0.000000e+00  0.000000e+00  1.000000e+00
   outer loop
     vertex  1.672900e+01 -1.557000e+00  5.000000e+00
     vertex  1.647700e+01 -1.934000e+00  5.000000e+00
     vertex  1.690600e+01 -1.787000e+00  5.000000e+00
   endloop
 endfacet
 facet normal  0.000000e+00  0.000000e+00  1.000000e+00
   outer loop
     vertex -1.557000e+00  1.672900e+01  5.000000e+00
     vertex -1.934000e+00  1.647700e+01  5.000000e+00
     vertex -1.242000e+00  1.373400e+01  5.000000e+00
   endloop
 endfacet
 facet normal  0.000000e+00  0.000000e+00  1.000000e+00
   outer loop
     vertex -1.557000e+00  1.672900e+01  5.000000e+00
     vertex -1.787000e+00  1.690600e+01  5.000000e+00
     vertex -1.934000e+00  1.647700e+01  5.000000e+00
   endloop
 endfacet
 facet normal  0.000000e+00  0.000000e+00  1.000000e+00
   outer loop
     vertex -1.647454e+00  1.687645e+01  5.000000e+00
     vertex -1.557000e+00  1.672900e+01  5.000000e+00
     vertex -1.585462e+00  1.681301e+01  5.000000e+00
   endloop
 endfacet
 facet normal  0.000000e+00  0.000000e+00  1.000000e+00
   outer loop
     vertex -1.647454e+00  1.687645e+01  5.000000e+00
     vertex -1.714503e+00  1.690409e+01  5.000000e+00
     vertex -1.787000e+00  1.690600e+01  5.000000e+00
   endloop
 endfacet
 facet normal  0.000000e+00  0.000000e+00  1.000000e+00
   outer loop
     vertex -1.647454e+00  1.687645e+01  5.000000e+00
     vertex -1.787000e+00  1.690600e+01  5.000000e+00
     vertex -1.557000e+00  1.672900e+01  5.000000e+00
   endloop
 endfacet
 facet normal  0.000000e+00  0.000000e+00  1.000000e+00
   outer loop
     vertex  1.685632e+01 -1.621304e+00  5.000000e+00
     vertex  1.672900e+01 -1.557000e+00  5.000000e+00
     vertex  1.690600e+01 -1.787000e+00  5.000000e+00
   endloop
 endfacet
 facet normal  0.000000e+00  0.000000e+00  1.000000e+00
   outer loop
     vertex  1.685632e+01 -1.621304e+00  5.000000e+00
     vertex  1.690600e+01 -1.787000e+00  5.000000e+00
     vertex  1.690000e+01 -1.698504e+00  5.000000e+00
   endloop
 endfacet
 facet normal  0.000000e+00  0.000000e+00  1.000000e+00
   outer loop
     vertex  1.685632e+01 -1.621304e+00  5.000000e+00
     vertex  1.679859e+01 -1.577415e+00  5.000000e+00
     vertex  1.672900e+01 -1.557000e+00  5.000000e+00
   endloop
 endfacet
 facet normal  0.000000e+00  0.000000e+00  1.000000e+00
   outer loop
     vertex  1.641000e+00  1.369300e+01  5.000000e+00
     vertex  1.223000e+00  1.354500e+01  5.000000e+00
     vertex  1.391000e+00  1.332800e+01  5.000000e+00
   endloop
 endfacet
 facet normal  0.000000e+00  0.000000e+00  1.000000e+00
   outer loop
     vertex  1.369300e+01  1.641000e+00  5.000000e+00
     vertex  1.332800e+01  1.391000e+00  5.000000e+00
     vertex  1.354500e+01  1.223000e+00  5.000000e+00
   endloop
 endfacet
 facet normal  0.000000e+00  0.000000e+00  1.000000e+00
   outer loop
     vertex  1.312452e+01  2.918012e+00  5.000000e+00
     vertex  1.310526e+01  2.859039e+00  5.000000e+00
     vertex  1.310500e+01  2.797000e+00  5.000000e+00
   endloop
 endfacet
 facet normal  0.000000e+00  0.000000e+00  1.000000e+00
   outer loop
     vertex  1.318132e+01  2.986138e+00  5.000000e+00
     vertex  1.312452e+01  2.918012e+00  5.000000e+00
     vertex  1.310500e+01  2.797000e+00  5.000000e+00
   endloop
 endfacet
 facet normal  0.000000e+00  0.000000e+00  1.000000e+00
   outer loop
     vertex  2.672000e+00  1.352900e+01  5.000000e+00
     vertex  1.641000e+00  1.369300e+01  5.000000e+00
     vertex  1.391000e+00  1.332800e+01  5.000000e+00
   endloop
 endfacet
 facet normal  0.000000e+00  0.000000e+00  1.000000e+00
   outer loop
     vertex  2.672000e+00  1.352900e+01  5.000000e+00
     vertex  1.391000e+00  1.332800e+01  5.000000e+00
     vertex  2.797000e+00  1.310500e+01  5.000000e+00
   endloop
 endfacet
 facet normal  0.000000e+00  0.000000e+00  1.000000e+00
   outer loop
     vertex  1.352900e+01  2.672000e+00  5.000000e+00
     vertex  1.310500e+01  2.797000e+00  5.000000e+00
     vertex  1.332800e+01  1.391000e+00  5.000000e+00
   endloop
 endfacet
 facet normal  0.000000e+00  0.000000e+00  1.000000e+00
   outer loop
     vertex  1.352900e+01  2.672000e+00  5.000000e+00
     vertex  1.332800e+01  1.391000e+00  5.000000e+00
     vertex  1.369300e+01  1.641000e+00  5.000000e+00
   endloop
 endfacet
 facet normal  0.000000e+00  0.000000e+00  1.000000e+00
   outer loop
     vertex  3.001104e+00  1.320395e+01  5.000000e+00
     vertex  2.797000e+00  1.310500e+01  5.000000e+00
     vertex  2.885469e+00  1.311139e+01  5.000000e+00
   endloop
 endfacet
 facet normal  0.000000e+00  0.000000e+00  1.000000e+00
   outer loop
     vertex  3.001104e+00  1.320395e+01  5.000000e+00
     vertex  2.885469e+00  1.311139e+01  5.000000e+00
     vertex  2.962474e+00  1.315541e+01  5.000000e+00
   endloop
 endfacet
 facet normal  0.000000e+00  0.000000e+00  1.000000e+00
   outer loop
     vertex  1.326200e+01  3.023000e+00  5.000000e+00
     vertex  1.318132e+01  2.986138e+00  5.000000e+00
     vertex  1.310500e+01  2.797000e+00  5.000000e+00
   endloop
 endfacet
 facet normal  0.000000e+00  0.000000e+00  1.000000e+00
   outer loop
     vertex  1.326200e+01  3.023000e+00  5.000000e+00
     vertex  1.310500e+01  2.797000e+00  5.000000e+00
     vertex  1.352900e+01  2.672000e+00  5.000000e+00
   endloop
 endfacet
 facet normal  0.000000e+00  0.000000e+00  1.000000e+00
   outer loop
     vertex  3.023000e+00  1.326200e+01  5.000000e+00
     vertex  2.672000e+00  1.352900e+01  5.000000e+00
     vertex  2.797000e+00  1.310500e+01  5.000000e+00
   endloop
 endfacet
 facet normal  0.000000e+00  0.000000e+00  1.000000e+00
   outer loop
     vertex  3.023000e+00  1.326200e+01  5.000000e+00
     vertex  2.797000e+00  1.310500e+01  5.000000e+00
     vertex  3.001104e+00  1.320395e+01  5.000000e+00
   endloop
 endfacet
 facet normal  0.000000e+00  0.000000e+00  1.000000e+00
   outer loop
     vertex  1.650000e+01  1.990000e-01  5.000000e+00
     vertex  1.360000e+01  1.990000e-01  5.000000e+00
     vertex  1.378900e+01 -1.990000e-01  5.000000e+00
   endloop
 endfacet
 facet normal  0.000000e+00  0.000000e+00  1.000000e+00
   outer loop
     vertex -1.491790e-01  1.693229e+01  5.000000e+00
     vertex -1.859908e-01  1.687116e+01  5.000000e+00
     vertex -1.990000e-01  1.680100e+01  5.000000e+00
   endloop
 endfacet
 facet normal  0.000000e+00  0.000000e+00  1.000000e+00
   outer loop
     vertex  1.990000e-01  1.658800e+01  5.000000e+00
     vertex -1.990000e-01  1.680100e+01  5.000000e+00
     vertex -1.990000e-01  1.378900e+01  5.000000e+00
   endloop
 endfacet
 facet normal  0.000000e+00  0.000000e+00  1.000000e+00
   outer loop
     vertex  1.990000e-01  1.658800e+01  5.000000e+00
     vertex -1.990000e-01  1.378900e+01  5.000000e+00
     vertex  1.990000e-01  1.360000e+01  5.000000e+00
   endloop
 endfacet
 facet normal  0.000000e+00  0.000000e+00  1.000000e+00
   outer loop
     vertex  1.680100e+01  0.000000e+00  5.000000e+00
     vertex  1.650000e+01  1.990000e-01  5.000000e+00
     vertex  1.680100e+01 -1.990000e-01  5.000000e+00
   endloop
 endfacet
 facet normal  0.000000e+00  0.000000e+00  1.000000e+00
   outer loop
     vertex  4.131000e+00  1.274800e+01  5.000000e+00
     vertex  4.036886e+00  1.282454e+01  5.000000e+00
     vertex  4.078000e+00  1.277896e+01  5.000000e+00
   endloop
 endfacet
 facet normal  0.000000e+00  0.000000e+00  1.000000e+00
   outer loop
     vertex  1.690000e+01  0.000000e+00  5.000000e+00
     vertex  1.650000e+01  1.990000e-01  5.000000e+00
     vertex  1.680100e+01  0.000000e+00  5.000000e+00
   endloop
 endfacet
 facet normal  0.000000e+00  0.000000e+00  1.000000e+00
   outer loop
     vertex -7.728858e-02  1.698424e+01  5.000000e+00
     vertex -1.491790e-01  1.693229e+01  5.000000e+00
     vertex -1.990000e-01  1.680100e+01  5.000000e+00
   endloop
 endfacet
 facet normal  0.000000e+00  0.000000e+00  1.000000e+00
   outer loop
     vertex  1.293541e+01  4.004193e+00  5.000000e+00
     vertex  1.274800e+01  4.131000e+00  5.000000e+00
     vertex  1.279796e+01  4.057706e+00  5.000000e+00
   endloop
 endfacet
 facet normal  0.000000e+00  0.000000e+00  1.000000e+00
   outer loop
     vertex  1.293541e+01  4.004193e+00  5.000000e+00
     vertex  1.279796e+01  4.057706e+00  5.000000e+00
     vertex  1.287469e+01  4.013224e+00  5.000000e+00
   endloop
 endfacet
 facet normal  0.000000e+00  0.000000e+00  1.000000e+00
   outer loop
     vertex  1.299600e+01  4.014000e+00  5.000000e+00
     vertex  1.274800e+01  4.131000e+00  5.000000e+00
     vertex  1.293541e+01  4.004193e+00  5.000000e+00
   endloop
 endfacet
 facet normal  0.000000e+00  0.000000e+00  1.000000e+00
   outer loop
     vertex  4.014000e+00  1.299600e+01  5.000000e+00
     vertex  4.005947e+00  1.290767e+01  5.000000e+00
     vertex  4.036886e+00  1.282454e+01  5.000000e+00
   endloop
 endfacet
 facet normal  0.000000e+00  0.000000e+00  1.000000e+00
   outer loop
     vertex  4.014000e+00  1.299600e+01  5.000000e+00
     vertex  4.036886e+00  1.282454e+01  5.000000e+00
     vertex  4.131000e+00  1.274800e+01  5.000000e+00
   endloop
 endfacet
 facet normal  0.000000e+00  0.000000e+00  1.000000e+00
   outer loop
     vertex  1.000000e-02  1.700000e+01  5.000000e+00
     vertex -7.728858e-02  1.698424e+01  5.000000e+00
     vertex -1.990000e-01  1.680100e+01  5.000000e+00
   endloop
 endfacet
 facet normal  0.000000e+00  0.000000e+00  1.000000e+00
   outer loop
     vertex  1.000000e-02  1.700000e+01  5.000000e+00
     vertex -1.990000e-01  1.680100e+01  5.000000e+00
     vertex  1.990000e-01  1.658800e+01  5.000000e+00
   endloop
 endfacet
 facet normal  0.000000e+00  0.000000e+00  1.000000e+00
   outer loop
     vertex  4.451000e+00  1.305300e+01  5.000000e+00
     vertex  4.014000e+00  1.299600e+01  5.000000e+00
     vertex  4.131000e+00  1.274800e+01  5.000000e+00
   endloop
 endfacet
 facet normal  0.000000e+00  0.000000e+00  1.000000e+00
   outer loop
     vertex  1.305300e+01  4.451000e+00  5.000000e+00
     vertex  1.274800e+01  4.131000e+00  5.000000e+00
     vertex  1.299600e+01  4.014000e+00  5.000000e+00
   endloop
 endfacet
 facet normal  0.000000e+00  0.000000e+00  1.000000e+00
   outer loop
     vertex  1.222964e+01  5.583476e+00  5.000000e+00
     vertex  1.222320e+01  5.521739e+00  5.000000e+00
     vertex  1.223600e+01  5.461000e+00  5.000000e+00
   endloop
 endfacet
 facet normal  0.000000e+00  0.000000e+00  1.000000e+00
   outer loop
     vertex  5.633376e+00  1.225047e+01  5.000000e+00
     vertex  5.461000e+00  1.223600e+01  5.000000e+00
     vertex  5.548833e+00  1.222363e+01  5.000000e+00
   endloop
 endfacet
 facet normal  0.000000e+00  0.000000e+00  1.000000e+00
   outer loop
     vertex  1.227087e+01  5.662014e+00  5.000000e+00
     vertex  1.222964e+01  5.583476e+00  5.000000e+00
     vertex  1.223600e+01  5.461000e+00  5.000000e+00
   endloop
 endfacet
 facet normal  0.000000e+00  0.000000e+00  1.000000e+00
   outer loop
     vertex  1.650000e+01  1.532978e+00  5.000000e+00
     vertex  1.369300e+01  1.641000e+00  5.000000e+00
     vertex  1.354500e+01  1.223000e+00  5.000000e+00
   endloop
 endfacet
 facet normal  0.000000e+00  0.000000e+00  1.000000e+00
   outer loop
     vertex  1.650000e+01  1.532978e+00  5.000000e+00
     vertex  1.650000e+01  1.990000e-01  5.000000e+00
     vertex  1.690000e+01  0.000000e+00  5.000000e+00
   endloop
 endfacet
 facet normal  0.000000e+00  0.000000e+00  1.000000e+00
   outer loop
     vertex  1.535000e+00  1.652000e+01  5.000000e+00
     vertex  1.223000e+00  1.354500e+01  5.000000e+00
     vertex  1.641000e+00  1.369300e+01  5.000000e+00
   endloop
 endfacet
 facet normal  0.000000e+00  0.000000e+00  1.000000e+00
   outer loop
     vertex  1.535000e+00  1.652000e+01  5.000000e+00
     vertex  1.000000e-02  1.700000e+01  5.000000e+00
     vertex  1.990000e-01  1.658800e+01  5.000000e+00
   endloop
 endfacet
 facet normal  0.000000e+00  0.000000e+00  1.000000e+00
   outer loop
     vertex  1.234200e+01  5.715000e+00  5.000000e+00
     vertex  1.227087e+01  5.662014e+00  5.000000e+00
     vertex  1.223600e+01  5.461000e+00  5.000000e+00
   endloop
 endfacet
 facet normal  0.000000e+00  0.000000e+00  1.000000e+00
   outer loop
     vertex  5.715000e+00  1.234200e+01  5.000000e+00
     vertex  5.633376e+00  1.225047e+01  5.000000e+00
     vertex  5.681377e+00  1.228982e+01  5.000000e+00
   endloop
 endfacet
 facet normal  0.000000e+00  0.000000e+00  1.000000e+00
   outer loop
     vertex  5.715000e+00  1.234200e+01  5.000000e+00
     vertex  5.461000e+00  1.223600e+01  5.000000e+00
     vertex  5.633376e+00  1.225047e+01  5.000000e+00
   endloop
 endfacet
 facet normal  0.000000e+00  0.000000e+00  1.000000e+00
   outer loop
     vertex  5.426000e+00  1.268000e+01  5.000000e+00
     vertex  5.461000e+00  1.223600e+01  5.000000e+00
     vertex  5.715000e+00  1.234200e+01  5.000000e+00
   endloop
 endfacet
 facet normal  0.000000e+00  0.000000e+00  1.000000e+00
   outer loop
     vertex  5.426000e+00  1.268000e+01  5.000000e+00
     vertex  4.131000e+00  1.274800e+01  5.000000e+00
     vertex  5.461000e+00  1.223600e+01  5.000000e+00
   endloop
 endfacet
 facet normal  0.000000e+00  0.000000e+00  1.000000e+00
   outer loop
     vertex  5.426000e+00  1.268000e+01  5.000000e+00
     vertex  4.451000e+00  1.305300e+01  5.000000e+00
     vertex  4.131000e+00  1.274800e+01  5.000000e+00
   endloop
 endfacet
 facet normal  0.000000e+00  0.000000e+00  1.000000e+00
   outer loop
     vertex  1.268000e+01  5.426000e+00  5.000000e+00
     vertex  1.274800e+01  4.131000e+00  5.000000e+00
     vertex  1.305300e+01  4.451000e+00  5.000000e+00
   endloop
 endfacet
 facet normal  0.000000e+00  0.000000e+00  1.000000e+00
   outer loop
     vertex  1.268000e+01  5.426000e+00  5.000000e+00
     vertex  1.234200e+01  5.715000e+00  5.000000e+00
     vertex  1.223600e+01  5.461000e+00  5.000000e+00
   endloop
 endfacet
 facet normal  0.000000e+00  0.000000e+00  1.000000e+00
   outer loop
     vertex  1.268000e+01  5.426000e+00  5.000000e+00
     vertex  1.223600e+01  5.461000e+00  5.000000e+00
     vertex  1.274800e+01  4.131000e+00  5.000000e+00
   endloop
 endfacet
 facet normal  0.000000e+00  0.000000e+00  1.000000e+00
   outer loop
     vertex  6.599919e+00  1.179454e+01  5.000000e+00
     vertex  6.612028e+00  1.170667e+01  5.000000e+00
     vertex  6.643648e+00  1.165147e+01  5.000000e+00
   endloop
 endfacet
 facet normal  0.000000e+00  0.000000e+00  1.000000e+00
   outer loop
     vertex  6.599919e+00  1.179454e+01  5.000000e+00
     vertex  6.643648e+00  1.165147e+01  5.000000e+00
     vertex  6.691000e+00  1.160900e+01  5.000000e+00
   endloop
 endfacet
 facet normal  0.000000e+00  0.000000e+00  1.000000e+00
   outer loop
     vertex  1.181979e+01  6.603750e+00  5.000000e+00
     vertex  1.160900e+01  6.691000e+00  5.000000e+00
     vertex  1.167232e+01  6.628888e+00  5.000000e+00
   endloop
 endfacet
 facet normal  0.000000e+00  0.000000e+00  1.000000e+00
   outer loop
     vertex  1.181979e+01  6.603750e+00  5.000000e+00
     vertex  1.167232e+01  6.628888e+00  5.000000e+00
     vertex  1.175628e+01  6.600268e+00  5.000000e+00
   endloop
 endfacet
 facet normal  0.000000e+00  0.000000e+00  1.000000e+00
   outer loop
     vertex  1.650000e+01  1.935388e+00  5.000000e+00
     vertex  1.369300e+01  1.641000e+00  5.000000e+00
     vertex  1.650000e+01  1.532978e+00  5.000000e+00
   endloop
 endfacet
 facet normal  0.000000e+00  0.000000e+00  1.000000e+00
   outer loop
     vertex  1.187900e+01  6.627000e+00  5.000000e+00
     vertex  1.160900e+01  6.691000e+00  5.000000e+00
     vertex  1.181979e+01  6.603750e+00  5.000000e+00
   endloop
 endfacet
 facet normal  0.000000e+00  0.000000e+00  1.000000e+00
   outer loop
     vertex  6.627000e+00  1.187900e+01  5.000000e+00
     vertex  6.599919e+00  1.179454e+01  5.000000e+00
     vertex  6.691000e+00  1.160900e+01  5.000000e+00
   endloop
 endfacet
 facet normal  0.000000e+00  0.000000e+00  1.000000e+00
   outer loop
     vertex  1.955000e+00  1.668800e+01  5.000000e+00
     vertex  1.535000e+00  1.652000e+01  5.000000e+00
     vertex  1.641000e+00  1.369300e+01  5.000000e+00
   endloop
 endfacet
 facet normal  0.000000e+00  0.000000e+00  1.000000e+00
   outer loop
     vertex  1.766000e+00  1.690800e+01  5.000000e+00
     vertex  1.535000e+00  1.652000e+01  5.000000e+00
     vertex  1.955000e+00  1.668800e+01  5.000000e+00
   endloop
 endfacet
 facet normal  0.000000e+00  0.000000e+00  1.000000e+00
   outer loop
     vertex  1.766000e+00  1.690800e+01  5.000000e+00
     vertex  1.000000e-02  1.700000e+01  5.000000e+00
     vertex  1.535000e+00  1.652000e+01  5.000000e+00
   endloop
 endfacet
 facet normal  0.000000e+00  0.000000e+00  1.000000e+00
   outer loop
     vertex  1.896369e+00  1.685074e+01  5.000000e+00
     vertex  1.766000e+00  1.690800e+01  5.000000e+00
     vertex  1.955000e+00  1.668800e+01  5.000000e+00
   endloop
 endfacet
 facet normal  0.000000e+00  0.000000e+00  1.000000e+00
   outer loop
     vertex  1.896369e+00  1.685074e+01  5.000000e+00
     vertex  1.955000e+00  1.668800e+01  5.000000e+00
     vertex  1.944189e+00  1.677604e+01  5.000000e+00
   endloop
 endfacet
 facet normal  0.000000e+00  0.000000e+00  1.000000e+00
   outer loop
     vertex  1.896369e+00  1.685074e+01  5.000000e+00
     vertex  1.836452e+00  1.689137e+01  5.000000e+00
     vertex  1.766000e+00  1.690800e+01  5.000000e+00
   endloop
 endfacet
 facet normal  0.000000e+00  0.000000e+00  1.000000e+00
   outer loop
     vertex  1.080343e+01  8.003459e+00  5.000000e+00
     vertex  1.081039e+01  7.941667e+00  5.000000e+00
     vertex  1.083600e+01  7.885000e+00  5.000000e+00
   endloop
 endfacet
 facet normal  0.000000e+00  0.000000e+00  1.000000e+00
   outer loop
     vertex  1.690000e+01  2.000000e+00  5.000000e+00
     vertex  1.650000e+01  2.000000e+00  5.000000e+00
     vertex  1.650000e+01  1.935388e+00  5.000000e+00
   endloop
 endfacet
 facet normal  0.000000e+00  0.000000e+00  1.000000e+00
   outer loop
     vertex  1.690000e+01  2.000000e+00  5.000000e+00
     vertex  1.650000e+01  1.532978e+00  5.000000e+00
     vertex  1.690000e+01  0.000000e+00  5.000000e+00
   endloop
 endfacet
 facet normal  0.000000e+00  0.000000e+00  1.000000e+00
   outer loop
     vertex  1.690000e+01  2.000000e+00  5.000000e+00
     vertex  1.650000e+01  1.935388e+00  5.000000e+00
     vertex  1.650000e+01  1.532978e+00  5.000000e+00
   endloop
 endfacet
 facet normal  0.000000e+00  0.000000e+00  1.000000e+00
   outer loop
     vertex  7.068000e+00  1.184200e+01  5.000000e+00
     vertex  6.627000e+00  1.187900e+01  5.000000e+00
     vertex  6.691000e+00  1.160900e+01  5.000000e+00
   endloop
 endfacet
 facet normal  0.000000e+00  0.000000e+00  1.000000e+00
   outer loop
     vertex  1.184200e+01  7.068000e+00  5.000000e+00
     vertex  1.160900e+01  6.691000e+00  5.000000e+00
     vertex  1.187900e+01  6.627000e+00  5.000000e+00
   endloop
 endfacet
 facet normal  0.000000e+00  0.000000e+00  1.000000e+00
   outer loop
     vertex  8.902839e+00  1.007386e+01  5.000000e+00
     vertex  8.922381e+00  1.001502e+01  5.000000e+00
     vertex  8.959000e+00  9.965000e+00  5.000000e+00
   endloop
 endfacet
 facet normal  0.000000e+00  0.000000e+00  1.000000e+00
   outer loop
     vertex  8.156000e+00  1.088500e+01  5.000000e+00
     vertex  7.885000e+00  1.083600e+01  5.000000e+00
     vertex  7.968109e+00  1.080501e+01  5.000000e+00
   endloop
 endfacet
 facet normal  0.000000e+00  0.000000e+00  1.000000e+00
   outer loop
     vertex  8.156000e+00  1.088500e+01  5.000000e+00
     vertex  7.968109e+00  1.080501e+01  5.000000e+00
     vertex  8.056447e+00  1.081301e+01  5.000000e+00
   endloop
 endfacet
 facet normal  0.000000e+00  0.000000e+00  1.000000e+00
   outer loop
     vertex  8.156000e+00  1.088500e+01  5.000000e+00
     vertex  8.056447e+00  1.081301e+01  5.000000e+00
     vertex  8.111888e+00  1.084117e+01  5.000000e+00
   endloop
 endfacet
 facet normal  0.000000e+00  0.000000e+00  1.000000e+00
   outer loop
     vertex  1.088500e+01  8.156000e+00  5.000000e+00
     vertex  1.080343e+01  8.003459e+00  5.000000e+00
     vertex  1.083600e+01  7.885000e+00  5.000000e+00
   endloop
 endfacet
 facet normal  0.000000e+00  0.000000e+00  1.000000e+00
   outer loop
     vertex  1.088500e+01  8.156000e+00  5.000000e+00
     vertex  1.082687e+01  8.089005e+00  5.000000e+00
     vertex  1.080343e+01  8.003459e+00  5.000000e+00
   endloop
 endfacet
 facet normal  0.000000e+00  0.000000e+00  1.000000e+00
   outer loop
     vertex  1.024000e+01  8.951000e+00  5.000000e+00
     vertex  9.965000e+00  8.959000e+00  5.000000e+00
     vertex  1.003997e+01  8.911590e+00  5.000000e+00
   endloop
 endfacet
 facet normal  0.000000e+00  0.000000e+00  1.000000e+00
   outer loop
     vertex  1.024000e+01  8.951000e+00  5.000000e+00
     vertex  1.003997e+01  8.911590e+00  5.000000e+00
     vertex  1.012806e+01  8.901262e+00  5.000000e+00
   endloop
 endfacet
 facet normal  0.000000e+00  0.000000e+00  1.000000e+00
   outer loop
     vertex  1.024000e+01  8.951000e+00  5.000000e+00
     vertex  1.012806e+01  8.901262e+00  5.000000e+00
     vertex  1.018793e+01  8.917350e+00  5.000000e+00
   endloop
 endfacet
 facet normal  0.000000e+00  0.000000e+00  1.000000e+00
   outer loop
     vertex  8.951000e+00  1.024000e+01  5.000000e+00
     vertex  8.902839e+00  1.007386e+01  5.000000e+00
     vertex  8.959000e+00  9.965000e+00  5.000000e+00
   endloop
 endfacet
 facet normal  0.000000e+00  0.000000e+00  1.000000e+00
   outer loop
     vertex  8.951000e+00  1.024000e+01  5.000000e+00
     vertex  8.908028e+00  1.016240e+01  5.000000e+00
     vertex  8.902839e+00  1.007386e+01  5.000000e+00
   endloop
 endfacet
 facet normal  0.000000e+00  0.000000e+00  1.000000e+00
   outer loop
     vertex  7.943000e+00  1.127300e+01  5.000000e+00
     vertex  6.691000e+00  1.160900e+01  5.000000e+00
     vertex  7.885000e+00  1.083600e+01  5.000000e+00
   endloop
 endfacet
 facet normal  0.000000e+00  0.000000e+00  1.000000e+00
   outer loop
     vertex  7.943000e+00  1.127300e+01  5.000000e+00
     vertex  7.885000e+00  1.083600e+01  5.000000e+00
     vertex  8.156000e+00  1.088500e+01  5.000000e+00
   endloop
 endfacet
 facet normal  0.000000e+00  0.000000e+00  1.000000e+00
   outer loop
     vertex  7.943000e+00  1.127300e+01  5.000000e+00
     vertex  7.068000e+00  1.184200e+01  5.000000e+00
     vertex  6.691000e+00  1.160900e+01  5.000000e+00
   endloop
 endfacet
 facet normal  0.000000e+00  0.000000e+00  1.000000e+00
   outer loop
     vertex  1.127300e+01  7.943000e+00  5.000000e+00
     vertex  1.160900e+01  6.691000e+00  5.000000e+00
     vertex  1.184200e+01  7.068000e+00  5.000000e+00
   endloop
 endfacet
 facet normal  0.000000e+00  0.000000e+00  1.000000e+00
   outer loop
     vertex  1.127300e+01  7.943000e+00  5.000000e+00
     vertex  1.088500e+01  8.156000e+00  5.000000e+00
     vertex  1.083600e+01  7.885000e+00  5.000000e+00
   endloop
 endfacet
 facet normal  0.000000e+00  0.000000e+00  1.000000e+00
   outer loop
     vertex  1.127300e+01  7.943000e+00  5.000000e+00
     vertex  1.083600e+01  7.885000e+00  5.000000e+00
     vertex  1.160900e+01  6.691000e+00  5.000000e+00
   endloop
 endfacet
 facet normal  0.000000e+00  0.000000e+00  1.000000e+00
   outer loop
     vertex  9.375000e+00  1.011300e+01  5.000000e+00
     vertex  8.951000e+00  1.024000e+01  5.000000e+00
     vertex  8.959000e+00  9.965000e+00  5.000000e+00
   endloop
 endfacet
 facet normal  0.000000e+00  0.000000e+00  1.000000e+00
   outer loop
     vertex  1.011300e+01  9.375000e+00  5.000000e+00
     vertex  8.959000e+00  9.965000e+00  5.000000e+00
     vertex  9.965000e+00  8.959000e+00  5.000000e+00
   endloop
 endfacet
 facet normal  0.000000e+00  0.000000e+00  1.000000e+00
   outer loop
     vertex  1.011300e+01  9.375000e+00  5.000000e+00
     vertex  9.965000e+00  8.959000e+00  5.000000e+00
     vertex  1.024000e+01  8.951000e+00  5.000000e+00
   endloop
 endfacet
 facet normal  0.000000e+00  0.000000e+00  1.000000e+00
   outer loop
     vertex  1.011300e+01  9.375000e+00  5.000000e+00
     vertex  9.375000e+00  1.011300e+01  5.000000e+00
     vertex  8.959000e+00  9.965000e+00  5.000000e+00
   endloop
 endfacet
 facet normal  0.000000e+00  0.000000e+00  1.000000e+00
   outer loop
     vertex  1.618600e+01  3.646000e+00  5.000000e+00
     vertex  1.326200e+01  3.023000e+00  5.000000e+00
     vertex  1.352900e+01  2.672000e+00  5.000000e+00
   endloop
 endfacet
 facet normal  0.000000e+00  0.000000e+00  1.000000e+00
   outer loop
     vertex  3.646000e+00  1.618600e+01  5.000000e+00
     vertex  2.672000e+00  1.352900e+01  5.000000e+00
     vertex  3.023000e+00  1.326200e+01  5.000000e+00
   endloop
 endfacet
 facet normal  0.000000e+00  0.000000e+00  1.000000e+00
   outer loop
     vertex  3.646000e+00  1.618600e+01  5.000000e+00
     vertex  3.297000e+00  1.647500e+01  5.000000e+00
     vertex  2.672000e+00  1.352900e+01  5.000000e+00
   endloop
 endfacet
 facet normal  0.000000e+00  0.000000e+00  1.000000e+00
   outer loop
     vertex  3.374902e+00  1.659555e+01  5.000000e+00
     vertex  3.324765e+00  1.654250e+01  5.000000e+00
     vertex  3.297000e+00  1.647500e+01  5.000000e+00
   endloop
 endfacet
 facet normal  0.000000e+00  0.000000e+00  1.000000e+00
   outer loop
     vertex  1.662700e+01  3.545000e+00  5.000000e+00
     vertex  1.647500e+01  3.297000e+00  5.000000e+00
     vertex  1.655561e+01  3.334003e+00  5.000000e+00
   endloop
 endfacet
 facet normal  0.000000e+00  0.000000e+00  1.000000e+00
   outer loop
     vertex  1.662700e+01  3.545000e+00  5.000000e+00
     vertex  1.655561e+01  3.334003e+00  5.000000e+00
     vertex  1.661229e+01  3.402228e+00  5.000000e+00
   endloop
 endfacet
 facet normal  0.000000e+00  0.000000e+00  1.000000e+00
   outer loop
     vertex  1.662700e+01  3.545000e+00  5.000000e+00
     vertex  1.661229e+01  3.402228e+00  5.000000e+00
     vertex  1.663290e+01  3.472250e+00  5.000000e+00
   endloop
 endfacet
 facet normal  0.000000e+00  0.000000e+00  1.000000e+00
   outer loop
     vertex  1.662700e+01  3.545000e+00  5.000000e+00
     vertex  1.618600e+01  3.646000e+00  5.000000e+00
     vertex  1.647500e+01  3.297000e+00  5.000000e+00
   endloop
 endfacet
 facet normal  0.000000e+00  0.000000e+00  1.000000e+00
   outer loop
     vertex  3.545000e+00  1.662700e+01  5.000000e+00
     vertex  3.456374e+00  1.663061e+01  5.000000e+00
     vertex  3.374902e+00  1.659555e+01  5.000000e+00
   endloop
 endfacet
 facet normal  0.000000e+00  0.000000e+00  1.000000e+00
   outer loop
     vertex  3.545000e+00  1.662700e+01  5.000000e+00
     vertex  3.297000e+00  1.647500e+01  5.000000e+00
     vertex  3.646000e+00  1.618600e+01  5.000000e+00
   endloop
 endfacet
 facet normal  0.000000e+00  0.000000e+00  1.000000e+00
   outer loop
     vertex  3.545000e+00  1.662700e+01  5.000000e+00
     vertex  3.374902e+00  1.659555e+01  5.000000e+00
     vertex  3.297000e+00  1.647500e+01  5.000000e+00
   endloop
 endfacet
 facet normal  0.000000e+00  0.000000e+00  1.000000e+00
   outer loop
     vertex  1.584000e+01  4.936000e+00  5.000000e+00
     vertex  1.305300e+01  4.451000e+00  5.000000e+00
     vertex  1.299600e+01  4.014000e+00  5.000000e+00
   endloop
 endfacet
 facet normal  0.000000e+00  0.000000e+00  1.000000e+00
   outer loop
     vertex  4.936000e+00  1.584000e+01  5.000000e+00
     vertex  4.014000e+00  1.299600e+01  5.000000e+00
     vertex  4.451000e+00  1.305300e+01  5.000000e+00
   endloop
 endfacet
 facet normal  0.000000e+00  0.000000e+00  1.000000e+00
   outer loop
     vertex  1.591600e+01  5.381000e+00  5.000000e+00
     vertex  1.305300e+01  4.451000e+00  5.000000e+00
     vertex  1.584000e+01  4.936000e+00  5.000000e+00
   endloop
 endfacet
 facet normal  0.000000e+00  0.000000e+00  1.000000e+00
   outer loop
     vertex  5.381000e+00  1.591600e+01  5.000000e+00
     vertex  4.936000e+00  1.584000e+01  5.000000e+00
     vertex  4.451000e+00  1.305300e+01  5.000000e+00
   endloop
 endfacet
 facet normal  0.000000e+00  0.000000e+00  1.000000e+00
   outer loop
     vertex  5.242000e+00  1.617200e+01  5.000000e+00
     vertex  3.545000e+00  1.662700e+01  5.000000e+00
     vertex  3.646000e+00  1.618600e+01  5.000000e+00
   endloop
 endfacet
 facet normal  0.000000e+00  0.000000e+00  1.000000e+00
   outer loop
     vertex  5.242000e+00  1.617200e+01  5.000000e+00
     vertex  5.381000e+00  1.591600e+01  5.000000e+00
     vertex  5.389391e+00  1.600430e+01  5.000000e+00
   endloop
 endfacet
 facet normal  0.000000e+00  0.000000e+00  1.000000e+00
   outer loop
     vertex  5.242000e+00  1.617200e+01  5.000000e+00
     vertex  3.646000e+00  1.618600e+01  5.000000e+00
     vertex  4.936000e+00  1.584000e+01  5.000000e+00
   endloop
 endfacet
 facet normal  0.000000e+00  0.000000e+00  1.000000e+00
   outer loop
     vertex  5.242000e+00  1.617200e+01  5.000000e+00
     vertex  4.936000e+00  1.584000e+01  5.000000e+00
     vertex  5.381000e+00  1.591600e+01  5.000000e+00
   endloop
 endfacet
 facet normal  0.000000e+00  0.000000e+00  1.000000e+00
   outer loop
     vertex  1.617200e+01  5.242000e+00  5.000000e+00
     vertex  1.618600e+01  3.646000e+00  5.000000e+00
     vertex  1.662700e+01  3.545000e+00  5.000000e+00
   endloop
 endfacet
 facet normal  0.000000e+00  0.000000e+00  1.000000e+00
   outer loop
     vertex  1.617200e+01  5.242000e+00  5.000000e+00
     vertex  1.591600e+01  5.381000e+00  5.000000e+00
     vertex  1.584000e+01  4.936000e+00  5.000000e+00
   endloop
 endfacet
 facet normal  0.000000e+00  0.000000e+00  1.000000e+00
   outer loop
     vertex  1.617200e+01  5.242000e+00  5.000000e+00
     vertex  1.584000e+01  4.936000e+00  5.000000e+00
     vertex  1.618600e+01  3.646000e+00  5.000000e+00
   endloop
 endfacet
 facet normal  0.000000e+00  0.000000e+00  1.000000e+00
   outer loop
     vertex  1.605993e+01  5.373767e+00  5.000000e+00
     vertex  1.598864e+01  5.390797e+00  5.000000e+00
     vertex  1.591600e+01  5.381000e+00  5.000000e+00
   endloop
 endfacet
 facet normal  0.000000e+00  0.000000e+00  1.000000e+00
   outer loop
     vertex  5.308256e+00  1.614066e+01  5.000000e+00
     vertex  5.242000e+00  1.617200e+01  5.000000e+00
     vertex  5.389391e+00  1.600430e+01  5.000000e+00
   endloop
 endfacet
 facet normal  0.000000e+00  0.000000e+00  1.000000e+00
   outer loop
     vertex  5.308256e+00  1.614066e+01  5.000000e+00
     vertex  5.389391e+00  1.600430e+01  5.000000e+00
     vertex  5.358770e+00  1.608755e+01  5.000000e+00
   endloop
 endfacet
 facet normal  0.000000e+00  0.000000e+00  1.000000e+00
   outer loop
     vertex  1.613095e+01  5.320627e+00  5.000000e+00
     vertex  1.605993e+01  5.373767e+00  5.000000e+00
     vertex  1.591600e+01  5.381000e+00  5.000000e+00
   endloop
 endfacet
 facet normal  0.000000e+00  0.000000e+00  1.000000e+00
   outer loop
     vertex  1.613095e+01  5.320627e+00  5.000000e+00
     vertex  1.591600e+01  5.381000e+00  5.000000e+00
     vertex  1.617200e+01  5.242000e+00  5.000000e+00
   endloop
 endfacet
 facet normal  0.000000e+00  0.000000e+00  1.000000e+00
   outer loop
     vertex  1.507400e+01  6.930000e+00  5.000000e+00
     vertex  1.234200e+01  5.715000e+00  5.000000e+00
     vertex  1.268000e+01  5.426000e+00  5.000000e+00
   endloop
 endfacet
 facet normal  0.000000e+00  0.000000e+00  1.000000e+00
   outer loop
     vertex  6.930000e+00  1.507400e+01  5.000000e+00
     vertex  5.426000e+00  1.268000e+01  5.000000e+00
     vertex  5.715000e+00  1.234200e+01  5.000000e+00
   endloop
 endfacet
 facet normal  0.000000e+00  0.000000e+00  1.000000e+00
   outer loop
     vertex  6.650000e+00  1.543000e+01  5.000000e+00
     vertex  5.426000e+00  1.268000e+01  5.000000e+00
     vertex  6.930000e+00  1.507400e+01  5.000000e+00
   endloop
 endfacet
 facet normal  0.000000e+00  0.000000e+00  1.000000e+00
   outer loop
     vertex  1.543000e+01  6.650000e+00  5.000000e+00
     vertex  1.507400e+01  6.930000e+00  5.000000e+00
     vertex  1.268000e+01  5.426000e+00  5.000000e+00
   endloop
 endfacet
 facet normal  0.000000e+00  0.000000e+00  1.000000e+00
   outer loop
     vertex  6.838140e+00  1.554726e+01  5.000000e+00
     vertex  6.751096e+00  1.553020e+01  5.000000e+00
     vertex  6.691332e+00  1.548940e+01  5.000000e+00
   endloop
 endfacet
 facet normal  0.000000e+00  0.000000e+00  1.000000e+00
   outer loop
     vertex  1.554607e+01  6.854769e+00  5.000000e+00
     vertex  1.550063e+01  6.703653e+00  5.000000e+00
     vertex  1.554112e+01  6.782574e+00  5.000000e+00
   endloop
 endfacet
 facet normal  0.000000e+00  0.000000e+00  1.000000e+00
   outer loop
     vertex  1.552500e+01  6.924000e+00  5.000000e+00
     vertex  1.507400e+01  6.930000e+00  5.000000e+00
     vertex  1.543000e+01  6.650000e+00  5.000000e+00
   endloop
 endfacet
 facet normal  0.000000e+00  0.000000e+00  1.000000e+00
   outer loop
     vertex  1.552500e+01  6.924000e+00  5.000000e+00
     vertex  1.550063e+01  6.703653e+00  5.000000e+00
     vertex  1.554607e+01  6.854769e+00  5.000000e+00
   endloop
 endfacet
 facet normal  0.000000e+00  0.000000e+00  1.000000e+00
   outer loop
     vertex  1.552500e+01  6.924000e+00  5.000000e+00
     vertex  1.543000e+01  6.650000e+00  5.000000e+00
     vertex  1.550063e+01  6.703653e+00  5.000000e+00
   endloop
 endfacet
 facet normal  0.000000e+00  0.000000e+00  1.000000e+00
   outer loop
     vertex  6.924000e+00  1.552500e+01  5.000000e+00
     vertex  6.691332e+00  1.548940e+01  5.000000e+00
     vertex  6.650000e+00  1.543000e+01  5.000000e+00
   endloop
 endfacet
 facet normal  0.000000e+00  0.000000e+00  1.000000e+00
   outer loop
     vertex  6.924000e+00  1.552500e+01  5.000000e+00
     vertex  6.838140e+00  1.554726e+01  5.000000e+00
     vertex  6.691332e+00  1.548940e+01  5.000000e+00
   endloop
 endfacet
 facet normal  0.000000e+00  0.000000e+00  1.000000e+00
   outer loop
     vertex  6.924000e+00  1.552500e+01  5.000000e+00
     vertex  6.650000e+00  1.543000e+01  5.000000e+00
     vertex  6.930000e+00  1.507400e+01  5.000000e+00
   endloop
 endfacet
 facet normal  0.000000e+00  0.000000e+00  1.000000e+00
   outer loop
     vertex  1.446700e+01  8.121000e+00  5.000000e+00
     vertex  1.184200e+01  7.068000e+00  5.000000e+00
     vertex  1.187900e+01  6.627000e+00  5.000000e+00
   endloop
 endfacet
 facet normal  0.000000e+00  0.000000e+00  1.000000e+00
   outer loop
     vertex  1.446700e+01  8.121000e+00  5.000000e+00
     vertex  1.507400e+01  6.930000e+00  5.000000e+00
     vertex  1.552500e+01  6.924000e+00  5.000000e+00
   endloop
 endfacet
 facet normal  0.000000e+00  0.000000e+00  1.000000e+00
   outer loop
     vertex  8.121000e+00  1.446700e+01  5.000000e+00
     vertex  6.627000e+00  1.187900e+01  5.000000e+00
     vertex  7.068000e+00  1.184200e+01  5.000000e+00
   endloop
 endfacet
 facet normal  0.000000e+00  0.000000e+00  1.000000e+00
   outer loop
     vertex  8.121000e+00  1.446700e+01  5.000000e+00
     vertex  6.924000e+00  1.552500e+01  5.000000e+00
     vertex  6.930000e+00  1.507400e+01  5.000000e+00
   endloop
 endfacet
 facet normal  0.000000e+00  0.000000e+00  1.000000e+00
   outer loop
     vertex  8.572000e+00  1.444900e+01  5.000000e+00
     vertex  8.121000e+00  1.446700e+01  5.000000e+00
     vertex  7.068000e+00  1.184200e+01  5.000000e+00
   endloop
 endfacet
 facet normal  0.000000e+00  0.000000e+00  1.000000e+00
   outer loop
     vertex  1.444900e+01  8.572000e+00  5.000000e+00
     vertex  1.184200e+01  7.068000e+00  5.000000e+00
     vertex  1.446700e+01  8.121000e+00  5.000000e+00
   endloop
 endfacet
 facet normal  0.000000e+00  0.000000e+00  1.000000e+00
   outer loop
     vertex  8.585206e+00  1.462148e+01  5.000000e+00
     vertex  8.572000e+00  1.444900e+01  5.000000e+00
     vertex  8.598214e+00  1.453374e+01  5.000000e+00
   endloop
 endfacet
 facet normal  0.000000e+00  0.000000e+00  1.000000e+00
   outer loop
     vertex  1.330300e+01  9.914000e+00  5.000000e+00
     vertex  1.088500e+01  8.156000e+00  5.000000e+00
     vertex  1.127300e+01  7.943000e+00  5.000000e+00
   endloop
 endfacet
 facet normal  0.000000e+00  0.000000e+00  1.000000e+00
   outer loop
     vertex  1.472700e+01  8.490000e+00  5.000000e+00
     vertex  1.444900e+01  8.572000e+00  5.000000e+00
     vertex  1.446700e+01  8.121000e+00  5.000000e+00
   endloop
 endfacet
 facet normal  0.000000e+00  0.000000e+00  1.000000e+00
   outer loop
     vertex  1.472700e+01  8.490000e+00  5.000000e+00
     vertex  1.446700e+01  8.121000e+00  5.000000e+00
     vertex  1.552500e+01  6.924000e+00  5.000000e+00
   endloop
 endfacet
 facet normal  0.000000e+00  0.000000e+00  1.000000e+00
   outer loop
     vertex  9.914000e+00  1.330300e+01  5.000000e+00
     vertex  7.943000e+00  1.127300e+01  5.000000e+00
     vertex  8.156000e+00  1.088500e+01  5.000000e+00
   endloop
 endfacet
 facet normal  0.000000e+00  0.000000e+00  1.000000e+00
   outer loop
     vertex  8.490000e+00  1.472700e+01  5.000000e+00
     vertex  8.121000e+00  1.446700e+01  5.000000e+00
     vertex  8.572000e+00  1.444900e+01  5.000000e+00
   endloop
 endfacet
 facet normal  0.000000e+00  0.000000e+00  1.000000e+00
   outer loop
     vertex  8.490000e+00  1.472700e+01  5.000000e+00
     vertex  6.924000e+00  1.552500e+01  5.000000e+00
     vertex  8.121000e+00  1.446700e+01  5.000000e+00
   endloop
 endfacet
 facet normal  0.000000e+00  0.000000e+00  1.000000e+00
   outer loop
     vertex  1.467005e+01  8.558006e+00  5.000000e+00
     vertex  1.444900e+01  8.572000e+00  5.000000e+00
     vertex  1.472700e+01  8.490000e+00  5.000000e+00
   endloop
 endfacet
 facet normal  0.000000e+00  0.000000e+00  1.000000e+00
   outer loop
     vertex  1.467005e+01  8.558006e+00  5.000000e+00
     vertex  1.458930e+01  8.594697e+00  5.000000e+00
     vertex  1.451707e+01  8.596231e+00  5.000000e+00
   endloop
 endfacet
 facet normal  0.000000e+00  0.000000e+00  1.000000e+00
   outer loop
     vertex  1.467005e+01  8.558006e+00  5.000000e+00
     vertex  1.451707e+01  8.596231e+00  5.000000e+00
     vertex  1.444900e+01  8.572000e+00  5.000000e+00
   endloop
 endfacet
 facet normal  0.000000e+00  0.000000e+00  1.000000e+00
   outer loop
     vertex  8.547292e+00  1.468298e+01  5.000000e+00
     vertex  8.572000e+00  1.444900e+01  5.000000e+00
     vertex  8.585206e+00  1.462148e+01  5.000000e+00
   endloop
 endfacet
 facet normal  0.000000e+00  0.000000e+00  1.000000e+00
   outer loop
     vertex  8.547292e+00  1.468298e+01  5.000000e+00
     vertex  8.490000e+00  1.472700e+01  5.000000e+00
     vertex  8.572000e+00  1.444900e+01  5.000000e+00
   endloop
 endfacet
 facet normal  0.000000e+00  0.000000e+00  1.000000e+00
   outer loop
     vertex  1.246300e+01  1.095100e+01  5.000000e+00
     vertex  1.011300e+01  9.375000e+00  5.000000e+00
     vertex  1.024000e+01  8.951000e+00  5.000000e+00
   endloop
 endfacet
 facet normal  0.000000e+00  0.000000e+00  1.000000e+00
   outer loop
     vertex  1.095100e+01  1.246300e+01  5.000000e+00
     vertex  8.951000e+00  1.024000e+01  5.000000e+00
     vertex  9.375000e+00  1.011300e+01  5.000000e+00
   endloop
 endfacet
 facet normal  0.000000e+00  0.000000e+00  1.000000e+00
   outer loop
     vertex  1.370900e+01  9.713000e+00  5.000000e+00
     vertex  1.330300e+01  9.914000e+00  5.000000e+00
     vertex  1.127300e+01  7.943000e+00  5.000000e+00
   endloop
 endfacet
 facet normal  0.000000e+00  0.000000e+00  1.000000e+00
   outer loop
     vertex  9.713000e+00  1.370900e+01  5.000000e+00
     vertex  7.943000e+00  1.127300e+01  5.000000e+00
     vertex  9.914000e+00  1.330300e+01  5.000000e+00
   endloop
 endfacet
 facet normal  0.000000e+00  0.000000e+00  1.000000e+00
   outer loop
     vertex  9.831706e+00  1.378600e+01  5.000000e+00
     vertex  9.765316e+00  1.375835e+01  5.000000e+00
     vertex  9.713000e+00  1.370900e+01  5.000000e+00
   endloop
 endfacet
 facet normal  0.000000e+00  0.000000e+00  1.000000e+00
   outer loop
     vertex  1.379037e+01  9.865647e+00  5.000000e+00
     vertex  1.370900e+01  9.713000e+00  5.000000e+00
     vertex  1.376704e+01  9.780071e+00  5.000000e+00
   endloop
 endfacet
 facet normal  0.000000e+00  0.000000e+00  1.000000e+00
   outer loop
     vertex  1.235200e+01  1.138900e+01  5.000000e+00
     vertex  1.011300e+01  9.375000e+00  5.000000e+00
     vertex  1.246300e+01  1.095100e+01  5.000000e+00
   endloop
 endfacet
 facet normal  0.000000e+00  0.000000e+00  1.000000e+00
   outer loop
     vertex  1.138900e+01  1.235200e+01  5.000000e+00
     vertex  1.095100e+01  1.246300e+01  5.000000e+00
     vertex  9.375000e+00  1.011300e+01  5.000000e+00
   endloop
 endfacet
 facet normal  0.000000e+00  0.000000e+00  1.000000e+00
   outer loop
     vertex  1.000000e+01  1.374600e+01  5.000000e+00
     vertex  9.920401e+00  1.378514e+01  5.000000e+00
     vertex  9.831706e+00  1.378600e+01  5.000000e+00
   endloop
 endfacet
 facet normal  0.000000e+00  0.000000e+00  1.000000e+00
   outer loop
     vertex  1.000000e+01  1.374600e+01  5.000000e+00
     vertex  9.831706e+00  1.378600e+01  5.000000e+00
     vertex  9.713000e+00  1.370900e+01  5.000000e+00
   endloop
 endfacet
 facet normal  0.000000e+00  0.000000e+00  1.000000e+00
   outer loop
     vertex  1.000000e+01  1.374600e+01  5.000000e+00
     vertex  9.713000e+00  1.370900e+01  5.000000e+00
     vertex  9.914000e+00  1.330300e+01  5.000000e+00
   endloop
 endfacet
 facet normal  0.000000e+00  0.000000e+00  1.000000e+00
   outer loop
     vertex  1.374600e+01  1.000000e+01  5.000000e+00
     vertex  1.370900e+01  9.713000e+00  5.000000e+00
     vertex  1.379037e+01  9.865647e+00  5.000000e+00
   endloop
 endfacet
 facet normal  0.000000e+00  0.000000e+00  1.000000e+00
   outer loop
     vertex  1.374600e+01  1.000000e+01  5.000000e+00
     vertex  1.379037e+01  9.865647e+00  5.000000e+00
     vertex  1.378047e+01  9.936878e+00  5.000000e+00
   endloop
 endfacet
 facet normal  0.000000e+00  0.000000e+00  1.000000e+00
   outer loop
     vertex  1.374600e+01  1.000000e+01  5.000000e+00
     vertex  1.330300e+01  9.914000e+00  5.000000e+00
     vertex  1.370900e+01  9.713000e+00  5.000000e+00
   endloop
 endfacet
 facet normal  0.000000e+00  0.000000e+00  1.000000e+00
   outer loop
     vertex  1.248444e+01  1.144056e+01  5.000000e+00
     vertex  1.241348e+01  1.142694e+01  5.000000e+00
     vertex  1.235200e+01  1.138900e+01  5.000000e+00
   endloop
 endfacet
 facet normal  0.000000e+00  0.000000e+00  1.000000e+00
   outer loop
     vertex  1.143801e+01  1.251789e+01  5.000000e+00
     vertex  1.138900e+01  1.235200e+01  5.000000e+00
     vertex  1.143237e+01  1.242937e+01  5.000000e+00
   endloop
 endfacet
 facet normal  0.000000e+00  0.000000e+00  1.000000e+00
   outer loop
     vertex  1.257108e+01  1.142158e+01  5.000000e+00
     vertex  1.248444e+01  1.144056e+01  5.000000e+00
     vertex  1.235200e+01  1.138900e+01  5.000000e+00
   endloop
 endfacet
 facet normal  0.000000e+00  0.000000e+00  1.000000e+00
   outer loop
     vertex  1.141381e+01  1.258597e+01  5.000000e+00
     vertex  1.138900e+01  1.235200e+01  5.000000e+00
     vertex  1.143801e+01  1.251789e+01  5.000000e+00
   endloop
 endfacet
 facet normal  0.000000e+00  0.000000e+00  1.000000e+00
   outer loop
     vertex  1.136700e+01  1.264100e+01  5.000000e+00
     vertex  1.000000e+01  1.374600e+01  5.000000e+00
     vertex  9.914000e+00  1.330300e+01  5.000000e+00
   endloop
 endfacet
 facet normal  0.000000e+00  0.000000e+00  1.000000e+00
   outer loop
     vertex  1.136700e+01  1.264100e+01  5.000000e+00
     vertex  1.138900e+01  1.235200e+01  5.000000e+00
     vertex  1.141381e+01  1.258597e+01  5.000000e+00
   endloop
 endfacet
 facet normal  0.000000e+00  0.000000e+00  1.000000e+00
   outer loop
     vertex  1.136700e+01  1.264100e+01  5.000000e+00
     vertex  9.914000e+00  1.330300e+01  5.000000e+00
     vertex  1.095100e+01  1.246300e+01  5.000000e+00
   endloop
 endfacet
 facet normal  0.000000e+00  0.000000e+00  1.000000e+00
   outer loop
     vertex  1.136700e+01  1.264100e+01  5.000000e+00
     vertex  1.095100e+01  1.246300e+01  5.000000e+00
     vertex  1.138900e+01  1.235200e+01  5.000000e+00
   endloop
 endfacet
 facet normal  0.000000e+00  0.000000e+00  1.000000e+00
   outer loop
     vertex  1.264100e+01  1.136700e+01  5.000000e+00
     vertex  1.235200e+01  1.138900e+01  5.000000e+00
     vertex  1.246300e+01  1.095100e+01  5.000000e+00
   endloop
 endfacet
 facet normal  0.000000e+00  0.000000e+00  1.000000e+00
   outer loop
     vertex  1.264100e+01  1.136700e+01  5.000000e+00
     vertex  1.330300e+01  9.914000e+00  5.000000e+00
     vertex  1.374600e+01  1.000000e+01  5.000000e+00
   endloop
 endfacet
 facet normal  0.000000e+00  0.000000e+00  1.000000e+00
   outer loop
     vertex  1.264100e+01  1.136700e+01  5.000000e+00
     vertex  1.257108e+01  1.142158e+01  5.000000e+00
     vertex  1.235200e+01  1.138900e+01  5.000000e+00
   endloop
 endfacet
 facet normal  0.000000e+00  0.000000e+00  1.000000e+00
   outer loop
     vertex  1.264100e+01  1.136700e+01  5.000000e+00
     vertex  1.246300e+01  1.095100e+01  5.000000e+00
     vertex  1.330300e+01  9.914000e+00  5.000000e+00
   endloop
 endfacet
 facet normal -0.000000e+00  0.000000e+00  1.000000e+00
   outer loop
     vertex  1.378900e+01 -1.990000e-01  5.000000e+00
     vertex  1.680100e+01 -1.990000e-01  5.000000e+00
     vertex  1.650000e+01  1.990000e-01  5.000000e+00
   endloop
 endfacet
 facet normal  0.000000e+00  0.000000e+00  1.000000e+00
   outer loop
     vertex  1.352900e+01  2.672000e+00  5.000000e+00
     vertex  1.647500e+01  3.297000e+00  5.000000e+00
     vertex  1.618600e+01  3.646000e+00  5.000000e+00
   endloop
 endfacet
 facet normal  5.232004e-02  9.986304e-01  0.000000e+00
   outer loop
     vertex  1.000000e-02  1.700000e+01  0.000000e+00
     vertex  1.766000e+00  1.690800e+01  5.000000e+00
     vertex  1.766000e+00  1.690800e+01  0.000000e+00
   endloop
 endfacet
 facet normal  5.232004e-02  9.986304e-01 -0.000000e+00
   outer loop
     vertex  1.000000e-02  1.700000e+01  0.000000e+00
     vertex  1.000000e-02  1.700000e+01  5.000000e+00
     vertex  1.766000e+00  1.690800e+01  5.000000e+00
   endloop
 endfacet
 facet normal  9.925442e-01  1.218853e-01  0.000000e+00
   outer loop
     vertex  1.944189e+00  1.677604e+01  0.000000e+00
     vertex  1.955000e+00  1.668800e+01  5.000000e+00
     vertex  1.955000e+00  1.668800e+01  0.000000e+00
   endloop
 endfacet
 facet normal  9.925442e-01  1.218853e-01 -0.000000e+00
   outer loop
     vertex  1.944189e+00  1.677604e+01  0.000000e+00
     vertex  1.944189e+00  1.677604e+01  5.000000e+00
     vertex  1.955000e+00  1.668800e+01  5.000000e+00
   endloop
 endfacet
 facet normal  8.422231e-01  5.391291e-01 -0.000000e+00
   outer loop
     vertex  1.896369e+00  1.685074e+01  0.000000e+00
     vertex  1.896369e+00  1.685074e+01  5.000000e+00
     vertex  1.944189e+00  1.677604e+01  5.000000e+00
   endloop
 endfacet
 facet normal  8.422231e-01  5.391291e-01  0.000000e+00
   outer loop
     vertex  1.896369e+00  1.685074e+01  0.000000e+00
     vertex  1.944189e+00  1.677604e+01  5.000000e+00
     vertex  1.944189e+00  1.677604e+01  0.000000e+00
   endloop
 endfacet
 facet normal  5.611799e-01  8.276938e-01 -0.000000e+00
   outer loop
     vertex  1.836452e+00  1.689137e+01  0.000000e+00
     vertex  1.836452e+00  1.689137e+01  5.000000e+00
     vertex  1.896369e+00  1.685074e+01  5.000000e+00
   endloop
 endfacet
 facet normal  5.611799e-01  8.276938e-01  0.000000e+00
   outer loop
     vertex  1.836452e+00  1.689137e+01  0.000000e+00
     vertex  1.896369e+00  1.685074e+01  5.000000e+00
     vertex  1.896369e+00  1.685074e+01  0.000000e+00
   endloop
 endfacet
 facet normal  2.297866e-01  9.732410e-01 -0.000000e+00
   outer loop
     vertex  1.766000e+00  1.690800e+01  0.000000e+00
     vertex  1.766000e+00  1.690800e+01  5.000000e+00
     vertex  1.836452e+00  1.689137e+01  5.000000e+00
   endloop
 endfacet
 facet normal  2.297866e-01  9.732410e-01  0.000000e+00
   outer loop
     vertex  1.766000e+00  1.690800e+01  0.000000e+00
     vertex  1.836452e+00  1.689137e+01  5.000000e+00
     vertex  1.836452e+00  1.689137e+01  0.000000e+00
   endloop
 endfacet
 facet normal  9.945490e-01 -1.042699e-01  0.000000e+00
   outer loop
     vertex  1.955000e+00  1.668800e+01  0.000000e+00
     vertex  1.641000e+00  1.369300e+01  5.000000e+00
     vertex  1.641000e+00  1.369300e+01  0.000000e+00
   endloop
 endfacet
 facet normal  9.945490e-01 -1.042699e-01  0.000000e+00
   outer loop
     vertex  1.955000e+00  1.668800e+01  0.000000e+00
     vertex  1.955000e+00  1.668800e+01  5.000000e+00
     vertex  1.641000e+00  1.369300e+01  5.000000e+00
   endloop
 endfacet
 facet normal  1.570938e-01  9.875837e-01  0.000000e+00
   outer loop
     vertex  1.641000e+00  1.369300e+01  0.000000e+00
     vertex  2.672000e+00  1.352900e+01  5.000000e+00
     vertex  2.672000e+00  1.352900e+01  0.000000e+00
   endloop
 endfacet
 facet normal  1.570938e-01  9.875837e-01 -0.000000e+00
   outer loop
     vertex  1.641000e+00  1.369300e+01  0.000000e+00
     vertex  1.641000e+00  1.369300e+01  5.000000e+00
     vertex  2.672000e+00  1.352900e+01  5.000000e+00
   endloop
 endfacet
 facet normal -9.782280e-01  2.075331e-01  0.000000e+00
   outer loop
     vertex  2.672000e+00  1.352900e+01  0.000000e+00
     vertex  3.297000e+00  1.647500e+01  5.000000e+00
     vertex  3.297000e+00  1.647500e+01  0.000000e+00
   endloop
 endfacet
 facet normal -9.782280e-01  2.075331e-01  0.000000e+00
   outer loop
     vertex  2.672000e+00  1.352900e+01  0.000000e+00
     vertex  2.672000e+00  1.352900e+01  5.000000e+00
     vertex  3.297000e+00  1.647500e+01  5.000000e+00
   endloop
 endfacet
 facet normal  4.074285e-02  9.991697e-01  0.000000e+00
   outer loop
     vertex  3.456374e+00  1.663061e+01  0.000000e+00
     vertex  3.545000e+00  1.662700e+01  5.000000e+00
     vertex  3.545000e+00  1.662700e+01  0.000000e+00
   endloop
 endfacet
 facet normal  4.074285e-02  9.991697e-01 -0.000000e+00
   outer loop
     vertex  3.456374e+00  1.663061e+01  0.000000e+00
     vertex  3.456374e+00  1.663061e+01  5.000000e+00
     vertex  3.545000e+00  1.662700e+01  5.000000e+00
   endloop
 endfacet
 facet normal -3.953597e-01  9.185264e-01  0.000000e+00
   outer loop
     vertex  3.374902e+00  1.659555e+01  0.000000e+00
     vertex  3.374902e+00  1.659555e+01  5.000000e+00
     vertex  3.456374e+00  1.663061e+01  5.000000e+00
   endloop
 endfacet
 facet normal -3.953597e-01  9.185264e-01  0.000000e+00
   outer loop
     vertex  3.374902e+00  1.659555e+01  0.000000e+00
     vertex  3.456374e+00  1.663061e+01  5.000000e+00
     vertex  3.456374e+00  1.663061e+01  0.000000e+00
   endloop
 endfacet
 facet normal -7.267417e-01  6.869109e-01  0.000000e+00
   outer loop
     vertex  3.324765e+00  1.654250e+01  0.000000e+00
     vertex  3.324765e+00  1.654250e+01  5.000000e+00
     vertex  3.374902e+00  1.659555e+01  5.000000e+00
   endloop
 endfacet
 facet normal -7.267417e-01  6.869109e-01  0.000000e+00
   outer loop
     vertex  3.324765e+00  1.654250e+01  0.000000e+00
     vertex  3.374902e+00  1.659555e+01  5.000000e+00
     vertex  3.374902e+00  1.659555e+01  0.000000e+00
   endloop
 endfacet
 facet normal -9.248219e-01  3.804005e-01  0.000000e+00
   outer loop
     vertex  3.297000e+00  1.647500e+01  0.000000e+00
     vertex  3.297000e+00  1.647500e+01  5.000000e+00
     vertex  3.324765e+00  1.654250e+01  5.000000e+00
   endloop
 endfacet
 facet normal -9.248219e-01  3.804005e-01  0.000000e+00
   outer loop
     vertex  3.297000e+00  1.647500e+01  0.000000e+00
     vertex  3.324765e+00  1.654250e+01  5.000000e+00
     vertex  3.324765e+00  1.654250e+01  0.000000e+00
   endloop
 endfacet
 facet normal  2.589732e-01  9.658845e-01  0.000000e+00
   outer loop
     vertex  3.545000e+00  1.662700e+01  0.000000e+00
     vertex  5.242000e+00  1.617200e+01  5.000000e+00
     vertex  5.242000e+00  1.617200e+01  0.000000e+00
   endloop
 endfacet
 facet normal  2.589732e-01  9.658845e-01 -0.000000e+00
   outer loop
     vertex  3.545000e+00  1.662700e+01  0.000000e+00
     vertex  3.545000e+00  1.662700e+01  5.000000e+00
     vertex  5.242000e+00  1.617200e+01  5.000000e+00
   endloop
 endfacet
 facet normal  9.955158e-01 -9.459573e-02  0.000000e+00
   outer loop
     vertex  5.389391e+00  1.600430e+01  0.000000e+00
     vertex  5.381000e+00  1.591600e+01  5.000000e+00
     vertex  5.381000e+00  1.591600e+01  0.000000e+00
   endloop
 endfacet
 facet normal  9.955158e-01 -9.459573e-02  0.000000e+00
   outer loop
     vertex  5.389391e+00  1.600430e+01  0.000000e+00
     vertex  5.389391e+00  1.600430e+01  5.000000e+00
     vertex  5.381000e+00  1.591600e+01  5.000000e+00
   endloop
 endfacet
 facet normal  9.385207e-01  3.452228e-01 -0.000000e+00
   outer loop
     vertex  5.358770e+00  1.608755e+01  0.000000e+00
     vertex  5.358770e+00  1.608755e+01  5.000000e+00
     vertex  5.389391e+00  1.600430e+01  5.000000e+00
   endloop
 endfacet
 facet normal  9.385207e-01  3.452228e-01  0.000000e+00
   outer loop
     vertex  5.358770e+00  1.608755e+01  0.000000e+00
     vertex  5.389391e+00  1.600430e+01  5.000000e+00
     vertex  5.389391e+00  1.600430e+01  0.000000e+00
   endloop
 endfacet
 facet normal  7.245860e-01  6.891843e-01 -0.000000e+00
   outer loop
     vertex  5.308256e+00  1.614066e+01  0.000000e+00
     vertex  5.308256e+00  1.614066e+01  5.000000e+00
     vertex  5.358770e+00  1.608755e+01  5.000000e+00
   endloop
 endfacet
 facet normal  7.245860e-01  6.891843e-01  0.000000e+00
   outer loop
     vertex  5.308256e+00  1.614066e+01  0.000000e+00
     vertex  5.358770e+00  1.608755e+01  5.000000e+00
     vertex  5.358770e+00  1.608755e+01  0.000000e+00
   endloop
 endfacet
 facet normal  4.276343e-01  9.039518e-01 -0.000000e+00
   outer loop
     vertex  5.242000e+00  1.617200e+01  0.000000e+00
     vertex  5.242000e+00  1.617200e+01  5.000000e+00
     vertex  5.308256e+00  1.614066e+01  5.000000e+00
   endloop
 endfacet
 facet normal  4.276343e-01  9.039518e-01  0.000000e+00
   outer loop
     vertex  5.242000e+00  1.617200e+01  0.000000e+00
     vertex  5.308256e+00  1.614066e+01  5.000000e+00
     vertex  5.308256e+00  1.614066e+01  0.000000e+00
   endloop
 endfacet
 facet normal  9.510804e-01 -3.089433e-01  0.000000e+00
   outer loop
     vertex  5.381000e+00  1.591600e+01  0.000000e+00
     vertex  4.451000e+00  1.305300e+01  5.000000e+00
     vertex  4.451000e+00  1.305300e+01  0.000000e+00
   endloop
 endfacet
 facet normal  9.510804e-01 -3.089433e-01  0.000000e+00
   outer loop
     vertex  5.381000e+00  1.591600e+01  0.000000e+00
     vertex  5.381000e+00  1.591600e+01  5.000000e+00
     vertex  4.451000e+00  1.305300e+01  5.000000e+00
   endloop
 endfacet
 facet normal  3.573095e-01  9.339860e-01  0.000000e+00
   outer loop
     vertex  4.451000e+00  1.305300e+01  0.000000e+00
     vertex  5.426000e+00  1.268000e+01  5.000000e+00
     vertex  5.426000e+00  1.268000e+01  0.000000e+00
   endloop
 endfacet
 facet normal  3.573095e-01  9.339860e-01 -0.000000e+00
   outer loop
     vertex  4.451000e+00  1.305300e+01  0.000000e+00
     vertex  4.451000e+00  1.305300e+01  5.000000e+00
     vertex  5.426000e+00  1.268000e+01  5.000000e+00
   endloop
 endfacet
 facet normal -9.135922e-01  4.066316e-01  0.000000e+00
   outer loop
     vertex  5.426000e+00  1.268000e+01  0.000000e+00
     vertex  6.650000e+00  1.543000e+01  5.000000e+00
     vertex  6.650000e+00  1.543000e+01  0.000000e+00
   endloop
 endfacet
 facet normal -9.135922e-01  4.066316e-01  0.000000e+00
   outer loop
     vertex  5.426000e+00  1.268000e+01  0.000000e+00
     vertex  5.426000e+00  1.268000e+01  5.000000e+00
     vertex  6.650000e+00  1.543000e+01  5.000000e+00
   endloop
 endfacet
 facet normal  2.509758e-01  9.679933e-01  0.000000e+00
   outer loop
     vertex  6.838140e+00  1.554726e+01  0.000000e+00
     vertex  6.924000e+00  1.552500e+01  5.000000e+00
     vertex  6.924000e+00  1.552500e+01  0.000000e+00
   endloop
 endfacet
 facet normal  2.509758e-01  9.679933e-01 -0.000000e+00
   outer loop
     vertex  6.838140e+00  1.554726e+01  0.000000e+00
     vertex  6.838140e+00  1.554726e+01  5.000000e+00
     vertex  6.924000e+00  1.552500e+01  5.000000e+00
   endloop
 endfacet
 facet normal -1.923196e-01  9.813323e-01  0.000000e+00
   outer loop
     vertex  6.751096e+00  1.553020e+01  0.000000e+00
     vertex  6.751096e+00  1.553020e+01  5.000000e+00
     vertex  6.838140e+00  1.554726e+01  5.000000e+00
   endloop
 endfacet
 facet normal -1.923196e-01  9.813323e-01  0.000000e+00
   outer loop
     vertex  6.751096e+00  1.553020e+01  0.000000e+00
     vertex  6.838140e+00  1.554726e+01  5.000000e+00
     vertex  6.838140e+00  1.554726e+01  0.000000e+00
   endloop
 endfacet
 facet normal -5.638546e-01  8.258741e-01  0.000000e+00
   outer loop
     vertex  6.691332e+00  1.548940e+01  0.000000e+00
     vertex  6.691332e+00  1.548940e+01  5.000000e+00
     vertex  6.751096e+00  1.553020e+01  5.000000e+00
   endloop
 endfacet
 facet normal -5.638546e-01  8.258741e-01  0.000000e+00
   outer loop
     vertex  6.691332e+00  1.548940e+01  0.000000e+00
     vertex  6.751096e+00  1.553020e+01  5.000000e+00
     vertex  6.751096e+00  1.553020e+01  0.000000e+00
   endloop
 endfacet
 facet normal -8.208358e-01  5.711643e-01  0.000000e+00
   outer loop
     vertex  6.650000e+00  1.543000e+01  0.000000e+00
     vertex  6.650000e+00  1.543000e+01  5.000000e+00
     vertex  6.691332e+00  1.548940e+01  5.000000e+00
   endloop
 endfacet
 facet normal -8.208358e-01  5.711643e-01  0.000000e+00
   outer loop
     vertex  6.650000e+00  1.543000e+01  0.000000e+00
     vertex  6.691332e+00  1.548940e+01  5.000000e+00
     vertex  6.691332e+00  1.548940e+01  0.000000e+00
   endloop
 endfacet
 facet normal  4.540281e-01  8.909874e-01  0.000000e+00
   outer loop
     vertex  6.924000e+00  1.552500e+01  0.000000e+00
     vertex  8.490000e+00  1.472700e+01  5.000000e+00
     vertex  8.490000e+00  1.472700e+01  0.000000e+00
   endloop
 endfacet
 facet normal  4.540281e-01  8.909874e-01 -0.000000e+00
   outer loop
     vertex  6.924000e+00  1.552500e+01  0.000000e+00
     vertex  6.924000e+00  1.552500e+01  5.000000e+00
     vertex  8.490000e+00  1.472700e+01  5.000000e+00
   endloop
 endfacet
 facet normal  9.553301e-01 -2.955408e-01  0.000000e+00
   outer loop
     vertex  8.598214e+00  1.453374e+01  0.000000e+00
     vertex  8.572000e+00  1.444900e+01  5.000000e+00
     vertex  8.572000e+00  1.444900e+01  0.000000e+00
   endloop
 endfacet
 facet normal  9.553301e-01 -2.955408e-01  0.000000e+00
   outer loop
     vertex  8.598214e+00  1.453374e+01  0.000000e+00
     vertex  8.598214e+00  1.453374e+01  5.000000e+00
     vertex  8.572000e+00  1.444900e+01  5.000000e+00
   endloop
 endfacet
 facet normal  9.891868e-01  1.466611e-01 -0.000000e+00
   outer loop
     vertex  8.585206e+00  1.462148e+01  0.000000e+00
     vertex  8.585206e+00  1.462148e+01  5.000000e+00
     vertex  8.598214e+00  1.453374e+01  5.000000e+00
   endloop
 endfacet
 facet normal  9.891868e-01  1.466611e-01  0.000000e+00
   outer loop
     vertex  8.585206e+00  1.462148e+01  0.000000e+00
     vertex  8.598214e+00  1.453374e+01  5.000000e+00
     vertex  8.598214e+00  1.453374e+01  0.000000e+00
   endloop
 endfacet
 facet normal  8.512564e-01  5.247499e-01 -0.000000e+00
   outer loop
     vertex  8.547292e+00  1.468298e+01  0.000000e+00
     vertex  8.547292e+00  1.468298e+01  5.000000e+00
     vertex  8.585206e+00  1.462148e+01  5.000000e+00
   endloop
 endfacet
 facet normal  8.512564e-01  5.247499e-01  0.000000e+00
   outer loop
     vertex  8.547292e+00  1.468298e+01  0.000000e+00
     vertex  8.585206e+00  1.462148e+01  5.000000e+00
     vertex  8.585206e+00  1.462148e+01  0.000000e+00
   endloop
 endfacet
 facet normal  6.092623e-01  7.929688e-01 -0.000000e+00
   outer loop
     vertex  8.490000e+00  1.472700e+01  0.000000e+00
     vertex  8.490000e+00  1.472700e+01  5.000000e+00
     vertex  8.547292e+00  1.468298e+01  5.000000e+00
   endloop
 endfacet
 facet normal  6.092623e-01  7.929688e-01  0.000000e+00
   outer loop
     vertex  8.490000e+00  1.472700e+01  0.000000e+00
     vertex  8.547292e+00  1.468298e+01  5.000000e+00
     vertex  8.547292e+00  1.468298e+01  0.000000e+00
   endloop
 endfacet
 facet normal  8.661911e-01 -4.997129e-01  0.000000e+00
   outer loop
     vertex  8.572000e+00  1.444900e+01  0.000000e+00
     vertex  7.068000e+00  1.184200e+01  5.000000e+00
     vertex  7.068000e+00  1.184200e+01  0.000000e+00
   endloop
 endfacet
 facet normal  8.661911e-01 -4.997129e-01  0.000000e+00
   outer loop
     vertex  8.572000e+00  1.444900e+01  0.000000e+00
     vertex  8.572000e+00  1.444900e+01  5.000000e+00
     vertex  7.068000e+00  1.184200e+01  5.000000e+00
   endloop
 endfacet
 facet normal  5.451567e-01  8.383342e-01  0.000000e+00
   outer loop
     vertex  7.068000e+00  1.184200e+01  0.000000e+00
     vertex  7.943000e+00  1.127300e+01  5.000000e+00
     vertex  7.943000e+00  1.127300e+01  0.000000e+00
   endloop
 endfacet
 facet normal  5.451567e-01  8.383342e-01 -0.000000e+00
   outer loop
     vertex  7.068000e+00  1.184200e+01  0.000000e+00
     vertex  7.068000e+00  1.184200e+01  5.000000e+00
     vertex  7.943000e+00  1.127300e+01  5.000000e+00
   endloop
 endfacet
 facet normal -8.089945e-01  5.878162e-01  0.000000e+00
   outer loop
     vertex  9.713000e+00  1.370900e+01  0.000000e+00
     vertex  7.943000e+00  1.127300e+01  5.000000e+00
     vertex  9.713000e+00  1.370900e+01  5.000000e+00
   endloop
 endfacet
 facet normal -8.089945e-01  5.878162e-01  0.000000e+00
   outer loop
     vertex  7.943000e+00  1.127300e+01  0.000000e+00
     vertex  7.943000e+00  1.127300e+01  5.000000e+00
     vertex  9.713000e+00  1.370900e+01  0.000000e+00
   endloop
 endfacet
 facet normal  4.412128e-01  8.974025e-01  0.000000e+00
   outer loop
     vertex  9.920401e+00  1.378514e+01  0.000000e+00
     vertex  1.000000e+01  1.374600e+01  5.000000e+00
     vertex  1.000000e+01  1.374600e+01  0.000000e+00
   endloop
 endfacet
 facet normal  4.412128e-01  8.974025e-01 -0.000000e+00
   outer loop
     vertex  9.920401e+00  1.378514e+01  0.000000e+00
     vertex  9.920401e+00  1.378514e+01  5.000000e+00
     vertex  1.000000e+01  1.374600e+01  5.000000e+00
   endloop
 endfacet
 facet normal  9.735956e-03  9.999526e-01 -0.000000e+00
   outer loop
     vertex  9.831706e+00  1.378600e+01  0.000000e+00
     vertex  9.831706e+00  1.378600e+01  5.000000e+00
     vertex  9.920401e+00  1.378514e+01  5.000000e+00
   endloop
 endfacet
 facet normal  9.735956e-03  9.999526e-01  0.000000e+00
   outer loop
     vertex  9.831706e+00  1.378600e+01  0.000000e+00
     vertex  9.920401e+00  1.378514e+01  5.000000e+00
     vertex  9.920401e+00  1.378514e+01  0.000000e+00
   endloop
 endfacet
 facet normal -3.844837e-01  9.231318e-01  0.000000e+00
   outer loop
     vertex  9.765316e+00  1.375835e+01  0.000000e+00
     vertex  9.765316e+00  1.375835e+01  5.000000e+00
     vertex  9.831706e+00  1.378600e+01  5.000000e+00
   endloop
 endfacet
 facet normal -3.844837e-01  9.231318e-01  0.000000e+00
   outer loop
     vertex  9.765316e+00  1.375835e+01  0.000000e+00
     vertex  9.831706e+00  1.378600e+01  5.000000e+00
     vertex  9.831706e+00  1.378600e+01  0.000000e+00
   endloop
 endfacet
 facet normal -6.861650e-01  7.274459e-01  0.000000e+00
   outer loop
     vertex  9.713000e+00  1.370900e+01  0.000000e+00
     vertex  9.713000e+00  1.370900e+01  5.000000e+00
     vertex  9.765316e+00  1.375835e+01  5.000000e+00
   endloop
 endfacet
 facet normal -6.861650e-01  7.274459e-01  0.000000e+00
   outer loop
     vertex  9.713000e+00  1.370900e+01  0.000000e+00
     vertex  9.765316e+00  1.375835e+01  5.000000e+00
     vertex  9.765316e+00  1.375835e+01  0.000000e+00
   endloop
 endfacet
 facet normal  6.286416e-01  7.776951e-01  0.000000e+00
   outer loop
     vertex  1.000000e+01  1.374600e+01  0.000000e+00
     vertex  1.136700e+01  1.264100e+01  5.000000e+00
     vertex  1.136700e+01  1.264100e+01  0.000000e+00
   endloop
 endfacet
 facet normal  6.286416e-01  7.776951e-01 -0.000000e+00
   outer loop
     vertex  1.000000e+01  1.374600e+01  0.000000e+00
     vertex  1.000000e+01  1.374600e+01  5.000000e+00
     vertex  1.136700e+01  1.264100e+01  5.000000e+00
   endloop
 endfacet
 facet normal  8.723268e-01 -4.889233e-01  0.000000e+00
   outer loop
     vertex  1.143237e+01  1.242937e+01  0.000000e+00
     vertex  1.138900e+01  1.235200e+01  5.000000e+00
     vertex  1.138900e+01  1.235200e+01  0.000000e+00
   endloop
 endfacet
 facet normal  8.723268e-01 -4.889233e-01  0.000000e+00
   outer loop
     vertex  1.143237e+01  1.242937e+01  0.000000e+00
     vertex  1.143237e+01  1.242937e+01  5.000000e+00
     vertex  1.138900e+01  1.235200e+01  5.000000e+00
   endloop
 endfacet
 facet normal  9.979756e-01 -6.359851e-02  0.000000e+00
   outer loop
     vertex  1.143801e+01  1.251789e+01  0.000000e+00
     vertex  1.143801e+01  1.251789e+01  5.000000e+00
     vertex  1.143237e+01  1.242937e+01  5.000000e+00
   endloop
 endfacet
 facet normal  9.979756e-01 -6.359851e-02  0.000000e+00
   outer loop
     vertex  1.143801e+01  1.251789e+01  0.000000e+00
     vertex  1.143237e+01  1.242937e+01  5.000000e+00
     vertex  1.143237e+01  1.242937e+01  0.000000e+00
   endloop
 endfacet
 facet normal  9.422271e-01  3.349748e-01 -0.000000e+00
   outer loop
     vertex  1.141381e+01  1.258597e+01  0.000000e+00
     vertex  1.141381e+01  1.258597e+01  5.000000e+00
     vertex  1.143801e+01  1.251789e+01  5.000000e+00
   endloop
 endfacet
 facet normal  9.422271e-01  3.349748e-01  0.000000e+00
   outer loop
     vertex  1.141381e+01  1.258597e+01  0.000000e+00
     vertex  1.143801e+01  1.251789e+01  5.000000e+00
     vertex  1.143801e+01  1.251789e+01  0.000000e+00
   endloop
 endfacet
 facet normal  7.617381e-01  6.478851e-01 -0.000000e+00
   outer loop
     vertex  1.136700e+01  1.264100e+01  0.000000e+00
     vertex  1.136700e+01  1.264100e+01  5.000000e+00
     vertex  1.141381e+01  1.258597e+01  5.000000e+00
   endloop
 endfacet
 facet normal  7.617381e-01  6.478851e-01  0.000000e+00
   outer loop
     vertex  1.136700e+01  1.264100e+01  0.000000e+00
     vertex  1.141381e+01  1.258597e+01  5.000000e+00
     vertex  1.141381e+01  1.258597e+01  0.000000e+00
   endloop
 endfacet
 facet normal  7.434757e-01 -6.687629e-01  0.000000e+00
   outer loop
     vertex  1.138900e+01  1.235200e+01  0.000000e+00
     vertex  9.375000e+00  1.011300e+01  5.000000e+00
     vertex  9.375000e+00  1.011300e+01  0.000000e+00
   endloop
 endfacet
 facet normal  7.434757e-01 -6.687629e-01  0.000000e+00
   outer loop
     vertex  1.138900e+01  1.235200e+01  0.000000e+00
     vertex  1.138900e+01  1.235200e+01  5.000000e+00
     vertex  9.375000e+00  1.011300e+01  5.000000e+00
   endloop
 endfacet
 facet normal  7.071068e-01  7.071068e-01  0.000000e+00
   outer loop
     vertex  9.375000e+00  1.011300e+01  0.000000e+00
     vertex  1.011300e+01  9.375000e+00  5.000000e+00
     vertex  1.011300e+01  9.375000e+00  0.000000e+00
   endloop
 endfacet
 facet normal  7.071068e-01  7.071068e-01 -0.000000e+00
   outer loop
     vertex  9.375000e+00  1.011300e+01  0.000000e+00
     vertex  9.375000e+00  1.011300e+01  5.000000e+00
     vertex  1.011300e+01  9.375000e+00  5.000000e+00
   endloop
 endfacet
 facet normal -6.687629e-01  7.434757e-01  0.000000e+00
   outer loop
     vertex  1.011300e+01  9.375000e+00  0.000000e+00
     vertex  1.235200e+01  1.138900e+01  5.000000e+00
     vertex  1.235200e+01  1.138900e+01  0.000000e+00
   endloop
 endfacet
 facet normal -6.687629e-01  7.434757e-01  0.000000e+00
   outer loop
     vertex  1.011300e+01  9.375000e+00  0.000000e+00
     vertex  1.011300e+01  9.375000e+00  5.000000e+00
     vertex  1.235200e+01  1.138900e+01  5.000000e+00
   endloop
 endfacet
 facet normal  6.153352e-01  7.882656e-01  0.000000e+00
   outer loop
     vertex  1.257108e+01  1.142158e+01  0.000000e+00
     vertex  1.264100e+01  1.136700e+01  5.000000e+00
     vertex  1.264100e+01  1.136700e+01  0.000000e+00
   endloop
 endfacet
 facet normal  6.153352e-01  7.882656e-01 -0.000000e+00
   outer loop
     vertex  1.257108e+01  1.142158e+01  0.000000e+00
     vertex  1.257108e+01  1.142158e+01  5.000000e+00
     vertex  1.264100e+01  1.136700e+01  5.000000e+00
   endloop
 endfacet
 facet normal  2.139312e-01  9.768487e-01 -0.000000e+00
   outer loop
     vertex  1.248444e+01  1.144056e+01  0.000000e+00
     vertex  1.248444e+01  1.144056e+01  5.000000e+00
     vertex  1.257108e+01  1.142158e+01  5.000000e+00
   endloop
 endfacet
 facet normal  2.139312e-01  9.768487e-01  0.000000e+00
   outer loop
     vertex  1.248444e+01  1.144056e+01  0.000000e+00
     vertex  1.257108e+01  1.142158e+01  5.000000e+00
     vertex  1.257108e+01  1.142158e+01  0.000000e+00
   endloop
 endfacet
 facet normal -1.884881e-01  9.820755e-01  0.000000e+00
   outer loop
     vertex  1.241348e+01  1.142694e+01  0.000000e+00
     vertex  1.241348e+01  1.142694e+01  5.000000e+00
     vertex  1.248444e+01  1.144056e+01  5.000000e+00
   endloop
 endfacet
 facet normal -1.884881e-01  9.820755e-01  0.000000e+00
   outer loop
     vertex  1.241348e+01  1.142694e+01  0.000000e+00
     vertex  1.248444e+01  1.144056e+01  5.000000e+00
     vertex  1.248444e+01  1.144056e+01  0.000000e+00
   endloop
 endfacet
 facet normal -5.251137e-01  8.510321e-01  0.000000e+00
   outer loop
     vertex  1.235200e+01  1.138900e+01  0.000000e+00
     vertex  1.235200e+01  1.138900e+01  5.000000e+00
     vertex  1.241348e+01  1.142694e+01  5.000000e+00
   endloop
 endfacet
 facet normal -5.251137e-01  8.510321e-01  0.000000e+00
   outer loop
     vertex  1.235200e+01  1.138900e+01  0.000000e+00
     vertex  1.241348e+01  1.142694e+01  5.000000e+00
     vertex  1.241348e+01  1.142694e+01  0.000000e+00
   endloop
 endfacet
 facet normal  7.776951e-01  6.286416e-01  0.000000e+00
   outer loop
     vertex  1.264100e+01  1.136700e+01  0.000000e+00
     vertex  1.374600e+01  1.000000e+01  5.000000e+00
     vertex  1.374600e+01  1.000000e+01  0.000000e+00
   endloop
 endfacet
 facet normal  7.776951e-01  6.286416e-01 -0.000000e+00
   outer loop
     vertex  1.264100e+01  1.136700e+01  0.000000e+00
     vertex  1.264100e+01  1.136700e+01  5.000000e+00
     vertex  1.374600e+01  1.000000e+01  5.000000e+00
   endloop
 endfacet
 facet normal  7.561576e-01 -6.543896e-01  0.000000e+00
   outer loop
     vertex  1.376704e+01  9.780071e+00  0.000000e+00
     vertex  1.370900e+01  9.713000e+00  5.000000e+00
     vertex  1.370900e+01  9.713000e+00  0.000000e+00
   endloop
 endfacet
 facet normal  7.561576e-01 -6.543896e-01  0.000000e+00
   outer loop
     vertex  1.376704e+01  9.780071e+00  0.000000e+00
     vertex  1.376704e+01  9.780071e+00  5.000000e+00
     vertex  1.370900e+01  9.713000e+00  5.000000e+00
   endloop
 endfacet
 facet normal  9.647877e-01 -2.630300e-01  0.000000e+00
   outer loop
     vertex  1.379037e+01  9.865647e+00  0.000000e+00
     vertex  1.379037e+01  9.865647e+00  5.000000e+00
     vertex  1.376704e+01  9.780071e+00  5.000000e+00
   endloop
 endfacet
 facet normal  9.647877e-01 -2.630300e-01  0.000000e+00
   outer loop
     vertex  1.379037e+01  9.865647e+00  0.000000e+00
     vertex  1.376704e+01  9.780071e+00  5.000000e+00
     vertex  1.376704e+01  9.780071e+00  0.000000e+00
   endloop
 endfacet
 facet normal  9.904624e-01  1.377834e-01 -0.000000e+00
   outer loop
     vertex  1.378047e+01  9.936878e+00  0.000000e+00
     vertex  1.378047e+01  9.936878e+00  5.000000e+00
     vertex  1.379037e+01  9.865647e+00  5.000000e+00
   endloop
 endfacet
 facet normal  9.904624e-01  1.377834e-01  0.000000e+00
   outer loop
     vertex  1.378047e+01  9.936878e+00  0.000000e+00
     vertex  1.379037e+01  9.865647e+00  5.000000e+00
     vertex  1.379037e+01  9.865647e+00  0.000000e+00
   endloop
 endfacet
 facet normal  8.776886e-01  4.792313e-01 -0.000000e+00
   outer loop
     vertex  1.374600e+01  1.000000e+01  0.000000e+00
     vertex  1.374600e+01  1.000000e+01  5.000000e+00
     vertex  1.378047e+01  9.936878e+00  5.000000e+00
   endloop
 endfacet
 facet normal  8.776886e-01  4.792313e-01  0.000000e+00
   outer loop
     vertex  1.374600e+01  1.000000e+01  0.000000e+00
     vertex  1.378047e+01  9.936878e+00  5.000000e+00
     vertex  1.378047e+01  9.936878e+00  0.000000e+00
   endloop
 endfacet
 facet normal  5.878162e-01 -8.089945e-01  0.000000e+00
   outer loop
     vertex  1.127300e+01  7.943000e+00  0.000000e+00
     vertex  1.370900e+01  9.713000e+00  5.000000e+00
     vertex  1.127300e+01  7.943000e+00  5.000000e+00
   endloop
 endfacet
 facet normal  5.878162e-01 -8.089945e-01  0.000000e+00
   outer loop
     vertex  1.370900e+01  9.713000e+00  0.000000e+00
     vertex  1.370900e+01  9.713000e+00  5.000000e+00
     vertex  1.127300e+01  7.943000e+00  0.000000e+00
   endloop
 endfacet
 facet normal  8.383342e-01  5.451567e-01  0.000000e+00
   outer loop
     vertex  1.127300e+01  7.943000e+00  0.000000e+00
     vertex  1.184200e+01  7.068000e+00  5.000000e+00
     vertex  1.184200e+01  7.068000e+00  0.000000e+00
   endloop
 endfacet
 facet normal  8.383342e-01  5.451567e-01 -0.000000e+00
   outer loop
     vertex  1.127300e+01  7.943000e+00  0.000000e+00
     vertex  1.127300e+01  7.943000e+00  5.000000e+00
     vertex  1.184200e+01  7.068000e+00  5.000000e+00
   endloop
 endfacet
 facet normal -4.997129e-01  8.661911e-01  0.000000e+00
   outer loop
     vertex  1.184200e+01  7.068000e+00  0.000000e+00
     vertex  1.444900e+01  8.572000e+00  5.000000e+00
     vertex  1.444900e+01  8.572000e+00  0.000000e+00
   endloop
 endfacet
 facet normal -4.997129e-01  8.661911e-01  0.000000e+00
   outer loop
     vertex  1.184200e+01  7.068000e+00  0.000000e+00
     vertex  1.184200e+01  7.068000e+00  5.000000e+00
     vertex  1.444900e+01  8.572000e+00  5.000000e+00
   endloop
 endfacet
 facet normal  7.666981e-01  6.420078e-01  0.000000e+00
   outer loop
     vertex  1.467005e+01  8.558006e+00  0.000000e+00
     vertex  1.472700e+01  8.490000e+00  5.000000e+00
     vertex  1.472700e+01  8.490000e+00  0.000000e+00
   endloop
 endfacet
 facet normal  7.666981e-01  6.420078e-01 -0.000000e+00
   outer loop
     vertex  1.467005e+01  8.558006e+00  0.000000e+00
     vertex  1.467005e+01  8.558006e+00  5.000000e+00
     vertex  1.472700e+01  8.490000e+00  5.000000e+00
   endloop
 endfacet
 facet normal  4.136582e-01  9.104322e-01 -0.000000e+00
   outer loop
     vertex  1.458930e+01  8.594697e+00  0.000000e+00
     vertex  1.458930e+01  8.594697e+00  5.000000e+00
     vertex  1.467005e+01  8.558006e+00  5.000000e+00
   endloop
 endfacet
 facet normal  4.136582e-01  9.104322e-01  0.000000e+00
   outer loop
     vertex  1.458930e+01  8.594697e+00  0.000000e+00
     vertex  1.467005e+01  8.558006e+00  5.000000e+00
     vertex  1.467005e+01  8.558006e+00  0.000000e+00
   endloop
 endfacet
 facet normal  2.123759e-02  9.997745e-01 -0.000000e+00
   outer loop
     vertex  1.451707e+01  8.596231e+00  0.000000e+00
     vertex  1.451707e+01  8.596231e+00  5.000000e+00
     vertex  1.458930e+01  8.594697e+00  5.000000e+00
   endloop
 endfacet
 facet normal  2.123759e-02  9.997745e-01  0.000000e+00
   outer loop
     vertex  1.451707e+01  8.596231e+00  0.000000e+00
     vertex  1.458930e+01  8.594697e+00  5.000000e+00
     vertex  1.458930e+01  8.594697e+00  0.000000e+00
   endloop
 endfacet
 facet normal -3.353775e-01  9.420838e-01  0.000000e+00
   outer loop
     vertex  1.444900e+01  8.572000e+00  0.000000e+00
     vertex  1.444900e+01  8.572000e+00  5.000000e+00
     vertex  1.451707e+01  8.596231e+00  5.000000e+00
   endloop
 endfacet
 facet normal -3.353775e-01  9.420838e-01  0.000000e+00
   outer loop
     vertex  1.444900e+01  8.572000e+00  0.000000e+00
     vertex  1.451707e+01  8.596231e+00  5.000000e+00
     vertex  1.451707e+01  8.596231e+00  0.000000e+00
   endloop
 endfacet
 facet normal  8.909874e-01  4.540281e-01  0.000000e+00
   outer loop
     vertex  1.472700e+01  8.490000e+00  0.000000e+00
     vertex  1.552500e+01  6.924000e+00  5.000000e+00
     vertex  1.552500e+01  6.924000e+00  0.000000e+00
   endloop
 endfacet
 facet normal  8.909874e-01  4.540281e-01 -0.000000e+00
   outer loop
     vertex  1.472700e+01  8.490000e+00  0.000000e+00
     vertex  1.472700e+01  8.490000e+00  5.000000e+00
     vertex  1.552500e+01  6.924000e+00  5.000000e+00
   endloop
 endfacet
 facet normal  6.048813e-01 -7.963156e-01  0.000000e+00
   outer loop
     vertex  1.550063e+01  6.703653e+00  0.000000e+00
     vertex  1.543000e+01  6.650000e+00  5.000000e+00
     vertex  1.543000e+01  6.650000e+00  0.000000e+00
   endloop
 endfacet
 facet normal  6.048813e-01 -7.963156e-01  0.000000e+00
   outer loop
     vertex  1.550063e+01  6.703653e+00  0.000000e+00
     vertex  1.550063e+01  6.703653e+00  5.000000e+00
     vertex  1.543000e+01  6.650000e+00  5.000000e+00
   endloop
 endfacet
 facet normal  8.897652e-01 -4.564186e-01  0.000000e+00
   outer loop
     vertex  1.554112e+01  6.782574e+00  0.000000e+00
     vertex  1.554112e+01  6.782574e+00  5.000000e+00
     vertex  1.550063e+01  6.703653e+00  5.000000e+00
   endloop
 endfacet
 facet normal  8.897652e-01 -4.564186e-01  0.000000e+00
   outer loop
     vertex  1.554112e+01  6.782574e+00  0.000000e+00
     vertex  1.550063e+01  6.703653e+00  5.000000e+00
     vertex  1.550063e+01  6.703653e+00  0.000000e+00
   endloop
 endfacet
 facet normal  9.976585e-01 -6.839212e-02  0.000000e+00
   outer loop
     vertex  1.554607e+01  6.854769e+00  0.000000e+00
     vertex  1.554607e+01  6.854769e+00  5.000000e+00
     vertex  1.554112e+01  6.782574e+00  5.000000e+00
   endloop
 endfacet
 facet normal  9.976585e-01 -6.839212e-02  0.000000e+00
   outer loop
     vertex  1.554607e+01  6.854769e+00  0.000000e+00
     vertex  1.554112e+01  6.782574e+00  5.000000e+00
     vertex  1.554112e+01  6.782574e+00  0.000000e+00
   endloop
 endfacet
 facet normal  9.566912e-01  2.911049e-01 -0.000000e+00
   outer loop
     vertex  1.552500e+01  6.924000e+00  0.000000e+00
     vertex  1.552500e+01  6.924000e+00  5.000000e+00
     vertex  1.554607e+01  6.854769e+00  5.000000e+00
   endloop
 endfacet
 facet normal  9.566912e-01  2.911049e-01  0.000000e+00
   outer loop
     vertex  1.552500e+01  6.924000e+00  0.000000e+00
     vertex  1.554607e+01  6.854769e+00  5.000000e+00
     vertex  1.554607e+01  6.854769e+00  0.000000e+00
   endloop
 endfacet
 facet normal  4.066316e-01 -9.135922e-01  0.000000e+00
   outer loop
     vertex  1.543000e+01  6.650000e+00  0.000000e+00
     vertex  1.268000e+01  5.426000e+00  5.000000e+00
     vertex  1.268000e+01  5.426000e+00  0.000000e+00
   endloop
 endfacet
 facet normal  4.066316e-01 -9.135922e-01  0.000000e+00
   outer loop
     vertex  1.543000e+01  6.650000e+00  0.000000e+00
     vertex  1.543000e+01  6.650000e+00  5.000000e+00
     vertex  1.268000e+01  5.426000e+00  5.000000e+00
   endloop
 endfacet
 facet normal  9.339860e-01  3.573095e-01  0.000000e+00
   outer loop
     vertex  1.268000e+01  5.426000e+00  0.000000e+00
     vertex  1.305300e+01  4.451000e+00  5.000000e+00
     vertex  1.305300e+01  4.451000e+00  0.000000e+00
   endloop
 endfacet
 facet normal  9.339860e-01  3.573095e-01 -0.000000e+00
   outer loop
     vertex  1.268000e+01  5.426000e+00  0.000000e+00
     vertex  1.268000e+01  5.426000e+00  5.000000e+00
     vertex  1.305300e+01  4.451000e+00  5.000000e+00
   endloop
 endfacet
 facet normal -3.089433e-01  9.510804e-01  0.000000e+00
   outer loop
     vertex  1.305300e+01  4.451000e+00  0.000000e+00
     vertex  1.591600e+01  5.381000e+00  5.000000e+00
     vertex  1.591600e+01  5.381000e+00  0.000000e+00
   endloop
 endfacet
 facet normal -3.089433e-01  9.510804e-01  0.000000e+00
   outer loop
     vertex  1.305300e+01  4.451000e+00  0.000000e+00
     vertex  1.305300e+01  4.451000e+00  5.000000e+00
     vertex  1.591600e+01  5.381000e+00  5.000000e+00
   endloop
 endfacet
 facet normal  8.864396e-01  4.628442e-01  0.000000e+00
   outer loop
     vertex  1.613095e+01  5.320627e+00  0.000000e+00
     vertex  1.617200e+01  5.242000e+00  5.000000e+00
     vertex  1.617200e+01  5.242000e+00  0.000000e+00
   endloop
 endfacet
 facet normal  8.864396e-01  4.628442e-01 -0.000000e+00
   outer loop
     vertex  1.613095e+01  5.320627e+00  0.000000e+00
     vertex  1.613095e+01  5.320627e+00  5.000000e+00
     vertex  1.617200e+01  5.242000e+00  5.000000e+00
   endloop
 endfacet
 facet normal  5.991040e-01  8.006712e-01 -0.000000e+00
   outer loop
     vertex  1.605993e+01  5.373767e+00  0.000000e+00
     vertex  1.605993e+01  5.373767e+00  5.000000e+00
     vertex  1.613095e+01  5.320627e+00  5.000000e+00
   endloop
 endfacet
 facet normal  5.991040e-01  8.006712e-01  0.000000e+00
   outer loop
     vertex  1.605993e+01  5.373767e+00  0.000000e+00
     vertex  1.613095e+01  5.320627e+00  5.000000e+00
     vertex  1.613095e+01  5.320627e+00  0.000000e+00
   endloop
 endfacet
 facet normal  2.323519e-01  9.726318e-01 -0.000000e+00
   outer loop
     vertex  1.598864e+01  5.390797e+00  0.000000e+00
     vertex  1.598864e+01  5.390797e+00  5.000000e+00
     vertex  1.605993e+01  5.373767e+00  5.000000e+00
   endloop
 endfacet
 facet normal  2.323519e-01  9.726318e-01  0.000000e+00
   outer loop
     vertex  1.598864e+01  5.390797e+00  0.000000e+00
     vertex  1.605993e+01  5.373767e+00  5.000000e+00
     vertex  1.605993e+01  5.373767e+00  0.000000e+00
   endloop
 endfacet
 facet normal -1.336632e-01  9.910268e-01  0.000000e+00
   outer loop
     vertex  1.591600e+01  5.381000e+00  0.000000e+00
     vertex  1.591600e+01  5.381000e+00  5.000000e+00
     vertex  1.598864e+01  5.390797e+00  5.000000e+00
   endloop
 endfacet
 facet normal -1.336632e-01  9.910268e-01  0.000000e+00
   outer loop
     vertex  1.591600e+01  5.381000e+00  0.000000e+00
     vertex  1.598864e+01  5.390797e+00  5.000000e+00
     vertex  1.598864e+01  5.390797e+00  0.000000e+00
   endloop
 endfacet
 facet normal  9.658845e-01  2.589732e-01  0.000000e+00
   outer loop
     vertex  1.617200e+01  5.242000e+00  0.000000e+00
     vertex  1.662700e+01  3.545000e+00  5.000000e+00
     vertex  1.662700e+01  3.545000e+00  0.000000e+00
   endloop
 endfacet
 facet normal  9.658845e-01  2.589732e-01 -0.000000e+00
   outer loop
     vertex  1.617200e+01  5.242000e+00  0.000000e+00
     vertex  1.617200e+01  5.242000e+00  5.000000e+00
     vertex  1.662700e+01  3.545000e+00  5.000000e+00
   endloop
 endfacet
 facet normal  4.171760e-01 -9.088257e-01  0.000000e+00
   outer loop
     vertex  1.655561e+01  3.334003e+00  0.000000e+00
     vertex  1.647500e+01  3.297000e+00  5.000000e+00
     vertex  1.647500e+01  3.297000e+00  0.000000e+00
   endloop
 endfacet
 facet normal  4.171760e-01 -9.088257e-01  0.000000e+00
   outer loop
     vertex  1.655561e+01  3.334003e+00  0.000000e+00
     vertex  1.655561e+01  3.334003e+00  5.000000e+00
     vertex  1.647500e+01  3.297000e+00  5.000000e+00
   endloop
 endfacet
 facet normal  7.691752e-01 -6.390380e-01  0.000000e+00
   outer loop
     vertex  1.661229e+01  3.402228e+00  0.000000e+00
     vertex  1.661229e+01  3.402228e+00  5.000000e+00
     vertex  1.655561e+01  3.334003e+00  5.000000e+00
   endloop
 endfacet
 facet normal  7.691752e-01 -6.390380e-01  0.000000e+00
   outer loop
     vertex  1.661229e+01  3.402228e+00  0.000000e+00
     vertex  1.655561e+01  3.334003e+00  5.000000e+00
     vertex  1.655561e+01  3.334003e+00  0.000000e+00
   endloop
 endfacet
 facet normal  9.593406e-01 -2.822511e-01  0.000000e+00
   outer loop
     vertex  1.663290e+01  3.472250e+00  0.000000e+00
     vertex  1.663290e+01  3.472250e+00  5.000000e+00
     vertex  1.661229e+01  3.402228e+00  5.000000e+00
   endloop
 endfacet
 facet normal  9.593406e-01 -2.822511e-01  0.000000e+00
   outer loop
     vertex  1.663290e+01  3.472250e+00  0.000000e+00
     vertex  1.661229e+01  3.402228e+00  5.000000e+00
     vertex  1.661229e+01  3.402228e+00  0.000000e+00
   endloop
 endfacet
 facet normal  9.967326e-01  8.077258e-02 -0.000000e+00
   outer loop
     vertex  1.662700e+01  3.545000e+00  0.000000e+00
     vertex  1.662700e+01  3.545000e+00  5.000000e+00
     vertex  1.663290e+01  3.472250e+00  5.000000e+00
   endloop
 endfacet
 facet normal  9.967326e-01  8.077258e-02  0.000000e+00
   outer loop
     vertex  1.662700e+01  3.545000e+00  0.000000e+00
     vertex  1.663290e+01  3.472250e+00  5.000000e+00
     vertex  1.663290e+01  3.472250e+00  0.000000e+00
   endloop
 endfacet
 facet normal  2.075331e-01 -9.782280e-01  0.000000e+00
   outer loop
     vertex  1.647500e+01  3.297000e+00  0.000000e+00
     vertex  1.352900e+01  2.672000e+00  5.000000e+00
     vertex  1.352900e+01  2.672000e+00  0.000000e+00
   endloop
 endfacet
 facet normal  2.075331e-01 -9.782280e-01  0.000000e+00
   outer loop
     vertex  1.647500e+01  3.297000e+00  0.000000e+00
     vertex  1.647500e+01  3.297000e+00  5.000000e+00
     vertex  1.352900e+01  2.672000e+00  5.000000e+00
   endloop
 endfacet
 facet normal  9.875837e-01  1.570938e-01  0.000000e+00
   outer loop
     vertex  1.352900e+01  2.672000e+00  0.000000e+00
     vertex  1.369300e+01  1.641000e+00  5.000000e+00
     vertex  1.369300e+01  1.641000e+00  0.000000e+00
   endloop
 endfacet
 facet normal  9.875837e-01  1.570938e-01 -0.000000e+00
   outer loop
     vertex  1.352900e+01  2.672000e+00  0.000000e+00
     vertex  1.352900e+01  2.672000e+00  5.000000e+00
     vertex  1.369300e+01  1.641000e+00  5.000000e+00
   endloop
 endfacet
 facet normal -1.043044e-01  9.945454e-01  0.000000e+00
   outer loop
     vertex  1.369300e+01  1.641000e+00  0.000000e+00
     vertex  1.650000e+01  1.935388e+00  5.000000e+00
     vertex  1.650000e+01  1.935388e+00  0.000000e+00
   endloop
 endfacet
 facet normal -1.043044e-01  9.945454e-01  0.000000e+00
   outer loop
     vertex  1.369300e+01  1.641000e+00  0.000000e+00
     vertex  1.369300e+01  1.641000e+00  5.000000e+00
     vertex  1.650000e+01  1.935388e+00  5.000000e+00
   endloop
 endfacet
 facet normal  1.043271e-01 -9.945430e-01  0.000000e+00
   outer loop
     vertex  1.650000e+01  1.532978e+00  0.000000e+00
     vertex  1.354500e+01  1.223000e+00  5.000000e+00
     vertex  1.354500e+01  1.223000e+00  0.000000e+00
   endloop
 endfacet
 facet normal  1.043271e-01 -9.945430e-01  0.000000e+00
   outer loop
     vertex  1.650000e+01  1.532978e+00  0.000000e+00
     vertex  1.650000e+01  1.532978e+00  5.000000e+00
     vertex  1.354500e+01  1.223000e+00  5.000000e+00
   endloop
 endfacet
 facet normal -9.288465e-01 -3.704649e-01  0.000000e+00
   outer loop
     vertex  1.336086e+01  1.308612e+00  0.000000e+00
     vertex  1.332800e+01  1.391000e+00  5.000000e+00
     vertex  1.332800e+01  1.391000e+00  0.000000e+00
   endloop
 endfacet
 facet normal -9.288465e-01 -3.704649e-01  0.000000e+00
   outer loop
     vertex  1.336086e+01  1.308612e+00  0.000000e+00
     vertex  1.336086e+01  1.308612e+00  5.000000e+00
     vertex  1.332800e+01  1.391000e+00  5.000000e+00
   endloop
 endfacet
 facet normal -6.772903e-01 -7.357159e-01  0.000000e+00
   outer loop
     vertex  1.342612e+01  1.248537e+00  0.000000e+00
     vertex  1.342612e+01  1.248537e+00  5.000000e+00
     vertex  1.336086e+01  1.308612e+00  5.000000e+00
   endloop
 endfacet
 facet normal -6.772903e-01 -7.357159e-01  0.000000e+00
   outer loop
     vertex  1.342612e+01  1.248537e+00  0.000000e+00
     vertex  1.336086e+01  1.308612e+00  5.000000e+00
     vertex  1.336086e+01  1.308612e+00  0.000000e+00
   endloop
 endfacet
 facet normal -3.579107e-01 -9.337558e-01  0.000000e+00
   outer loop
     vertex  1.348357e+01  1.226515e+00  0.000000e+00
     vertex  1.348357e+01  1.226515e+00  5.000000e+00
     vertex  1.342612e+01  1.248537e+00  5.000000e+00
   endloop
 endfacet
 facet normal -3.579107e-01 -9.337558e-01  0.000000e+00
   outer loop
     vertex  1.348357e+01  1.226515e+00  0.000000e+00
     vertex  1.342612e+01  1.248537e+00  5.000000e+00
     vertex  1.342612e+01  1.248537e+00  0.000000e+00
   endloop
 endfacet
 facet normal -5.712431e-02 -9.983671e-01  0.000000e+00
   outer loop
     vertex  1.354500e+01  1.223000e+00  0.000000e+00
     vertex  1.354500e+01  1.223000e+00  5.000000e+00
     vertex  1.348357e+01  1.226515e+00  5.000000e+00
   endloop
 endfacet
 facet normal -5.712431e-02 -9.983671e-01  0.000000e+00
   outer loop
     vertex  1.354500e+01  1.223000e+00  0.000000e+00
     vertex  1.348357e+01  1.226515e+00  5.000000e+00
     vertex  1.348357e+01  1.226515e+00  0.000000e+00
   endloop
 endfacet
 facet normal -9.876545e-01 -1.566479e-01  0.000000e+00
   outer loop
     vertex  1.332800e+01  1.391000e+00  0.000000e+00
     vertex  1.310500e+01  2.797000e+00  5.000000e+00
     vertex  1.310500e+01  2.797000e+00  0.000000e+00
   endloop
 endfacet
 facet normal -9.876545e-01 -1.566479e-01  0.000000e+00
   outer loop
     vertex  1.332800e+01  1.391000e+00  0.000000e+00
     vertex  1.332800e+01  1.391000e+00  5.000000e+00
     vertex  1.310500e+01  2.797000e+00  5.000000e+00
   endloop
 endfacet
 facet normal -4.155823e-01  9.095556e-01  0.000000e+00
   outer loop
     vertex  1.318132e+01  2.986138e+00  0.000000e+00
     vertex  1.326200e+01  3.023000e+00  5.000000e+00
     vertex  1.326200e+01  3.023000e+00  0.000000e+00
   endloop
 endfacet
 facet normal -4.155823e-01  9.095556e-01  0.000000e+00
   outer loop
     vertex  1.318132e+01  2.986138e+00  0.000000e+00
     vertex  1.318132e+01  2.986138e+00  5.000000e+00
     vertex  1.326200e+01  3.023000e+00  5.000000e+00
   endloop
 endfacet
 facet normal -7.680538e-01  6.403853e-01  0.000000e+00
   outer loop
     vertex  1.312452e+01  2.918012e+00  0.000000e+00
     vertex  1.312452e+01  2.918012e+00  5.000000e+00
     vertex  1.318132e+01  2.986138e+00  5.000000e+00
   endloop
 endfacet
 facet normal -7.680538e-01  6.403853e-01  0.000000e+00
   outer loop
     vertex  1.312452e+01  2.918012e+00  0.000000e+00
     vertex  1.318132e+01  2.986138e+00  5.000000e+00
     vertex  1.318132e+01  2.986138e+00  0.000000e+00
   endloop
 endfacet
 facet normal -9.505897e-01  3.104500e-01  0.000000e+00
   outer loop
     vertex  1.310526e+01  2.859039e+00  0.000000e+00
     vertex  1.310526e+01  2.859039e+00  5.000000e+00
     vertex  1.312452e+01  2.918012e+00  5.000000e+00
   endloop
 endfacet
 facet normal -9.505897e-01  3.104500e-01  0.000000e+00
   outer loop
     vertex  1.310526e+01  2.859039e+00  0.000000e+00
     vertex  1.312452e+01  2.918012e+00  5.000000e+00
     vertex  1.312452e+01  2.918012e+00  0.000000e+00
   endloop
 endfacet
 facet normal -9.999911e-01  4.213337e-03  0.000000e+00
   outer loop
     vertex  1.310500e+01  2.797000e+00  0.000000e+00
     vertex  1.310500e+01  2.797000e+00  5.000000e+00
     vertex  1.310526e+01  2.859039e+00  5.000000e+00
   endloop
 endfacet
 facet normal -9.999911e-01  4.213337e-03  0.000000e+00
   outer loop
     vertex  1.310500e+01  2.797000e+00  0.000000e+00
     vertex  1.310526e+01  2.859039e+00  5.000000e+00
     vertex  1.310526e+01  2.859039e+00  0.000000e+00
   endloop
 endfacet
 facet normal -2.083868e-01  9.780465e-01  0.000000e+00
   outer loop
     vertex  1.326200e+01  3.023000e+00  0.000000e+00
     vertex  1.618600e+01  3.646000e+00  5.000000e+00
     vertex  1.618600e+01  3.646000e+00  0.000000e+00
   endloop
 endfacet
 facet normal -2.083868e-01  9.780465e-01  0.000000e+00
   outer loop
     vertex  1.326200e+01  3.023000e+00  0.000000e+00
     vertex  1.326200e+01  3.023000e+00  5.000000e+00
     vertex  1.618600e+01  3.646000e+00  5.000000e+00
   endloop
 endfacet
 facet normal -9.658611e-01 -2.590604e-01  0.000000e+00
   outer loop
     vertex  1.618600e+01  3.646000e+00  0.000000e+00
     vertex  1.584000e+01  4.936000e+00  5.000000e+00
     vertex  1.584000e+01  4.936000e+00  0.000000e+00
   endloop
 endfacet
 facet normal -9.658611e-01 -2.590604e-01  0.000000e+00
   outer loop
     vertex  1.618600e+01  3.646000e+00  0.000000e+00
     vertex  1.618600e+01  3.646000e+00  5.000000e+00
     vertex  1.584000e+01  4.936000e+00  5.000000e+00
   endloop
 endfacet
 facet normal  3.083902e-01 -9.512600e-01  0.000000e+00
   outer loop
     vertex  1.584000e+01  4.936000e+00  0.000000e+00
     vertex  1.299600e+01  4.014000e+00  5.000000e+00
     vertex  1.299600e+01  4.014000e+00  0.000000e+00
   endloop
 endfacet
 facet normal  3.083902e-01 -9.512600e-01  0.000000e+00
   outer loop
     vertex  1.584000e+01  4.936000e+00  0.000000e+00
     vertex  1.584000e+01  4.936000e+00  5.000000e+00
     vertex  1.299600e+01  4.014000e+00  5.000000e+00
   endloop
 endfacet
 facet normal -8.263204e-01 -5.632004e-01  0.000000e+00
   outer loop
     vertex  1.279796e+01  4.057706e+00  0.000000e+00
     vertex  1.274800e+01  4.131000e+00  5.000000e+00
     vertex  1.274800e+01  4.131000e+00  0.000000e+00
   endloop
 endfacet
 facet normal -8.263204e-01 -5.632004e-01  0.000000e+00
   outer loop
     vertex  1.279796e+01  4.057706e+00  0.000000e+00
     vertex  1.279796e+01  4.057706e+00  5.000000e+00
     vertex  1.274800e+01  4.131000e+00  5.000000e+00
   endloop
 endfacet
 facet normal -5.014977e-01 -8.651590e-01  0.000000e+00
   outer loop
     vertex  1.287469e+01  4.013224e+00  0.000000e+00
     vertex  1.287469e+01  4.013224e+00  5.000000e+00
     vertex  1.279796e+01  4.057706e+00  5.000000e+00
   endloop
 endfacet
 facet normal -5.014977e-01 -8.651590e-01  0.000000e+00
   outer loop
     vertex  1.287469e+01  4.013224e+00  0.000000e+00
     vertex  1.279796e+01  4.057706e+00  5.000000e+00
     vertex  1.279796e+01  4.057706e+00  0.000000e+00
   endloop
 endfacet
 facet normal -1.471248e-01 -9.891179e-01  0.000000e+00
   outer loop
     vertex  1.293541e+01  4.004193e+00  0.000000e+00
     vertex  1.293541e+01  4.004193e+00  5.000000e+00
     vertex  1.287469e+01  4.013224e+00  5.000000e+00
   endloop
 endfacet
 facet normal -1.471248e-01 -9.891179e-01  0.000000e+00
   outer loop
     vertex  1.293541e+01  4.004193e+00  0.000000e+00
     vertex  1.287469e+01  4.013224e+00  5.000000e+00
     vertex  1.287469e+01  4.013224e+00  0.000000e+00
   endloop
 endfacet
 facet normal  1.597742e-01 -9.871536e-01  0.000000e+00
   outer loop
     vertex  1.299600e+01  4.014000e+00  0.000000e+00
     vertex  1.299600e+01  4.014000e+00  5.000000e+00
     vertex  1.293541e+01  4.004193e+00  5.000000e+00
   endloop
 endfacet
 facet normal  1.597742e-01 -9.871536e-01  0.000000e+00
   outer loop
     vertex  1.299600e+01  4.014000e+00  0.000000e+00
     vertex  1.293541e+01  4.004193e+00  5.000000e+00
     vertex  1.293541e+01  4.004193e+00  0.000000e+00
   endloop
 endfacet
 facet normal -9.332371e-01 -3.592612e-01  0.000000e+00
   outer loop
     vertex  1.274800e+01  4.131000e+00  0.000000e+00
     vertex  1.223600e+01  5.461000e+00  5.000000e+00
     vertex  1.223600e+01  5.461000e+00  0.000000e+00
   endloop
 endfacet
 facet normal -9.332371e-01 -3.592612e-01  0.000000e+00
   outer loop
     vertex  1.274800e+01  4.131000e+00  0.000000e+00
     vertex  1.274800e+01  4.131000e+00  5.000000e+00
     vertex  1.223600e+01  5.461000e+00  5.000000e+00
   endloop
 endfacet
 facet normal -5.973698e-01  8.019659e-01  0.000000e+00
   outer loop
     vertex  1.227087e+01  5.662014e+00  0.000000e+00
     vertex  1.234200e+01  5.715000e+00  5.000000e+00
     vertex  1.234200e+01  5.715000e+00  0.000000e+00
   endloop
 endfacet
 facet normal -5.973698e-01  8.019659e-01  0.000000e+00
   outer loop
     vertex  1.227087e+01  5.662014e+00  0.000000e+00
     vertex  1.227087e+01  5.662014e+00  5.000000e+00
     vertex  1.234200e+01  5.715000e+00  5.000000e+00
   endloop
 endfacet
 facet normal -8.854358e-01  4.647616e-01  0.000000e+00
   outer loop
     vertex  1.222964e+01  5.583476e+00  0.000000e+00
     vertex  1.222964e+01  5.583476e+00  5.000000e+00
     vertex  1.227087e+01  5.662014e+00  5.000000e+00
   endloop
 endfacet
 facet normal -8.854358e-01  4.647616e-01  0.000000e+00
   outer loop
     vertex  1.222964e+01  5.583476e+00  0.000000e+00
     vertex  1.227087e+01  5.662014e+00  5.000000e+00
     vertex  1.227087e+01  5.662014e+00  0.000000e+00
   endloop
 endfacet
 facet normal -9.946023e-01  1.037604e-01  0.000000e+00
   outer loop
     vertex  1.222320e+01  5.521739e+00  0.000000e+00
     vertex  1.222320e+01  5.521739e+00  5.000000e+00
     vertex  1.222964e+01  5.583476e+00  5.000000e+00
   endloop
 endfacet
 facet normal -9.946023e-01  1.037604e-01  0.000000e+00
   outer loop
     vertex  1.222320e+01  5.521739e+00  0.000000e+00
     vertex  1.222964e+01  5.583476e+00  5.000000e+00
     vertex  1.222964e+01  5.583476e+00  0.000000e+00
   endloop
 endfacet
 facet normal -9.785130e-01 -2.061850e-01  0.000000e+00
   outer loop
     vertex  1.223600e+01  5.461000e+00  0.000000e+00
     vertex  1.223600e+01  5.461000e+00  5.000000e+00
     vertex  1.222320e+01  5.521739e+00  5.000000e+00
   endloop
 endfacet
 facet normal -9.785130e-01 -2.061850e-01  0.000000e+00
   outer loop
     vertex  1.223600e+01  5.461000e+00  0.000000e+00
     vertex  1.222320e+01  5.521739e+00  5.000000e+00
     vertex  1.222320e+01  5.521739e+00  0.000000e+00
   endloop
 endfacet
 facet normal -4.063557e-01  9.137150e-01  0.000000e+00
   outer loop
     vertex  1.507400e+01  6.930000e+00  0.000000e+00
     vertex  1.234200e+01  5.715000e+00  5.000000e+00
     vertex  1.507400e+01  6.930000e+00  5.000000e+00
   endloop
 endfacet
 facet normal -4.063557e-01  9.137150e-01  0.000000e+00
   outer loop
     vertex  1.234200e+01  5.715000e+00  0.000000e+00
     vertex  1.234200e+01  5.715000e+00  5.000000e+00
     vertex  1.507400e+01  6.930000e+00  0.000000e+00
   endloop
 endfacet
 facet normal -8.909596e-01 -4.540827e-01  0.000000e+00
   outer loop
     vertex  1.507400e+01  6.930000e+00  0.000000e+00
     vertex  1.446700e+01  8.121000e+00  5.000000e+00
     vertex  1.446700e+01  8.121000e+00  0.000000e+00
   endloop
 endfacet
 facet normal -8.909596e-01 -4.540827e-01  0.000000e+00
   outer loop
     vertex  1.507400e+01  6.930000e+00  0.000000e+00
     vertex  1.507400e+01  6.930000e+00  5.000000e+00
     vertex  1.446700e+01  8.121000e+00  5.000000e+00
   endloop
 endfacet
 facet normal  4.999542e-01 -8.660518e-01  0.000000e+00
   outer loop
     vertex  1.446700e+01  8.121000e+00  0.000000e+00
     vertex  1.187900e+01  6.627000e+00  5.000000e+00
     vertex  1.187900e+01  6.627000e+00  0.000000e+00
   endloop
 endfacet
 facet normal  4.999542e-01 -8.660518e-01  0.000000e+00
   outer loop
     vertex  1.446700e+01  8.121000e+00  0.000000e+00
     vertex  1.446700e+01  8.121000e+00  5.000000e+00
     vertex  1.187900e+01  6.627000e+00  5.000000e+00
   endloop
 endfacet
 facet normal -7.002542e-01 -7.138936e-01  0.000000e+00
   outer loop
     vertex  1.167232e+01  6.628888e+00  0.000000e+00
     vertex  1.160900e+01  6.691000e+00  5.000000e+00
     vertex  1.160900e+01  6.691000e+00  0.000000e+00
   endloop
 endfacet
 facet normal -7.002542e-01 -7.138936e-01  0.000000e+00
   outer loop
     vertex  1.167232e+01  6.628888e+00  0.000000e+00
     vertex  1.167232e+01  6.628888e+00  5.000000e+00
     vertex  1.160900e+01  6.691000e+00  5.000000e+00
   endloop
 endfacet
 facet normal -3.226613e-01 -9.465145e-01  0.000000e+00
   outer loop
     vertex  1.175628e+01  6.600268e+00  0.000000e+00
     vertex  1.175628e+01  6.600268e+00  5.000000e+00
     vertex  1.167232e+01  6.628888e+00  5.000000e+00
   endloop
 endfacet
 facet normal -3.226613e-01 -9.465145e-01  0.000000e+00
   outer loop
     vertex  1.175628e+01  6.600268e+00  0.000000e+00
     vertex  1.167232e+01  6.628888e+00  5.000000e+00
     vertex  1.167232e+01  6.628888e+00  0.000000e+00
   endloop
 endfacet
 facet normal  5.474213e-02 -9.985005e-01  0.000000e+00
   outer loop
     vertex  1.181979e+01  6.603750e+00  0.000000e+00
     vertex  1.181979e+01  6.603750e+00  5.000000e+00
     vertex  1.175628e+01  6.600268e+00  5.000000e+00
   endloop
 endfacet
 facet normal  5.474213e-02 -9.985005e-01  0.000000e+00
   outer loop
     vertex  1.181979e+01  6.603750e+00  0.000000e+00
     vertex  1.175628e+01  6.600268e+00  5.000000e+00
     vertex  1.175628e+01  6.600268e+00  0.000000e+00
   endloop
 endfacet
 facet normal  3.655044e-01 -9.308096e-01  0.000000e+00
   outer loop
     vertex  1.187900e+01  6.627000e+00  0.000000e+00
     vertex  1.187900e+01  6.627000e+00  5.000000e+00
     vertex  1.181979e+01  6.603750e+00  5.000000e+00
   endloop
 endfacet
 facet normal  3.655044e-01 -9.308096e-01  0.000000e+00
   outer loop
     vertex  1.187900e+01  6.627000e+00  0.000000e+00
     vertex  1.181979e+01  6.603750e+00  5.000000e+00
     vertex  1.181979e+01  6.603750e+00  0.000000e+00
   endloop
 endfacet
 facet normal -8.394381e-01 -5.434553e-01  0.000000e+00
   outer loop
     vertex  1.160900e+01  6.691000e+00  0.000000e+00
     vertex  1.083600e+01  7.885000e+00  5.000000e+00
     vertex  1.083600e+01  7.885000e+00  0.000000e+00
   endloop
 endfacet
 facet normal -8.394381e-01 -5.434553e-01  0.000000e+00
   outer loop
     vertex  1.160900e+01  6.691000e+00  0.000000e+00
     vertex  1.160900e+01  6.691000e+00  5.000000e+00
     vertex  1.083600e+01  7.885000e+00  5.000000e+00
   endloop
 endfacet
 facet normal -7.553087e-01  6.553692e-01  0.000000e+00
   outer loop
     vertex  1.082687e+01  8.089005e+00  0.000000e+00
     vertex  1.088500e+01  8.156000e+00  5.000000e+00
     vertex  1.088500e+01  8.156000e+00  0.000000e+00
   endloop
 endfacet
 facet normal -7.553087e-01  6.553692e-01  0.000000e+00
   outer loop
     vertex  1.082687e+01  8.089005e+00  0.000000e+00
     vertex  1.082687e+01  8.089005e+00  5.000000e+00
     vertex  1.088500e+01  8.156000e+00  5.000000e+00
   endloop
 endfacet
 facet normal -9.644459e-01  2.642804e-01  0.000000e+00
   outer loop
     vertex  1.080343e+01  8.003459e+00  0.000000e+00
     vertex  1.080343e+01  8.003459e+00  5.000000e+00
     vertex  1.082687e+01  8.089005e+00  5.000000e+00
   endloop
 endfacet
 facet normal -9.644459e-01  2.642804e-01  0.000000e+00
   outer loop
     vertex  1.080343e+01  8.003459e+00  0.000000e+00
     vertex  1.082687e+01  8.089005e+00  5.000000e+00
     vertex  1.082687e+01  8.089005e+00  0.000000e+00
   endloop
 endfacet
 facet normal -9.937075e-01 -1.120062e-01  0.000000e+00
   outer loop
     vertex  1.081039e+01  7.941667e+00  0.000000e+00
     vertex  1.081039e+01  7.941667e+00  5.000000e+00
     vertex  1.080343e+01  8.003459e+00  5.000000e+00
   endloop
 endfacet
 facet normal -9.937075e-01 -1.120062e-01  0.000000e+00
   outer loop
     vertex  1.081039e+01  7.941667e+00  0.000000e+00
     vertex  1.080343e+01  8.003459e+00  5.000000e+00
     vertex  1.080343e+01  8.003459e+00  0.000000e+00
   endloop
 endfacet
 facet normal -9.112748e-01 -4.117988e-01  0.000000e+00
   outer loop
     vertex  1.083600e+01  7.885000e+00  0.000000e+00
     vertex  1.083600e+01  7.885000e+00  5.000000e+00
     vertex  1.081039e+01  7.941667e+00  5.000000e+00
   endloop
 endfacet
 facet normal -9.112748e-01 -4.117988e-01  0.000000e+00
   outer loop
     vertex  1.083600e+01  7.885000e+00  0.000000e+00
     vertex  1.081039e+01  7.941667e+00  5.000000e+00
     vertex  1.081039e+01  7.941667e+00  0.000000e+00
   endloop
 endfacet
 facet normal -5.880524e-01  8.088229e-01  0.000000e+00
   outer loop
     vertex  1.088500e+01  8.156000e+00  0.000000e+00
     vertex  1.330300e+01  9.914000e+00  5.000000e+00
     vertex  1.330300e+01  9.914000e+00  0.000000e+00
   endloop
 endfacet
 facet normal -5.880524e-01  8.088229e-01  0.000000e+00
   outer loop
     vertex  1.088500e+01  8.156000e+00  0.000000e+00
     vertex  1.088500e+01  8.156000e+00  5.000000e+00
     vertex  1.330300e+01  9.914000e+00  5.000000e+00
   endloop
 endfacet
 facet normal -7.770529e-01 -6.294353e-01  0.000000e+00
   outer loop
     vertex  1.330300e+01  9.914000e+00  0.000000e+00
     vertex  1.246300e+01  1.095100e+01  5.000000e+00
     vertex  1.246300e+01  1.095100e+01  0.000000e+00
   endloop
 endfacet
 facet normal -7.770529e-01 -6.294353e-01  0.000000e+00
   outer loop
     vertex  1.330300e+01  9.914000e+00  0.000000e+00
     vertex  1.330300e+01  9.914000e+00  5.000000e+00
     vertex  1.246300e+01  1.095100e+01  5.000000e+00
   endloop
 endfacet
 facet normal  6.688354e-01 -7.434105e-01  0.000000e+00
   outer loop
     vertex  1.246300e+01  1.095100e+01  0.000000e+00
     vertex  1.024000e+01  8.951000e+00  5.000000e+00
     vertex  1.024000e+01  8.951000e+00  0.000000e+00
   endloop
 endfacet
 facet normal  6.688354e-01 -7.434105e-01  0.000000e+00
   outer loop
     vertex  1.246300e+01  1.095100e+01  0.000000e+00
     vertex  1.246300e+01  1.095100e+01  5.000000e+00
     vertex  1.024000e+01  8.951000e+00  5.000000e+00
   endloop
 endfacet
 facet normal -5.345010e-01 -8.451678e-01  0.000000e+00
   outer loop
     vertex  1.003997e+01  8.911590e+00  0.000000e+00
     vertex  9.965000e+00  8.959000e+00  5.000000e+00
     vertex  9.965000e+00  8.959000e+00  0.000000e+00
   endloop
 endfacet
 facet normal -5.345010e-01 -8.451678e-01  0.000000e+00
   outer loop
     vertex  1.003997e+01  8.911590e+00  0.000000e+00
     vertex  1.003997e+01  8.911590e+00  5.000000e+00
     vertex  9.965000e+00  8.959000e+00  5.000000e+00
   endloop
 endfacet
 facet normal -1.164389e-01 -9.931979e-01  0.000000e+00
   outer loop
     vertex  1.012806e+01  8.901262e+00  0.000000e+00
     vertex  1.012806e+01  8.901262e+00  5.000000e+00
     vertex  1.003997e+01  8.911590e+00  5.000000e+00
   endloop
 endfacet
 facet normal -1.164389e-01 -9.931979e-01  0.000000e+00
   outer loop
     vertex  1.012806e+01  8.901262e+00  0.000000e+00
     vertex  1.003997e+01  8.911590e+00  5.000000e+00
     vertex  1.003997e+01  8.911590e+00  0.000000e+00
   endloop
 endfacet
 facet normal  2.595121e-01 -9.657398e-01  0.000000e+00
   outer loop
     vertex  1.018793e+01  8.917350e+00  0.000000e+00
     vertex  1.018793e+01  8.917350e+00  5.000000e+00
     vertex  1.012806e+01  8.901262e+00  5.000000e+00
   endloop
 endfacet
 facet normal  2.595121e-01 -9.657398e-01  0.000000e+00
   outer loop
     vertex  1.018793e+01  8.917350e+00  0.000000e+00
     vertex  1.012806e+01  8.901262e+00  5.000000e+00
     vertex  1.012806e+01  8.901262e+00  0.000000e+00
   endloop
 endfacet
 facet normal  5.427810e-01 -8.398743e-01  0.000000e+00
   outer loop
     vertex  1.024000e+01  8.951000e+00  0.000000e+00
     vertex  1.024000e+01  8.951000e+00  5.000000e+00
     vertex  1.018793e+01  8.917350e+00  5.000000e+00
   endloop
 endfacet
 facet normal  5.427810e-01 -8.398743e-01  0.000000e+00
   outer loop
     vertex  1.024000e+01  8.951000e+00  0.000000e+00
     vertex  1.018793e+01  8.917350e+00  5.000000e+00
     vertex  1.018793e+01  8.917350e+00  0.000000e+00
   endloop
 endfacet
 facet normal -7.071068e-01 -7.071068e-01  0.000000e+00
   outer loop
     vertex  9.965000e+00  8.959000e+00  0.000000e+00
     vertex  8.959000e+00  9.965000e+00  5.000000e+00
     vertex  8.959000e+00  9.965000e+00  0.000000e+00
   endloop
 endfacet
 facet normal -7.071068e-01 -7.071068e-01  0.000000e+00
   outer loop
     vertex  9.965000e+00  8.959000e+00  0.000000e+00
     vertex  9.965000e+00  8.959000e+00  5.000000e+00
     vertex  8.959000e+00  9.965000e+00  5.000000e+00
   endloop
 endfacet
 facet normal -8.748105e-01  4.844653e-01  0.000000e+00
   outer loop
     vertex  8.908028e+00  1.016240e+01  0.000000e+00
     vertex  8.951000e+00  1.024000e+01  5.000000e+00
     vertex  8.951000e+00  1.024000e+01  0.000000e+00
   endloop
 endfacet
 facet normal -8.748105e-01  4.844653e-01  0.000000e+00
   outer loop
     vertex  8.908028e+00  1.016240e+01  0.000000e+00
     vertex  8.908028e+00  1.016240e+01  5.000000e+00
     vertex  8.951000e+00  1.024000e+01  5.000000e+00
   endloop
 endfacet
 facet normal -9.982871e-01  5.850483e-02  0.000000e+00
   outer loop
     vertex  8.902839e+00  1.007386e+01  0.000000e+00
     vertex  8.902839e+00  1.007386e+01  5.000000e+00
     vertex  8.908028e+00  1.016240e+01  5.000000e+00
   endloop
 endfacet
 facet normal -9.982871e-01  5.850483e-02  0.000000e+00
   outer loop
     vertex  8.902839e+00  1.007386e+01  0.000000e+00
     vertex  8.908028e+00  1.016240e+01  5.000000e+00
     vertex  8.908028e+00  1.016240e+01  0.000000e+00
   endloop
 endfacet
 facet normal -9.490205e-01 -3.152143e-01  0.000000e+00
   outer loop
     vertex  8.922381e+00  1.001502e+01  0.000000e+00
     vertex  8.922381e+00  1.001502e+01  5.000000e+00
     vertex  8.902839e+00  1.007386e+01  5.000000e+00
   endloop
 endfacet
 facet normal -9.490205e-01 -3.152143e-01  0.000000e+00
   outer loop
     vertex  8.922381e+00  1.001502e+01  0.000000e+00
     vertex  8.902839e+00  1.007386e+01  5.000000e+00
     vertex  8.902839e+00  1.007386e+01  0.000000e+00
   endloop
 endfacet
 facet normal -8.069007e-01 -5.906872e-01  0.000000e+00
   outer loop
     vertex  8.959000e+00  9.965000e+00  0.000000e+00
     vertex  8.959000e+00  9.965000e+00  5.000000e+00
     vertex  8.922381e+00  1.001502e+01  5.000000e+00
   endloop
 endfacet
 facet normal -8.069007e-01 -5.906872e-01  0.000000e+00
   outer loop
     vertex  8.959000e+00  9.965000e+00  0.000000e+00
     vertex  8.922381e+00  1.001502e+01  5.000000e+00
     vertex  8.922381e+00  1.001502e+01  0.000000e+00
   endloop
 endfacet
 facet normal -7.434105e-01  6.688354e-01  0.000000e+00
   outer loop
     vertex  8.951000e+00  1.024000e+01  0.000000e+00
     vertex  1.095100e+01  1.246300e+01  5.000000e+00
     vertex  1.095100e+01  1.246300e+01  0.000000e+00
   endloop
 endfacet
 facet normal -7.434105e-01  6.688354e-01  0.000000e+00
   outer loop
     vertex  8.951000e+00  1.024000e+01  0.000000e+00
     vertex  8.951000e+00  1.024000e+01  5.000000e+00
     vertex  1.095100e+01  1.246300e+01  5.000000e+00
   endloop
 endfacet
 facet normal -6.294353e-01 -7.770529e-01  0.000000e+00
   outer loop
     vertex  1.095100e+01  1.246300e+01  0.000000e+00
     vertex  9.914000e+00  1.330300e+01  5.000000e+00
     vertex  9.914000e+00  1.330300e+01  0.000000e+00
   endloop
 endfacet
 facet normal -6.294353e-01 -7.770529e-01  0.000000e+00
   outer loop
     vertex  1.095100e+01  1.246300e+01  0.000000e+00
     vertex  1.095100e+01  1.246300e+01  5.000000e+00
     vertex  9.914000e+00  1.330300e+01  5.000000e+00
   endloop
 endfacet
 facet normal  8.088229e-01 -5.880524e-01  0.000000e+00
   outer loop
     vertex  9.914000e+00  1.330300e+01  0.000000e+00
     vertex  8.156000e+00  1.088500e+01  5.000000e+00
     vertex  8.156000e+00  1.088500e+01  0.000000e+00
   endloop
 endfacet
 facet normal  8.088229e-01 -5.880524e-01  0.000000e+00
   outer loop
     vertex  9.914000e+00  1.330300e+01  0.000000e+00
     vertex  9.914000e+00  1.330300e+01  5.000000e+00
     vertex  8.156000e+00  1.088500e+01  5.000000e+00
   endloop
 endfacet
 facet normal -3.493834e-01 -9.369798e-01  0.000000e+00
   outer loop
     vertex  7.968109e+00  1.080501e+01  0.000000e+00
     vertex  7.885000e+00  1.083600e+01  5.000000e+00
     vertex  7.885000e+00  1.083600e+01  0.000000e+00
   endloop
 endfacet
 facet normal -3.493834e-01 -9.369798e-01  0.000000e+00
   outer loop
     vertex  7.968109e+00  1.080501e+01  0.000000e+00
     vertex  7.968109e+00  1.080501e+01  5.000000e+00
     vertex  7.885000e+00  1.083600e+01  5.000000e+00
   endloop
 endfacet
 facet normal  9.017793e-02 -9.959257e-01  0.000000e+00
   outer loop
     vertex  8.056447e+00  1.081301e+01  0.000000e+00
     vertex  8.056447e+00  1.081301e+01  5.000000e+00
     vertex  7.968109e+00  1.080501e+01  5.000000e+00
   endloop
 endfacet
 facet normal  9.017793e-02 -9.959257e-01  0.000000e+00
   outer loop
     vertex  8.056447e+00  1.081301e+01  0.000000e+00
     vertex  7.968109e+00  1.080501e+01  5.000000e+00
     vertex  7.968109e+00  1.080501e+01  0.000000e+00
   endloop
 endfacet
 facet normal  4.528864e-01 -8.915683e-01  0.000000e+00
   outer loop
     vertex  8.111888e+00  1.084117e+01  0.000000e+00
     vertex  8.111888e+00  1.084117e+01  5.000000e+00
     vertex  8.056447e+00  1.081301e+01  5.000000e+00
   endloop
 endfacet
 facet normal  4.528864e-01 -8.915683e-01  0.000000e+00
   outer loop
     vertex  8.111888e+00  1.084117e+01  0.000000e+00
     vertex  8.056447e+00  1.081301e+01  5.000000e+00
     vertex  8.056447e+00  1.081301e+01  0.000000e+00
   endloop
 endfacet
 facet normal  7.048314e-01 -7.093749e-01  0.000000e+00
   outer loop
     vertex  8.156000e+00  1.088500e+01  0.000000e+00
     vertex  8.156000e+00  1.088500e+01  5.000000e+00
     vertex  8.111888e+00  1.084117e+01  5.000000e+00
   endloop
 endfacet
 facet normal  7.048314e-01 -7.093749e-01  0.000000e+00
   outer loop
     vertex  8.156000e+00  1.088500e+01  0.000000e+00
     vertex  8.111888e+00  1.084117e+01  5.000000e+00
     vertex  8.111888e+00  1.084117e+01  0.000000e+00
   endloop
 endfacet
 facet normal -5.434553e-01 -8.394381e-01  0.000000e+00
   outer loop
     vertex  7.885000e+00  1.083600e+01  0.000000e+00
     vertex  6.691000e+00  1.160900e+01  5.000000e+00
     vertex  6.691000e+00  1.160900e+01  0.000000e+00
   endloop
 endfacet
 facet normal -5.434553e-01 -8.394381e-01  0.000000e+00
   outer loop
     vertex  7.885000e+00  1.083600e+01  0.000000e+00
     vertex  7.885000e+00  1.083600e+01  5.000000e+00
     vertex  6.691000e+00  1.160900e+01  5.000000e+00
   endloop
 endfacet
 facet normal -9.522510e-01  3.053162e-01  0.000000e+00
   outer loop
     vertex  6.599919e+00  1.179454e+01  0.000000e+00
     vertex  6.627000e+00  1.187900e+01  5.000000e+00
     vertex  6.627000e+00  1.187900e+01  0.000000e+00
   endloop
 endfacet
 facet normal -9.522510e-01  3.053162e-01  0.000000e+00
   outer loop
     vertex  6.599919e+00  1.179454e+01  0.000000e+00
     vertex  6.599919e+00  1.179454e+01  5.000000e+00
     vertex  6.627000e+00  1.187900e+01  5.000000e+00
   endloop
 endfacet
 facet normal -9.906379e-01 -1.365155e-01  0.000000e+00
   outer loop
     vertex  6.612028e+00  1.170667e+01  0.000000e+00
     vertex  6.612028e+00  1.170667e+01  5.000000e+00
     vertex  6.599919e+00  1.179454e+01  5.000000e+00
   endloop
 endfacet
 facet normal -9.906379e-01 -1.365155e-01  0.000000e+00
   outer loop
     vertex  6.612028e+00  1.170667e+01  0.000000e+00
     vertex  6.599919e+00  1.179454e+01  5.000000e+00
     vertex  6.599919e+00  1.179454e+01  0.000000e+00
   endloop
 endfacet
 facet normal -8.676937e-01 -4.970993e-01  0.000000e+00
   outer loop
     vertex  6.643648e+00  1.165147e+01  0.000000e+00
     vertex  6.643648e+00  1.165147e+01  5.000000e+00
     vertex  6.612028e+00  1.170667e+01  5.000000e+00
   endloop
 endfacet
 facet normal -8.676937e-01 -4.970993e-01  0.000000e+00
   outer loop
     vertex  6.643648e+00  1.165147e+01  0.000000e+00
     vertex  6.612028e+00  1.170667e+01  5.000000e+00
     vertex  6.612028e+00  1.170667e+01  0.000000e+00
   endloop
 endfacet
 facet normal -6.677177e-01 -7.444146e-01  0.000000e+00
   outer loop
     vertex  6.691000e+00  1.160900e+01  0.000000e+00
     vertex  6.691000e+00  1.160900e+01  5.000000e+00
     vertex  6.643648e+00  1.165147e+01  5.000000e+00
   endloop
 endfacet
 facet normal -6.677177e-01 -7.444146e-01  0.000000e+00
   outer loop
     vertex  6.691000e+00  1.160900e+01  0.000000e+00
     vertex  6.643648e+00  1.165147e+01  5.000000e+00
     vertex  6.643648e+00  1.165147e+01  0.000000e+00
   endloop
 endfacet
 facet normal -8.660518e-01  4.999542e-01  0.000000e+00
   outer loop
     vertex  6.627000e+00  1.187900e+01  0.000000e+00
     vertex  8.121000e+00  1.446700e+01  5.000000e+00
     vertex  8.121000e+00  1.446700e+01  0.000000e+00
   endloop
 endfacet
 facet normal -8.660518e-01  4.999542e-01  0.000000e+00
   outer loop
     vertex  6.627000e+00  1.187900e+01  0.000000e+00
     vertex  6.627000e+00  1.187900e+01  5.000000e+00
     vertex  8.121000e+00  1.446700e+01  5.000000e+00
   endloop
 endfacet
 facet normal -4.540827e-01 -8.909596e-01  0.000000e+00
   outer loop
     vertex  8.121000e+00  1.446700e+01  0.000000e+00
     vertex  6.930000e+00  1.507400e+01  5.000000e+00
     vertex  6.930000e+00  1.507400e+01  0.000000e+00
   endloop
 endfacet
 facet normal -4.540827e-01 -8.909596e-01  0.000000e+00
   outer loop
     vertex  8.121000e+00  1.446700e+01  0.000000e+00
     vertex  8.121000e+00  1.446700e+01  5.000000e+00
     vertex  6.930000e+00  1.507400e+01  5.000000e+00
   endloop
 endfacet
 facet normal  9.137150e-01 -4.063557e-01  0.000000e+00
   outer loop
     vertex  6.930000e+00  1.507400e+01  0.000000e+00
     vertex  5.715000e+00  1.234200e+01  5.000000e+00
     vertex  5.715000e+00  1.234200e+01  0.000000e+00
   endloop
 endfacet
 facet normal  9.137150e-01 -4.063557e-01  0.000000e+00
   outer loop
     vertex  6.930000e+00  1.507400e+01  0.000000e+00
     vertex  6.930000e+00  1.507400e+01  5.000000e+00
     vertex  5.715000e+00  1.234200e+01  5.000000e+00
   endloop
 endfacet
 facet normal -1.394231e-01 -9.902329e-01  0.000000e+00
   outer loop
     vertex  5.548833e+00  1.222363e+01  0.000000e+00
     vertex  5.461000e+00  1.223600e+01  5.000000e+00
     vertex  5.461000e+00  1.223600e+01  0.000000e+00
   endloop
 endfacet
 facet normal -1.394231e-01 -9.902329e-01  0.000000e+00
   outer loop
     vertex  5.548833e+00  1.222363e+01  0.000000e+00
     vertex  5.548833e+00  1.222363e+01  5.000000e+00
     vertex  5.461000e+00  1.223600e+01  5.000000e+00
   endloop
 endfacet
 facet normal  3.025194e-01 -9.531432e-01  0.000000e+00
   outer loop
     vertex  5.633376e+00  1.225047e+01  0.000000e+00
     vertex  5.633376e+00  1.225047e+01  5.000000e+00
     vertex  5.548833e+00  1.222363e+01  5.000000e+00
   endloop
 endfacet
 facet normal  3.025194e-01 -9.531432e-01  0.000000e+00
   outer loop
     vertex  5.633376e+00  1.225047e+01  0.000000e+00
     vertex  5.548833e+00  1.222363e+01  5.000000e+00
     vertex  5.548833e+00  1.222363e+01  0.000000e+00
   endloop
 endfacet
 facet normal  6.340293e-01 -7.733090e-01  0.000000e+00
   outer loop
     vertex  5.681377e+00  1.228982e+01  0.000000e+00
     vertex  5.681377e+00  1.228982e+01  5.000000e+00
     vertex  5.633376e+00  1.225047e+01  5.000000e+00
   endloop
 endfacet
 facet normal  6.340293e-01 -7.733090e-01  0.000000e+00
   outer loop
     vertex  5.681377e+00  1.228982e+01  0.000000e+00
     vertex  5.633376e+00  1.225047e+01  5.000000e+00
     vertex  5.633376e+00  1.225047e+01  0.000000e+00
   endloop
 endfacet
 facet normal  8.405917e-01 -5.416692e-01  0.000000e+00
   outer loop
     vertex  5.715000e+00  1.234200e+01  0.000000e+00
     vertex  5.715000e+00  1.234200e+01  5.000000e+00
     vertex  5.681377e+00  1.228982e+01  5.000000e+00
   endloop
 endfacet
 facet normal  8.405917e-01 -5.416692e-01  0.000000e+00
   outer loop
     vertex  5.715000e+00  1.234200e+01  0.000000e+00
     vertex  5.681377e+00  1.228982e+01  5.000000e+00
     vertex  5.681377e+00  1.228982e+01  0.000000e+00
   endloop
 endfacet
 facet normal -3.592612e-01 -9.332371e-01  0.000000e+00
   outer loop
     vertex  5.461000e+00  1.223600e+01  0.000000e+00
     vertex  4.131000e+00  1.274800e+01  5.000000e+00
     vertex  4.131000e+00  1.274800e+01  0.000000e+00
   endloop
 endfacet
 facet normal -3.592612e-01 -9.332371e-01  0.000000e+00
   outer loop
     vertex  5.461000e+00  1.223600e+01  0.000000e+00
     vertex  5.461000e+00  1.223600e+01  5.000000e+00
     vertex  4.131000e+00  1.274800e+01  5.000000e+00
   endloop
 endfacet
 facet normal -9.958699e-01  9.079123e-02  0.000000e+00
   outer loop
     vertex  4.005947e+00  1.290767e+01  0.000000e+00
     vertex  4.014000e+00  1.299600e+01  5.000000e+00
     vertex  4.014000e+00  1.299600e+01  0.000000e+00
   endloop
 endfacet
 facet normal -9.958699e-01  9.079123e-02  0.000000e+00
   outer loop
     vertex  4.005947e+00  1.290767e+01  0.000000e+00
     vertex  4.005947e+00  1.290767e+01  5.000000e+00
     vertex  4.014000e+00  1.299600e+01  5.000000e+00
   endloop
 endfacet
 facet normal -9.371948e-01 -3.488064e-01  0.000000e+00
   outer loop
     vertex  4.036886e+00  1.282454e+01  0.000000e+00
     vertex  4.036886e+00  1.282454e+01  5.000000e+00
     vertex  4.005947e+00  1.290767e+01  5.000000e+00
   endloop
 endfacet
 facet normal -9.371948e-01 -3.488064e-01  0.000000e+00
   outer loop
     vertex  4.036886e+00  1.282454e+01  0.000000e+00
     vertex  4.005947e+00  1.290767e+01  5.000000e+00
     vertex  4.005947e+00  1.290767e+01  0.000000e+00
   endloop
 endfacet
 facet normal -7.425242e-01 -6.698192e-01  0.000000e+00
   outer loop
     vertex  4.078000e+00  1.277896e+01  0.000000e+00
     vertex  4.078000e+00  1.277896e+01  5.000000e+00
     vertex  4.036886e+00  1.282454e+01  5.000000e+00
   endloop
 endfacet
 facet normal -7.425242e-01 -6.698192e-01  0.000000e+00
   outer loop
     vertex  4.078000e+00  1.277896e+01  0.000000e+00
     vertex  4.036886e+00  1.282454e+01  5.000000e+00
     vertex  4.036886e+00  1.282454e+01  0.000000e+00
   endloop
 endfacet
 facet normal -5.044184e-01 -8.634593e-01  0.000000e+00
   outer loop
     vertex  4.131000e+00  1.274800e+01  0.000000e+00
     vertex  4.131000e+00  1.274800e+01  5.000000e+00
     vertex  4.078000e+00  1.277896e+01  5.000000e+00
   endloop
 endfacet
 facet normal -5.044184e-01 -8.634593e-01  0.000000e+00
   outer loop
     vertex  4.131000e+00  1.274800e+01  0.000000e+00
     vertex  4.078000e+00  1.277896e+01  5.000000e+00
     vertex  4.078000e+00  1.277896e+01  0.000000e+00
   endloop
 endfacet
 facet normal -9.512600e-01  3.083902e-01  0.000000e+00
   outer loop
     vertex  4.014000e+00  1.299600e+01  0.000000e+00
     vertex  4.936000e+00  1.584000e+01  5.000000e+00
     vertex  4.936000e+00  1.584000e+01  0.000000e+00
   endloop
 endfacet
 facet normal -9.512600e-01  3.083902e-01  0.000000e+00
   outer loop
     vertex  4.014000e+00  1.299600e+01  0.000000e+00
     vertex  4.014000e+00  1.299600e+01  5.000000e+00
     vertex  4.936000e+00  1.584000e+01  5.000000e+00
   endloop
 endfacet
 facet normal -2.590604e-01 -9.658611e-01  0.000000e+00
   outer loop
     vertex  4.936000e+00  1.584000e+01  0.000000e+00
     vertex  3.646000e+00  1.618600e+01  5.000000e+00
     vertex  3.646000e+00  1.618600e+01  0.000000e+00
   endloop
 endfacet
 facet normal -2.590604e-01 -9.658611e-01  0.000000e+00
   outer loop
     vertex  4.936000e+00  1.584000e+01  0.000000e+00
     vertex  4.936000e+00  1.584000e+01  5.000000e+00
     vertex  3.646000e+00  1.618600e+01  5.000000e+00
   endloop
 endfacet
 facet normal  9.780465e-01 -2.083868e-01  0.000000e+00
   outer loop
     vertex  3.646000e+00  1.618600e+01  0.000000e+00
     vertex  3.023000e+00  1.326200e+01  5.000000e+00
     vertex  3.023000e+00  1.326200e+01  0.000000e+00
   endloop
 endfacet
 facet normal  9.780465e-01 -2.083868e-01  0.000000e+00
   outer loop
     vertex  3.646000e+00  1.618600e+01  0.000000e+00
     vertex  3.646000e+00  1.618600e+01  5.000000e+00
     vertex  3.023000e+00  1.326200e+01  5.000000e+00
   endloop
 endfacet
 facet normal  7.203117e-02 -9.974024e-01  0.000000e+00
   outer loop
     vertex  2.885469e+00  1.311139e+01  0.000000e+00
     vertex  2.797000e+00  1.310500e+01  5.000000e+00
     vertex  2.797000e+00  1.310500e+01  0.000000e+00
   endloop
 endfacet
 facet normal  7.203117e-02 -9.974024e-01  0.000000e+00
   outer loop
     vertex  2.885469e+00  1.311139e+01  0.000000e+00
     vertex  2.885469e+00  1.311139e+01  5.000000e+00
     vertex  2.797000e+00  1.310500e+01  5.000000e+00
   endloop
 endfacet
 facet normal  4.962788e-01 -8.681632e-01  0.000000e+00
   outer loop
     vertex  2.962474e+00  1.315541e+01  0.000000e+00
     vertex  2.962474e+00  1.315541e+01  5.000000e+00
     vertex  2.885469e+00  1.311139e+01  5.000000e+00
   endloop
 endfacet
 facet normal  4.962788e-01 -8.681632e-01  0.000000e+00
   outer loop
     vertex  2.962474e+00  1.315541e+01  0.000000e+00
     vertex  2.885469e+00  1.311139e+01  5.000000e+00
     vertex  2.885469e+00  1.311139e+01  0.000000e+00
   endloop
 endfacet
 facet normal  7.824811e-01 -6.226743e-01  0.000000e+00
   outer loop
     vertex  3.001104e+00  1.320395e+01  0.000000e+00
     vertex  3.001104e+00  1.320395e+01  5.000000e+00
     vertex  2.962474e+00  1.315541e+01  5.000000e+00
   endloop
 endfacet
 facet normal  7.824811e-01 -6.226743e-01  0.000000e+00
   outer loop
     vertex  3.001104e+00  1.320395e+01  0.000000e+00
     vertex  2.962474e+00  1.315541e+01  5.000000e+00
     vertex  2.962474e+00  1.315541e+01  0.000000e+00
   endloop
 endfacet
 facet normal  9.356490e-01 -3.529318e-01  0.000000e+00
   outer loop
     vertex  3.023000e+00  1.326200e+01  0.000000e+00
     vertex  3.023000e+00  1.326200e+01  5.000000e+00
     vertex  3.001104e+00  1.320395e+01  5.000000e+00
   endloop
 endfacet
 facet normal  9.356490e-01 -3.529318e-01  0.000000e+00
   outer loop
     vertex  3.023000e+00  1.326200e+01  0.000000e+00
     vertex  3.001104e+00  1.320395e+01  5.000000e+00
     vertex  3.001104e+00  1.320395e+01  0.000000e+00
   endloop
 endfacet
 facet normal -1.566479e-01 -9.876545e-01  0.000000e+00
   outer loop
     vertex  2.797000e+00  1.310500e+01  0.000000e+00
     vertex  1.391000e+00  1.332800e+01  5.000000e+00
     vertex  1.391000e+00  1.332800e+01  0.000000e+00
   endloop
 endfacet
 facet normal -1.566479e-01 -9.876545e-01  0.000000e+00
   outer loop
     vertex  2.797000e+00  1.310500e+01  0.000000e+00
     vertex  2.797000e+00  1.310500e+01  5.000000e+00
     vertex  1.391000e+00  1.332800e+01  5.000000e+00
   endloop
 endfacet
 facet normal -9.920316e-01 -1.259895e-01  0.000000e+00
   outer loop
     vertex  1.234175e+00  1.345701e+01  0.000000e+00
     vertex  1.223000e+00  1.354500e+01  5.000000e+00
     vertex  1.223000e+00  1.354500e+01  0.000000e+00
   endloop
 endfacet
 facet normal -9.920316e-01 -1.259895e-01  0.000000e+00
   outer loop
     vertex  1.234175e+00  1.345701e+01  0.000000e+00
     vertex  1.234175e+00  1.345701e+01  5.000000e+00
     vertex  1.223000e+00  1.354500e+01  5.000000e+00
   endloop
 endfacet
 facet normal -8.399861e-01 -5.426080e-01  0.000000e+00
   outer loop
     vertex  1.282304e+00  1.338250e+01  0.000000e+00
     vertex  1.282304e+00  1.338250e+01  5.000000e+00
     vertex  1.234175e+00  1.345701e+01  5.000000e+00
   endloop
 endfacet
 facet normal -8.399861e-01 -5.426080e-01  0.000000e+00
   outer loop
     vertex  1.282304e+00  1.338250e+01  0.000000e+00
     vertex  1.234175e+00  1.345701e+01  5.000000e+00
     vertex  1.234175e+00  1.345701e+01  0.000000e+00
   endloop
 endfacet
 facet normal -5.803950e-01 -8.143351e-01  0.000000e+00
   outer loop
     vertex  1.332410e+00  1.334679e+01  0.000000e+00
     vertex  1.332410e+00  1.334679e+01  5.000000e+00
     vertex  1.282304e+00  1.338250e+01  5.000000e+00
   endloop
 endfacet
 facet normal -5.803950e-01 -8.143351e-01  0.000000e+00
   outer loop
     vertex  1.332410e+00  1.334679e+01  0.000000e+00
     vertex  1.282304e+00  1.338250e+01  5.000000e+00
     vertex  1.282304e+00  1.338250e+01  0.000000e+00
   endloop
 endfacet
 facet normal -3.053821e-01 -9.522299e-01  0.000000e+00
   outer loop
     vertex  1.391000e+00  1.332800e+01  0.000000e+00
     vertex  1.391000e+00  1.332800e+01  5.000000e+00
     vertex  1.332410e+00  1.334679e+01  5.000000e+00
   endloop
 endfacet
 facet normal -3.053821e-01 -9.522299e-01  0.000000e+00
   outer loop
     vertex  1.391000e+00  1.332800e+01  0.000000e+00
     vertex  1.332410e+00  1.334679e+01  5.000000e+00
     vertex  1.332410e+00  1.334679e+01  0.000000e+00
   endloop
 endfacet
 facet normal -9.945457e-01  1.043019e-01  0.000000e+00
   outer loop
     vertex  1.223000e+00  1.354500e+01  0.000000e+00
     vertex  1.535000e+00  1.652000e+01  5.000000e+00
     vertex  1.535000e+00  1.652000e+01  0.000000e+00
   endloop
 endfacet
 facet normal -9.945457e-01  1.043019e-01  0.000000e+00
   outer loop
     vertex  1.223000e+00  1.354500e+01  0.000000e+00
     vertex  1.223000e+00  1.354500e+01  5.000000e+00
     vertex  1.535000e+00  1.652000e+01  5.000000e+00
   endloop
 endfacet
 facet normal -5.083240e-02 -9.987072e-01  0.000000e+00
   outer loop
     vertex  1.535000e+00  1.652000e+01  0.000000e+00
     vertex  1.990000e-01  1.658800e+01  5.000000e+00
     vertex  1.990000e-01  1.658800e+01  0.000000e+00
   endloop
 endfacet
 facet normal -5.083240e-02 -9.987072e-01  0.000000e+00
   outer loop
     vertex  1.535000e+00  1.652000e+01  0.000000e+00
     vertex  1.535000e+00  1.652000e+01  5.000000e+00
     vertex  1.990000e-01  1.658800e+01  5.000000e+00
   endloop
 endfacet
 facet normal  1.000000e+00 -9.289015e-18  0.000000e+00
   outer loop
     vertex  1.990000e-01  1.658800e+01  0.000000e+00
     vertex  1.990000e-01  1.360000e+01  5.000000e+00
     vertex  1.990000e-01  1.360000e+01  0.000000e+00
   endloop
 endfacet
 facet normal  1.000000e+00 -9.289015e-18  0.000000e+00
   outer loop
     vertex  1.990000e-01  1.658800e+01  0.000000e+00
     vertex  1.990000e-01  1.658800e+01  5.000000e+00
     vertex  1.990000e-01  1.360000e+01  5.000000e+00
   endloop
 endfacet
 facet normal  2.750420e-01 -9.614322e-01  0.000000e+00
   outer loop
     vertex  9.527829e-02  1.342440e+01  0.000000e+00
     vertex  1.000000e-02  1.340000e+01  5.000000e+00
     vertex  1.000000e-02  1.340000e+01  0.000000e+00
   endloop
 endfacet
 facet normal  2.750420e-01 -9.614322e-01  0.000000e+00
   outer loop
     vertex  9.527829e-02  1.342440e+01  0.000000e+00
     vertex  9.527829e-02  1.342440e+01  5.000000e+00
     vertex  1.000000e-02  1.340000e+01  5.000000e+00
   endloop
 endfacet
 facet normal  6.637692e-01 -7.479375e-01  0.000000e+00
   outer loop
     vertex  1.616198e-01  1.348327e+01  0.000000e+00
     vertex  1.616198e-01  1.348327e+01  5.000000e+00
     vertex  9.527829e-02  1.342440e+01  5.000000e+00
   endloop
 endfacet
 facet normal  6.637692e-01 -7.479375e-01  0.000000e+00
   outer loop
     vertex  1.616198e-01  1.348327e+01  0.000000e+00
     vertex  9.527829e-02  1.342440e+01  5.000000e+00
     vertex  9.527829e-02  1.342440e+01  0.000000e+00
   endloop
 endfacet
 facet normal  8.935396e-01 -4.489845e-01  0.000000e+00
   outer loop
     vertex  1.894722e-01  1.353870e+01  0.000000e+00
     vertex  1.894722e-01  1.353870e+01  5.000000e+00
     vertex  1.616198e-01  1.348327e+01  5.000000e+00
   endloop
 endfacet
 facet normal  8.935396e-01 -4.489845e-01  0.000000e+00
   outer loop
     vertex  1.894722e-01  1.353870e+01  0.000000e+00
     vertex  1.616198e-01  1.348327e+01  5.000000e+00
     vertex  1.616198e-01  1.348327e+01  0.000000e+00
   endloop
 endfacet
 facet normal  9.881347e-01 -1.535901e-01  0.000000e+00
   outer loop
     vertex  1.990000e-01  1.360000e+01  0.000000e+00
     vertex  1.990000e-01  1.360000e+01  5.000000e+00
     vertex  1.894722e-01  1.353870e+01  5.000000e+00
   endloop
 endfacet
 facet normal  9.881347e-01 -1.535901e-01  0.000000e+00
   outer loop
     vertex  1.990000e-01  1.360000e+01  0.000000e+00
     vertex  1.894722e-01  1.353870e+01  5.000000e+00
     vertex  1.894722e-01  1.353870e+01  0.000000e+00
   endloop
 endfacet
 facet normal  5.196906e-02 -9.986487e-01  0.000000e+00
   outer loop
     vertex  1.000000e-02  1.340000e+01  0.000000e+00
     vertex -1.412000e+00  1.332600e+01  5.000000e+00
     vertex -1.412000e+00  1.332600e+01  0.000000e+00
   endloop
 endfacet
 facet normal  5.196906e-02 -9.986487e-01  0.000000e+00
   outer loop
     vertex  1.000000e-02  1.340000e+01  0.000000e+00
     vertex  1.000000e-02  1.340000e+01  5.000000e+00
     vertex -1.412000e+00  1.332600e+01  5.000000e+00
   endloop
 endfacet
 facet normal -9.452213e-01 -3.264302e-01  0.000000e+00
   outer loop
     vertex -1.592046e+00  1.342016e+01  0.000000e+00
     vertex -1.621000e+00  1.350400e+01  5.000000e+00
     vertex -1.621000e+00  1.350400e+01  0.000000e+00
   endloop
 endfacet
 facet normal -9.452213e-01 -3.264302e-01  0.000000e+00
   outer loop
     vertex -1.592046e+00  1.342016e+01  0.000000e+00
     vertex -1.592046e+00  1.342016e+01  5.000000e+00
     vertex -1.621000e+00  1.350400e+01  5.000000e+00
   endloop
 endfacet
 facet normal -7.110977e-01 -7.030932e-01  0.000000e+00
   outer loop
     vertex -1.529682e+00  1.335709e+01  0.000000e+00
     vertex -1.529682e+00  1.335709e+01  5.000000e+00
     vertex -1.592046e+00  1.342016e+01  5.000000e+00
   endloop
 endfacet
 facet normal -7.110977e-01 -7.030932e-01  0.000000e+00
   outer loop
     vertex -1.529682e+00  1.335709e+01  0.000000e+00
     vertex -1.592046e+00  1.342016e+01  5.000000e+00
     vertex -1.592046e+00  1.342016e+01  0.000000e+00
   endloop
 endfacet
 facet normal -4.012230e-01 -9.159804e-01  0.000000e+00
   outer loop
     vertex -1.473263e+00  1.333237e+01  0.000000e+00
     vertex -1.473263e+00  1.333237e+01  5.000000e+00
     vertex -1.529682e+00  1.335709e+01  5.000000e+00
   endloop
 endfacet
 facet normal -4.012230e-01 -9.159804e-01  0.000000e+00
   outer loop
     vertex -1.473263e+00  1.333237e+01  0.000000e+00
     vertex -1.529682e+00  1.335709e+01  5.000000e+00
     vertex -1.529682e+00  1.335709e+01  0.000000e+00
   endloop
 endfacet
 facet normal -1.034666e-01 -9.946329e-01  0.000000e+00
   outer loop
     vertex -1.412000e+00  1.332600e+01  0.000000e+00
     vertex -1.412000e+00  1.332600e+01  5.000000e+00
     vertex -1.473263e+00  1.333237e+01  5.000000e+00
   endloop
 endfacet
 facet normal -1.034666e-01 -9.946329e-01  0.000000e+00
   outer loop
     vertex -1.412000e+00  1.332600e+01  0.000000e+00
     vertex -1.473263e+00  1.333237e+01  5.000000e+00
     vertex -1.473263e+00  1.333237e+01  0.000000e+00
   endloop
 endfacet
 facet normal -9.945036e-01 -1.047022e-01  0.000000e+00
   outer loop
     vertex -1.621000e+00  1.350400e+01  0.000000e+00
     vertex -1.934000e+00  1.647700e+01  5.000000e+00
     vertex -1.934000e+00  1.647700e+01  0.000000e+00
   endloop
 endfacet
 facet normal -9.945036e-01 -1.047022e-01  0.000000e+00
   outer loop
     vertex -1.621000e+00  1.350400e+01  0.000000e+00
     vertex -1.621000e+00  1.350400e+01  5.000000e+00
     vertex -1.934000e+00  1.647700e+01  5.000000e+00
   endloop
 endfacet
 facet normal  1.549248e-01 -9.879263e-01  0.000000e+00
   outer loop
     vertex -1.934000e+00  1.647700e+01  0.000000e+00
     vertex -3.254000e+00  1.627000e+01  5.000000e+00
     vertex -3.254000e+00  1.627000e+01  0.000000e+00
   endloop
 endfacet
 facet normal  1.549248e-01 -9.879263e-01  0.000000e+00
   outer loop
     vertex -1.934000e+00  1.647700e+01  0.000000e+00
     vertex -1.934000e+00  1.647700e+01  5.000000e+00
     vertex -3.254000e+00  1.627000e+01  5.000000e+00
   endloop
 endfacet
 facet normal  9.782115e-01  2.076108e-01  0.000000e+00
   outer loop
     vertex -3.254000e+00  1.627000e+01  0.000000e+00
     vertex -2.633000e+00  1.334400e+01  5.000000e+00
     vertex -2.633000e+00  1.334400e+01  0.000000e+00
   endloop
 endfacet
 facet normal  9.782115e-01  2.076108e-01 -0.000000e+00
   outer loop
     vertex -3.254000e+00  1.627000e+01  0.000000e+00
     vertex -3.254000e+00  1.627000e+01  5.000000e+00
     vertex -2.633000e+00  1.334400e+01  5.000000e+00
   endloop
 endfacet
 facet normal  4.744131e-01 -8.803024e-01  0.000000e+00
   outer loop
     vertex -2.696918e+00  1.315108e+01  0.000000e+00
     vertex -2.775000e+00  1.310900e+01  5.000000e+00
     vertex -2.775000e+00  1.310900e+01  0.000000e+00
   endloop
 endfacet
 facet normal  4.744131e-01 -8.803024e-01  0.000000e+00
   outer loop
     vertex -2.696918e+00  1.315108e+01  0.000000e+00
     vertex -2.696918e+00  1.315108e+01  5.000000e+00
     vertex -2.775000e+00  1.310900e+01  5.000000e+00
   endloop
 endfacet
 facet normal  8.084482e-01 -5.885673e-01  0.000000e+00
   outer loop
     vertex -2.644712e+00  1.322279e+01  0.000000e+00
     vertex -2.644712e+00  1.322279e+01  5.000000e+00
     vertex -2.696918e+00  1.315108e+01  5.000000e+00
   endloop
 endfacet
 facet normal  8.084482e-01 -5.885673e-01  0.000000e+00
   outer loop
     vertex -2.644712e+00  1.322279e+01  0.000000e+00
     vertex -2.696918e+00  1.315108e+01  5.000000e+00
     vertex -2.696918e+00  1.315108e+01  0.000000e+00
   endloop
 endfacet
 facet normal  9.686636e-01 -2.483765e-01  0.000000e+00
   outer loop
     vertex -2.629407e+00  1.328248e+01  0.000000e+00
     vertex -2.629407e+00  1.328248e+01  5.000000e+00
     vertex -2.644712e+00  1.322279e+01  5.000000e+00
   endloop
 endfacet
 facet normal  9.686636e-01 -2.483765e-01  0.000000e+00
   outer loop
     vertex -2.629407e+00  1.328248e+01  0.000000e+00
     vertex -2.644712e+00  1.322279e+01  5.000000e+00
     vertex -2.644712e+00  1.322279e+01  0.000000e+00
   endloop
 endfacet
 facet normal  9.982984e-01  5.831288e-02 -0.000000e+00
   outer loop
     vertex -2.633000e+00  1.334400e+01  0.000000e+00
     vertex -2.633000e+00  1.334400e+01  5.000000e+00
     vertex -2.629407e+00  1.328248e+01  5.000000e+00
   endloop
 endfacet
 facet normal  9.982984e-01  5.831288e-02  0.000000e+00
   outer loop
     vertex -2.633000e+00  1.334400e+01  0.000000e+00
     vertex -2.629407e+00  1.328248e+01  5.000000e+00
     vertex -2.629407e+00  1.328248e+01  0.000000e+00
   endloop
 endfacet
 facet normal  2.591925e-01 -9.658257e-01  0.000000e+00
   outer loop
     vertex -2.775000e+00  1.310900e+01  0.000000e+00
     vertex -4.150000e+00  1.274000e+01  5.000000e+00
     vertex -4.150000e+00  1.274000e+01  0.000000e+00
   endloop
 endfacet
 facet normal  2.591925e-01 -9.658257e-01  0.000000e+00
   outer loop
     vertex -2.775000e+00  1.310900e+01  0.000000e+00
     vertex -2.775000e+00  1.310900e+01  5.000000e+00
     vertex -4.150000e+00  1.274000e+01  5.000000e+00
   endloop
 endfacet
 facet normal -8.635085e-01 -5.043343e-01  0.000000e+00
   outer loop
     vertex -4.348266e+00  1.279641e+01  0.000000e+00
     vertex -4.393000e+00  1.287300e+01  5.000000e+00
     vertex -4.393000e+00  1.287300e+01  0.000000e+00
   endloop
 endfacet
 facet normal -8.635085e-01 -5.043343e-01  0.000000e+00
   outer loop
     vertex -4.348266e+00  1.279641e+01  0.000000e+00
     vertex -4.348266e+00  1.279641e+01  5.000000e+00
     vertex -4.393000e+00  1.287300e+01  5.000000e+00
   endloop
 endfacet
 facet normal -5.604854e-01 -8.281643e-01  0.000000e+00
   outer loop
     vertex -4.274808e+00  1.274669e+01  0.000000e+00
     vertex -4.274808e+00  1.274669e+01  5.000000e+00
     vertex -4.348266e+00  1.279641e+01  5.000000e+00
   endloop
 endfacet
 facet normal -5.604854e-01 -8.281643e-01  0.000000e+00
   outer loop
     vertex -4.274808e+00  1.274669e+01  0.000000e+00
     vertex -4.348266e+00  1.279641e+01  5.000000e+00
     vertex -4.348266e+00  1.279641e+01  0.000000e+00
   endloop
 endfacet
 facet normal -2.108744e-01 -9.775132e-01  0.000000e+00
   outer loop
     vertex -4.212940e+00  1.273335e+01  0.000000e+00
     vertex -4.212940e+00  1.273335e+01  5.000000e+00
     vertex -4.274808e+00  1.274669e+01  5.000000e+00
   endloop
 endfacet
 facet normal -2.108744e-01 -9.775132e-01  0.000000e+00
   outer loop
     vertex -4.212940e+00  1.273335e+01  0.000000e+00
     vertex -4.274808e+00  1.274669e+01  5.000000e+00
     vertex -4.274808e+00  1.274669e+01  0.000000e+00
   endloop
 endfacet
 facet normal  1.051275e-01 -9.944588e-01  0.000000e+00
   outer loop
     vertex -4.150000e+00  1.274000e+01  0.000000e+00
     vertex -4.150000e+00  1.274000e+01  5.000000e+00
     vertex -4.212940e+00  1.273335e+01  5.000000e+00
   endloop
 endfacet
 facet normal  1.051275e-01 -9.944588e-01  0.000000e+00
   outer loop
     vertex -4.150000e+00  1.274000e+01  0.000000e+00
     vertex -4.212940e+00  1.273335e+01  5.000000e+00
     vertex -4.212940e+00  1.273335e+01  0.000000e+00
   endloop
 endfacet
 facet normal -9.510980e-01 -3.088893e-01  0.000000e+00
   outer loop
     vertex -4.393000e+00  1.287300e+01  0.000000e+00
     vertex -5.316000e+00  1.571500e+01  5.000000e+00
     vertex -5.316000e+00  1.571500e+01  0.000000e+00
   endloop
 endfacet
 facet normal -9.510980e-01 -3.088893e-01  0.000000e+00
   outer loop
     vertex -4.393000e+00  1.287300e+01  0.000000e+00
     vertex -4.393000e+00  1.287300e+01  5.000000e+00
     vertex -5.316000e+00  1.571500e+01  5.000000e+00
   endloop
 endfacet
 facet normal  3.570222e-01 -9.340959e-01  0.000000e+00
   outer loop
     vertex -5.316000e+00  1.571500e+01  0.000000e+00
     vertex -6.564000e+00  1.523800e+01  5.000000e+00
     vertex -6.564000e+00  1.523800e+01  0.000000e+00
   endloop
 endfacet
 facet normal  3.570222e-01 -9.340959e-01  0.000000e+00
   outer loop
     vertex -5.316000e+00  1.571500e+01  0.000000e+00
     vertex -5.316000e+00  1.571500e+01  5.000000e+00
     vertex -6.564000e+00  1.523800e+01  5.000000e+00
   endloop
 endfacet
 facet normal  9.138391e-01  4.060764e-01  0.000000e+00
   outer loop
     vertex -6.564000e+00  1.523800e+01  0.000000e+00
     vertex -5.350000e+00  1.250600e+01  5.000000e+00
     vertex -5.350000e+00  1.250600e+01  0.000000e+00
   endloop
 endfacet
 facet normal  9.138391e-01  4.060764e-01 -0.000000e+00
   outer loop
     vertex -6.564000e+00  1.523800e+01  0.000000e+00
     vertex -6.564000e+00  1.523800e+01  5.000000e+00
     vertex -5.350000e+00  1.250600e+01  5.000000e+00
   endloop
 endfacet
 facet normal  6.427520e-01 -7.660743e-01  0.000000e+00
   outer loop
     vertex -5.373050e+00  1.230301e+01  0.000000e+00
     vertex -5.441000e+00  1.224600e+01  5.000000e+00
     vertex -5.441000e+00  1.224600e+01  0.000000e+00
   endloop
 endfacet
 facet normal  6.427520e-01 -7.660743e-01  0.000000e+00
   outer loop
     vertex -5.373050e+00  1.230301e+01  0.000000e+00
     vertex -5.373050e+00  1.230301e+01  5.000000e+00
     vertex -5.441000e+00  1.224600e+01  5.000000e+00
   endloop
 endfacet
 facet normal  9.108335e-01 -4.127739e-01  0.000000e+00
   outer loop
     vertex -5.336437e+00  1.238380e+01  0.000000e+00
     vertex -5.336437e+00  1.238380e+01  5.000000e+00
     vertex -5.373050e+00  1.230301e+01  5.000000e+00
   endloop
 endfacet
 facet normal  9.108335e-01 -4.127739e-01  0.000000e+00
   outer loop
     vertex -5.336437e+00  1.238380e+01  0.000000e+00
     vertex -5.373050e+00  1.230301e+01  5.000000e+00
     vertex -5.373050e+00  1.230301e+01  0.000000e+00
   endloop
 endfacet
 facet normal  9.989570e-01 -4.566006e-02  0.000000e+00
   outer loop
     vertex -5.333596e+00  1.244597e+01  0.000000e+00
     vertex -5.333596e+00  1.244597e+01  5.000000e+00
     vertex -5.336437e+00  1.238380e+01  5.000000e+00
   endloop
 endfacet
 facet normal  9.989570e-01 -4.566006e-02  0.000000e+00
   outer loop
     vertex -5.333596e+00  1.244597e+01  0.000000e+00
     vertex -5.336437e+00  1.238380e+01  5.000000e+00
     vertex -5.336437e+00  1.238380e+01  0.000000e+00
   endloop
 endfacet
 facet normal  9.646318e-01  2.636011e-01 -0.000000e+00
   outer loop
     vertex -5.350000e+00  1.250600e+01  0.000000e+00
     vertex -5.350000e+00  1.250600e+01  5.000000e+00
     vertex -5.333596e+00  1.244597e+01  5.000000e+00
   endloop
 endfacet
 facet normal  9.646318e-01  2.636011e-01  0.000000e+00
   outer loop
     vertex -5.350000e+00  1.250600e+01  0.000000e+00
     vertex -5.333596e+00  1.244597e+01  5.000000e+00
     vertex -5.333596e+00  1.244597e+01  0.000000e+00
   endloop
 endfacet
 facet normal  4.539468e-01 -8.910288e-01  0.000000e+00
   outer loop
     vertex -5.441000e+00  1.224600e+01  0.000000e+00
     vertex -6.709000e+00  1.160000e+01  5.000000e+00
     vertex -6.709000e+00  1.160000e+01  0.000000e+00
   endloop
 endfacet
 facet normal  4.539468e-01 -8.910288e-01  0.000000e+00
   outer loop
     vertex -5.441000e+00  1.224600e+01  0.000000e+00
     vertex -5.441000e+00  1.224600e+01  5.000000e+00
     vertex -6.709000e+00  1.160000e+01  5.000000e+00
   endloop
 endfacet
 facet normal -7.329753e-01 -6.802552e-01  0.000000e+00
   outer loop
     vertex -6.912662e+00  1.161299e+01  0.000000e+00
     vertex -6.973000e+00  1.167800e+01  5.000000e+00
     vertex -6.973000e+00  1.167800e+01  0.000000e+00
   endloop
 endfacet
 facet normal -7.329753e-01 -6.802552e-01  0.000000e+00
   outer loop
     vertex -6.912662e+00  1.161299e+01  0.000000e+00
     vertex -6.912662e+00  1.161299e+01  5.000000e+00
     vertex -6.973000e+00  1.167800e+01  5.000000e+00
   endloop
 endfacet
 facet normal -3.667117e-01 -9.303346e-01  0.000000e+00
   outer loop
     vertex -6.830142e+00  1.158046e+01  0.000000e+00
     vertex -6.830142e+00  1.158046e+01  5.000000e+00
     vertex -6.912662e+00  1.161299e+01  5.000000e+00
   endloop
 endfacet
 facet normal -3.667117e-01 -9.303346e-01  0.000000e+00
   outer loop
     vertex -6.830142e+00  1.158046e+01  0.000000e+00
     vertex -6.912662e+00  1.161299e+01  5.000000e+00
     vertex -6.912662e+00  1.161299e+01  0.000000e+00
   endloop
 endfacet
 facet normal  4.033471e-03 -9.999919e-01  0.000000e+00
   outer loop
     vertex -6.768035e+00  1.158071e+01  0.000000e+00
     vertex -6.768035e+00  1.158071e+01  5.000000e+00
     vertex -6.830142e+00  1.158046e+01  5.000000e+00
   endloop
 endfacet
 facet normal  4.033471e-03 -9.999919e-01  0.000000e+00
   outer loop
     vertex -6.768035e+00  1.158071e+01  0.000000e+00
     vertex -6.830142e+00  1.158046e+01  5.000000e+00
     vertex -6.830142e+00  1.158046e+01  0.000000e+00
   endloop
 endfacet
 facet normal  3.106063e-01 -9.505387e-01  0.000000e+00
   outer loop
     vertex -6.709000e+00  1.160000e+01  0.000000e+00
     vertex -6.709000e+00  1.160000e+01  5.000000e+00
     vertex -6.768035e+00  1.158071e+01  5.000000e+00
   endloop
 endfacet
 facet normal  3.106063e-01 -9.505387e-01  0.000000e+00
   outer loop
     vertex -6.709000e+00  1.160000e+01  0.000000e+00
     vertex -6.768035e+00  1.158071e+01  5.000000e+00
     vertex -6.768035e+00  1.158071e+01  0.000000e+00
   endloop
 endfacet
 facet normal -8.662190e-01 -4.996645e-01  0.000000e+00
   outer loop
     vertex -6.973000e+00  1.167800e+01  0.000000e+00
     vertex -8.467000e+00  1.426800e+01  5.000000e+00
     vertex -8.467000e+00  1.426800e+01  0.000000e+00
   endloop
 endfacet
 facet normal -8.662190e-01 -4.996645e-01  0.000000e+00
   outer loop
     vertex -6.973000e+00  1.167800e+01  0.000000e+00
     vertex -6.973000e+00  1.167800e+01  5.000000e+00
     vertex -8.467000e+00  1.426800e+01  5.000000e+00
   endloop
 endfacet
 facet normal  5.444894e-01 -8.387677e-01  0.000000e+00
   outer loop
     vertex -8.467000e+00  1.426800e+01  0.000000e+00
     vertex -9.590000e+00  1.353900e+01  5.000000e+00
     vertex -9.590000e+00  1.353900e+01  0.000000e+00
   endloop
 endfacet
 facet normal  5.444894e-01 -8.387677e-01  0.000000e+00
   outer loop
     vertex -8.467000e+00  1.426800e+01  0.000000e+00
     vertex -8.467000e+00  1.426800e+01  5.000000e+00
     vertex -9.590000e+00  1.353900e+01  5.000000e+00
   endloop
 endfacet
 facet normal  8.088229e-01  5.880524e-01  0.000000e+00
   outer loop
     vertex -9.590000e+00  1.353900e+01  0.000000e+00
     vertex -7.832000e+00  1.112100e+01  5.000000e+00
     vertex -7.832000e+00  1.112100e+01  0.000000e+00
   endloop
 endfacet
 facet normal  8.088229e-01  5.880524e-01 -0.000000e+00
   outer loop
     vertex -9.590000e+00  1.353900e+01  0.000000e+00
     vertex -9.590000e+00  1.353900e+01  5.000000e+00
     vertex -7.832000e+00  1.112100e+01  5.000000e+00
   endloop
 endfacet
 facet normal  7.883026e-01 -6.152878e-01  0.000000e+00
   outer loop
     vertex -7.812424e+00  1.091792e+01  0.000000e+00
     vertex -7.867000e+00  1.084800e+01  5.000000e+00
     vertex -7.867000e+00  1.084800e+01  0.000000e+00
   endloop
 endfacet
 facet normal  7.883026e-01 -6.152878e-01  0.000000e+00
   outer loop
     vertex -7.812424e+00  1.091792e+01  0.000000e+00
     vertex -7.812424e+00  1.091792e+01  5.000000e+00
     vertex -7.867000e+00  1.084800e+01  5.000000e+00
   endloop
 endfacet
 facet normal  9.768616e-01 -2.138724e-01  0.000000e+00
   outer loop
     vertex -7.793454e+00  1.100457e+01  0.000000e+00
     vertex -7.793454e+00  1.100457e+01  5.000000e+00
     vertex -7.812424e+00  1.091792e+01  5.000000e+00
   endloop
 endfacet
 facet normal  9.768616e-01 -2.138724e-01  0.000000e+00
   outer loop
     vertex -7.793454e+00  1.100457e+01  0.000000e+00
     vertex -7.812424e+00  1.091792e+01  5.000000e+00
     vertex -7.812424e+00  1.091792e+01  0.000000e+00
   endloop
 endfacet
 facet normal  9.866006e-01  1.631541e-01 -0.000000e+00
   outer loop
     vertex -7.803582e+00  1.106581e+01  0.000000e+00
     vertex -7.803582e+00  1.106581e+01  5.000000e+00
     vertex -7.793454e+00  1.100457e+01  5.000000e+00
   endloop
 endfacet
 facet normal  9.866006e-01  1.631541e-01  0.000000e+00
   outer loop
     vertex -7.803582e+00  1.106581e+01  0.000000e+00
     vertex -7.793454e+00  1.100457e+01  5.000000e+00
     vertex -7.793454e+00  1.100457e+01  0.000000e+00
   endloop
 endfacet
 facet normal  8.890542e-01  4.578020e-01 -0.000000e+00
   outer loop
     vertex -7.832000e+00  1.112100e+01  0.000000e+00
     vertex -7.832000e+00  1.112100e+01  5.000000e+00
     vertex -7.803582e+00  1.106581e+01  5.000000e+00
   endloop
 endfacet
 facet normal  8.890542e-01  4.578020e-01  0.000000e+00
   outer loop
     vertex -7.832000e+00  1.112100e+01  0.000000e+00
     vertex -7.803582e+00  1.106581e+01  5.000000e+00
     vertex -7.803582e+00  1.106581e+01  0.000000e+00
   endloop
 endfacet
 facet normal  6.292184e-01 -7.772285e-01  0.000000e+00
   outer loop
     vertex -7.867000e+00  1.084800e+01  0.000000e+00
     vertex -8.975000e+00  9.951000e+00  5.000000e+00
     vertex -8.975000e+00  9.951000e+00  0.000000e+00
   endloop
 endfacet
 facet normal  6.292184e-01 -7.772285e-01  0.000000e+00
   outer loop
     vertex -7.867000e+00  1.084800e+01  0.000000e+00
     vertex -7.867000e+00  1.084800e+01  5.000000e+00
     vertex -8.975000e+00  9.951000e+00  5.000000e+00
   endloop
 endfacet
 facet normal -5.736989e-01 -8.190663e-01  0.000000e+00
   outer loop
     vertex -9.175349e+00  9.922113e+00  0.000000e+00
     vertex -9.248000e+00  9.973000e+00  5.000000e+00
     vertex -9.248000e+00  9.973000e+00  0.000000e+00
   endloop
 endfacet
 facet normal -5.736989e-01 -8.190663e-01  0.000000e+00
   outer loop
     vertex -9.175349e+00  9.922113e+00  0.000000e+00
     vertex -9.175349e+00  9.922113e+00  5.000000e+00
     vertex -9.248000e+00  9.973000e+00  5.000000e+00
   endloop
 endfacet
 facet normal -1.630696e-01 -9.866146e-01  0.000000e+00
   outer loop
     vertex -9.087838e+00  9.907649e+00  0.000000e+00
     vertex -9.087838e+00  9.907649e+00  5.000000e+00
     vertex -9.175349e+00  9.922113e+00  5.000000e+00
   endloop
 endfacet
 facet normal -1.630696e-01 -9.866146e-01  0.000000e+00
   outer loop
     vertex -9.087838e+00  9.907649e+00  0.000000e+00
     vertex -9.175349e+00  9.922113e+00  5.000000e+00
     vertex -9.175349e+00  9.922113e+00  0.000000e+00
   endloop
 endfacet
 facet normal  2.116897e-01 -9.773369e-01  0.000000e+00
   outer loop
     vertex -9.028065e+00  9.920596e+00  0.000000e+00
     vertex -9.028065e+00  9.920596e+00  5.000000e+00
     vertex -9.087838e+00  9.907649e+00  5.000000e+00
   endloop
 endfacet
 facet normal  2.116897e-01 -9.773369e-01  0.000000e+00
   outer loop
     vertex -9.028065e+00  9.920596e+00  0.000000e+00
     vertex -9.087838e+00  9.907649e+00  5.000000e+00
     vertex -9.087838e+00  9.907649e+00  0.000000e+00
   endloop
 endfacet
 facet normal  4.971397e-01 -8.676705e-01  0.000000e+00
   outer loop
     vertex -8.975000e+00  9.951000e+00  0.000000e+00
     vertex -8.975000e+00  9.951000e+00  5.000000e+00
     vertex -9.028065e+00  9.920596e+00  5.000000e+00
   endloop
 endfacet
 facet normal  4.971397e-01 -8.676705e-01  0.000000e+00
   outer loop
     vertex -8.975000e+00  9.951000e+00  0.000000e+00
     vertex -9.028065e+00  9.920596e+00  5.000000e+00
     vertex -9.028065e+00  9.920596e+00  0.000000e+00
   endloop
 endfacet
 facet normal -7.432609e-01 -6.690017e-01  0.000000e+00
   outer loop
     vertex -9.248000e+00  9.973000e+00  0.000000e+00
     vertex -1.124800e+01  1.219500e+01  5.000000e+00
     vertex -1.124800e+01  1.219500e+01  0.000000e+00
   endloop
 endfacet
 facet normal -7.432609e-01 -6.690017e-01  0.000000e+00
   outer loop
     vertex -9.248000e+00  9.973000e+00  0.000000e+00
     vertex -9.248000e+00  9.973000e+00  5.000000e+00
     vertex -1.124800e+01  1.219500e+01  5.000000e+00
   endloop
 endfacet
 facet normal  7.071068e-01 -7.071068e-01  0.000000e+00
   outer loop
     vertex -1.124800e+01  1.219500e+01  0.000000e+00
     vertex -1.219500e+01  1.124800e+01  5.000000e+00
     vertex -1.219500e+01  1.124800e+01  0.000000e+00
   endloop
 endfacet
 facet normal  7.071068e-01 -7.071068e-01  0.000000e+00
   outer loop
     vertex -1.124800e+01  1.219500e+01  0.000000e+00
     vertex -1.124800e+01  1.219500e+01  5.000000e+00
     vertex -1.219500e+01  1.124800e+01  5.000000e+00
   endloop
 endfacet
 facet normal  6.690017e-01  7.432609e-01  0.000000e+00
   outer loop
     vertex -1.219500e+01  1.124800e+01  0.000000e+00
     vertex -9.973000e+00  9.248000e+00  5.000000e+00
     vertex -9.973000e+00  9.248000e+00  0.000000e+00
   endloop
 endfacet
 facet normal  6.690017e-01  7.432609e-01 -0.000000e+00
   outer loop
     vertex -1.219500e+01  1.124800e+01  0.000000e+00
     vertex -1.219500e+01  1.124800e+01  5.000000e+00
     vertex -9.973000e+00  9.248000e+00  5.000000e+00
   endloop
 endfacet
 facet normal  9.003644e-01 -4.351367e-01  0.000000e+00
   outer loop
     vertex -9.912404e+00  9.054862e+00  0.000000e+00
     vertex -9.951000e+00  8.975000e+00  5.000000e+00
     vertex -9.951000e+00  8.975000e+00  0.000000e+00
   endloop
 endfacet
 facet normal  9.003644e-01 -4.351367e-01  0.000000e+00
   outer loop
     vertex -9.912404e+00  9.054862e+00  0.000000e+00
     vertex -9.912404e+00  9.054862e+00  5.000000e+00
     vertex -9.951000e+00  8.975000e+00  5.000000e+00
   endloop
 endfacet
 facet normal  9.999956e-01 -2.976482e-03  0.000000e+00
   outer loop
     vertex -9.912140e+00  9.143560e+00  0.000000e+00
     vertex -9.912140e+00  9.143560e+00  5.000000e+00
     vertex -9.912404e+00  9.054862e+00  5.000000e+00
   endloop
 endfacet
 facet normal  9.999956e-01 -2.976482e-03  0.000000e+00
   outer loop
     vertex -9.912140e+00  9.143560e+00  0.000000e+00
     vertex -9.912404e+00  9.054862e+00  5.000000e+00
     vertex -9.912404e+00  9.054862e+00  0.000000e+00
   endloop
 endfacet
 facet normal  9.308266e-01  3.654611e-01 -0.000000e+00
   outer loop
     vertex -9.934491e+00  9.200488e+00  0.000000e+00
     vertex -9.934491e+00  9.200488e+00  5.000000e+00
     vertex -9.912140e+00  9.143560e+00  5.000000e+00
   endloop
 endfacet
 facet normal  9.308266e-01  3.654611e-01  0.000000e+00
   outer loop
     vertex -9.934491e+00  9.200488e+00  0.000000e+00
     vertex -9.912140e+00  9.143560e+00  5.000000e+00
     vertex -9.912140e+00  9.143560e+00  0.000000e+00
   endloop
 endfacet
 facet normal  7.768656e-01  6.296664e-01 -0.000000e+00
   outer loop
     vertex -9.973000e+00  9.248000e+00  0.000000e+00
     vertex -9.973000e+00  9.248000e+00  5.000000e+00
     vertex -9.934491e+00  9.200488e+00  5.000000e+00
   endloop
 endfacet
 facet normal  7.768656e-01  6.296664e-01  0.000000e+00
   outer loop
     vertex -9.973000e+00  9.248000e+00  0.000000e+00
     vertex -9.934491e+00  9.200488e+00  5.000000e+00
     vertex -9.934491e+00  9.200488e+00  0.000000e+00
   endloop
 endfacet
 facet normal  7.772285e-01 -6.292184e-01  0.000000e+00
   outer loop
     vertex -9.951000e+00  8.975000e+00  0.000000e+00
     vertex -1.084800e+01  7.867000e+00  5.000000e+00
     vertex -1.084800e+01  7.867000e+00  0.000000e+00
   endloop
 endfacet
 facet normal  7.772285e-01 -6.292184e-01  0.000000e+00
   outer loop
     vertex -9.951000e+00  8.975000e+00  0.000000e+00
     vertex -9.951000e+00  8.975000e+00  5.000000e+00
     vertex -1.084800e+01  7.867000e+00  5.000000e+00
   endloop
 endfacet
 facet normal -3.965281e-01 -9.180226e-01  0.000000e+00
   outer loop
     vertex -1.103957e+01  7.796828e+00  0.000000e+00
     vertex -1.112100e+01  7.832000e+00  5.000000e+00
     vertex -1.112100e+01  7.832000e+00  0.000000e+00
   endloop
 endfacet
 facet normal -3.965281e-01 -9.180226e-01  0.000000e+00
   outer loop
     vertex -1.103957e+01  7.796828e+00  0.000000e+00
     vertex -1.103957e+01  7.796828e+00  5.000000e+00
     vertex -1.112100e+01  7.832000e+00  5.000000e+00
   endloop
 endfacet
 facet normal  3.947151e-02 -9.992207e-01  0.000000e+00
   outer loop
     vertex -1.095094e+01  7.800329e+00  0.000000e+00
     vertex -1.095094e+01  7.800329e+00  5.000000e+00
     vertex -1.103957e+01  7.796828e+00  5.000000e+00
   endloop
 endfacet
 facet normal  3.947151e-02 -9.992207e-01  0.000000e+00
   outer loop
     vertex -1.095094e+01  7.800329e+00  0.000000e+00
     vertex -1.103957e+01  7.796828e+00  5.000000e+00
     vertex -1.103957e+01  7.796828e+00  0.000000e+00
   endloop
 endfacet
 facet normal  4.067612e-01 -9.135345e-01  0.000000e+00
   outer loop
     vertex -1.089423e+01  7.825579e+00  0.000000e+00
     vertex -1.089423e+01  7.825579e+00  5.000000e+00
     vertex -1.095094e+01  7.800329e+00  5.000000e+00
   endloop
 endfacet
 facet normal  4.067612e-01 -9.135345e-01  0.000000e+00
   outer loop
     vertex -1.089423e+01  7.825579e+00  0.000000e+00
     vertex -1.095094e+01  7.800329e+00  5.000000e+00
     vertex -1.095094e+01  7.800329e+00  0.000000e+00
   endloop
 endfacet
 facet normal  6.672723e-01 -7.448139e-01  0.000000e+00
   outer loop
     vertex -1.084800e+01  7.867000e+00  0.000000e+00
     vertex -1.084800e+01  7.867000e+00  5.000000e+00
     vertex -1.089423e+01  7.825579e+00  5.000000e+00
   endloop
 endfacet
 facet normal  6.672723e-01 -7.448139e-01  0.000000e+00
   outer loop
     vertex -1.084800e+01  7.867000e+00  0.000000e+00
     vertex -1.089423e+01  7.825579e+00  5.000000e+00
     vertex -1.089423e+01  7.825579e+00  0.000000e+00
   endloop
 endfacet
 facet normal -5.880524e-01 -8.088229e-01  0.000000e+00
   outer loop
     vertex -1.112100e+01  7.832000e+00  0.000000e+00
     vertex -1.353900e+01  9.590000e+00  5.000000e+00
     vertex -1.353900e+01  9.590000e+00  0.000000e+00
   endloop
 endfacet
 facet normal -5.880524e-01 -8.088229e-01  0.000000e+00
   outer loop
     vertex -1.112100e+01  7.832000e+00  0.000000e+00
     vertex -1.112100e+01  7.832000e+00  5.000000e+00
     vertex -1.353900e+01  9.590000e+00  5.000000e+00
   endloop
 endfacet
 facet normal  8.387677e-01 -5.444894e-01  0.000000e+00
   outer loop
     vertex -1.353900e+01  9.590000e+00  0.000000e+00
     vertex -1.426800e+01  8.467000e+00  5.000000e+00
     vertex -1.426800e+01  8.467000e+00  0.000000e+00
   endloop
 endfacet
 facet normal  8.387677e-01 -5.444894e-01  0.000000e+00
   outer loop
     vertex -1.353900e+01  9.590000e+00  0.000000e+00
     vertex -1.353900e+01  9.590000e+00  5.000000e+00
     vertex -1.426800e+01  8.467000e+00  5.000000e+00
   endloop
 endfacet
 facet normal  4.996645e-01  8.662190e-01  0.000000e+00
   outer loop
     vertex -1.426800e+01  8.467000e+00  0.000000e+00
     vertex -1.167800e+01  6.973000e+00  5.000000e+00
     vertex -1.167800e+01  6.973000e+00  0.000000e+00
   endloop
 endfacet
 facet normal  4.996645e-01  8.662190e-01 -0.000000e+00
   outer loop
     vertex -1.426800e+01  8.467000e+00  0.000000e+00
     vertex -1.426800e+01  8.467000e+00  5.000000e+00
     vertex -1.167800e+01  6.973000e+00  5.000000e+00
   endloop
 endfacet
 facet normal  9.693752e-01 -2.455846e-01  0.000000e+00
   outer loop
     vertex -1.157822e+01  6.794983e+00  0.000000e+00
     vertex -1.160000e+01  6.709000e+00  5.000000e+00
     vertex -1.160000e+01  6.709000e+00  0.000000e+00
   endloop
 endfacet
 facet normal  9.693752e-01 -2.455846e-01  0.000000e+00
   outer loop
     vertex -1.157822e+01  6.794983e+00  0.000000e+00
     vertex -1.157822e+01  6.794983e+00  5.000000e+00
     vertex -1.160000e+01  6.709000e+00  5.000000e+00
   endloop
 endfacet
 facet normal  9.802468e-01  1.977783e-01 -0.000000e+00
   outer loop
     vertex -1.159576e+01  6.881930e+00  0.000000e+00
     vertex -1.159576e+01  6.881930e+00  5.000000e+00
     vertex -1.157822e+01  6.794983e+00  5.000000e+00
   endloop
 endfacet
 facet normal  9.802468e-01  1.977783e-01  0.000000e+00
   outer loop
     vertex -1.159576e+01  6.881930e+00  0.000000e+00
     vertex -1.157822e+01  6.794983e+00  5.000000e+00
     vertex -1.157822e+01  6.794983e+00  0.000000e+00
   endloop
 endfacet
 facet normal  8.372310e-01  5.468493e-01 -0.000000e+00
   outer loop
     vertex -1.162972e+01  6.933928e+00  0.000000e+00
     vertex -1.162972e+01  6.933928e+00  5.000000e+00
     vertex -1.159576e+01  6.881930e+00  5.000000e+00
   endloop
 endfacet
 facet normal  8.372310e-01  5.468493e-01  0.000000e+00
   outer loop
     vertex -1.162972e+01  6.933928e+00  0.000000e+00
     vertex -1.159576e+01  6.881930e+00  5.000000e+00
     vertex -1.159576e+01  6.881930e+00  0.000000e+00
   endloop
 endfacet
 facet normal  6.291060e-01  7.773195e-01 -0.000000e+00
   outer loop
     vertex -1.167800e+01  6.973000e+00  0.000000e+00
     vertex -1.167800e+01  6.973000e+00  5.000000e+00
     vertex -1.162972e+01  6.933928e+00  5.000000e+00
   endloop
 endfacet
 facet normal  6.291060e-01  7.773195e-01  0.000000e+00
   outer loop
     vertex -1.167800e+01  6.973000e+00  0.000000e+00
     vertex -1.162972e+01  6.933928e+00  5.000000e+00
     vertex -1.162972e+01  6.933928e+00  0.000000e+00
   endloop
 endfacet
 facet normal  8.910288e-01 -4.539468e-01  0.000000e+00
   outer loop
     vertex -1.160000e+01  6.709000e+00  0.000000e+00
     vertex -1.224600e+01  5.441000e+00  5.000000e+00
     vertex -1.224600e+01  5.441000e+00  0.000000e+00
   endloop
 endfacet
 facet normal  8.910288e-01 -4.539468e-01  0.000000e+00
   outer loop
     vertex -1.160000e+01  6.709000e+00  0.000000e+00
     vertex -1.160000e+01  6.709000e+00  5.000000e+00
     vertex -1.224600e+01  5.441000e+00  5.000000e+00
   endloop
 endfacet
 facet normal -1.980434e-01 -9.801932e-01  0.000000e+00
   outer loop
     vertex -1.241906e+01  5.332434e+00  0.000000e+00
     vertex -1.250600e+01  5.350000e+00  5.000000e+00
     vertex -1.250600e+01  5.350000e+00  0.000000e+00
   endloop
 endfacet
 facet normal -1.980434e-01 -9.801932e-01  0.000000e+00
   outer loop
     vertex -1.241906e+01  5.332434e+00  0.000000e+00
     vertex -1.241906e+01  5.332434e+00  5.000000e+00
     vertex -1.250600e+01  5.350000e+00  5.000000e+00
   endloop
 endfacet
 facet normal  2.453223e-01 -9.694416e-01  0.000000e+00
   outer loop
     vertex -1.233307e+01  5.354194e+00  0.000000e+00
     vertex -1.233307e+01  5.354194e+00  5.000000e+00
     vertex -1.241906e+01  5.332434e+00  5.000000e+00
   endloop
 endfacet
 facet normal  2.453223e-01 -9.694416e-01  0.000000e+00
   outer loop
     vertex -1.233307e+01  5.354194e+00  0.000000e+00
     vertex -1.241906e+01  5.332434e+00  5.000000e+00
     vertex -1.241906e+01  5.332434e+00  0.000000e+00
   endloop
 endfacet
 facet normal  5.872635e-01 -8.093958e-01  0.000000e+00
   outer loop
     vertex -1.228270e+01  5.390740e+00  0.000000e+00
     vertex -1.228270e+01  5.390740e+00  5.000000e+00
     vertex -1.233307e+01  5.354194e+00  5.000000e+00
   endloop
 endfacet
 facet normal  5.872635e-01 -8.093958e-01  0.000000e+00
   outer loop
     vertex -1.228270e+01  5.390740e+00  0.000000e+00
     vertex -1.233307e+01  5.354194e+00  5.000000e+00
     vertex -1.233307e+01  5.354194e+00  0.000000e+00
   endloop
 endfacet
 facet normal  8.076189e-01 -5.897047e-01  0.000000e+00
   outer loop
     vertex -1.224600e+01  5.441000e+00  0.000000e+00
     vertex -1.224600e+01  5.441000e+00  5.000000e+00
     vertex -1.228270e+01  5.390740e+00  5.000000e+00
   endloop
 endfacet
 facet normal  8.076189e-01 -5.897047e-01  0.000000e+00
   outer loop
     vertex -1.224600e+01  5.441000e+00  0.000000e+00
     vertex -1.228270e+01  5.390740e+00  5.000000e+00
     vertex -1.228270e+01  5.390740e+00  0.000000e+00
   endloop
 endfacet
 facet normal -4.060764e-01 -9.138391e-01  0.000000e+00
   outer loop
     vertex -1.250600e+01  5.350000e+00  0.000000e+00
     vertex -1.523800e+01  6.564000e+00  5.000000e+00
     vertex -1.523800e+01  6.564000e+00  0.000000e+00
   endloop
 endfacet
 facet normal -4.060764e-01 -9.138391e-01  0.000000e+00
   outer loop
     vertex -1.250600e+01  5.350000e+00  0.000000e+00
     vertex -1.250600e+01  5.350000e+00  5.000000e+00
     vertex -1.523800e+01  6.564000e+00  5.000000e+00
   endloop
 endfacet
 facet normal  9.340959e-01 -3.570222e-01  0.000000e+00
   outer loop
     vertex -1.523800e+01  6.564000e+00  0.000000e+00
     vertex -1.571500e+01  5.316000e+00  5.000000e+00
     vertex -1.571500e+01  5.316000e+00  0.000000e+00
   endloop
 endfacet
 facet normal  9.340959e-01 -3.570222e-01  0.000000e+00
   outer loop
     vertex -1.523800e+01  6.564000e+00  0.000000e+00
     vertex -1.523800e+01  6.564000e+00  5.000000e+00
     vertex -1.571500e+01  5.316000e+00  5.000000e+00
   endloop
 endfacet
 facet normal  3.088893e-01  9.510980e-01  0.000000e+00
   outer loop
     vertex -1.571500e+01  5.316000e+00  0.000000e+00
     vertex -1.287300e+01  4.393000e+00  5.000000e+00
     vertex -1.287300e+01  4.393000e+00  0.000000e+00
   endloop
 endfacet
 facet normal  3.088893e-01  9.510980e-01 -0.000000e+00
   outer loop
     vertex -1.571500e+01  5.316000e+00  0.000000e+00
     vertex -1.571500e+01  5.316000e+00  5.000000e+00
     vertex -1.287300e+01  4.393000e+00  5.000000e+00
   endloop
 endfacet
 facet normal  9.991755e-01 -4.059982e-02  0.000000e+00
   outer loop
     vertex -1.273640e+01  4.238626e+00  0.000000e+00
     vertex -1.274000e+01  4.150000e+00  5.000000e+00
     vertex -1.274000e+01  4.150000e+00  0.000000e+00
   endloop
 endfacet
 facet normal  9.991755e-01 -4.059982e-02  0.000000e+00
   outer loop
     vertex -1.273640e+01  4.238626e+00  0.000000e+00
     vertex -1.273640e+01  4.238626e+00  5.000000e+00
     vertex -1.274000e+01  4.150000e+00  5.000000e+00
   endloop
 endfacet
 facet normal  9.184698e-01  3.954912e-01 -0.000000e+00
   outer loop
     vertex -1.277148e+01  4.320094e+00  0.000000e+00
     vertex -1.277148e+01  4.320094e+00  5.000000e+00
     vertex -1.273640e+01  4.238626e+00  5.000000e+00
   endloop
 endfacet
 facet normal  9.184698e-01  3.954912e-01  0.000000e+00
   outer loop
     vertex -1.277148e+01  4.320094e+00  0.000000e+00
     vertex -1.273640e+01  4.238626e+00  5.000000e+00
     vertex -1.273640e+01  4.238626e+00  0.000000e+00
   endloop
 endfacet
 facet normal  7.044807e-01  7.097231e-01 -0.000000e+00
   outer loop
     vertex -1.281640e+01  4.364681e+00  0.000000e+00
     vertex -1.281640e+01  4.364681e+00  5.000000e+00
     vertex -1.277148e+01  4.320094e+00  5.000000e+00
   endloop
 endfacet
 facet normal  7.044807e-01  7.097231e-01  0.000000e+00
   outer loop
     vertex -1.281640e+01  4.364681e+00  0.000000e+00
     vertex -1.277148e+01  4.320094e+00  5.000000e+00
     vertex -1.277148e+01  4.320094e+00  0.000000e+00
   endloop
 endfacet
 facet normal  4.474391e-01  8.943144e-01 -0.000000e+00
   outer loop
     vertex -1.287300e+01  4.393000e+00  0.000000e+00
     vertex -1.287300e+01  4.393000e+00  5.000000e+00
     vertex -1.281640e+01  4.364681e+00  5.000000e+00
   endloop
 endfacet
 facet normal  4.474391e-01  8.943144e-01  0.000000e+00
   outer loop
     vertex -1.287300e+01  4.393000e+00  0.000000e+00
     vertex -1.281640e+01  4.364681e+00  5.000000e+00
     vertex -1.281640e+01  4.364681e+00  0.000000e+00
   endloop
 endfacet
 facet normal  9.658257e-01 -2.591925e-01  0.000000e+00
   outer loop
     vertex -1.274000e+01  4.150000e+00  0.000000e+00
     vertex -1.310900e+01  2.775000e+00  5.000000e+00
     vertex -1.310900e+01  2.775000e+00  0.000000e+00
   endloop
 endfacet
 facet normal  9.658257e-01 -2.591925e-01  0.000000e+00
   outer loop
     vertex -1.274000e+01  4.150000e+00  0.000000e+00
     vertex -1.274000e+01  4.150000e+00  5.000000e+00
     vertex -1.310900e+01  2.775000e+00  5.000000e+00
   endloop
 endfacet
 facet normal  1.058571e-02 -9.999440e-01  0.000000e+00
   outer loop
     vertex -1.325531e+01  2.633939e+00  0.000000e+00
     vertex -1.334400e+01  2.633000e+00  5.000000e+00
     vertex -1.334400e+01  2.633000e+00  0.000000e+00
   endloop
 endfacet
 facet normal  1.058571e-02 -9.999440e-01  0.000000e+00
   outer loop
     vertex -1.325531e+01  2.633939e+00  0.000000e+00
     vertex -1.325531e+01  2.633939e+00  5.000000e+00
     vertex -1.334400e+01  2.633000e+00  5.000000e+00
   endloop
 endfacet
 facet normal  4.419753e-01 -8.970272e-01  0.000000e+00
   outer loop
     vertex -1.317574e+01  2.673142e+00  0.000000e+00
     vertex -1.317574e+01  2.673142e+00  5.000000e+00
     vertex -1.325531e+01  2.633939e+00  5.000000e+00
   endloop
 endfacet
 facet normal  4.419753e-01 -8.970272e-01  0.000000e+00
   outer loop
     vertex -1.317574e+01  2.673142e+00  0.000000e+00
     vertex -1.325531e+01  2.633939e+00  5.000000e+00
     vertex -1.325531e+01  2.633939e+00  0.000000e+00
   endloop
 endfacet
 facet normal  7.420218e-01 -6.703758e-01  0.000000e+00
   outer loop
     vertex -1.313443e+01  2.718868e+00  0.000000e+00
     vertex -1.313443e+01  2.718868e+00  5.000000e+00
     vertex -1.317574e+01  2.673142e+00  5.000000e+00
   endloop
 endfacet
 facet normal  7.420218e-01 -6.703758e-01  0.000000e+00
   outer loop
     vertex -1.313443e+01  2.718868e+00  0.000000e+00
     vertex -1.317574e+01  2.673142e+00  5.000000e+00
     vertex -1.317574e+01  2.673142e+00  0.000000e+00
   endloop
 endfacet
 facet normal  9.108881e-01 -4.126535e-01  0.000000e+00
   outer loop
     vertex -1.310900e+01  2.775000e+00  0.000000e+00
     vertex -1.310900e+01  2.775000e+00  5.000000e+00
     vertex -1.313443e+01  2.718868e+00  5.000000e+00
   endloop
 endfacet
 facet normal  9.108881e-01 -4.126535e-01  0.000000e+00
   outer loop
     vertex -1.310900e+01  2.775000e+00  0.000000e+00
     vertex -1.313443e+01  2.718868e+00  5.000000e+00
     vertex -1.313443e+01  2.718868e+00  0.000000e+00
   endloop
 endfacet
 facet normal -2.076108e-01 -9.782115e-01  0.000000e+00
   outer loop
     vertex -1.334400e+01  2.633000e+00  0.000000e+00
     vertex -1.627000e+01  3.254000e+00  5.000000e+00
     vertex -1.627000e+01  3.254000e+00  0.000000e+00
   endloop
 endfacet
 facet normal -2.076108e-01 -9.782115e-01  0.000000e+00
   outer loop
     vertex -1.334400e+01  2.633000e+00  0.000000e+00
     vertex -1.334400e+01  2.633000e+00  5.000000e+00
     vertex -1.627000e+01  3.254000e+00  5.000000e+00
   endloop
 endfacet
 facet normal  9.879263e-01 -1.549248e-01  0.000000e+00
   outer loop
     vertex -1.627000e+01  3.254000e+00  0.000000e+00
     vertex -1.647700e+01  1.934000e+00  5.000000e+00
     vertex -1.647700e+01  1.934000e+00  0.000000e+00
   endloop
 endfacet
 facet normal  9.879263e-01 -1.549248e-01  0.000000e+00
   outer loop
     vertex -1.627000e+01  3.254000e+00  0.000000e+00
     vertex -1.627000e+01  3.254000e+00  5.000000e+00
     vertex -1.647700e+01  1.934000e+00  5.000000e+00
   endloop
 endfacet
 facet normal  1.047022e-01  9.945036e-01  0.000000e+00
   outer loop
     vertex -1.647700e+01  1.934000e+00  0.000000e+00
     vertex -1.350400e+01  1.621000e+00  5.000000e+00
     vertex -1.350400e+01  1.621000e+00  0.000000e+00
   endloop
 endfacet
 facet normal  1.047022e-01  9.945036e-01 -0.000000e+00
   outer loop
     vertex -1.647700e+01  1.934000e+00  0.000000e+00
     vertex -1.647700e+01  1.934000e+00  5.000000e+00
     vertex -1.350400e+01  1.621000e+00  5.000000e+00
   endloop
 endfacet
 facet normal  9.851314e-01  1.718025e-01  0.000000e+00
   outer loop
     vertex -1.334124e+01  1.499380e+00  0.000000e+00
     vertex -1.332600e+01  1.412000e+00  5.000000e+00
     vertex -1.332600e+01  1.412000e+00  0.000000e+00
   endloop
 endfacet
 facet normal  9.851314e-01  1.718025e-01 -0.000000e+00
   outer loop
     vertex -1.334124e+01  1.499380e+00  0.000000e+00
     vertex -1.334124e+01  1.499380e+00  5.000000e+00
     vertex -1.332600e+01  1.412000e+00  5.000000e+00
   endloop
 endfacet
 facet normal  8.139524e-01  5.809315e-01 -0.000000e+00
   outer loop
     vertex -1.339277e+01  1.571577e+00  0.000000e+00
     vertex -1.339277e+01  1.571577e+00  5.000000e+00
     vertex -1.334124e+01  1.499380e+00  5.000000e+00
   endloop
 endfacet
 facet normal  8.139524e-01  5.809315e-01  0.000000e+00
   outer loop
     vertex -1.339277e+01  1.571577e+00  0.000000e+00
     vertex -1.334124e+01  1.499380e+00  5.000000e+00
     vertex -1.334124e+01  1.499380e+00  0.000000e+00
   endloop
 endfacet
 facet normal  5.419175e-01  8.404317e-01 -0.000000e+00
   outer loop
     vertex -1.344453e+01  1.604956e+00  0.000000e+00
     vertex -1.344453e+01  1.604956e+00  5.000000e+00
     vertex -1.339277e+01  1.571577e+00  5.000000e+00
   endloop
 endfacet
 facet normal  5.419175e-01  8.404317e-01  0.000000e+00
   outer loop
     vertex -1.344453e+01  1.604956e+00  0.000000e+00
     vertex -1.339277e+01  1.571577e+00  5.000000e+00
     vertex -1.339277e+01  1.571577e+00  0.000000e+00
   endloop
 endfacet
 facet normal  2.604782e-01  9.654797e-01 -0.000000e+00
   outer loop
     vertex -1.350400e+01  1.621000e+00  0.000000e+00
     vertex -1.350400e+01  1.621000e+00  5.000000e+00
     vertex -1.344453e+01  1.604956e+00  5.000000e+00
   endloop
 endfacet
 facet normal  2.604782e-01  9.654797e-01  0.000000e+00
   outer loop
     vertex -1.350400e+01  1.621000e+00  0.000000e+00
     vertex -1.344453e+01  1.604956e+00  5.000000e+00
     vertex -1.344453e+01  1.604956e+00  0.000000e+00
   endloop
 endfacet
 facet normal  9.986487e-01 -5.196906e-02  0.000000e+00
   outer loop
     vertex -1.332600e+01  1.412000e+00  0.000000e+00
     vertex -1.340000e+01 -1.000000e-02  5.000000e+00
     vertex -1.340000e+01 -1.000000e-02  0.000000e+00
   endloop
 endfacet
 facet normal  9.986487e-01 -5.196906e-02  0.000000e+00
   outer loop
     vertex -1.332600e+01  1.412000e+00  0.000000e+00
     vertex -1.332600e+01  1.412000e+00  5.000000e+00
     vertex -1.340000e+01 -1.000000e-02  5.000000e+00
   endloop
 endfacet
 facet normal  2.202719e-01 -9.754385e-01  0.000000e+00
   outer loop
     vertex -1.351348e+01 -1.794621e-01  0.000000e+00
     vertex -1.360000e+01 -1.990000e-01  5.000000e+00
     vertex -1.360000e+01 -1.990000e-01  0.000000e+00
   endloop
 endfacet
 facet normal  2.202719e-01 -9.754385e-01  0.000000e+00
   outer loop
     vertex -1.351348e+01 -1.794621e-01  0.000000e+00
     vertex -1.351348e+01 -1.794621e-01  5.000000e+00
     vertex -1.360000e+01 -1.990000e-01  5.000000e+00
   endloop
 endfacet
 facet normal  6.204425e-01 -7.842519e-01  0.000000e+00
   outer loop
     vertex -1.344392e+01 -1.244293e-01  0.000000e+00
     vertex -1.344392e+01 -1.244293e-01  5.000000e+00
     vertex -1.351348e+01 -1.794621e-01  5.000000e+00
   endloop
 endfacet
 facet normal  6.204425e-01 -7.842519e-01  0.000000e+00
   outer loop
     vertex -1.344392e+01 -1.244293e-01  0.000000e+00
     vertex -1.351348e+01 -1.794621e-01  5.000000e+00
     vertex -1.351348e+01 -1.794621e-01  0.000000e+00
   endloop
 endfacet
 facet normal  8.667396e-01 -4.987610e-01  0.000000e+00
   outer loop
     vertex -1.341298e+01 -7.066178e-02  0.000000e+00
     vertex -1.341298e+01 -7.066178e-02  5.000000e+00
     vertex -1.344392e+01 -1.244293e-01  5.000000e+00
   endloop
 endfacet
 facet normal  8.667396e-01 -4.987610e-01  0.000000e+00
   outer loop
     vertex -1.341298e+01 -7.066178e-02  0.000000e+00
     vertex -1.344392e+01 -1.244293e-01  5.000000e+00
     vertex -1.344392e+01 -1.244293e-01  0.000000e+00
   endloop
 endfacet
 facet normal  9.778763e-01 -2.091842e-01  0.000000e+00
   outer loop
     vertex -1.340000e+01 -1.000000e-02  0.000000e+00
     vertex -1.340000e+01 -1.000000e-02  5.000000e+00
     vertex -1.341298e+01 -7.066178e-02  5.000000e+00
   endloop
 endfacet
 facet normal  9.778763e-01 -2.091842e-01  0.000000e+00
   outer loop
     vertex -1.340000e+01 -1.000000e-02  0.000000e+00
     vertex -1.341298e+01 -7.066178e-02  5.000000e+00
     vertex -1.341298e+01 -7.066178e-02  0.000000e+00
   endloop
 endfacet
 facet normal -1.857803e-17 -1.000000e+00  0.000000e+00
   outer loop
     vertex -1.360000e+01 -1.990000e-01  0.000000e+00
     vertex -1.658800e+01 -1.990000e-01  5.000000e+00
     vertex -1.658800e+01 -1.990000e-01  0.000000e+00
   endloop
 endfacet
 facet normal -1.857803e-17 -1.000000e+00  0.000000e+00
   outer loop
     vertex -1.360000e+01 -1.990000e-01  0.000000e+00
     vertex -1.360000e+01 -1.990000e-01  5.000000e+00
     vertex -1.658800e+01 -1.990000e-01  5.000000e+00
   endloop
 endfacet
 facet normal  9.987072e-01  5.083240e-02  0.000000e+00
   outer loop
     vertex -1.658800e+01 -1.990000e-01  0.000000e+00
     vertex -1.652000e+01 -1.535000e+00  5.000000e+00
     vertex -1.652000e+01 -1.535000e+00  0.000000e+00
   endloop
 endfacet
 facet normal  9.987072e-01  5.083240e-02 -0.000000e+00
   outer loop
     vertex -1.658800e+01 -1.990000e-01  0.000000e+00
     vertex -1.658800e+01 -1.990000e-01  5.000000e+00
     vertex -1.652000e+01 -1.535000e+00  5.000000e+00
   endloop
 endfacet
 facet normal -1.043019e-01  9.945457e-01  0.000000e+00
   outer loop
     vertex -1.652000e+01 -1.535000e+00  0.000000e+00
     vertex -1.354500e+01 -1.223000e+00  5.000000e+00
     vertex -1.354500e+01 -1.223000e+00  0.000000e+00
   endloop
 endfacet
 facet normal -1.043019e-01  9.945457e-01  0.000000e+00
   outer loop
     vertex -1.652000e+01 -1.535000e+00  0.000000e+00
     vertex -1.652000e+01 -1.535000e+00  5.000000e+00
     vertex -1.354500e+01 -1.223000e+00  5.000000e+00
   endloop
 endfacet
 facet normal  9.288465e-01  3.704649e-01  0.000000e+00
   outer loop
     vertex -1.336086e+01 -1.308612e+00  0.000000e+00
     vertex -1.332800e+01 -1.391000e+00  5.000000e+00
     vertex -1.332800e+01 -1.391000e+00  0.000000e+00
   endloop
 endfacet
 facet normal  9.288465e-01  3.704649e-01 -0.000000e+00
   outer loop
     vertex -1.336086e+01 -1.308612e+00  0.000000e+00
     vertex -1.336086e+01 -1.308612e+00  5.000000e+00
     vertex -1.332800e+01 -1.391000e+00  5.000000e+00
   endloop
 endfacet
 facet normal  6.772903e-01  7.357159e-01 -0.000000e+00
   outer loop
     vertex -1.342612e+01 -1.248537e+00  0.000000e+00
     vertex -1.342612e+01 -1.248537e+00  5.000000e+00
     vertex -1.336086e+01 -1.308612e+00  5.000000e+00
   endloop
 endfacet
 facet normal  6.772903e-01  7.357159e-01  0.000000e+00
   outer loop
     vertex -1.342612e+01 -1.248537e+00  0.000000e+00
     vertex -1.336086e+01 -1.308612e+00  5.000000e+00
     vertex -1.336086e+01 -1.308612e+00  0.000000e+00
   endloop
 endfacet
 facet normal  3.579107e-01  9.337558e-01 -0.000000e+00
   outer loop
     vertex -1.348357e+01 -1.226515e+00  0.000000e+00
     vertex -1.348357e+01 -1.226515e+00  5.000000e+00
     vertex -1.342612e+01 -1.248537e+00  5.000000e+00
   endloop
 endfacet
 facet normal  3.579107e-01  9.337558e-01  0.000000e+00
   outer loop
     vertex -1.348357e+01 -1.226515e+00  0.000000e+00
     vertex -1.342612e+01 -1.248537e+00  5.000000e+00
     vertex -1.342612e+01 -1.248537e+00  0.000000e+00
   endloop
 endfacet
 facet normal  5.712431e-02  9.983671e-01 -0.000000e+00
   outer loop
     vertex -1.354500e+01 -1.223000e+00  0.000000e+00
     vertex -1.354500e+01 -1.223000e+00  5.000000e+00
     vertex -1.348357e+01 -1.226515e+00  5.000000e+00
   endloop
 endfacet
 facet normal  5.712431e-02  9.983671e-01  0.000000e+00
   outer loop
     vertex -1.354500e+01 -1.223000e+00  0.000000e+00
     vertex -1.348357e+01 -1.226515e+00  5.000000e+00
     vertex -1.348357e+01 -1.226515e+00  0.000000e+00
   endloop
 endfacet
 facet normal  9.876545e-01  1.566479e-01  0.000000e+00
   outer loop
     vertex -1.332800e+01 -1.391000e+00  0.000000e+00
     vertex -1.310500e+01 -2.797000e+00  5.000000e+00
     vertex -1.310500e+01 -2.797000e+00  0.000000e+00
   endloop
 endfacet
 facet normal  9.876545e-01  1.566479e-01 -0.000000e+00
   outer loop
     vertex -1.332800e+01 -1.391000e+00  0.000000e+00
     vertex -1.332800e+01 -1.391000e+00  5.000000e+00
     vertex -1.310500e+01 -2.797000e+00  5.000000e+00
   endloop
 endfacet
 facet normal  4.155823e-01 -9.095556e-01  0.000000e+00
   outer loop
     vertex -1.318132e+01 -2.986138e+00  0.000000e+00
     vertex -1.326200e+01 -3.023000e+00  5.000000e+00
     vertex -1.326200e+01 -3.023000e+00  0.000000e+00
   endloop
 endfacet
 facet normal  4.155823e-01 -9.095556e-01  0.000000e+00
   outer loop
     vertex -1.318132e+01 -2.986138e+00  0.000000e+00
     vertex -1.318132e+01 -2.986138e+00  5.000000e+00
     vertex -1.326200e+01 -3.023000e+00  5.000000e+00
   endloop
 endfacet
 facet normal  7.680538e-01 -6.403853e-01  0.000000e+00
   outer loop
     vertex -1.312452e+01 -2.918012e+00  0.000000e+00
     vertex -1.312452e+01 -2.918012e+00  5.000000e+00
     vertex -1.318132e+01 -2.986138e+00  5.000000e+00
   endloop
 endfacet
 facet normal  7.680538e-01 -6.403853e-01  0.000000e+00
   outer loop
     vertex -1.312452e+01 -2.918012e+00  0.000000e+00
     vertex -1.318132e+01 -2.986138e+00  5.000000e+00
     vertex -1.318132e+01 -2.986138e+00  0.000000e+00
   endloop
 endfacet
 facet normal  9.505897e-01 -3.104500e-01  0.000000e+00
   outer loop
     vertex -1.310526e+01 -2.859039e+00  0.000000e+00
     vertex -1.310526e+01 -2.859039e+00  5.000000e+00
     vertex -1.312452e+01 -2.918012e+00  5.000000e+00
   endloop
 endfacet
 facet normal  9.505897e-01 -3.104500e-01  0.000000e+00
   outer loop
     vertex -1.310526e+01 -2.859039e+00  0.000000e+00
     vertex -1.312452e+01 -2.918012e+00  5.000000e+00
     vertex -1.312452e+01 -2.918012e+00  0.000000e+00
   endloop
 endfacet
 facet normal  9.999911e-01 -4.213337e-03  0.000000e+00
   outer loop
     vertex -1.310500e+01 -2.797000e+00  0.000000e+00
     vertex -1.310500e+01 -2.797000e+00  5.000000e+00
     vertex -1.310526e+01 -2.859039e+00  5.000000e+00
   endloop
 endfacet
 facet normal  9.999911e-01 -4.213337e-03  0.000000e+00
   outer loop
     vertex -1.310500e+01 -2.797000e+00  0.000000e+00
     vertex -1.310526e+01 -2.859039e+00  5.000000e+00
     vertex -1.310526e+01 -2.859039e+00  0.000000e+00
   endloop
 endfacet
 facet normal  2.083868e-01 -9.780465e-01  0.000000e+00
   outer loop
     vertex -1.326200e+01 -3.023000e+00  0.000000e+00
     vertex -1.618600e+01 -3.646000e+00  5.000000e+00
     vertex -1.618600e+01 -3.646000e+00  0.000000e+00
   endloop
 endfacet
 facet normal  2.083868e-01 -9.780465e-01  0.000000e+00
   outer loop
     vertex -1.326200e+01 -3.023000e+00  0.000000e+00
     vertex -1.326200e+01 -3.023000e+00  5.000000e+00
     vertex -1.618600e+01 -3.646000e+00  5.000000e+00
   endloop
 endfacet
 facet normal  9.658611e-01  2.590604e-01  0.000000e+00
   outer loop
     vertex -1.618600e+01 -3.646000e+00  0.000000e+00
     vertex -1.584000e+01 -4.936000e+00  5.000000e+00
     vertex -1.584000e+01 -4.936000e+00  0.000000e+00
   endloop
 endfacet
 facet normal  9.658611e-01  2.590604e-01 -0.000000e+00
   outer loop
     vertex -1.618600e+01 -3.646000e+00  0.000000e+00
     vertex -1.618600e+01 -3.646000e+00  5.000000e+00
     vertex -1.584000e+01 -4.936000e+00  5.000000e+00
   endloop
 endfacet
 facet normal -3.083902e-01  9.512600e-01  0.000000e+00
   outer loop
     vertex -1.584000e+01 -4.936000e+00  0.000000e+00
     vertex -1.299600e+01 -4.014000e+00  5.000000e+00
     vertex -1.299600e+01 -4.014000e+00  0.000000e+00
   endloop
 endfacet
 facet normal -3.083902e-01  9.512600e-01  0.000000e+00
   outer loop
     vertex -1.584000e+01 -4.936000e+00  0.000000e+00
     vertex -1.584000e+01 -4.936000e+00  5.000000e+00
     vertex -1.299600e+01 -4.014000e+00  5.000000e+00
   endloop
 endfacet
 facet normal  8.263204e-01  5.632004e-01  0.000000e+00
   outer loop
     vertex -1.279796e+01 -4.057706e+00  0.000000e+00
     vertex -1.274800e+01 -4.131000e+00  5.000000e+00
     vertex -1.274800e+01 -4.131000e+00  0.000000e+00
   endloop
 endfacet
 facet normal  8.263204e-01  5.632004e-01 -0.000000e+00
   outer loop
     vertex -1.279796e+01 -4.057706e+00  0.000000e+00
     vertex -1.279796e+01 -4.057706e+00  5.000000e+00
     vertex -1.274800e+01 -4.131000e+00  5.000000e+00
   endloop
 endfacet
 facet normal  5.014977e-01  8.651590e-01 -0.000000e+00
   outer loop
     vertex -1.287469e+01 -4.013224e+00  0.000000e+00
     vertex -1.287469e+01 -4.013224e+00  5.000000e+00
     vertex -1.279796e+01 -4.057706e+00  5.000000e+00
   endloop
 endfacet
 facet normal  5.014977e-01  8.651590e-01  0.000000e+00
   outer loop
     vertex -1.287469e+01 -4.013224e+00  0.000000e+00
     vertex -1.279796e+01 -4.057706e+00  5.000000e+00
     vertex -1.279796e+01 -4.057706e+00  0.000000e+00
   endloop
 endfacet
 facet normal  1.471248e-01  9.891179e-01 -0.000000e+00
   outer loop
     vertex -1.293541e+01 -4.004193e+00  0.000000e+00
     vertex -1.293541e+01 -4.004193e+00  5.000000e+00
     vertex -1.287469e+01 -4.013224e+00  5.000000e+00
   endloop
 endfacet
 facet normal  1.471248e-01  9.891179e-01  0.000000e+00
   outer loop
     vertex -1.293541e+01 -4.004193e+00  0.000000e+00
     vertex -1.287469e+01 -4.013224e+00  5.000000e+00
     vertex -1.287469e+01 -4.013224e+00  0.000000e+00
   endloop
 endfacet
 facet normal -1.597742e-01  9.871536e-01  0.000000e+00
   outer loop
     vertex -1.299600e+01 -4.014000e+00  0.000000e+00
     vertex -1.299600e+01 -4.014000e+00  5.000000e+00
     vertex -1.293541e+01 -4.004193e+00  5.000000e+00
   endloop
 endfacet
 facet normal -1.597742e-01  9.871536e-01  0.000000e+00
   outer loop
     vertex -1.299600e+01 -4.014000e+00  0.000000e+00
     vertex -1.293541e+01 -4.004193e+00  5.000000e+00
     vertex -1.293541e+01 -4.004193e+00  0.000000e+00
   endloop
 endfacet
 facet normal  9.332371e-01  3.592612e-01  0.000000e+00
   outer loop
     vertex -1.274800e+01 -4.131000e+00  0.000000e+00
     vertex -1.223600e+01 -5.461000e+00  5.000000e+00
     vertex -1.223600e+01 -5.461000e+00  0.000000e+00
   endloop
 endfacet
 facet normal  9.332371e-01  3.592612e-01 -0.000000e+00
   outer loop
     vertex -1.274800e+01 -4.131000e+00  0.000000e+00
     vertex -1.274800e+01 -4.131000e+00  5.000000e+00
     vertex -1.223600e+01 -5.461000e+00  5.000000e+00
   endloop
 endfacet
 facet normal  5.973698e-01 -8.019659e-01  0.000000e+00
   outer loop
     vertex -1.227087e+01 -5.662014e+00  0.000000e+00
     vertex -1.234200e+01 -5.715000e+00  5.000000e+00
     vertex -1.234200e+01 -5.715000e+00  0.000000e+00
   endloop
 endfacet
 facet normal  5.973698e-01 -8.019659e-01  0.000000e+00
   outer loop
     vertex -1.227087e+01 -5.662014e+00  0.000000e+00
     vertex -1.227087e+01 -5.662014e+00  5.000000e+00
     vertex -1.234200e+01 -5.715000e+00  5.000000e+00
   endloop
 endfacet
 facet normal  8.854358e-01 -4.647616e-01  0.000000e+00
   outer loop
     vertex -1.222964e+01 -5.583476e+00  0.000000e+00
     vertex -1.222964e+01 -5.583476e+00  5.000000e+00
     vertex -1.227087e+01 -5.662014e+00  5.000000e+00
   endloop
 endfacet
 facet normal  8.854358e-01 -4.647616e-01  0.000000e+00
   outer loop
     vertex -1.222964e+01 -5.583476e+00  0.000000e+00
     vertex -1.227087e+01 -5.662014e+00  5.000000e+00
     vertex -1.227087e+01 -5.662014e+00  0.000000e+00
   endloop
 endfacet
 facet normal  9.946023e-01 -1.037604e-01  0.000000e+00
   outer loop
     vertex -1.222320e+01 -5.521739e+00  0.000000e+00
     vertex -1.222320e+01 -5.521739e+00  5.000000e+00
     vertex -1.222964e+01 -5.583476e+00  5.000000e+00
   endloop
 endfacet
 facet normal  9.946023e-01 -1.037604e-01  0.000000e+00
   outer loop
     vertex -1.222320e+01 -5.521739e+00  0.000000e+00
     vertex -1.222964e+01 -5.583476e+00  5.000000e+00
     vertex -1.222964e+01 -5.583476e+00  0.000000e+00
   endloop
 endfacet
 facet normal  9.785130e-01  2.061850e-01 -0.000000e+00
   outer loop
     vertex -1.223600e+01 -5.461000e+00  0.000000e+00
     vertex -1.223600e+01 -5.461000e+00  5.000000e+00
     vertex -1.222320e+01 -5.521739e+00  5.000000e+00
   endloop
 endfacet
 facet normal  9.785130e-01  2.061850e-01  0.000000e+00
   outer loop
     vertex -1.223600e+01 -5.461000e+00  0.000000e+00
     vertex -1.222320e+01 -5.521739e+00  5.000000e+00
     vertex -1.222320e+01 -5.521739e+00  0.000000e+00
   endloop
 endfacet
 facet normal  4.063557e-01 -9.137150e-01  0.000000e+00
   outer loop
     vertex -1.507400e+01 -6.930000e+00  0.000000e+00
     vertex -1.234200e+01 -5.715000e+00  5.000000e+00
     vertex -1.507400e+01 -6.930000e+00  5.000000e+00
   endloop
 endfacet
 facet normal  4.063557e-01 -9.137150e-01  0.000000e+00
   outer loop
     vertex -1.234200e+01 -5.715000e+00  0.000000e+00
     vertex -1.234200e+01 -5.715000e+00  5.000000e+00
     vertex -1.507400e+01 -6.930000e+00  0.000000e+00
   endloop
 endfacet
 facet normal  8.909596e-01  4.540827e-01  0.000000e+00
   outer loop
     vertex -1.507400e+01 -6.930000e+00  0.000000e+00
     vertex -1.446700e+01 -8.121000e+00  5.000000e+00
     vertex -1.446700e+01 -8.121000e+00  0.000000e+00
   endloop
 endfacet
 facet normal  8.909596e-01  4.540827e-01 -0.000000e+00
   outer loop
     vertex -1.507400e+01 -6.930000e+00  0.000000e+00
     vertex -1.507400e+01 -6.930000e+00  5.000000e+00
     vertex -1.446700e+01 -8.121000e+00  5.000000e+00
   endloop
 endfacet
 facet normal -4.999542e-01  8.660518e-01  0.000000e+00
   outer loop
     vertex -1.446700e+01 -8.121000e+00  0.000000e+00
     vertex -1.187900e+01 -6.627000e+00  5.000000e+00
     vertex -1.187900e+01 -6.627000e+00  0.000000e+00
   endloop
 endfacet
 facet normal -4.999542e-01  8.660518e-01  0.000000e+00
   outer loop
     vertex -1.446700e+01 -8.121000e+00  0.000000e+00
     vertex -1.446700e+01 -8.121000e+00  5.000000e+00
     vertex -1.187900e+01 -6.627000e+00  5.000000e+00
   endloop
 endfacet
 facet normal  7.002542e-01  7.138936e-01  0.000000e+00
   outer loop
     vertex -1.167232e+01 -6.628888e+00  0.000000e+00
     vertex -1.160900e+01 -6.691000e+00  5.000000e+00
     vertex -1.160900e+01 -6.691000e+00  0.000000e+00
   endloop
 endfacet
 facet normal  7.002542e-01  7.138936e-01 -0.000000e+00
   outer loop
     vertex -1.167232e+01 -6.628888e+00  0.000000e+00
     vertex -1.167232e+01 -6.628888e+00  5.000000e+00
     vertex -1.160900e+01 -6.691000e+00  5.000000e+00
   endloop
 endfacet
 facet normal  3.226613e-01  9.465145e-01 -0.000000e+00
   outer loop
     vertex -1.175628e+01 -6.600268e+00  0.000000e+00
     vertex -1.175628e+01 -6.600268e+00  5.000000e+00
     vertex -1.167232e+01 -6.628888e+00  5.000000e+00
   endloop
 endfacet
 facet normal  3.226613e-01  9.465145e-01  0.000000e+00
   outer loop
     vertex -1.175628e+01 -6.600268e+00  0.000000e+00
     vertex -1.167232e+01 -6.628888e+00  5.000000e+00
     vertex -1.167232e+01 -6.628888e+00  0.000000e+00
   endloop
 endfacet
 facet normal -5.474213e-02  9.985005e-01  0.000000e+00
   outer loop
     vertex -1.181979e+01 -6.603750e+00  0.000000e+00
     vertex -1.181979e+01 -6.603750e+00  5.000000e+00
     vertex -1.175628e+01 -6.600268e+00  5.000000e+00
   endloop
 endfacet
 facet normal -5.474213e-02  9.985005e-01  0.000000e+00
   outer loop
     vertex -1.181979e+01 -6.603750e+00  0.000000e+00
     vertex -1.175628e+01 -6.600268e+00  5.000000e+00
     vertex -1.175628e+01 -6.600268e+00  0.000000e+00
   endloop
 endfacet
 facet normal -3.655044e-01  9.308096e-01  0.000000e+00
   outer loop
     vertex -1.187900e+01 -6.627000e+00  0.000000e+00
     vertex -1.187900e+01 -6.627000e+00  5.000000e+00
     vertex -1.181979e+01 -6.603750e+00  5.000000e+00
   endloop
 endfacet
 facet normal -3.655044e-01  9.308096e-01  0.000000e+00
   outer loop
     vertex -1.187900e+01 -6.627000e+00  0.000000e+00
     vertex -1.181979e+01 -6.603750e+00  5.000000e+00
     vertex -1.181979e+01 -6.603750e+00  0.000000e+00
   endloop
 endfacet
 facet normal  8.394381e-01  5.434553e-01  0.000000e+00
   outer loop
     vertex -1.160900e+01 -6.691000e+00  0.000000e+00
     vertex -1.083600e+01 -7.885000e+00  5.000000e+00
     vertex -1.083600e+01 -7.885000e+00  0.000000e+00
   endloop
 endfacet
 facet normal  8.394381e-01  5.434553e-01 -0.000000e+00
   outer loop
     vertex -1.160900e+01 -6.691000e+00  0.000000e+00
     vertex -1.160900e+01 -6.691000e+00  5.000000e+00
     vertex -1.083600e+01 -7.885000e+00  5.000000e+00
   endloop
 endfacet
 facet normal  7.553087e-01 -6.553692e-01  0.000000e+00
   outer loop
     vertex -1.082687e+01 -8.089005e+00  0.000000e+00
     vertex -1.088500e+01 -8.156000e+00  5.000000e+00
     vertex -1.088500e+01 -8.156000e+00  0.000000e+00
   endloop
 endfacet
 facet normal  7.553087e-01 -6.553692e-01  0.000000e+00
   outer loop
     vertex -1.082687e+01 -8.089005e+00  0.000000e+00
     vertex -1.082687e+01 -8.089005e+00  5.000000e+00
     vertex -1.088500e+01 -8.156000e+00  5.000000e+00
   endloop
 endfacet
 facet normal  9.644459e-01 -2.642804e-01  0.000000e+00
   outer loop
     vertex -1.080343e+01 -8.003459e+00  0.000000e+00
     vertex -1.080343e+01 -8.003459e+00  5.000000e+00
     vertex -1.082687e+01 -8.089005e+00  5.000000e+00
   endloop
 endfacet
 facet normal  9.644459e-01 -2.642804e-01  0.000000e+00
   outer loop
     vertex -1.080343e+01 -8.003459e+00  0.000000e+00
     vertex -1.082687e+01 -8.089005e+00  5.000000e+00
     vertex -1.082687e+01 -8.089005e+00  0.000000e+00
   endloop
 endfacet
 facet normal  9.937075e-01  1.120062e-01 -0.000000e+00
   outer loop
     vertex -1.081039e+01 -7.941667e+00  0.000000e+00
     vertex -1.081039e+01 -7.941667e+00  5.000000e+00
     vertex -1.080343e+01 -8.003459e+00  5.000000e+00
   endloop
 endfacet
 facet normal  9.937075e-01  1.120062e-01  0.000000e+00
   outer loop
     vertex -1.081039e+01 -7.941667e+00  0.000000e+00
     vertex -1.080343e+01 -8.003459e+00  5.000000e+00
     vertex -1.080343e+01 -8.003459e+00  0.000000e+00
   endloop
 endfacet
 facet normal  9.112748e-01  4.117988e-01 -0.000000e+00
   outer loop
     vertex -1.083600e+01 -7.885000e+00  0.000000e+00
     vertex -1.083600e+01 -7.885000e+00  5.000000e+00
     vertex -1.081039e+01 -7.941667e+00  5.000000e+00
   endloop
 endfacet
 facet normal  9.112748e-01  4.117988e-01  0.000000e+00
   outer loop
     vertex -1.083600e+01 -7.885000e+00  0.000000e+00
     vertex -1.081039e+01 -7.941667e+00  5.000000e+00
     vertex -1.081039e+01 -7.941667e+00  0.000000e+00
   endloop
 endfacet
 facet normal  5.880524e-01 -8.088229e-01  0.000000e+00
   outer loop
     vertex -1.088500e+01 -8.156000e+00  0.000000e+00
     vertex -1.330300e+01 -9.914000e+00  5.000000e+00
     vertex -1.330300e+01 -9.914000e+00  0.000000e+00
   endloop
 endfacet
 facet normal  5.880524e-01 -8.088229e-01  0.000000e+00
   outer loop
     vertex -1.088500e+01 -8.156000e+00  0.000000e+00
     vertex -1.088500e+01 -8.156000e+00  5.000000e+00
     vertex -1.330300e+01 -9.914000e+00  5.000000e+00
   endloop
 endfacet
 facet normal  7.770529e-01  6.294353e-01  0.000000e+00
   outer loop
     vertex -1.330300e+01 -9.914000e+00  0.000000e+00
     vertex -1.246300e+01 -1.095100e+01  5.000000e+00
     vertex -1.246300e+01 -1.095100e+01  0.000000e+00
   endloop
 endfacet
 facet normal  7.770529e-01  6.294353e-01 -0.000000e+00
   outer loop
     vertex -1.330300e+01 -9.914000e+00  0.000000e+00
     vertex -1.330300e+01 -9.914000e+00  5.000000e+00
     vertex -1.246300e+01 -1.095100e+01  5.000000e+00
   endloop
 endfacet
 facet normal -6.688354e-01  7.434105e-01  0.000000e+00
   outer loop
     vertex -1.246300e+01 -1.095100e+01  0.000000e+00
     vertex -1.024000e+01 -8.951000e+00  5.000000e+00
     vertex -1.024000e+01 -8.951000e+00  0.000000e+00
   endloop
 endfacet
 facet normal -6.688354e-01  7.434105e-01  0.000000e+00
   outer loop
     vertex -1.246300e+01 -1.095100e+01  0.000000e+00
     vertex -1.246300e+01 -1.095100e+01  5.000000e+00
     vertex -1.024000e+01 -8.951000e+00  5.000000e+00
   endloop
 endfacet
 facet normal  5.345010e-01  8.451678e-01  0.000000e+00
   outer loop
     vertex -1.003997e+01 -8.911590e+00  0.000000e+00
     vertex -9.965000e+00 -8.959000e+00  5.000000e+00
     vertex -9.965000e+00 -8.959000e+00  0.000000e+00
   endloop
 endfacet
 facet normal  5.345010e-01  8.451678e-01 -0.000000e+00
   outer loop
     vertex -1.003997e+01 -8.911590e+00  0.000000e+00
     vertex -1.003997e+01 -8.911590e+00  5.000000e+00
     vertex -9.965000e+00 -8.959000e+00  5.000000e+00
   endloop
 endfacet
 facet normal  1.164389e-01  9.931979e-01 -0.000000e+00
   outer loop
     vertex -1.012806e+01 -8.901262e+00  0.000000e+00
     vertex -1.012806e+01 -8.901262e+00  5.000000e+00
     vertex -1.003997e+01 -8.911590e+00  5.000000e+00
   endloop
 endfacet
 facet normal  1.164389e-01  9.931979e-01  0.000000e+00
   outer loop
     vertex -1.012806e+01 -8.901262e+00  0.000000e+00
     vertex -1.003997e+01 -8.911590e+00  5.000000e+00
     vertex -1.003997e+01 -8.911590e+00  0.000000e+00
   endloop
 endfacet
 facet normal -2.595121e-01  9.657398e-01  0.000000e+00
   outer loop
     vertex -1.018793e+01 -8.917350e+00  0.000000e+00
     vertex -1.018793e+01 -8.917350e+00  5.000000e+00
     vertex -1.012806e+01 -8.901262e+00  5.000000e+00
   endloop
 endfacet
 facet normal -2.595121e-01  9.657398e-01  0.000000e+00
   outer loop
     vertex -1.018793e+01 -8.917350e+00  0.000000e+00
     vertex -1.012806e+01 -8.901262e+00  5.000000e+00
     vertex -1.012806e+01 -8.901262e+00  0.000000e+00
   endloop
 endfacet
 facet normal -5.427810e-01  8.398743e-01  0.000000e+00
   outer loop
     vertex -1.024000e+01 -8.951000e+00  0.000000e+00
     vertex -1.024000e+01 -8.951000e+00  5.000000e+00
     vertex -1.018793e+01 -8.917350e+00  5.000000e+00
   endloop
 endfacet
 facet normal -5.427810e-01  8.398743e-01  0.000000e+00
   outer loop
     vertex -1.024000e+01 -8.951000e+00  0.000000e+00
     vertex -1.018793e+01 -8.917350e+00  5.000000e+00
     vertex -1.018793e+01 -8.917350e+00  0.000000e+00
   endloop
 endfacet
 facet normal  7.071068e-01  7.071068e-01  0.000000e+00
   outer loop
     vertex -9.965000e+00 -8.959000e+00  0.000000e+00
     vertex -8.959000e+00 -9.965000e+00  5.000000e+00
     vertex -8.959000e+00 -9.965000e+00  0.000000e+00
   endloop
 endfacet
 facet normal  7.071068e-01  7.071068e-01 -0.000000e+00
   outer loop
     vertex -9.965000e+00 -8.959000e+00  0.000000e+00
     vertex -9.965000e+00 -8.959000e+00  5.000000e+00
     vertex -8.959000e+00 -9.965000e+00  5.000000e+00
   endloop
 endfacet
 facet normal  8.748105e-01 -4.844653e-01  0.000000e+00
   outer loop
     vertex -8.908028e+00 -1.016240e+01  0.000000e+00
     vertex -8.951000e+00 -1.024000e+01  5.000000e+00
     vertex -8.951000e+00 -1.024000e+01  0.000000e+00
   endloop
 endfacet
 facet normal  8.748105e-01 -4.844653e-01  0.000000e+00
   outer loop
     vertex -8.908028e+00 -1.016240e+01  0.000000e+00
     vertex -8.908028e+00 -1.016240e+01  5.000000e+00
     vertex -8.951000e+00 -1.024000e+01  5.000000e+00
   endloop
 endfacet
 facet normal  9.982871e-01 -5.850483e-02  0.000000e+00
   outer loop
     vertex -8.902839e+00 -1.007386e+01  0.000000e+00
     vertex -8.902839e+00 -1.007386e+01  5.000000e+00
     vertex -8.908028e+00 -1.016240e+01  5.000000e+00
   endloop
 endfacet
 facet normal  9.982871e-01 -5.850483e-02  0.000000e+00
   outer loop
     vertex -8.902839e+00 -1.007386e+01  0.000000e+00
     vertex -8.908028e+00 -1.016240e+01  5.000000e+00
     vertex -8.908028e+00 -1.016240e+01  0.000000e+00
   endloop
 endfacet
 facet normal  9.490205e-01  3.152143e-01 -0.000000e+00
   outer loop
     vertex -8.922381e+00 -1.001502e+01  0.000000e+00
     vertex -8.922381e+00 -1.001502e+01  5.000000e+00
     vertex -8.902839e+00 -1.007386e+01  5.000000e+00
   endloop
 endfacet
 facet normal  9.490205e-01  3.152143e-01  0.000000e+00
   outer loop
     vertex -8.922381e+00 -1.001502e+01  0.000000e+00
     vertex -8.902839e+00 -1.007386e+01  5.000000e+00
     vertex -8.902839e+00 -1.007386e+01  0.000000e+00
   endloop
 endfacet
 facet normal  8.069007e-01  5.906872e-01 -0.000000e+00
   outer loop
     vertex -8.959000e+00 -9.965000e+00  0.000000e+00
     vertex -8.959000e+00 -9.965000e+00  5.000000e+00
     vertex -8.922381e+00 -1.001502e+01  5.000000e+00
   endloop
 endfacet
 facet normal  8.069007e-01  5.906872e-01  0.000000e+00
   outer loop
     vertex -8.959000e+00 -9.965000e+00  0.000000e+00
     vertex -8.922381e+00 -1.001502e+01  5.000000e+00
     vertex -8.922381e+00 -1.001502e+01  0.000000e+00
   endloop
 endfacet
 facet normal  7.434105e-01 -6.688354e-01  0.000000e+00
   outer loop
     vertex -8.951000e+00 -1.024000e+01  0.000000e+00
     vertex -1.095100e+01 -1.246300e+01  5.000000e+00
     vertex -1.095100e+01 -1.246300e+01  0.000000e+00
   endloop
 endfacet
 facet normal  7.434105e-01 -6.688354e-01  0.000000e+00
   outer loop
     vertex -8.951000e+00 -1.024000e+01  0.000000e+00
     vertex -8.951000e+00 -1.024000e+01  5.000000e+00
     vertex -1.095100e+01 -1.246300e+01  5.000000e+00
   endloop
 endfacet
 facet normal  6.294353e-01  7.770529e-01  0.000000e+00
   outer loop
     vertex -1.095100e+01 -1.246300e+01  0.000000e+00
     vertex -9.914000e+00 -1.330300e+01  5.000000e+00
     vertex -9.914000e+00 -1.330300e+01  0.000000e+00
   endloop
 endfacet
 facet normal  6.294353e-01  7.770529e-01 -0.000000e+00
   outer loop
     vertex -1.095100e+01 -1.246300e+01  0.000000e+00
     vertex -1.095100e+01 -1.246300e+01  5.000000e+00
     vertex -9.914000e+00 -1.330300e+01  5.000000e+00
   endloop
 endfacet
 facet normal -8.088229e-01  5.880524e-01  0.000000e+00
   outer loop
     vertex -9.914000e+00 -1.330300e+01  0.000000e+00
     vertex -8.156000e+00 -1.088500e+01  5.000000e+00
     vertex -8.156000e+00 -1.088500e+01  0.000000e+00
   endloop
 endfacet
 facet normal -8.088229e-01  5.880524e-01  0.000000e+00
   outer loop
     vertex -9.914000e+00 -1.330300e+01  0.000000e+00
     vertex -9.914000e+00 -1.330300e+01  5.000000e+00
     vertex -8.156000e+00 -1.088500e+01  5.000000e+00
   endloop
 endfacet
 facet normal  3.493834e-01  9.369798e-01  0.000000e+00
   outer loop
     vertex -7.968109e+00 -1.080501e+01  0.000000e+00
     vertex -7.885000e+00 -1.083600e+01  5.000000e+00
     vertex -7.885000e+00 -1.083600e+01  0.000000e+00
   endloop
 endfacet
 facet normal  3.493834e-01  9.369798e-01 -0.000000e+00
   outer loop
     vertex -7.968109e+00 -1.080501e+01  0.000000e+00
     vertex -7.968109e+00 -1.080501e+01  5.000000e+00
     vertex -7.885000e+00 -1.083600e+01  5.000000e+00
   endloop
 endfacet
 facet normal -9.017793e-02  9.959257e-01  0.000000e+00
   outer loop
     vertex -8.056447e+00 -1.081301e+01  0.000000e+00
     vertex -8.056447e+00 -1.081301e+01  5.000000e+00
     vertex -7.968109e+00 -1.080501e+01  5.000000e+00
   endloop
 endfacet
 facet normal -9.017793e-02  9.959257e-01  0.000000e+00
   outer loop
     vertex -8.056447e+00 -1.081301e+01  0.000000e+00
     vertex -7.968109e+00 -1.080501e+01  5.000000e+00
     vertex -7.968109e+00 -1.080501e+01  0.000000e+00
   endloop
 endfacet
 facet normal -4.528864e-01  8.915683e-01  0.000000e+00
   outer loop
     vertex -8.111888e+00 -1.084117e+01  0.000000e+00
     vertex -8.111888e+00 -1.084117e+01  5.000000e+00
     vertex -8.056447e+00 -1.081301e+01  5.000000e+00
   endloop
 endfacet
 facet normal -4.528864e-01  8.915683e-01  0.000000e+00
   outer loop
     vertex -8.111888e+00 -1.084117e+01  0.000000e+00
     vertex -8.056447e+00 -1.081301e+01  5.000000e+00
     vertex -8.056447e+00 -1.081301e+01  0.000000e+00
   endloop
 endfacet
 facet normal -7.048314e-01  7.093749e-01  0.000000e+00
   outer loop
     vertex -8.156000e+00 -1.088500e+01  0.000000e+00
     vertex -8.156000e+00 -1.088500e+01  5.000000e+00
     vertex -8.111888e+00 -1.084117e+01  5.000000e+00
   endloop
 endfacet
 facet normal -7.048314e-01  7.093749e-01  0.000000e+00
   outer loop
     vertex -8.156000e+00 -1.088500e+01  0.000000e+00
     vertex -8.111888e+00 -1.084117e+01  5.000000e+00
     vertex -8.111888e+00 -1.084117e+01  0.000000e+00
   endloop
 endfacet
 facet normal  5.434553e-01  8.394381e-01  0.000000e+00
   outer loop
     vertex -7.885000e+00 -1.083600e+01  0.000000e+00
     vertex -6.691000e+00 -1.160900e+01  5.000000e+00
     vertex -6.691000e+00 -1.160900e+01  0.000000e+00
   endloop
 endfacet
 facet normal  5.434553e-01  8.394381e-01 -0.000000e+00
   outer loop
     vertex -7.885000e+00 -1.083600e+01  0.000000e+00
     vertex -7.885000e+00 -1.083600e+01  5.000000e+00
     vertex -6.691000e+00 -1.160900e+01  5.000000e+00
   endloop
 endfacet
 facet normal  9.522510e-01 -3.053162e-01  0.000000e+00
   outer loop
     vertex -6.599919e+00 -1.179454e+01  0.000000e+00
     vertex -6.627000e+00 -1.187900e+01  5.000000e+00
     vertex -6.627000e+00 -1.187900e+01  0.000000e+00
   endloop
 endfacet
 facet normal  9.522510e-01 -3.053162e-01  0.000000e+00
   outer loop
     vertex -6.599919e+00 -1.179454e+01  0.000000e+00
     vertex -6.599919e+00 -1.179454e+01  5.000000e+00
     vertex -6.627000e+00 -1.187900e+01  5.000000e+00
   endloop
 endfacet
 facet normal  9.906379e-01  1.365155e-01 -0.000000e+00
   outer loop
     vertex -6.612028e+00 -1.170667e+01  0.000000e+00
     vertex -6.612028e+00 -1.170667e+01  5.000000e+00
     vertex -6.599919e+00 -1.179454e+01  5.000000e+00
   endloop
 endfacet
 facet normal  9.906379e-01  1.365155e-01  0.000000e+00
   outer loop
     vertex -6.612028e+00 -1.170667e+01  0.000000e+00
     vertex -6.599919e+00 -1.179454e+01  5.000000e+00
     vertex -6.599919e+00 -1.179454e+01  0.000000e+00
   endloop
 endfacet
 facet normal  8.676937e-01  4.970993e-01 -0.000000e+00
   outer loop
     vertex -6.643648e+00 -1.165147e+01  0.000000e+00
     vertex -6.643648e+00 -1.165147e+01  5.000000e+00
     vertex -6.612028e+00 -1.170667e+01  5.000000e+00
   endloop
 endfacet
 facet normal  8.676937e-01  4.970993e-01  0.000000e+00
   outer loop
     vertex -6.643648e+00 -1.165147e+01  0.000000e+00
     vertex -6.612028e+00 -1.170667e+01  5.000000e+00
     vertex -6.612028e+00 -1.170667e+01  0.000000e+00
   endloop
 endfacet
 facet normal  6.677177e-01  7.444146e-01 -0.000000e+00
   outer loop
     vertex -6.691000e+00 -1.160900e+01  0.000000e+00
     vertex -6.691000e+00 -1.160900e+01  5.000000e+00
     vertex -6.643648e+00 -1.165147e+01  5.000000e+00
   endloop
 endfacet
 facet normal  6.677177e-01  7.444146e-01  0.000000e+00
   outer loop
     vertex -6.691000e+00 -1.160900e+01  0.000000e+00
     vertex -6.643648e+00 -1.165147e+01  5.000000e+00
     vertex -6.643648e+00 -1.165147e+01  0.000000e+00
   endloop
 endfacet
 facet normal  8.660518e-01 -4.999542e-01  0.000000e+00
   outer loop
     vertex -6.627000e+00 -1.187900e+01  0.000000e+00
     vertex -8.121000e+00 -1.446700e+01  5.000000e+00
     vertex -8.121000e+00 -1.446700e+01  0.000000e+00
   endloop
 endfacet
 facet normal  8.660518e-01 -4.999542e-01  0.000000e+00
   outer loop
     vertex -6.627000e+00 -1.187900e+01  0.000000e+00
     vertex -6.627000e+00 -1.187900e+01  5.000000e+00
     vertex -8.121000e+00 -1.446700e+01  5.000000e+00
   endloop
 endfacet
 facet normal  4.540827e-01  8.909596e-01  0.000000e+00
   outer loop
     vertex -8.121000e+00 -1.446700e+01  0.000000e+00
     vertex -6.930000e+00 -1.507400e+01  5.000000e+00
     vertex -6.930000e+00 -1.507400e+01  0.000000e+00
   endloop
 endfacet
 facet normal  4.540827e-01  8.909596e-01 -0.000000e+00
   outer loop
     vertex -8.121000e+00 -1.446700e+01  0.000000e+00
     vertex -8.121000e+00 -1.446700e+01  5.000000e+00
     vertex -6.930000e+00 -1.507400e+01  5.000000e+00
   endloop
 endfacet
 facet normal -9.137150e-01  4.063557e-01  0.000000e+00
   outer loop
     vertex -6.930000e+00 -1.507400e+01  0.000000e+00
     vertex -5.715000e+00 -1.234200e+01  5.000000e+00
     vertex -5.715000e+00 -1.234200e+01  0.000000e+00
   endloop
 endfacet
 facet normal -9.137150e-01  4.063557e-01  0.000000e+00
   outer loop
     vertex -6.930000e+00 -1.507400e+01  0.000000e+00
     vertex -6.930000e+00 -1.507400e+01  5.000000e+00
     vertex -5.715000e+00 -1.234200e+01  5.000000e+00
   endloop
 endfacet
 facet normal  1.394231e-01  9.902329e-01  0.000000e+00
   outer loop
     vertex -5.548833e+00 -1.222363e+01  0.000000e+00
     vertex -5.461000e+00 -1.223600e+01  5.000000e+00
     vertex -5.461000e+00 -1.223600e+01  0.000000e+00
   endloop
 endfacet
 facet normal  1.394231e-01  9.902329e-01 -0.000000e+00
   outer loop
     vertex -5.548833e+00 -1.222363e+01  0.000000e+00
     vertex -5.548833e+00 -1.222363e+01  5.000000e+00
     vertex -5.461000e+00 -1.223600e+01  5.000000e+00
   endloop
 endfacet
 facet normal -3.025194e-01  9.531432e-01  0.000000e+00
   outer loop
     vertex -5.633376e+00 -1.225047e+01  0.000000e+00
     vertex -5.633376e+00 -1.225047e+01  5.000000e+00
     vertex -5.548833e+00 -1.222363e+01  5.000000e+00
   endloop
 endfacet
 facet normal -3.025194e-01  9.531432e-01  0.000000e+00
   outer loop
     vertex -5.633376e+00 -1.225047e+01  0.000000e+00
     vertex -5.548833e+00 -1.222363e+01  5.000000e+00
     vertex -5.548833e+00 -1.222363e+01  0.000000e+00
   endloop
 endfacet
 facet normal -6.340293e-01  7.733090e-01  0.000000e+00
   outer loop
     vertex -5.681377e+00 -1.228982e+01  0.000000e+00
     vertex -5.681377e+00 -1.228982e+01  5.000000e+00
     vertex -5.633376e+00 -1.225047e+01  5.000000e+00
   endloop
 endfacet
 facet normal -6.340293e-01  7.733090e-01  0.000000e+00
   outer loop
     vertex -5.681377e+00 -1.228982e+01  0.000000e+00
     vertex -5.633376e+00 -1.225047e+01  5.000000e+00
     vertex -5.633376e+00 -1.225047e+01  0.000000e+00
   endloop
 endfacet
 facet normal -8.405917e-01  5.416692e-01  0.000000e+00
   outer loop
     vertex -5.715000e+00 -1.234200e+01  0.000000e+00
     vertex -5.715000e+00 -1.234200e+01  5.000000e+00
     vertex -5.681377e+00 -1.228982e+01  5.000000e+00
   endloop
 endfacet
 facet normal -8.405917e-01  5.416692e-01  0.000000e+00
   outer loop
     vertex -5.715000e+00 -1.234200e+01  0.000000e+00
     vertex -5.681377e+00 -1.228982e+01  5.000000e+00
     vertex -5.681377e+00 -1.228982e+01  0.000000e+00
   endloop
 endfacet
 facet normal  3.592612e-01  9.332371e-01  0.000000e+00
   outer loop
     vertex -5.461000e+00 -1.223600e+01  0.000000e+00
     vertex -4.131000e+00 -1.274800e+01  5.000000e+00
     vertex -4.131000e+00 -1.274800e+01  0.000000e+00
   endloop
 endfacet
 facet normal  3.592612e-01  9.332371e-01 -0.000000e+00
   outer loop
     vertex -5.461000e+00 -1.223600e+01  0.000000e+00
     vertex -5.461000e+00 -1.223600e+01  5.000000e+00
     vertex -4.131000e+00 -1.274800e+01  5.000000e+00
   endloop
 endfacet
 facet normal  9.958699e-01 -9.079123e-02  0.000000e+00
   outer loop
     vertex -4.005947e+00 -1.290767e+01  0.000000e+00
     vertex -4.014000e+00 -1.299600e+01  5.000000e+00
     vertex -4.014000e+00 -1.299600e+01  0.000000e+00
   endloop
 endfacet
 facet normal  9.958699e-01 -9.079123e-02  0.000000e+00
   outer loop
     vertex -4.005947e+00 -1.290767e+01  0.000000e+00
     vertex -4.005947e+00 -1.290767e+01  5.000000e+00
     vertex -4.014000e+00 -1.299600e+01  5.000000e+00
   endloop
 endfacet
 facet normal  9.371948e-01  3.488064e-01 -0.000000e+00
   outer loop
     vertex -4.036886e+00 -1.282454e+01  0.000000e+00
     vertex -4.036886e+00 -1.282454e+01  5.000000e+00
     vertex -4.005947e+00 -1.290767e+01  5.000000e+00
   endloop
 endfacet
 facet normal  9.371948e-01  3.488064e-01  0.000000e+00
   outer loop
     vertex -4.036886e+00 -1.282454e+01  0.000000e+00
     vertex -4.005947e+00 -1.290767e+01  5.000000e+00
     vertex -4.005947e+00 -1.290767e+01  0.000000e+00
   endloop
 endfacet
 facet normal  7.425242e-01  6.698192e-01 -0.000000e+00
   outer loop
     vertex -4.078000e+00 -1.277896e+01  0.000000e+00
     vertex -4.078000e+00 -1.277896e+01  5.000000e+00
     vertex -4.036886e+00 -1.282454e+01  5.000000e+00
   endloop
 endfacet
 facet normal  7.425242e-01  6.698192e-01  0.000000e+00
   outer loop
     vertex -4.078000e+00 -1.277896e+01  0.000000e+00
     vertex -4.036886e+00 -1.282454e+01  5.000000e+00
     vertex -4.036886e+00 -1.282454e+01  0.000000e+00
   endloop
 endfacet
 facet normal  5.044184e-01  8.634593e-01 -0.000000e+00
   outer loop
     vertex -4.131000e+00 -1.274800e+01  0.000000e+00
     vertex -4.131000e+00 -1.274800e+01  5.000000e+00
     vertex -4.078000e+00 -1.277896e+01  5.000000e+00
   endloop
 endfacet
 facet normal  5.044184e-01  8.634593e-01  0.000000e+00
   outer loop
     vertex -4.131000e+00 -1.274800e+01  0.000000e+00
     vertex -4.078000e+00 -1.277896e+01  5.000000e+00
     vertex -4.078000e+00 -1.277896e+01  0.000000e+00
   endloop
 endfacet
 facet normal  9.512600e-01 -3.083902e-01  0.000000e+00
   outer loop
     vertex -4.014000e+00 -1.299600e+01  0.000000e+00
     vertex -4.936000e+00 -1.584000e+01  5.000000e+00
     vertex -4.936000e+00 -1.584000e+01  0.000000e+00
   endloop
 endfacet
 facet normal  9.512600e-01 -3.083902e-01  0.000000e+00
   outer loop
     vertex -4.014000e+00 -1.299600e+01  0.000000e+00
     vertex -4.014000e+00 -1.299600e+01  5.000000e+00
     vertex -4.936000e+00 -1.584000e+01  5.000000e+00
   endloop
 endfacet
 facet normal  2.590604e-01  9.658611e-01  0.000000e+00
   outer loop
     vertex -4.936000e+00 -1.584000e+01  0.000000e+00
     vertex -3.646000e+00 -1.618600e+01  5.000000e+00
     vertex -3.646000e+00 -1.618600e+01  0.000000e+00
   endloop
 endfacet
 facet normal  2.590604e-01  9.658611e-01 -0.000000e+00
   outer loop
     vertex -4.936000e+00 -1.584000e+01  0.000000e+00
     vertex -4.936000e+00 -1.584000e+01  5.000000e+00
     vertex -3.646000e+00 -1.618600e+01  5.000000e+00
   endloop
 endfacet
 facet normal -9.780465e-01  2.083868e-01  0.000000e+00
   outer loop
     vertex -3.646000e+00 -1.618600e+01  0.000000e+00
     vertex -3.023000e+00 -1.326200e+01  5.000000e+00
     vertex -3.023000e+00 -1.326200e+01  0.000000e+00
   endloop
 endfacet
 facet normal -9.780465e-01  2.083868e-01  0.000000e+00
   outer loop
     vertex -3.646000e+00 -1.618600e+01  0.000000e+00
     vertex -3.646000e+00 -1.618600e+01  5.000000e+00
     vertex -3.023000e+00 -1.326200e+01  5.000000e+00
   endloop
 endfacet
 facet normal -7.203117e-02  9.974024e-01  0.000000e+00
   outer loop
     vertex -2.885469e+00 -1.311139e+01  0.000000e+00
     vertex -2.797000e+00 -1.310500e+01  5.000000e+00
     vertex -2.797000e+00 -1.310500e+01  0.000000e+00
   endloop
 endfacet
 facet normal -7.203117e-02  9.974024e-01  0.000000e+00
   outer loop
     vertex -2.885469e+00 -1.311139e+01  0.000000e+00
     vertex -2.885469e+00 -1.311139e+01  5.000000e+00
     vertex -2.797000e+00 -1.310500e+01  5.000000e+00
   endloop
 endfacet
 facet normal -4.962788e-01  8.681632e-01  0.000000e+00
   outer loop
     vertex -2.962474e+00 -1.315541e+01  0.000000e+00
     vertex -2.962474e+00 -1.315541e+01  5.000000e+00
     vertex -2.885469e+00 -1.311139e+01  5.000000e+00
   endloop
 endfacet
 facet normal -4.962788e-01  8.681632e-01  0.000000e+00
   outer loop
     vertex -2.962474e+00 -1.315541e+01  0.000000e+00
     vertex -2.885469e+00 -1.311139e+01  5.000000e+00
     vertex -2.885469e+00 -1.311139e+01  0.000000e+00
   endloop
 endfacet
 facet normal -7.824811e-01  6.226743e-01  0.000000e+00
   outer loop
     vertex -3.001104e+00 -1.320395e+01  0.000000e+00
     vertex -3.001104e+00 -1.320395e+01  5.000000e+00
     vertex -2.962474e+00 -1.315541e+01  5.000000e+00
   endloop
 endfacet
 facet normal -7.824811e-01  6.226743e-01  0.000000e+00
   outer loop
     vertex -3.001104e+00 -1.320395e+01  0.000000e+00
     vertex -2.962474e+00 -1.315541e+01  5.000000e+00
     vertex -2.962474e+00 -1.315541e+01  0.000000e+00
   endloop
 endfacet
 facet normal -9.356490e-01  3.529318e-01  0.000000e+00
   outer loop
     vertex -3.023000e+00 -1.326200e+01  0.000000e+00
     vertex -3.023000e+00 -1.326200e+01  5.000000e+00
     vertex -3.001104e+00 -1.320395e+01  5.000000e+00
   endloop
 endfacet
 facet normal -9.356490e-01  3.529318e-01  0.000000e+00
   outer loop
     vertex -3.023000e+00 -1.326200e+01  0.000000e+00
     vertex -3.001104e+00 -1.320395e+01  5.000000e+00
     vertex -3.001104e+00 -1.320395e+01  0.000000e+00
   endloop
 endfacet
 facet normal  1.566479e-01  9.876545e-01  0.000000e+00
   outer loop
     vertex -2.797000e+00 -1.310500e+01  0.000000e+00
     vertex -1.391000e+00 -1.332800e+01  5.000000e+00
     vertex -1.391000e+00 -1.332800e+01  0.000000e+00
   endloop
 endfacet
 facet normal  1.566479e-01  9.876545e-01 -0.000000e+00
   outer loop
     vertex -2.797000e+00 -1.310500e+01  0.000000e+00
     vertex -2.797000e+00 -1.310500e+01  5.000000e+00
     vertex -1.391000e+00 -1.332800e+01  5.000000e+00
   endloop
 endfacet
 facet normal  9.920316e-01  1.259895e-01  0.000000e+00
   outer loop
     vertex -1.234175e+00 -1.345701e+01  0.000000e+00
     vertex -1.223000e+00 -1.354500e+01  5.000000e+00
     vertex -1.223000e+00 -1.354500e+01  0.000000e+00
   endloop
 endfacet
 facet normal  9.920316e-01  1.259895e-01 -0.000000e+00
   outer loop
     vertex -1.234175e+00 -1.345701e+01  0.000000e+00
     vertex -1.234175e+00 -1.345701e+01  5.000000e+00
     vertex -1.223000e+00 -1.354500e+01  5.000000e+00
   endloop
 endfacet
 facet normal  8.399861e-01  5.426080e-01 -0.000000e+00
   outer loop
     vertex -1.282304e+00 -1.338250e+01  0.000000e+00
     vertex -1.282304e+00 -1.338250e+01  5.000000e+00
     vertex -1.234175e+00 -1.345701e+01  5.000000e+00
   endloop
 endfacet
 facet normal  8.399861e-01  5.426080e-01  0.000000e+00
   outer loop
     vertex -1.282304e+00 -1.338250e+01  0.000000e+00
     vertex -1.234175e+00 -1.345701e+01  5.000000e+00
     vertex -1.234175e+00 -1.345701e+01  0.000000e+00
   endloop
 endfacet
 facet normal  5.803950e-01  8.143351e-01 -0.000000e+00
   outer loop
     vertex -1.332410e+00 -1.334679e+01  0.000000e+00
     vertex -1.332410e+00 -1.334679e+01  5.000000e+00
     vertex -1.282304e+00 -1.338250e+01  5.000000e+00
   endloop
 endfacet
 facet normal  5.803950e-01  8.143351e-01  0.000000e+00
   outer loop
     vertex -1.332410e+00 -1.334679e+01  0.000000e+00
     vertex -1.282304e+00 -1.338250e+01  5.000000e+00
     vertex -1.282304e+00 -1.338250e+01  0.000000e+00
   endloop
 endfacet
 facet normal  3.053821e-01  9.522299e-01 -0.000000e+00
   outer loop
     vertex -1.391000e+00 -1.332800e+01  0.000000e+00
     vertex -1.391000e+00 -1.332800e+01  5.000000e+00
     vertex -1.332410e+00 -1.334679e+01  5.000000e+00
   endloop
 endfacet
 facet normal  3.053821e-01  9.522299e-01  0.000000e+00
   outer loop
     vertex -1.391000e+00 -1.332800e+01  0.000000e+00
     vertex -1.332410e+00 -1.334679e+01  5.000000e+00
     vertex -1.332410e+00 -1.334679e+01  0.000000e+00
   endloop
 endfacet
 facet normal  9.945457e-01 -1.043019e-01  0.000000e+00
   outer loop
     vertex -1.223000e+00 -1.354500e+01  0.000000e+00
     vertex -1.535000e+00 -1.652000e+01  5.000000e+00
     vertex -1.535000e+00 -1.652000e+01  0.000000e+00
   endloop
 endfacet
 facet normal  9.945457e-01 -1.043019e-01  0.000000e+00
   outer loop
     vertex -1.223000e+00 -1.354500e+01  0.000000e+00
     vertex -1.223000e+00 -1.354500e+01  5.000000e+00
     vertex -1.535000e+00 -1.652000e+01  5.000000e+00
   endloop
 endfacet
 facet normal  5.083240e-02  9.987072e-01  0.000000e+00
   outer loop
     vertex -1.535000e+00 -1.652000e+01  0.000000e+00
     vertex -1.990000e-01 -1.658800e+01  5.000000e+00
     vertex -1.990000e-01 -1.658800e+01  0.000000e+00
   endloop
 endfacet
 facet normal  5.083240e-02  9.987072e-01 -0.000000e+00
   outer loop
     vertex -1.535000e+00 -1.652000e+01  0.000000e+00
     vertex -1.535000e+00 -1.652000e+01  5.000000e+00
     vertex -1.990000e-01 -1.658800e+01  5.000000e+00
   endloop
 endfacet
 facet normal -1.000000e+00  9.289015e-18  0.000000e+00
   outer loop
     vertex -1.990000e-01 -1.658800e+01  0.000000e+00
     vertex -1.990000e-01 -1.360000e+01  5.000000e+00
     vertex -1.990000e-01 -1.360000e+01  0.000000e+00
   endloop
 endfacet
 facet normal -1.000000e+00  9.289015e-18  0.000000e+00
   outer loop
     vertex -1.990000e-01 -1.658800e+01  0.000000e+00
     vertex -1.990000e-01 -1.658800e+01  5.000000e+00
     vertex -1.990000e-01 -1.360000e+01  5.000000e+00
   endloop
 endfacet
 facet normal -2.750420e-01  9.614322e-01  0.000000e+00
   outer loop
     vertex -9.527829e-02 -1.342440e+01  0.000000e+00
     vertex -1.000000e-02 -1.340000e+01  5.000000e+00
     vertex -1.000000e-02 -1.340000e+01  0.000000e+00
   endloop
 endfacet
 facet normal -2.750420e-01  9.614322e-01  0.000000e+00
   outer loop
     vertex -9.527829e-02 -1.342440e+01  0.000000e+00
     vertex -9.527829e-02 -1.342440e+01  5.000000e+00
     vertex -1.000000e-02 -1.340000e+01  5.000000e+00
   endloop
 endfacet
 facet normal -6.637692e-01  7.479375e-01  0.000000e+00
   outer loop
     vertex -1.616198e-01 -1.348327e+01  0.000000e+00
     vertex -1.616198e-01 -1.348327e+01  5.000000e+00
     vertex -9.527829e-02 -1.342440e+01  5.000000e+00
   endloop
 endfacet
 facet normal -6.637692e-01  7.479375e-01  0.000000e+00
   outer loop
     vertex -1.616198e-01 -1.348327e+01  0.000000e+00
     vertex -9.527829e-02 -1.342440e+01  5.000000e+00
     vertex -9.527829e-02 -1.342440e+01  0.000000e+00
   endloop
 endfacet
 facet normal -8.935396e-01  4.489845e-01  0.000000e+00
   outer loop
     vertex -1.894722e-01 -1.353870e+01  0.000000e+00
     vertex -1.894722e-01 -1.353870e+01  5.000000e+00
     vertex -1.616198e-01 -1.348327e+01  5.000000e+00
   endloop
 endfacet
 facet normal -8.935396e-01  4.489845e-01  0.000000e+00
   outer loop
     vertex -1.894722e-01 -1.353870e+01  0.000000e+00
     vertex -1.616198e-01 -1.348327e+01  5.000000e+00
     vertex -1.616198e-01 -1.348327e+01  0.000000e+00
   endloop
 endfacet
 facet normal -9.881347e-01  1.535901e-01  0.000000e+00
   outer loop
     vertex -1.990000e-01 -1.360000e+01  0.000000e+00
     vertex -1.990000e-01 -1.360000e+01  5.000000e+00
     vertex -1.894722e-01 -1.353870e+01  5.000000e+00
   endloop
 endfacet
 facet normal -9.881347e-01  1.535901e-01  0.000000e+00
   outer loop
     vertex -1.990000e-01 -1.360000e+01  0.000000e+00
     vertex -1.894722e-01 -1.353870e+01  5.000000e+00
     vertex -1.894722e-01 -1.353870e+01  0.000000e+00
   endloop
 endfacet
 facet normal -5.196906e-02  9.986487e-01  0.000000e+00
   outer loop
     vertex -1.000000e-02 -1.340000e+01  0.000000e+00
     vertex  1.412000e+00 -1.332600e+01  5.000000e+00
     vertex  1.412000e+00 -1.332600e+01  0.000000e+00
   endloop
 endfacet
 facet normal -5.196906e-02  9.986487e-01  0.000000e+00
   outer loop
     vertex -1.000000e-02 -1.340000e+01  0.000000e+00
     vertex -1.000000e-02 -1.340000e+01  5.000000e+00
     vertex  1.412000e+00 -1.332600e+01  5.000000e+00
   endloop
 endfacet
 facet normal  9.452213e-01  3.264302e-01  0.000000e+00
   outer loop
     vertex  1.592046e+00 -1.342016e+01  0.000000e+00
     vertex  1.621000e+00 -1.350400e+01  5.000000e+00
     vertex  1.621000e+00 -1.350400e+01  0.000000e+00
   endloop
 endfacet
 facet normal  9.452213e-01  3.264302e-01 -0.000000e+00
   outer loop
     vertex  1.592046e+00 -1.342016e+01  0.000000e+00
     vertex  1.592046e+00 -1.342016e+01  5.000000e+00
     vertex  1.621000e+00 -1.350400e+01  5.000000e+00
   endloop
 endfacet
 facet normal  7.110977e-01  7.030932e-01 -0.000000e+00
   outer loop
     vertex  1.529682e+00 -1.335709e+01  0.000000e+00
     vertex  1.529682e+00 -1.335709e+01  5.000000e+00
     vertex  1.592046e+00 -1.342016e+01  5.000000e+00
   endloop
 endfacet
 facet normal  7.110977e-01  7.030932e-01  0.000000e+00
   outer loop
     vertex  1.529682e+00 -1.335709e+01  0.000000e+00
     vertex  1.592046e+00 -1.342016e+01  5.000000e+00
     vertex  1.592046e+00 -1.342016e+01  0.000000e+00
   endloop
 endfacet
 facet normal  4.012230e-01  9.159804e-01 -0.000000e+00
   outer loop
     vertex  1.473263e+00 -1.333237e+01  0.000000e+00
     vertex  1.473263e+00 -1.333237e+01  5.000000e+00
     vertex  1.529682e+00 -1.335709e+01  5.000000e+00
   endloop
 endfacet
 facet normal  4.012230e-01  9.159804e-01  0.000000e+00
   outer loop
     vertex  1.473263e+00 -1.333237e+01  0.000000e+00
     vertex  1.529682e+00 -1.335709e+01  5.000000e+00
     vertex  1.529682e+00 -1.335709e+01  0.000000e+00
   endloop
 endfacet
 facet normal  1.034666e-01  9.946329e-01 -0.000000e+00
   outer loop
     vertex  1.412000e+00 -1.332600e+01  0.000000e+00
     vertex  1.412000e+00 -1.332600e+01  5.000000e+00
     vertex  1.473263e+00 -1.333237e+01  5.000000e+00
   endloop
 endfacet
 facet normal  1.034666e-01  9.946329e-01  0.000000e+00
   outer loop
     vertex  1.412000e+00 -1.332600e+01  0.000000e+00
     vertex  1.473263e+00 -1.333237e+01  5.000000e+00
     vertex  1.473263e+00 -1.333237e+01  0.000000e+00
   endloop
 endfacet
 facet normal  9.945036e-01  1.047022e-01  0.000000e+00
   outer loop
     vertex  1.621000e+00 -1.350400e+01  0.000000e+00
     vertex  1.934000e+00 -1.647700e+01  5.000000e+00
     vertex  1.934000e+00 -1.647700e+01  0.000000e+00
   endloop
 endfacet
 facet normal  9.945036e-01  1.047022e-01 -0.000000e+00
   outer loop
     vertex  1.621000e+00 -1.350400e+01  0.000000e+00
     vertex  1.621000e+00 -1.350400e+01  5.000000e+00
     vertex  1.934000e+00 -1.647700e+01  5.000000e+00
   endloop
 endfacet
 facet normal -1.549248e-01  9.879263e-01  0.000000e+00
   outer loop
     vertex  1.934000e+00 -1.647700e+01  0.000000e+00
     vertex  3.254000e+00 -1.627000e+01  5.000000e+00
     vertex  3.254000e+00 -1.627000e+01  0.000000e+00
   endloop
 endfacet
 facet normal -1.549248e-01  9.879263e-01  0.000000e+00
   outer loop
     vertex  1.934000e+00 -1.647700e+01  0.000000e+00
     vertex  1.934000e+00 -1.647700e+01  5.000000e+00
     vertex  3.254000e+00 -1.627000e+01  5.000000e+00
   endloop
 endfacet
 facet normal -9.782115e-01 -2.076108e-01  0.000000e+00
   outer loop
     vertex  3.254000e+00 -1.627000e+01  0.000000e+00
     vertex  2.633000e+00 -1.334400e+01  5.000000e+00
     vertex  2.633000e+00 -1.334400e+01  0.000000e+00
   endloop
 endfacet
 facet normal -9.782115e-01 -2.076108e-01  0.000000e+00
   outer loop
     vertex  3.254000e+00 -1.627000e+01  0.000000e+00
     vertex  3.254000e+00 -1.627000e+01  5.000000e+00
     vertex  2.633000e+00 -1.334400e+01  5.000000e+00
   endloop
 endfacet
 facet normal -4.744131e-01  8.803024e-01  0.000000e+00
   outer loop
     vertex  2.696918e+00 -1.315108e+01  0.000000e+00
     vertex  2.775000e+00 -1.310900e+01  5.000000e+00
     vertex  2.775000e+00 -1.310900e+01  0.000000e+00
   endloop
 endfacet
 facet normal -4.744131e-01  8.803024e-01  0.000000e+00
   outer loop
     vertex  2.696918e+00 -1.315108e+01  0.000000e+00
     vertex  2.696918e+00 -1.315108e+01  5.000000e+00
     vertex  2.775000e+00 -1.310900e+01  5.000000e+00
   endloop
 endfacet
 facet normal -8.084482e-01  5.885673e-01  0.000000e+00
   outer loop
     vertex  2.644712e+00 -1.322279e+01  0.000000e+00
     vertex  2.644712e+00 -1.322279e+01  5.000000e+00
     vertex  2.696918e+00 -1.315108e+01  5.000000e+00
   endloop
 endfacet
 facet normal -8.084482e-01  5.885673e-01  0.000000e+00
   outer loop
     vertex  2.644712e+00 -1.322279e+01  0.000000e+00
     vertex  2.696918e+00 -1.315108e+01  5.000000e+00
     vertex  2.696918e+00 -1.315108e+01  0.000000e+00
   endloop
 endfacet
 facet normal -9.686636e-01  2.483765e-01  0.000000e+00
   outer loop
     vertex  2.629407e+00 -1.328248e+01  0.000000e+00
     vertex  2.629407e+00 -1.328248e+01  5.000000e+00
     vertex  2.644712e+00 -1.322279e+01  5.000000e+00
   endloop
 endfacet
 facet normal -9.686636e-01  2.483765e-01  0.000000e+00
   outer loop
     vertex  2.629407e+00 -1.328248e+01  0.000000e+00
     vertex  2.644712e+00 -1.322279e+01  5.000000e+00
     vertex  2.644712e+00 -1.322279e+01  0.000000e+00
   endloop
 endfacet
 facet normal -9.982984e-01 -5.831288e-02  0.000000e+00
   outer loop
     vertex  2.633000e+00 -1.334400e+01  0.000000e+00
     vertex  2.633000e+00 -1.334400e+01  5.000000e+00
     vertex  2.629407e+00 -1.328248e+01  5.000000e+00
   endloop
 endfacet
 facet normal -9.982984e-01 -5.831288e-02  0.000000e+00
   outer loop
     vertex  2.633000e+00 -1.334400e+01  0.000000e+00
     vertex  2.629407e+00 -1.328248e+01  5.000000e+00
     vertex  2.629407e+00 -1.328248e+01  0.000000e+00
   endloop
 endfacet
 facet normal -2.591925e-01  9.658257e-01  0.000000e+00
   outer loop
     vertex  2.775000e+00 -1.310900e+01  0.000000e+00
     vertex  4.150000e+00 -1.274000e+01  5.000000e+00
     vertex  4.150000e+00 -1.274000e+01  0.000000e+00
   endloop
 endfacet
 facet normal -2.591925e-01  9.658257e-01  0.000000e+00
   outer loop
     vertex  2.775000e+00 -1.310900e+01  0.000000e+00
     vertex  2.775000e+00 -1.310900e+01  5.000000e+00
     vertex  4.150000e+00 -1.274000e+01  5.000000e+00
   endloop
 endfacet
 facet normal  8.635085e-01  5.043343e-01  0.000000e+00
   outer loop
     vertex  4.348266e+00 -1.279641e+01  0.000000e+00
     vertex  4.393000e+00 -1.287300e+01  5.000000e+00
     vertex  4.393000e+00 -1.287300e+01  0.000000e+00
   endloop
 endfacet
 facet normal  8.635085e-01  5.043343e-01 -0.000000e+00
   outer loop
     vertex  4.348266e+00 -1.279641e+01  0.000000e+00
     vertex  4.348266e+00 -1.279641e+01  5.000000e+00
     vertex  4.393000e+00 -1.287300e+01  5.000000e+00
   endloop
 endfacet
 facet normal  5.604854e-01  8.281643e-01 -0.000000e+00
   outer loop
     vertex  4.274808e+00 -1.274669e+01  0.000000e+00
     vertex  4.274808e+00 -1.274669e+01  5.000000e+00
     vertex  4.348266e+00 -1.279641e+01  5.000000e+00
   endloop
 endfacet
 facet normal  5.604854e-01  8.281643e-01  0.000000e+00
   outer loop
     vertex  4.274808e+00 -1.274669e+01  0.000000e+00
     vertex  4.348266e+00 -1.279641e+01  5.000000e+00
     vertex  4.348266e+00 -1.279641e+01  0.000000e+00
   endloop
 endfacet
 facet normal  2.108744e-01  9.775132e-01 -0.000000e+00
   outer loop
     vertex  4.212940e+00 -1.273335e+01  0.000000e+00
     vertex  4.212940e+00 -1.273335e+01  5.000000e+00
     vertex  4.274808e+00 -1.274669e+01  5.000000e+00
   endloop
 endfacet
 facet normal  2.108744e-01  9.775132e-01  0.000000e+00
   outer loop
     vertex  4.212940e+00 -1.273335e+01  0.000000e+00
     vertex  4.274808e+00 -1.274669e+01  5.000000e+00
     vertex  4.274808e+00 -1.274669e+01  0.000000e+00
   endloop
 endfacet
 facet normal -1.051275e-01  9.944588e-01  0.000000e+00
   outer loop
     vertex  4.150000e+00 -1.274000e+01  0.000000e+00
     vertex  4.150000e+00 -1.274000e+01  5.000000e+00
     vertex  4.212940e+00 -1.273335e+01  5.000000e+00
   endloop
 endfacet
 facet normal -1.051275e-01  9.944588e-01  0.000000e+00
   outer loop
     vertex  4.150000e+00 -1.274000e+01  0.000000e+00
     vertex  4.212940e+00 -1.273335e+01  5.000000e+00
     vertex  4.212940e+00 -1.273335e+01  0.000000e+00
   endloop
 endfacet
 facet normal  9.510980e-01  3.088893e-01  0.000000e+00
   outer loop
     vertex  4.393000e+00 -1.287300e+01  0.000000e+00
     vertex  5.316000e+00 -1.571500e+01  5.000000e+00
     vertex  5.316000e+00 -1.571500e+01  0.000000e+00
   endloop
 endfacet
 facet normal  9.510980e-01  3.088893e-01 -0.000000e+00
   outer loop
     vertex  4.393000e+00 -1.287300e+01  0.000000e+00
     vertex  4.393000e+00 -1.287300e+01  5.000000e+00
     vertex  5.316000e+00 -1.571500e+01  5.000000e+00
   endloop
 endfacet
 facet normal -3.570222e-01  9.340959e-01  0.000000e+00
   outer loop
     vertex  5.316000e+00 -1.571500e+01  0.000000e+00
     vertex  6.564000e+00 -1.523800e+01  5.000000e+00
     vertex  6.564000e+00 -1.523800e+01  0.000000e+00
   endloop
 endfacet
 facet normal -3.570222e-01  9.340959e-01  0.000000e+00
   outer loop
     vertex  5.316000e+00 -1.571500e+01  0.000000e+00
     vertex  5.316000e+00 -1.571500e+01  5.000000e+00
     vertex  6.564000e+00 -1.523800e+01  5.000000e+00
   endloop
 endfacet
 facet normal -9.138391e-01 -4.060764e-01  0.000000e+00
   outer loop
     vertex  6.564000e+00 -1.523800e+01  0.000000e+00
     vertex  5.350000e+00 -1.250600e+01  5.000000e+00
     vertex  5.350000e+00 -1.250600e+01  0.000000e+00
   endloop
 endfacet
 facet normal -9.138391e-01 -4.060764e-01  0.000000e+00
   outer loop
     vertex  6.564000e+00 -1.523800e+01  0.000000e+00
     vertex  6.564000e+00 -1.523800e+01  5.000000e+00
     vertex  5.350000e+00 -1.250600e+01  5.000000e+00
   endloop
 endfacet
 facet normal -6.427520e-01  7.660743e-01  0.000000e+00
   outer loop
     vertex  5.373050e+00 -1.230301e+01  0.000000e+00
     vertex  5.441000e+00 -1.224600e+01  5.000000e+00
     vertex  5.441000e+00 -1.224600e+01  0.000000e+00
   endloop
 endfacet
 facet normal -6.427520e-01  7.660743e-01  0.000000e+00
   outer loop
     vertex  5.373050e+00 -1.230301e+01  0.000000e+00
     vertex  5.373050e+00 -1.230301e+01  5.000000e+00
     vertex  5.441000e+00 -1.224600e+01  5.000000e+00
   endloop
 endfacet
 facet normal -9.108335e-01  4.127739e-01  0.000000e+00
   outer loop
     vertex  5.336437e+00 -1.238380e+01  0.000000e+00
     vertex  5.336437e+00 -1.238380e+01  5.000000e+00
     vertex  5.373050e+00 -1.230301e+01  5.000000e+00
   endloop
 endfacet
 facet normal -9.108335e-01  4.127739e-01  0.000000e+00
   outer loop
     vertex  5.336437e+00 -1.238380e+01  0.000000e+00
     vertex  5.373050e+00 -1.230301e+01  5.000000e+00
     vertex  5.373050e+00 -1.230301e+01  0.000000e+00
   endloop
 endfacet
 facet normal -9.989570e-01  4.566006e-02  0.000000e+00
   outer loop
     vertex  5.333596e+00 -1.244597e+01  0.000000e+00
     vertex  5.333596e+00 -1.244597e+01  5.000000e+00
     vertex  5.336437e+00 -1.238380e+01  5.000000e+00
   endloop
 endfacet
 facet normal -9.989570e-01  4.566006e-02  0.000000e+00
   outer loop
     vertex  5.333596e+00 -1.244597e+01  0.000000e+00
     vertex  5.336437e+00 -1.238380e+01  5.000000e+00
     vertex  5.336437e+00 -1.238380e+01  0.000000e+00
   endloop
 endfacet
 facet normal -9.646318e-01 -2.636011e-01  0.000000e+00
   outer loop
     vertex  5.350000e+00 -1.250600e+01  0.000000e+00
     vertex  5.350000e+00 -1.250600e+01  5.000000e+00
     vertex  5.333596e+00 -1.244597e+01  5.000000e+00
   endloop
 endfacet
 facet normal -9.646318e-01 -2.636011e-01  0.000000e+00
   outer loop
     vertex  5.350000e+00 -1.250600e+01  0.000000e+00
     vertex  5.333596e+00 -1.244597e+01  5.000000e+00
     vertex  5.333596e+00 -1.244597e+01  0.000000e+00
   endloop
 endfacet
 facet normal -4.539468e-01  8.910288e-01  0.000000e+00
   outer loop
     vertex  5.441000e+00 -1.224600e+01  0.000000e+00
     vertex  6.709000e+00 -1.160000e+01  5.000000e+00
     vertex  6.709000e+00 -1.160000e+01  0.000000e+00
   endloop
 endfacet
 facet normal -4.539468e-01  8.910288e-01  0.000000e+00
   outer loop
     vertex  5.441000e+00 -1.224600e+01  0.000000e+00
     vertex  5.441000e+00 -1.224600e+01  5.000000e+00
     vertex  6.709000e+00 -1.160000e+01  5.000000e+00
   endloop
 endfacet
 facet normal  7.329753e-01  6.802552e-01  0.000000e+00
   outer loop
     vertex  6.912662e+00 -1.161299e+01  0.000000e+00
     vertex  6.973000e+00 -1.167800e+01  5.000000e+00
     vertex  6.973000e+00 -1.167800e+01  0.000000e+00
   endloop
 endfacet
 facet normal  7.329753e-01  6.802552e-01 -0.000000e+00
   outer loop
     vertex  6.912662e+00 -1.161299e+01  0.000000e+00
     vertex  6.912662e+00 -1.161299e+01  5.000000e+00
     vertex  6.973000e+00 -1.167800e+01  5.000000e+00
   endloop
 endfacet
 facet normal  3.667117e-01  9.303346e-01 -0.000000e+00
   outer loop
     vertex  6.830142e+00 -1.158046e+01  0.000000e+00
     vertex  6.830142e+00 -1.158046e+01  5.000000e+00
     vertex  6.912662e+00 -1.161299e+01  5.000000e+00
   endloop
 endfacet
 facet normal  3.667117e-01  9.303346e-01  0.000000e+00
   outer loop
     vertex  6.830142e+00 -1.158046e+01  0.000000e+00
     vertex  6.912662e+00 -1.161299e+01  5.000000e+00
     vertex  6.912662e+00 -1.161299e+01  0.000000e+00
   endloop
 endfacet
 facet normal -4.033471e-03  9.999919e-01  0.000000e+00
   outer loop
     vertex  6.768035e+00 -1.158071e+01  0.000000e+00
     vertex  6.768035e+00 -1.158071e+01  5.000000e+00
     vertex  6.830142e+00 -1.158046e+01  5.000000e+00
   endloop
 endfacet
 facet normal -4.033471e-03  9.999919e-01  0.000000e+00
   outer loop
     vertex  6.768035e+00 -1.158071e+01  0.000000e+00
     vertex  6.830142e+00 -1.158046e+01  5.000000e+00
     vertex  6.830142e+00 -1.158046e+01  0.000000e+00
   endloop
 endfacet
 facet normal -3.106063e-01  9.505387e-01  0.000000e+00
   outer loop
     vertex  6.709000e+00 -1.160000e+01  0.000000e+00
     vertex  6.709000e+00 -1.160000e+01  5.000000e+00
     vertex  6.768035e+00 -1.158071e+01  5.000000e+00
   endloop
 endfacet
 facet normal -3.106063e-01  9.505387e-01  0.000000e+00
   outer loop
     vertex  6.709000e+00 -1.160000e+01  0.000000e+00
     vertex  6.768035e+00 -1.158071e+01  5.000000e+00
     vertex  6.768035e+00 -1.158071e+01  0.000000e+00
   endloop
 endfacet
 facet normal  8.662190e-01  4.996645e-01  0.000000e+00
   outer loop
     vertex  6.973000e+00 -1.167800e+01  0.000000e+00
     vertex  8.467000e+00 -1.426800e+01  5.000000e+00
     vertex  8.467000e+00 -1.426800e+01  0.000000e+00
   endloop
 endfacet
 facet normal  8.662190e-01  4.996645e-01 -0.000000e+00
   outer loop
     vertex  6.973000e+00 -1.167800e+01  0.000000e+00
     vertex  6.973000e+00 -1.167800e+01  5.000000e+00
     vertex  8.467000e+00 -1.426800e+01  5.000000e+00
   endloop
 endfacet
 facet normal -5.444894e-01  8.387677e-01  0.000000e+00
   outer loop
     vertex  8.467000e+00 -1.426800e+01  0.000000e+00
     vertex  9.590000e+00 -1.353900e+01  5.000000e+00
     vertex  9.590000e+00 -1.353900e+01  0.000000e+00
   endloop
 endfacet
 facet normal -5.444894e-01  8.387677e-01  0.000000e+00
   outer loop
     vertex  8.467000e+00 -1.426800e+01  0.000000e+00
     vertex  8.467000e+00 -1.426800e+01  5.000000e+00
     vertex  9.590000e+00 -1.353900e+01  5.000000e+00
   endloop
 endfacet
 facet normal -8.088229e-01 -5.880524e-01  0.000000e+00
   outer loop
     vertex  9.590000e+00 -1.353900e+01  0.000000e+00
     vertex  7.832000e+00 -1.112100e+01  5.000000e+00
     vertex  7.832000e+00 -1.112100e+01  0.000000e+00
   endloop
 endfacet
 facet normal -8.088229e-01 -5.880524e-01  0.000000e+00
   outer loop
     vertex  9.590000e+00 -1.353900e+01  0.000000e+00
     vertex  9.590000e+00 -1.353900e+01  5.000000e+00
     vertex  7.832000e+00 -1.112100e+01  5.000000e+00
   endloop
 endfacet
 facet normal -7.883026e-01  6.152878e-01  0.000000e+00
   outer loop
     vertex  7.812424e+00 -1.091792e+01  0.000000e+00
     vertex  7.867000e+00 -1.084800e+01  5.000000e+00
     vertex  7.867000e+00 -1.084800e+01  0.000000e+00
   endloop
 endfacet
 facet normal -7.883026e-01  6.152878e-01  0.000000e+00
   outer loop
     vertex  7.812424e+00 -1.091792e+01  0.000000e+00
     vertex  7.812424e+00 -1.091792e+01  5.000000e+00
     vertex  7.867000e+00 -1.084800e+01  5.000000e+00
   endloop
 endfacet
 facet normal -9.768616e-01  2.138724e-01  0.000000e+00
   outer loop
     vertex  7.793454e+00 -1.100457e+01  0.000000e+00
     vertex  7.793454e+00 -1.100457e+01  5.000000e+00
     vertex  7.812424e+00 -1.091792e+01  5.000000e+00
   endloop
 endfacet
 facet normal -9.768616e-01  2.138724e-01  0.000000e+00
   outer loop
     vertex  7.793454e+00 -1.100457e+01  0.000000e+00
     vertex  7.812424e+00 -1.091792e+01  5.000000e+00
     vertex  7.812424e+00 -1.091792e+01  0.000000e+00
   endloop
 endfacet
 facet normal -9.866006e-01 -1.631541e-01  0.000000e+00
   outer loop
     vertex  7.803582e+00 -1.106581e+01  0.000000e+00
     vertex  7.803582e+00 -1.106581e+01  5.000000e+00
     vertex  7.793454e+00 -1.100457e+01  5.000000e+00
   endloop
 endfacet
 facet normal -9.866006e-01 -1.631541e-01  0.000000e+00
   outer loop
     vertex  7.803582e+00 -1.106581e+01  0.000000e+00
     vertex  7.793454e+00 -1.100457e+01  5.000000e+00
     vertex  7.793454e+00 -1.100457e+01  0.000000e+00
   endloop
 endfacet
 facet normal -8.890542e-01 -4.578020e-01  0.000000e+00
   outer loop
     vertex  7.832000e+00 -1.112100e+01  0.000000e+00
     vertex  7.832000e+00 -1.112100e+01  5.000000e+00
     vertex  7.803582e+00 -1.106581e+01  5.000000e+00
   endloop
 endfacet
 facet normal -8.890542e-01 -4.578020e-01  0.000000e+00
   outer loop
     vertex  7.832000e+00 -1.112100e+01  0.000000e+00
     vertex  7.803582e+00 -1.106581e+01  5.000000e+00
     vertex  7.803582e+00 -1.106581e+01  0.000000e+00
   endloop
 endfacet
 facet normal -6.292184e-01  7.772285e-01  0.000000e+00
   outer loop
     vertex  7.867000e+00 -1.084800e+01  0.000000e+00
     vertex  8.975000e+00 -9.951000e+00  5.000000e+00
     vertex  8.975000e+00 -9.951000e+00  0.000000e+00
   endloop
 endfacet
 facet normal -6.292184e-01  7.772285e-01  0.000000e+00
   outer loop
     vertex  7.867000e+00 -1.084800e+01  0.000000e+00
     vertex  7.867000e+00 -1.084800e+01  5.000000e+00
     vertex  8.975000e+00 -9.951000e+00  5.000000e+00
   endloop
 endfacet
 facet normal  5.736989e-01  8.190663e-01  0.000000e+00
   outer loop
     vertex  9.175349e+00 -9.922113e+00  0.000000e+00
     vertex  9.248000e+00 -9.973000e+00  5.000000e+00
     vertex  9.248000e+00 -9.973000e+00  0.000000e+00
   endloop
 endfacet
 facet normal  5.736989e-01  8.190663e-01 -0.000000e+00
   outer loop
     vertex  9.175349e+00 -9.922113e+00  0.000000e+00
     vertex  9.175349e+00 -9.922113e+00  5.000000e+00
     vertex  9.248000e+00 -9.973000e+00  5.000000e+00
   endloop
 endfacet
 facet normal  1.630696e-01  9.866146e-01 -0.000000e+00
   outer loop
     vertex  9.087838e+00 -9.907649e+00  0.000000e+00
     vertex  9.087838e+00 -9.907649e+00  5.000000e+00
     vertex  9.175349e+00 -9.922113e+00  5.000000e+00
   endloop
 endfacet
 facet normal  1.630696e-01  9.866146e-01  0.000000e+00
   outer loop
     vertex  9.087838e+00 -9.907649e+00  0.000000e+00
     vertex  9.175349e+00 -9.922113e+00  5.000000e+00
     vertex  9.175349e+00 -9.922113e+00  0.000000e+00
   endloop
 endfacet
 facet normal -2.116897e-01  9.773369e-01  0.000000e+00
   outer loop
     vertex  9.028065e+00 -9.920596e+00  0.000000e+00
     vertex  9.028065e+00 -9.920596e+00  5.000000e+00
     vertex  9.087838e+00 -9.907649e+00  5.000000e+00
   endloop
 endfacet
 facet normal -2.116897e-01  9.773369e-01  0.000000e+00
   outer loop
     vertex  9.028065e+00 -9.920596e+00  0.000000e+00
     vertex  9.087838e+00 -9.907649e+00  5.000000e+00
     vertex  9.087838e+00 -9.907649e+00  0.000000e+00
   endloop
 endfacet
 facet normal -4.971397e-01  8.676705e-01  0.000000e+00
   outer loop
     vertex  8.975000e+00 -9.951000e+00  0.000000e+00
     vertex  8.975000e+00 -9.951000e+00  5.000000e+00
     vertex  9.028065e+00 -9.920596e+00  5.000000e+00
   endloop
 endfacet
 facet normal -4.971397e-01  8.676705e-01  0.000000e+00
   outer loop
     vertex  8.975000e+00 -9.951000e+00  0.000000e+00
     vertex  9.028065e+00 -9.920596e+00  5.000000e+00
     vertex  9.028065e+00 -9.920596e+00  0.000000e+00
   endloop
 endfacet
 facet normal  7.432609e-01  6.690017e-01  0.000000e+00
   outer loop
     vertex  9.248000e+00 -9.973000e+00  0.000000e+00
     vertex  1.124800e+01 -1.219500e+01  5.000000e+00
     vertex  1.124800e+01 -1.219500e+01  0.000000e+00
   endloop
 endfacet
 facet normal  7.432609e-01  6.690017e-01 -0.000000e+00
   outer loop
     vertex  9.248000e+00 -9.973000e+00  0.000000e+00
     vertex  9.248000e+00 -9.973000e+00  5.000000e+00
     vertex  1.124800e+01 -1.219500e+01  5.000000e+00
   endloop
 endfacet
 facet normal -7.071068e-01  7.071068e-01  0.000000e+00
   outer loop
     vertex  1.124800e+01 -1.219500e+01  0.000000e+00
     vertex  1.219500e+01 -1.124800e+01  5.000000e+00
     vertex  1.219500e+01 -1.124800e+01  0.000000e+00
   endloop
 endfacet
 facet normal -7.071068e-01  7.071068e-01  0.000000e+00
   outer loop
     vertex  1.124800e+01 -1.219500e+01  0.000000e+00
     vertex  1.124800e+01 -1.219500e+01  5.000000e+00
     vertex  1.219500e+01 -1.124800e+01  5.000000e+00
   endloop
 endfacet
 facet normal -6.690017e-01 -7.432609e-01  0.000000e+00
   outer loop
     vertex  1.219500e+01 -1.124800e+01  0.000000e+00
     vertex  9.973000e+00 -9.248000e+00  5.000000e+00
     vertex  9.973000e+00 -9.248000e+00  0.000000e+00
   endloop
 endfacet
 facet normal -6.690017e-01 -7.432609e-01  0.000000e+00
   outer loop
     vertex  1.219500e+01 -1.124800e+01  0.000000e+00
     vertex  1.219500e+01 -1.124800e+01  5.000000e+00
     vertex  9.973000e+00 -9.248000e+00  5.000000e+00
   endloop
 endfacet
 facet normal -9.003644e-01  4.351367e-01  0.000000e+00
   outer loop
     vertex  9.912404e+00 -9.054862e+00  0.000000e+00
     vertex  9.951000e+00 -8.975000e+00  5.000000e+00
     vertex  9.951000e+00 -8.975000e+00  0.000000e+00
   endloop
 endfacet
 facet normal -9.003644e-01  4.351367e-01  0.000000e+00
   outer loop
     vertex  9.912404e+00 -9.054862e+00  0.000000e+00
     vertex  9.912404e+00 -9.054862e+00  5.000000e+00
     vertex  9.951000e+00 -8.975000e+00  5.000000e+00
   endloop
 endfacet
 facet normal -9.999956e-01  2.976482e-03  0.000000e+00
   outer loop
     vertex  9.912140e+00 -9.143560e+00  0.000000e+00
     vertex  9.912140e+00 -9.143560e+00  5.000000e+00
     vertex  9.912404e+00 -9.054862e+00  5.000000e+00
   endloop
 endfacet
 facet normal -9.999956e-01  2.976482e-03  0.000000e+00
   outer loop
     vertex  9.912140e+00 -9.143560e+00  0.000000e+00
     vertex  9.912404e+00 -9.054862e+00  5.000000e+00
     vertex  9.912404e+00 -9.054862e+00  0.000000e+00
   endloop
 endfacet
 facet normal -9.308266e-01 -3.654611e-01  0.000000e+00
   outer loop
     vertex  9.934491e+00 -9.200488e+00  0.000000e+00
     vertex  9.934491e+00 -9.200488e+00  5.000000e+00
     vertex  9.912140e+00 -9.143560e+00  5.000000e+00
   endloop
 endfacet
 facet normal -9.308266e-01 -3.654611e-01  0.000000e+00
   outer loop
     vertex  9.934491e+00 -9.200488e+00  0.000000e+00
     vertex  9.912140e+00 -9.143560e+00  5.000000e+00
     vertex  9.912140e+00 -9.143560e+00  0.000000e+00
   endloop
 endfacet
 facet normal -7.768656e-01 -6.296664e-01  0.000000e+00
   outer loop
     vertex  9.973000e+00 -9.248000e+00  0.000000e+00
     vertex  9.973000e+00 -9.248000e+00  5.000000e+00
     vertex  9.934491e+00 -9.200488e+00  5.000000e+00
   endloop
 endfacet
 facet normal -7.768656e-01 -6.296664e-01  0.000000e+00
   outer loop
     vertex  9.973000e+00 -9.248000e+00  0.000000e+00
     vertex  9.934491e+00 -9.200488e+00  5.000000e+00
     vertex  9.934491e+00 -9.200488e+00  0.000000e+00
   endloop
 endfacet
 facet normal -7.772285e-01  6.292184e-01  0.000000e+00
   outer loop
     vertex  9.951000e+00 -8.975000e+00  0.000000e+00
     vertex  1.084800e+01 -7.867000e+00  5.000000e+00
     vertex  1.084800e+01 -7.867000e+00  0.000000e+00
   endloop
 endfacet
 facet normal -7.772285e-01  6.292184e-01  0.000000e+00
   outer loop
     vertex  9.951000e+00 -8.975000e+00  0.000000e+00
     vertex  9.951000e+00 -8.975000e+00  5.000000e+00
     vertex  1.084800e+01 -7.867000e+00  5.000000e+00
   endloop
 endfacet
 facet normal  3.965281e-01  9.180226e-01  0.000000e+00
   outer loop
     vertex  1.103957e+01 -7.796828e+00  0.000000e+00
     vertex  1.112100e+01 -7.832000e+00  5.000000e+00
     vertex  1.112100e+01 -7.832000e+00  0.000000e+00
   endloop
 endfacet
 facet normal  3.965281e-01  9.180226e-01 -0.000000e+00
   outer loop
     vertex  1.103957e+01 -7.796828e+00  0.000000e+00
     vertex  1.103957e+01 -7.796828e+00  5.000000e+00
     vertex  1.112100e+01 -7.832000e+00  5.000000e+00
   endloop
 endfacet
 facet normal -3.947151e-02  9.992207e-01  0.000000e+00
   outer loop
     vertex  1.095094e+01 -7.800329e+00  0.000000e+00
     vertex  1.095094e+01 -7.800329e+00  5.000000e+00
     vertex  1.103957e+01 -7.796828e+00  5.000000e+00
   endloop
 endfacet
 facet normal -3.947151e-02  9.992207e-01  0.000000e+00
   outer loop
     vertex  1.095094e+01 -7.800329e+00  0.000000e+00
     vertex  1.103957e+01 -7.796828e+00  5.000000e+00
     vertex  1.103957e+01 -7.796828e+00  0.000000e+00
   endloop
 endfacet
 facet normal -4.067612e-01  9.135345e-01  0.000000e+00
   outer loop
     vertex  1.089423e+01 -7.825579e+00  0.000000e+00
     vertex  1.089423e+01 -7.825579e+00  5.000000e+00
     vertex  1.095094e+01 -7.800329e+00  5.000000e+00
   endloop
 endfacet
 facet normal -4.067612e-01  9.135345e-01  0.000000e+00
   outer loop
     vertex  1.089423e+01 -7.825579e+00  0.000000e+00
     vertex  1.095094e+01 -7.800329e+00  5.000000e+00
     vertex  1.095094e+01 -7.800329e+00  0.000000e+00
   endloop
 endfacet
 facet normal -6.672723e-01  7.448139e-01  0.000000e+00
   outer loop
     vertex  1.084800e+01 -7.867000e+00  0.000000e+00
     vertex  1.084800e+01 -7.867000e+00  5.000000e+00
     vertex  1.089423e+01 -7.825579e+00  5.000000e+00
   endloop
 endfacet
 facet normal -6.672723e-01  7.448139e-01  0.000000e+00
   outer loop
     vertex  1.084800e+01 -7.867000e+00  0.000000e+00
     vertex  1.089423e+01 -7.825579e+00  5.000000e+00
     vertex  1.089423e+01 -7.825579e+00  0.000000e+00
   endloop
 endfacet
 facet normal  5.880524e-01  8.088229e-01  0.000000e+00
   outer loop
     vertex  1.112100e+01 -7.832000e+00  0.000000e+00
     vertex  1.353900e+01 -9.590000e+00  5.000000e+00
     vertex  1.353900e+01 -9.590000e+00  0.000000e+00
   endloop
 endfacet
 facet normal  5.880524e-01  8.088229e-01 -0.000000e+00
   outer loop
     vertex  1.112100e+01 -7.832000e+00  0.000000e+00
     vertex  1.112100e+01 -7.832000e+00  5.000000e+00
     vertex  1.353900e+01 -9.590000e+00  5.000000e+00
   endloop
 endfacet
 facet normal -8.387677e-01  5.444894e-01  0.000000e+00
   outer loop
     vertex  1.353900e+01 -9.590000e+00  0.000000e+00
     vertex  1.426800e+01 -8.467000e+00  5.000000e+00
     vertex  1.426800e+01 -8.467000e+00  0.000000e+00
   endloop
 endfacet
 facet normal -8.387677e-01  5.444894e-01  0.000000e+00
   outer loop
     vertex  1.353900e+01 -9.590000e+00  0.000000e+00
     vertex  1.353900e+01 -9.590000e+00  5.000000e+00
     vertex  1.426800e+01 -8.467000e+00  5.000000e+00
   endloop
 endfacet
 facet normal -4.996645e-01 -8.662190e-01  0.000000e+00
   outer loop
     vertex  1.426800e+01 -8.467000e+00  0.000000e+00
     vertex  1.167800e+01 -6.973000e+00  5.000000e+00
     vertex  1.167800e+01 -6.973000e+00  0.000000e+00
   endloop
 endfacet
 facet normal -4.996645e-01 -8.662190e-01  0.000000e+00
   outer loop
     vertex  1.426800e+01 -8.467000e+00  0.000000e+00
     vertex  1.426800e+01 -8.467000e+00  5.000000e+00
     vertex  1.167800e+01 -6.973000e+00  5.000000e+00
   endloop
 endfacet
 facet normal -9.693752e-01  2.455846e-01  0.000000e+00
   outer loop
     vertex  1.157822e+01 -6.794983e+00  0.000000e+00
     vertex  1.160000e+01 -6.709000e+00  5.000000e+00
     vertex  1.160000e+01 -6.709000e+00  0.000000e+00
   endloop
 endfacet
 facet normal -9.693752e-01  2.455846e-01  0.000000e+00
   outer loop
     vertex  1.157822e+01 -6.794983e+00  0.000000e+00
     vertex  1.157822e+01 -6.794983e+00  5.000000e+00
     vertex  1.160000e+01 -6.709000e+00  5.000000e+00
   endloop
 endfacet
 facet normal -9.802468e-01 -1.977783e-01  0.000000e+00
   outer loop
     vertex  1.159576e+01 -6.881930e+00  0.000000e+00
     vertex  1.159576e+01 -6.881930e+00  5.000000e+00
     vertex  1.157822e+01 -6.794983e+00  5.000000e+00
   endloop
 endfacet
 facet normal -9.802468e-01 -1.977783e-01  0.000000e+00
   outer loop
     vertex  1.159576e+01 -6.881930e+00  0.000000e+00
     vertex  1.157822e+01 -6.794983e+00  5.000000e+00
     vertex  1.157822e+01 -6.794983e+00  0.000000e+00
   endloop
 endfacet
 facet normal -8.372310e-01 -5.468493e-01  0.000000e+00
   outer loop
     vertex  1.162972e+01 -6.933928e+00  0.000000e+00
     vertex  1.162972e+01 -6.933928e+00  5.000000e+00
     vertex  1.159576e+01 -6.881930e+00  5.000000e+00
   endloop
 endfacet
 facet normal -8.372310e-01 -5.468493e-01  0.000000e+00
   outer loop
     vertex  1.162972e+01 -6.933928e+00  0.000000e+00
     vertex  1.159576e+01 -6.881930e+00  5.000000e+00
     vertex  1.159576e+01 -6.881930e+00  0.000000e+00
   endloop
 endfacet
 facet normal -6.291060e-01 -7.773195e-01  0.000000e+00
   outer loop
     vertex  1.167800e+01 -6.973000e+00  0.000000e+00
     vertex  1.167800e+01 -6.973000e+00  5.000000e+00
     vertex  1.162972e+01 -6.933928e+00  5.000000e+00
   endloop
 endfacet
 facet normal -6.291060e-01 -7.773195e-01  0.000000e+00
   outer loop
     vertex  1.167800e+01 -6.973000e+00  0.000000e+00
     vertex  1.162972e+01 -6.933928e+00  5.000000e+00
     vertex  1.162972e+01 -6.933928e+00  0.000000e+00
   endloop
 endfacet
 facet normal -8.910288e-01  4.539468e-01  0.000000e+00
   outer loop
     vertex  1.160000e+01 -6.709000e+00  0.000000e+00
     vertex  1.224600e+01 -5.441000e+00  5.000000e+00
     vertex  1.224600e+01 -5.441000e+00  0.000000e+00
   endloop
 endfacet
 facet normal -8.910288e-01  4.539468e-01  0.000000e+00
   outer loop
     vertex  1.160000e+01 -6.709000e+00  0.000000e+00
     vertex  1.160000e+01 -6.709000e+00  5.000000e+00
     vertex  1.224600e+01 -5.441000e+00  5.000000e+00
   endloop
 endfacet
 facet normal  1.980434e-01  9.801932e-01  0.000000e+00
   outer loop
     vertex  1.241906e+01 -5.332434e+00  0.000000e+00
     vertex  1.250600e+01 -5.350000e+00  5.000000e+00
     vertex  1.250600e+01 -5.350000e+00  0.000000e+00
   endloop
 endfacet
 facet normal  1.980434e-01  9.801932e-01 -0.000000e+00
   outer loop
     vertex  1.241906e+01 -5.332434e+00  0.000000e+00
     vertex  1.241906e+01 -5.332434e+00  5.000000e+00
     vertex  1.250600e+01 -5.350000e+00  5.000000e+00
   endloop
 endfacet
 facet normal -2.453223e-01  9.694416e-01  0.000000e+00
   outer loop
     vertex  1.233307e+01 -5.354194e+00  0.000000e+00
     vertex  1.233307e+01 -5.354194e+00  5.000000e+00
     vertex  1.241906e+01 -5.332434e+00  5.000000e+00
   endloop
 endfacet
 facet normal -2.453223e-01  9.694416e-01  0.000000e+00
   outer loop
     vertex  1.233307e+01 -5.354194e+00  0.000000e+00
     vertex  1.241906e+01 -5.332434e+00  5.000000e+00
     vertex  1.241906e+01 -5.332434e+00  0.000000e+00
   endloop
 endfacet
 facet normal -5.872635e-01  8.093958e-01  0.000000e+00
   outer loop
     vertex  1.228270e+01 -5.390740e+00  0.000000e+00
     vertex  1.228270e+01 -5.390740e+00  5.000000e+00
     vertex  1.233307e+01 -5.354194e+00  5.000000e+00
   endloop
 endfacet
 facet normal -5.872635e-01  8.093958e-01  0.000000e+00
   outer loop
     vertex  1.228270e+01 -5.390740e+00  0.000000e+00
     vertex  1.233307e+01 -5.354194e+00  5.000000e+00
     vertex  1.233307e+01 -5.354194e+00  0.000000e+00
   endloop
 endfacet
 facet normal -8.076189e-01  5.897047e-01  0.000000e+00
   outer loop
     vertex  1.224600e+01 -5.441000e+00  0.000000e+00
     vertex  1.224600e+01 -5.441000e+00  5.000000e+00
     vertex  1.228270e+01 -5.390740e+00  5.000000e+00
   endloop
 endfacet
 facet normal -8.076189e-01  5.897047e-01  0.000000e+00
   outer loop
     vertex  1.224600e+01 -5.441000e+00  0.000000e+00
     vertex  1.228270e+01 -5.390740e+00  5.000000e+00
     vertex  1.228270e+01 -5.390740e+00  0.000000e+00
   endloop
 endfacet
 facet normal  4.060764e-01  9.138391e-01  0.000000e+00
   outer loop
     vertex  1.250600e+01 -5.350000e+00  0.000000e+00
     vertex  1.523800e+01 -6.564000e+00  5.000000e+00
     vertex  1.523800e+01 -6.564000e+00  0.000000e+00
   endloop
 endfacet
 facet normal  4.060764e-01  9.138391e-01 -0.000000e+00
   outer loop
     vertex  1.250600e+01 -5.350000e+00  0.000000e+00
     vertex  1.250600e+01 -5.350000e+00  5.000000e+00
     vertex  1.523800e+01 -6.564000e+00  5.000000e+00
   endloop
 endfacet
 facet normal -9.340959e-01  3.570222e-01  0.000000e+00
   outer loop
     vertex  1.523800e+01 -6.564000e+00  0.000000e+00
     vertex  1.571500e+01 -5.316000e+00  5.000000e+00
     vertex  1.571500e+01 -5.316000e+00  0.000000e+00
   endloop
 endfacet
 facet normal -9.340959e-01  3.570222e-01  0.000000e+00
   outer loop
     vertex  1.523800e+01 -6.564000e+00  0.000000e+00
     vertex  1.523800e+01 -6.564000e+00  5.000000e+00
     vertex  1.571500e+01 -5.316000e+00  5.000000e+00
   endloop
 endfacet
 facet normal -3.088893e-01 -9.510980e-01  0.000000e+00
   outer loop
     vertex  1.571500e+01 -5.316000e+00  0.000000e+00
     vertex  1.287300e+01 -4.393000e+00  5.000000e+00
     vertex  1.287300e+01 -4.393000e+00  0.000000e+00
   endloop
 endfacet
 facet normal -3.088893e-01 -9.510980e-01  0.000000e+00
   outer loop
     vertex  1.571500e+01 -5.316000e+00  0.000000e+00
     vertex  1.571500e+01 -5.316000e+00  5.000000e+00
     vertex  1.287300e+01 -4.393000e+00  5.000000e+00
   endloop
 endfacet
 facet normal -9.991755e-01  4.059982e-02  0.000000e+00
   outer loop
     vertex  1.273640e+01 -4.238626e+00  0.000000e+00
     vertex  1.274000e+01 -4.150000e+00  5.000000e+00
     vertex  1.274000e+01 -4.150000e+00  0.000000e+00
   endloop
 endfacet
 facet normal -9.991755e-01  4.059982e-02  0.000000e+00
   outer loop
     vertex  1.273640e+01 -4.238626e+00  0.000000e+00
     vertex  1.273640e+01 -4.238626e+00  5.000000e+00
     vertex  1.274000e+01 -4.150000e+00  5.000000e+00
   endloop
 endfacet
 facet normal -9.184698e-01 -3.954912e-01  0.000000e+00
   outer loop
     vertex  1.277148e+01 -4.320094e+00  0.000000e+00
     vertex  1.277148e+01 -4.320094e+00  5.000000e+00
     vertex  1.273640e+01 -4.238626e+00  5.000000e+00
   endloop
 endfacet
 facet normal -9.184698e-01 -3.954912e-01  0.000000e+00
   outer loop
     vertex  1.277148e+01 -4.320094e+00  0.000000e+00
     vertex  1.273640e+01 -4.238626e+00  5.000000e+00
     vertex  1.273640e+01 -4.238626e+00  0.000000e+00
   endloop
 endfacet
 facet normal -7.044807e-01 -7.097231e-01  0.000000e+00
   outer loop
     vertex  1.281640e+01 -4.364681e+00  0.000000e+00
     vertex  1.281640e+01 -4.364681e+00  5.000000e+00
     vertex  1.277148e+01 -4.320094e+00  5.000000e+00
   endloop
 endfacet
 facet normal -7.044807e-01 -7.097231e-01  0.000000e+00
   outer loop
     vertex  1.281640e+01 -4.364681e+00  0.000000e+00
     vertex  1.277148e+01 -4.320094e+00  5.000000e+00
     vertex  1.277148e+01 -4.320094e+00  0.000000e+00
   endloop
 endfacet
 facet normal -4.474391e-01 -8.943144e-01  0.000000e+00
   outer loop
     vertex  1.287300e+01 -4.393000e+00  0.000000e+00
     vertex  1.287300e+01 -4.393000e+00  5.000000e+00
     vertex  1.281640e+01 -4.364681e+00  5.000000e+00
   endloop
 endfacet
 facet normal -4.474391e-01 -8.943144e-01  0.000000e+00
   outer loop
     vertex  1.287300e+01 -4.393000e+00  0.000000e+00
     vertex  1.281640e+01 -4.364681e+00  5.000000e+00
     vertex  1.281640e+01 -4.364681e+00  0.000000e+00
   endloop
 endfacet
 facet normal -9.658257e-01  2.591925e-01  0.000000e+00
   outer loop
     vertex  1.274000e+01 -4.150000e+00  0.000000e+00
     vertex  1.310900e+01 -2.775000e+00  5.000000e+00
     vertex  1.310900e+01 -2.775000e+00  0.000000e+00
   endloop
 endfacet
 facet normal -9.658257e-01  2.591925e-01  0.000000e+00
   outer loop
     vertex  1.274000e+01 -4.150000e+00  0.000000e+00
     vertex  1.274000e+01 -4.150000e+00  5.000000e+00
     vertex  1.310900e+01 -2.775000e+00  5.000000e+00
   endloop
 endfacet
 facet normal -1.058571e-02  9.999440e-01  0.000000e+00
   outer loop
     vertex  1.325531e+01 -2.633939e+00  0.000000e+00
     vertex  1.334400e+01 -2.633000e+00  5.000000e+00
     vertex  1.334400e+01 -2.633000e+00  0.000000e+00
   endloop
 endfacet
 facet normal -1.058571e-02  9.999440e-01  0.000000e+00
   outer loop
     vertex  1.325531e+01 -2.633939e+00  0.000000e+00
     vertex  1.325531e+01 -2.633939e+00  5.000000e+00
     vertex  1.334400e+01 -2.633000e+00  5.000000e+00
   endloop
 endfacet
 facet normal -4.419753e-01  8.970272e-01  0.000000e+00
   outer loop
     vertex  1.317574e+01 -2.673142e+00  0.000000e+00
     vertex  1.317574e+01 -2.673142e+00  5.000000e+00
     vertex  1.325531e+01 -2.633939e+00  5.000000e+00
   endloop
 endfacet
 facet normal -4.419753e-01  8.970272e-01  0.000000e+00
   outer loop
     vertex  1.317574e+01 -2.673142e+00  0.000000e+00
     vertex  1.325531e+01 -2.633939e+00  5.000000e+00
     vertex  1.325531e+01 -2.633939e+00  0.000000e+00
   endloop
 endfacet
 facet normal -7.420218e-01  6.703758e-01  0.000000e+00
   outer loop
     vertex  1.313443e+01 -2.718868e+00  0.000000e+00
     vertex  1.313443e+01 -2.718868e+00  5.000000e+00
     vertex  1.317574e+01 -2.673142e+00  5.000000e+00
   endloop
 endfacet
 facet normal -7.420218e-01  6.703758e-01  0.000000e+00
   outer loop
     vertex  1.313443e+01 -2.718868e+00  0.000000e+00
     vertex  1.317574e+01 -2.673142e+00  5.000000e+00
     vertex  1.317574e+01 -2.673142e+00  0.000000e+00
   endloop
 endfacet
 facet normal -9.108881e-01  4.126535e-01  0.000000e+00
   outer loop
     vertex  1.310900e+01 -2.775000e+00  0.000000e+00
     vertex  1.310900e+01 -2.775000e+00  5.000000e+00
     vertex  1.313443e+01 -2.718868e+00  5.000000e+00
   endloop
 endfacet
 facet normal -9.108881e-01  4.126535e-01  0.000000e+00
   outer loop
     vertex  1.310900e+01 -2.775000e+00  0.000000e+00
     vertex  1.313443e+01 -2.718868e+00  5.000000e+00
     vertex  1.313443e+01 -2.718868e+00  0.000000e+00
   endloop
 endfacet
 facet normal  2.076108e-01  9.782115e-01 -0.000000e+00
   outer loop
     vertex  1.627000e+01 -3.254000e+00  0.000000e+00
     vertex  1.334400e+01 -2.633000e+00  5.000000e+00
     vertex  1.627000e+01 -3.254000e+00  5.000000e+00
   endloop
 endfacet
 facet normal  2.076108e-01  9.782115e-01 -0.000000e+00
   outer loop
     vertex  1.334400e+01 -2.633000e+00  0.000000e+00
     vertex  1.334400e+01 -2.633000e+00  5.000000e+00
     vertex  1.627000e+01 -3.254000e+00  0.000000e+00
   endloop
 endfacet
 facet normal -9.879263e-01  1.549248e-01  0.000000e+00
   outer loop
     vertex  1.627000e+01 -3.254000e+00  0.000000e+00
     vertex  1.647700e+01 -1.934000e+00  5.000000e+00
     vertex  1.647700e+01 -1.934000e+00  0.000000e+00
   endloop
 endfacet
 facet normal -9.879263e-01  1.549248e-01  0.000000e+00
   outer loop
     vertex  1.627000e+01 -3.254000e+00  0.000000e+00
     vertex  1.627000e+01 -3.254000e+00  5.000000e+00
     vertex  1.647700e+01 -1.934000e+00  5.000000e+00
   endloop
 endfacet
 facet normal -1.047022e-01 -9.945036e-01  0.000000e+00
   outer loop
     vertex  1.647700e+01 -1.934000e+00  0.000000e+00
     vertex  1.350400e+01 -1.621000e+00  5.000000e+00
     vertex  1.350400e+01 -1.621000e+00  0.000000e+00
   endloop
 endfacet
 facet normal -1.047022e-01 -9.945036e-01  0.000000e+00
   outer loop
     vertex  1.647700e+01 -1.934000e+00  0.000000e+00
     vertex  1.647700e+01 -1.934000e+00  5.000000e+00
     vertex  1.350400e+01 -1.621000e+00  5.000000e+00
   endloop
 endfacet
 facet normal -9.851314e-01 -1.718025e-01  0.000000e+00
   outer loop
     vertex  1.334124e+01 -1.499380e+00  0.000000e+00
     vertex  1.332600e+01 -1.412000e+00  5.000000e+00
     vertex  1.332600e+01 -1.412000e+00  0.000000e+00
   endloop
 endfacet
 facet normal -9.851314e-01 -1.718025e-01  0.000000e+00
   outer loop
     vertex  1.334124e+01 -1.499380e+00  0.000000e+00
     vertex  1.334124e+01 -1.499380e+00  5.000000e+00
     vertex  1.332600e+01 -1.412000e+00  5.000000e+00
   endloop
 endfacet
 facet normal -8.139524e-01 -5.809315e-01  0.000000e+00
   outer loop
     vertex  1.339277e+01 -1.571577e+00  0.000000e+00
     vertex  1.339277e+01 -1.571577e+00  5.000000e+00
     vertex  1.334124e+01 -1.499380e+00  5.000000e+00
   endloop
 endfacet
 facet normal -8.139524e-01 -5.809315e-01  0.000000e+00
   outer loop
     vertex  1.339277e+01 -1.571577e+00  0.000000e+00
     vertex  1.334124e+01 -1.499380e+00  5.000000e+00
     vertex  1.334124e+01 -1.499380e+00  0.000000e+00
   endloop
 endfacet
 facet normal -5.419175e-01 -8.404317e-01  0.000000e+00
   outer loop
     vertex  1.344453e+01 -1.604956e+00  0.000000e+00
     vertex  1.344453e+01 -1.604956e+00  5.000000e+00
     vertex  1.339277e+01 -1.571577e+00  5.000000e+00
   endloop
 endfacet
 facet normal -5.419175e-01 -8.404317e-01  0.000000e+00
   outer loop
     vertex  1.344453e+01 -1.604956e+00  0.000000e+00
     vertex  1.339277e+01 -1.571577e+00  5.000000e+00
     vertex  1.339277e+01 -1.571577e+00  0.000000e+00
   endloop
 endfacet
 facet normal -2.604782e-01 -9.654797e-01  0.000000e+00
   outer loop
     vertex  1.350400e+01 -1.621000e+00  0.000000e+00
     vertex  1.350400e+01 -1.621000e+00  5.000000e+00
     vertex  1.344453e+01 -1.604956e+00  5.000000e+00
   endloop
 endfacet
 facet normal -2.604782e-01 -9.654797e-01  0.000000e+00
   outer loop
     vertex  1.350400e+01 -1.621000e+00  0.000000e+00
     vertex  1.344453e+01 -1.604956e+00  5.000000e+00
     vertex  1.344453e+01 -1.604956e+00  0.000000e+00
   endloop
 endfacet
 facet normal -9.986487e-01  5.196906e-02  0.000000e+00
   outer loop
     vertex  1.332600e+01 -1.412000e+00  0.000000e+00
     vertex  1.340000e+01  1.000000e-02  5.000000e+00
     vertex  1.340000e+01  1.000000e-02  0.000000e+00
   endloop
 endfacet
 facet normal -9.986487e-01  5.196906e-02  0.000000e+00
   outer loop
     vertex  1.332600e+01 -1.412000e+00  0.000000e+00
     vertex  1.332600e+01 -1.412000e+00  5.000000e+00
     vertex  1.340000e+01  1.000000e-02  5.000000e+00
   endloop
 endfacet
 facet normal -2.202719e-01  9.754385e-01  0.000000e+00
   outer loop
     vertex  1.351348e+01  1.794621e-01  0.000000e+00
     vertex  1.360000e+01  1.990000e-01  5.000000e+00
     vertex  1.360000e+01  1.990000e-01  0.000000e+00
   endloop
 endfacet
 facet normal -2.202719e-01  9.754385e-01  0.000000e+00
   outer loop
     vertex  1.351348e+01  1.794621e-01  0.000000e+00
     vertex  1.351348e+01  1.794621e-01  5.000000e+00
     vertex  1.360000e+01  1.990000e-01  5.000000e+00
   endloop
 endfacet
 facet normal -6.204425e-01  7.842519e-01  0.000000e+00
   outer loop
     vertex  1.344392e+01  1.244293e-01  0.000000e+00
     vertex  1.344392e+01  1.244293e-01  5.000000e+00
     vertex  1.351348e+01  1.794621e-01  5.000000e+00
   endloop
 endfacet
 facet normal -6.204425e-01  7.842519e-01  0.000000e+00
   outer loop
     vertex  1.344392e+01  1.244293e-01  0.000000e+00
     vertex  1.351348e+01  1.794621e-01  5.000000e+00
     vertex  1.351348e+01  1.794621e-01  0.000000e+00
   endloop
 endfacet
 facet normal -8.667396e-01  4.987610e-01  0.000000e+00
   outer loop
     vertex  1.341298e+01  7.066178e-02  0.000000e+00
     vertex  1.341298e+01  7.066178e-02  5.000000e+00
     vertex  1.344392e+01  1.244293e-01  5.000000e+00
   endloop
 endfacet
 facet normal -8.667396e-01  4.987610e-01  0.000000e+00
   outer loop
     vertex  1.341298e+01  7.066178e-02  0.000000e+00
     vertex  1.344392e+01  1.244293e-01  5.000000e+00
     vertex  1.344392e+01  1.244293e-01  0.000000e+00
   endloop
 endfacet
 facet normal -9.778763e-01  2.091842e-01  0.000000e+00
   outer loop
     vertex  1.340000e+01  1.000000e-02  0.000000e+00
     vertex  1.340000e+01  1.000000e-02  5.000000e+00
     vertex  1.341298e+01  7.066178e-02  5.000000e+00
   endloop
 endfacet
 facet normal -9.778763e-01  2.091842e-01  0.000000e+00
   outer loop
     vertex  1.340000e+01  1.000000e-02  0.000000e+00
     vertex  1.341298e+01  7.066178e-02  5.000000e+00
     vertex  1.341298e+01  7.066178e-02  0.000000e+00
   endloop
 endfacet
 facet normal -9.570888e-18  1.000000e+00  0.000000e+00
   outer loop
     vertex  1.360000e+01  1.990000e-01  0.000000e+00
     vertex  1.650000e+01  1.990000e-01  5.000000e+00
     vertex  1.650000e+01  1.990000e-01  0.000000e+00
   endloop
 endfacet
 facet normal -9.570888e-18  1.000000e+00  0.000000e+00
   outer loop
     vertex  1.360000e+01  1.990000e-01  0.000000e+00
     vertex  1.360000e+01  1.990000e-01  5.000000e+00
     vertex  1.650000e+01  1.990000e-01  5.000000e+00
   endloop
 endfacet
 facet normal  1.000000e+00  0.000000e+00  0.000000e+00
   outer loop
     vertex  1.680100e+01  0.000000e+00  0.000000e+00
     vertex  1.680100e+01 -1.990000e-01  5.000000e+00
     vertex  1.680100e+01 -1.990000e-01  0.000000e+00
   endloop
 endfacet
 facet normal  1.000000e+00  0.000000e+00 -0.000000e+00
   outer loop
     vertex  1.680100e+01  0.000000e+00  0.000000e+00
     vertex  1.680100e+01  0.000000e+00  5.000000e+00
     vertex  1.680100e+01 -1.990000e-01  5.000000e+00
   endloop
 endfacet
 facet normal -2.764500e-17 -1.000000e+00  0.000000e+00
   outer loop
     vertex  1.680100e+01 -1.990000e-01  0.000000e+00
     vertex  1.378900e+01 -1.990000e-01  5.000000e+00
     vertex  1.378900e+01 -1.990000e-01  0.000000e+00
   endloop
 endfacet
 facet normal -2.764500e-17 -1.000000e+00  0.000000e+00
   outer loop
     vertex  1.680100e+01 -1.990000e-01  0.000000e+00
     vertex  1.680100e+01 -1.990000e-01  5.000000e+00
     vertex  1.378900e+01 -1.990000e-01  5.000000e+00
   endloop
 endfacet
 facet normal  9.986125e-01 -5.265934e-02  0.000000e+00
   outer loop
     vertex  1.378900e+01 -1.990000e-01  0.000000e+00
     vertex  1.373400e+01 -1.242000e+00  5.000000e+00
     vertex  1.373400e+01 -1.242000e+00  0.000000e+00
   endloop
 endfacet
 facet normal  9.986125e-01 -5.265934e-02  0.000000e+00
   outer loop
     vertex  1.378900e+01 -1.990000e-01  0.000000e+00
     vertex  1.378900e+01 -1.990000e-01  5.000000e+00
     vertex  1.373400e+01 -1.242000e+00  5.000000e+00
   endloop
 endfacet
 facet normal  1.045984e-01  9.945145e-01  0.000000e+00
   outer loop
     vertex  1.373400e+01 -1.242000e+00  0.000000e+00
     vertex  1.672900e+01 -1.557000e+00  5.000000e+00
     vertex  1.672900e+01 -1.557000e+00  0.000000e+00
   endloop
 endfacet
 facet normal  1.045984e-01  9.945145e-01 -0.000000e+00
   outer loop
     vertex  1.373400e+01 -1.242000e+00  0.000000e+00
     vertex  1.373400e+01 -1.242000e+00  5.000000e+00
     vertex  1.672900e+01 -1.557000e+00  5.000000e+00
   endloop
 endfacet
 facet normal  9.977112e-01  6.761913e-02  0.000000e+00
   outer loop
     vertex  1.690000e+01 -1.698504e+00  0.000000e+00
     vertex  1.690600e+01 -1.787000e+00  5.000000e+00
     vertex  1.690600e+01 -1.787000e+00  0.000000e+00
   endloop
 endfacet
 facet normal  9.977112e-01  6.761913e-02 -0.000000e+00
   outer loop
     vertex  1.690000e+01 -1.698504e+00  0.000000e+00
     vertex  1.690000e+01 -1.698504e+00  5.000000e+00
     vertex  1.690600e+01 -1.787000e+00  5.000000e+00
   endloop
 endfacet
 facet normal  8.703497e-01  4.924342e-01 -0.000000e+00
   outer loop
     vertex  1.685632e+01 -1.621304e+00  0.000000e+00
     vertex  1.685632e+01 -1.621304e+00  5.000000e+00
     vertex  1.690000e+01 -1.698504e+00  5.000000e+00
   endloop
 endfacet
 facet normal  8.703497e-01  4.924342e-01  0.000000e+00
   outer loop
     vertex  1.685632e+01 -1.621304e+00  0.000000e+00
     vertex  1.690000e+01 -1.698504e+00  5.000000e+00
     vertex  1.690000e+01 -1.698504e+00  0.000000e+00
   endloop
 endfacet
 facet normal  6.051793e-01  7.960892e-01 -0.000000e+00
   outer loop
     vertex  1.679859e+01 -1.577415e+00  0.000000e+00
     vertex  1.679859e+01 -1.577415e+00  5.000000e+00
     vertex  1.685632e+01 -1.621304e+00  5.000000e+00
   endloop
 endfacet
 facet normal  6.051793e-01  7.960892e-01  0.000000e+00
   outer loop
     vertex  1.679859e+01 -1.577415e+00  0.000000e+00
     vertex  1.685632e+01 -1.621304e+00  5.000000e+00
     vertex  1.685632e+01 -1.621304e+00  0.000000e+00
   endloop
 endfacet
 facet normal  2.815057e-01  9.595595e-01 -0.000000e+00
   outer loop
     vertex  1.672900e+01 -1.557000e+00  0.000000e+00
     vertex  1.672900e+01 -1.557000e+00  5.000000e+00
     vertex  1.679859e+01 -1.577415e+00  5.000000e+00
   endloop
 endfacet
 facet normal  2.815057e-01  9.595595e-01  0.000000e+00
   outer loop
     vertex  1.672900e+01 -1.557000e+00  0.000000e+00
     vertex  1.679859e+01 -1.577415e+00  5.000000e+00
     vertex  1.679859e+01 -1.577415e+00  0.000000e+00
   endloop
 endfacet
 facet normal  9.876844e-01 -1.564592e-01  0.000000e+00
   outer loop
     vertex  1.690600e+01 -1.787000e+00  0.000000e+00
     vertex  1.663100e+01 -3.523000e+00  5.000000e+00
     vertex  1.663100e+01 -3.523000e+00  0.000000e+00
   endloop
 endfacet
 facet normal  9.876844e-01 -1.564592e-01  0.000000e+00
   outer loop
     vertex  1.690600e+01 -1.787000e+00  0.000000e+00
     vertex  1.690600e+01 -1.787000e+00  5.000000e+00
     vertex  1.663100e+01 -3.523000e+00  5.000000e+00
   endloop
 endfacet
 facet normal  1.107226e-02 -9.999387e-01  0.000000e+00
   outer loop
     vertex  1.647969e+01 -3.688018e+00  0.000000e+00
     vertex  1.639100e+01 -3.689000e+00  5.000000e+00
     vertex  1.639100e+01 -3.689000e+00  0.000000e+00
   endloop
 endfacet
 facet normal  1.107226e-02 -9.999387e-01  0.000000e+00
   outer loop
     vertex  1.647969e+01 -3.688018e+00  0.000000e+00
     vertex  1.647969e+01 -3.688018e+00  5.000000e+00
     vertex  1.639100e+01 -3.689000e+00  5.000000e+00
   endloop
 endfacet
 facet normal  4.424117e-01 -8.968121e-01  0.000000e+00
   outer loop
     vertex  1.655924e+01 -3.648776e+00  0.000000e+00
     vertex  1.655924e+01 -3.648776e+00  5.000000e+00
     vertex  1.647969e+01 -3.688018e+00  5.000000e+00
   endloop
 endfacet
 facet normal  4.424117e-01 -8.968121e-01  0.000000e+00
   outer loop
     vertex  1.655924e+01 -3.648776e+00  0.000000e+00
     vertex  1.647969e+01 -3.688018e+00  5.000000e+00
     vertex  1.647969e+01 -3.688018e+00  0.000000e+00
   endloop
 endfacet
 facet normal  7.624614e-01 -6.470336e-01  0.000000e+00
   outer loop
     vertex  1.660690e+01 -3.592611e+00  0.000000e+00
     vertex  1.660690e+01 -3.592611e+00  5.000000e+00
     vertex  1.655924e+01 -3.648776e+00  5.000000e+00
   endloop
 endfacet
 facet normal  7.624614e-01 -6.470336e-01  0.000000e+00
   outer loop
     vertex  1.660690e+01 -3.592611e+00  0.000000e+00
     vertex  1.655924e+01 -3.648776e+00  5.000000e+00
     vertex  1.655924e+01 -3.648776e+00  0.000000e+00
   endloop
 endfacet
 facet normal  9.449824e-01 -3.271212e-01  0.000000e+00
   outer loop
     vertex  1.663100e+01 -3.523000e+00  0.000000e+00
     vertex  1.663100e+01 -3.523000e+00  5.000000e+00
     vertex  1.660690e+01 -3.592611e+00  5.000000e+00
   endloop
 endfacet
 facet normal  9.449824e-01 -3.271212e-01  0.000000e+00
   outer loop
     vertex  1.663100e+01 -3.523000e+00  0.000000e+00
     vertex  1.660690e+01 -3.592611e+00  5.000000e+00
     vertex  1.660690e+01 -3.592611e+00  0.000000e+00
   endloop
 endfacet
 facet normal -2.079859e-01 -9.781318e-01  0.000000e+00
   outer loop
     vertex  1.639100e+01 -3.689000e+00  0.000000e+00
     vertex  1.344700e+01 -3.063000e+00  5.000000e+00
     vertex  1.344700e+01 -3.063000e+00  0.000000e+00
   endloop
 endfacet
 facet normal -2.079859e-01 -9.781318e-01  0.000000e+00
   outer loop
     vertex  1.639100e+01 -3.689000e+00  0.000000e+00
     vertex  1.639100e+01 -3.689000e+00  5.000000e+00
     vertex  1.344700e+01 -3.063000e+00  5.000000e+00
   endloop
 endfacet
 facet normal  9.657727e-01 -2.593899e-01  0.000000e+00
   outer loop
     vertex  1.344700e+01 -3.063000e+00  0.000000e+00
     vertex  1.317600e+01 -4.072000e+00  5.000000e+00
     vertex  1.317600e+01 -4.072000e+00  0.000000e+00
   endloop
 endfacet
 facet normal  9.657727e-01 -2.593899e-01  0.000000e+00
   outer loop
     vertex  1.344700e+01 -3.063000e+00  0.000000e+00
     vertex  1.344700e+01 -3.063000e+00  5.000000e+00
     vertex  1.317600e+01 -4.072000e+00  5.000000e+00
   endloop
 endfacet
 facet normal  3.083422e-01  9.512755e-01  0.000000e+00
   outer loop
     vertex  1.317600e+01 -4.072000e+00  0.000000e+00
     vertex  1.603900e+01 -5.000000e+00  5.000000e+00
     vertex  1.603900e+01 -5.000000e+00  0.000000e+00
   endloop
 endfacet
 facet normal  3.083422e-01  9.512755e-01 -0.000000e+00
   outer loop
     vertex  1.317600e+01 -4.072000e+00  0.000000e+00
     vertex  1.317600e+01 -4.072000e+00  5.000000e+00
     vertex  1.603900e+01 -5.000000e+00  5.000000e+00
   endloop
 endfacet
 facet normal  9.897465e-01 -1.428354e-01  0.000000e+00
   outer loop
     vertex  1.617667e+01 -5.174210e+00  0.000000e+00
     vertex  1.616400e+01 -5.262000e+00  5.000000e+00
     vertex  1.616400e+01 -5.262000e+00  0.000000e+00
   endloop
 endfacet
 facet normal  9.897465e-01 -1.428354e-01  0.000000e+00
   outer loop
     vertex  1.617667e+01 -5.174210e+00  0.000000e+00
     vertex  1.617667e+01 -5.174210e+00  5.000000e+00
     vertex  1.616400e+01 -5.262000e+00  5.000000e+00
   endloop
 endfacet
 facet normal  9.541803e-01  2.992323e-01 -0.000000e+00
   outer loop
     vertex  1.615013e+01 -5.089575e+00  0.000000e+00
     vertex  1.615013e+01 -5.089575e+00  5.000000e+00
     vertex  1.617667e+01 -5.174210e+00  5.000000e+00
   endloop
 endfacet
 facet normal  9.541803e-01  2.992323e-01  0.000000e+00
   outer loop
     vertex  1.615013e+01 -5.089575e+00  0.000000e+00
     vertex  1.617667e+01 -5.174210e+00  5.000000e+00
     vertex  1.617667e+01 -5.174210e+00  0.000000e+00
   endloop
 endfacet
 facet normal  7.584048e-01  6.517838e-01 -0.000000e+00
   outer loop
     vertex  1.610283e+01 -5.034537e+00  0.000000e+00
     vertex  1.610283e+01 -5.034537e+00  5.000000e+00
     vertex  1.615013e+01 -5.089575e+00  5.000000e+00
   endloop
 endfacet
 facet normal  7.584048e-01  6.517838e-01  0.000000e+00
   outer loop
     vertex  1.610283e+01 -5.034537e+00  0.000000e+00
     vertex  1.615013e+01 -5.089575e+00  5.000000e+00
     vertex  1.615013e+01 -5.089575e+00  0.000000e+00
   endloop
 endfacet
 facet normal  4.758971e-01  8.795010e-01 -0.000000e+00
   outer loop
     vertex  1.603900e+01 -5.000000e+00  0.000000e+00
     vertex  1.603900e+01 -5.000000e+00  5.000000e+00
     vertex  1.610283e+01 -5.034537e+00  5.000000e+00
   endloop
 endfacet
 facet normal  4.758971e-01  8.795010e-01  0.000000e+00
   outer loop
     vertex  1.603900e+01 -5.000000e+00  0.000000e+00
     vertex  1.610283e+01 -5.034537e+00  5.000000e+00
     vertex  1.610283e+01 -5.034537e+00  0.000000e+00
   endloop
 endfacet
 facet normal  9.338285e-01 -3.577211e-01  0.000000e+00
   outer loop
     vertex  1.616400e+01 -5.262000e+00  0.000000e+00
     vertex  1.553500e+01 -6.904000e+00  5.000000e+00
     vertex  1.553500e+01 -6.904000e+00  0.000000e+00
   endloop
 endfacet
 facet normal  9.338285e-01 -3.577211e-01  0.000000e+00
   outer loop
     vertex  1.616400e+01 -5.262000e+00  0.000000e+00
     vertex  1.616400e+01 -5.262000e+00  5.000000e+00
     vertex  1.553500e+01 -6.904000e+00  5.000000e+00
   endloop
 endfacet
 facet normal -1.874590e-01 -9.822724e-01  0.000000e+00
   outer loop
     vertex  1.535513e+01 -7.032627e+00  0.000000e+00
     vertex  1.526800e+01 -7.016000e+00  5.000000e+00
     vertex  1.526800e+01 -7.016000e+00  0.000000e+00
   endloop
 endfacet
 facet normal -1.874590e-01 -9.822724e-01  0.000000e+00
   outer loop
     vertex  1.535513e+01 -7.032627e+00  0.000000e+00
     vertex  1.535513e+01 -7.032627e+00  5.000000e+00
     vertex  1.526800e+01 -7.016000e+00  5.000000e+00
   endloop
 endfacet
 facet normal  2.557651e-01 -9.667390e-01  0.000000e+00
   outer loop
     vertex  1.544088e+01 -7.009941e+00  0.000000e+00
     vertex  1.544088e+01 -7.009941e+00  5.000000e+00
     vertex  1.535513e+01 -7.032627e+00  5.000000e+00
   endloop
 endfacet
 facet normal  2.557651e-01 -9.667390e-01  0.000000e+00
   outer loop
     vertex  1.544088e+01 -7.009941e+00  0.000000e+00
     vertex  1.535513e+01 -7.032627e+00  5.000000e+00
     vertex  1.535513e+01 -7.032627e+00  0.000000e+00
   endloop
 endfacet
 facet normal  6.157369e-01 -7.879518e-01  0.000000e+00
   outer loop
     vertex  1.549764e+01 -6.965587e+00  0.000000e+00
     vertex  1.549764e+01 -6.965587e+00  5.000000e+00
     vertex  1.544088e+01 -7.009941e+00  5.000000e+00
   endloop
 endfacet
 facet normal  6.157369e-01 -7.879518e-01  0.000000e+00
   outer loop
     vertex  1.549764e+01 -6.965587e+00  0.000000e+00
     vertex  1.544088e+01 -7.009941e+00  5.000000e+00
     vertex  1.544088e+01 -7.009941e+00  0.000000e+00
   endloop
 endfacet
 facet normal  8.549585e-01 -5.186964e-01  0.000000e+00
   outer loop
     vertex  1.553500e+01 -6.904000e+00  0.000000e+00
     vertex  1.553500e+01 -6.904000e+00  5.000000e+00
     vertex  1.549764e+01 -6.965587e+00  5.000000e+00
   endloop
 endfacet
 facet normal  8.549585e-01 -5.186964e-01  0.000000e+00
   outer loop
     vertex  1.553500e+01 -6.904000e+00  0.000000e+00
     vertex  1.549764e+01 -6.965587e+00  5.000000e+00
     vertex  1.549764e+01 -6.965587e+00  0.000000e+00
   endloop
 endfacet
 facet normal -4.066620e-01 -9.135787e-01  0.000000e+00
   outer loop
     vertex  1.526800e+01 -7.016000e+00  0.000000e+00
     vertex  1.251600e+01 -5.791000e+00  5.000000e+00
     vertex  1.251600e+01 -5.791000e+00  0.000000e+00
   endloop
 endfacet
 facet normal -4.066620e-01 -9.135787e-01  0.000000e+00
   outer loop
     vertex  1.526800e+01 -7.016000e+00  0.000000e+00
     vertex  1.526800e+01 -7.016000e+00  5.000000e+00
     vertex  1.251600e+01 -5.791000e+00  5.000000e+00
   endloop
 endfacet
 facet normal  8.917321e-01 -4.525636e-01  0.000000e+00
   outer loop
     vertex  1.251600e+01 -5.791000e+00  0.000000e+00
     vertex  1.204300e+01 -6.723000e+00  5.000000e+00
     vertex  1.204300e+01 -6.723000e+00  0.000000e+00
   endloop
 endfacet
 facet normal  8.917321e-01 -4.525636e-01  0.000000e+00
   outer loop
     vertex  1.251600e+01 -5.791000e+00  0.000000e+00
     vertex  1.251600e+01 -5.791000e+00  5.000000e+00
     vertex  1.204300e+01 -6.723000e+00  5.000000e+00
   endloop
 endfacet
 facet normal  5.000006e-01  8.660250e-01  0.000000e+00
   outer loop
     vertex  1.204300e+01 -6.723000e+00  0.000000e+00
     vertex  1.464800e+01 -8.227000e+00  5.000000e+00
     vertex  1.464800e+01 -8.227000e+00  0.000000e+00
   endloop
 endfacet
 facet normal  5.000006e-01  8.660250e-01 -0.000000e+00
   outer loop
     vertex  1.204300e+01 -6.723000e+00  0.000000e+00
     vertex  1.204300e+01 -6.723000e+00  5.000000e+00
     vertex  1.464800e+01 -8.227000e+00  5.000000e+00
   endloop
 endfacet
 facet normal  9.383494e-01 -3.456883e-01  0.000000e+00
   outer loop
     vertex  1.474766e+01 -8.426769e+00  0.000000e+00
     vertex  1.471700e+01 -8.510000e+00  5.000000e+00
     vertex  1.471700e+01 -8.510000e+00  0.000000e+00
   endloop
 endfacet
 facet normal  9.383494e-01 -3.456883e-01  0.000000e+00
   outer loop
     vertex  1.474766e+01 -8.426769e+00  0.000000e+00
     vertex  1.474766e+01 -8.426769e+00  5.000000e+00
     vertex  1.471700e+01 -8.510000e+00  5.000000e+00
   endloop
 endfacet
 facet normal  9.955626e-01  9.410195e-02 -0.000000e+00
   outer loop
     vertex  1.473932e+01 -8.338464e+00  0.000000e+00
     vertex  1.473932e+01 -8.338464e+00  5.000000e+00
     vertex  1.474766e+01 -8.426769e+00  5.000000e+00
   endloop
 endfacet
 facet normal  9.955626e-01  9.410195e-02  0.000000e+00
   outer loop
     vertex  1.473932e+01 -8.338464e+00  0.000000e+00
     vertex  1.474766e+01 -8.426769e+00  5.000000e+00
     vertex  1.474766e+01 -8.426769e+00  0.000000e+00
   endloop
 endfacet
 facet normal  8.765709e-01  4.812727e-01 -0.000000e+00
   outer loop
     vertex  1.470404e+01 -8.274222e+00  0.000000e+00
     vertex  1.470404e+01 -8.274222e+00  5.000000e+00
     vertex  1.473932e+01 -8.338464e+00  5.000000e+00
   endloop
 endfacet
 facet normal  8.765709e-01  4.812727e-01  0.000000e+00
   outer loop
     vertex  1.470404e+01 -8.274222e+00  0.000000e+00
     vertex  1.473932e+01 -8.338464e+00  5.000000e+00
     vertex  1.473932e+01 -8.338464e+00  0.000000e+00
   endloop
 endfacet
 facet normal  6.443513e-01  7.647297e-01 -0.000000e+00
   outer loop
     vertex  1.464800e+01 -8.227000e+00  0.000000e+00
     vertex  1.464800e+01 -8.227000e+00  5.000000e+00
     vertex  1.470404e+01 -8.274222e+00  5.000000e+00
   endloop
 endfacet
 facet normal  6.443513e-01  7.647297e-01  0.000000e+00
   outer loop
     vertex  1.464800e+01 -8.227000e+00  0.000000e+00
     vertex  1.470404e+01 -8.274222e+00  5.000000e+00
     vertex  1.470404e+01 -8.274222e+00  0.000000e+00
   endloop
 endfacet
 facet normal  8.382097e-01 -5.453481e-01  0.000000e+00
   outer loop
     vertex  1.471700e+01 -8.510000e+00  0.000000e+00
     vertex  1.375800e+01 -9.984000e+00  5.000000e+00
     vertex  1.375800e+01 -9.984000e+00  0.000000e+00
   endloop
 endfacet
 facet normal  8.382097e-01 -5.453481e-01  0.000000e+00
   outer loop
     vertex  1.471700e+01 -8.510000e+00  0.000000e+00
     vertex  1.471700e+01 -8.510000e+00  5.000000e+00
     vertex  1.375800e+01 -9.984000e+00  5.000000e+00
   endloop
 endfacet
 facet normal -3.923177e-01 -9.198298e-01  0.000000e+00
   outer loop
     vertex  1.355459e+01 -1.007180e+01  0.000000e+00
     vertex  1.347300e+01 -1.003700e+01  5.000000e+00
     vertex  1.347300e+01 -1.003700e+01  0.000000e+00
   endloop
 endfacet
 facet normal -3.923177e-01 -9.198298e-01  0.000000e+00
   outer loop
     vertex  1.355459e+01 -1.007180e+01  0.000000e+00
     vertex  1.355459e+01 -1.007180e+01  5.000000e+00
     vertex  1.347300e+01 -1.003700e+01  5.000000e+00
   endloop
 endfacet
 facet normal  4.404936e-02 -9.990294e-01  0.000000e+00
   outer loop
     vertex  1.364320e+01 -1.006789e+01  0.000000e+00
     vertex  1.364320e+01 -1.006789e+01  5.000000e+00
     vertex  1.355459e+01 -1.007180e+01  5.000000e+00
   endloop
 endfacet
 facet normal  4.404936e-02 -9.990294e-01  0.000000e+00
   outer loop
     vertex  1.364320e+01 -1.006789e+01  0.000000e+00
     vertex  1.355459e+01 -1.007180e+01  5.000000e+00
     vertex  1.355459e+01 -1.007180e+01  0.000000e+00
   endloop
 endfacet
 facet normal  4.344020e-01 -9.007191e-01  0.000000e+00
   outer loop
     vertex  1.370831e+01 -1.003649e+01  0.000000e+00
     vertex  1.370831e+01 -1.003649e+01  5.000000e+00
     vertex  1.364320e+01 -1.006789e+01  5.000000e+00
   endloop
 endfacet
 facet normal  4.344020e-01 -9.007191e-01  0.000000e+00
   outer loop
     vertex  1.370831e+01 -1.003649e+01  0.000000e+00
     vertex  1.364320e+01 -1.006789e+01  5.000000e+00
     vertex  1.364320e+01 -1.006789e+01  0.000000e+00
   endloop
 endfacet
 facet normal  7.262026e-01 -6.874808e-01  0.000000e+00
   outer loop
     vertex  1.375800e+01 -9.984000e+00  0.000000e+00
     vertex  1.375800e+01 -9.984000e+00  5.000000e+00
     vertex  1.370831e+01 -1.003649e+01  5.000000e+00
   endloop
 endfacet
 facet normal  7.262026e-01 -6.874808e-01  0.000000e+00
   outer loop
     vertex  1.375800e+01 -9.984000e+00  0.000000e+00
     vertex  1.370831e+01 -1.003649e+01  5.000000e+00
     vertex  1.370831e+01 -1.003649e+01  0.000000e+00
   endloop
 endfacet
 facet normal -5.879148e-01 -8.089229e-01  0.000000e+00
   outer loop
     vertex  1.347300e+01 -1.003700e+01  0.000000e+00
     vertex  1.103900e+01 -8.268000e+00  5.000000e+00
     vertex  1.103900e+01 -8.268000e+00  0.000000e+00
   endloop
 endfacet
 facet normal -5.879148e-01 -8.089229e-01  0.000000e+00
   outer loop
     vertex  1.347300e+01 -1.003700e+01  0.000000e+00
     vertex  1.347300e+01 -1.003700e+01  5.000000e+00
     vertex  1.103900e+01 -8.268000e+00  5.000000e+00
   endloop
 endfacet
 facet normal  7.771108e-01 -6.293638e-01  0.000000e+00
   outer loop
     vertex  1.103900e+01 -8.268000e+00  0.000000e+00
     vertex  1.038300e+01 -9.078000e+00  5.000000e+00
     vertex  1.038300e+01 -9.078000e+00  0.000000e+00
   endloop
 endfacet
 facet normal  7.771108e-01 -6.293638e-01  0.000000e+00
   outer loop
     vertex  1.103900e+01 -8.268000e+00  0.000000e+00
     vertex  1.103900e+01 -8.268000e+00  5.000000e+00
     vertex  1.038300e+01 -9.078000e+00  5.000000e+00
   endloop
 endfacet
 facet normal  6.692584e-01  7.430297e-01  0.000000e+00
   outer loop
     vertex  1.038300e+01 -9.078000e+00  0.000000e+00
     vertex  1.261900e+01 -1.109200e+01  5.000000e+00
     vertex  1.261900e+01 -1.109200e+01  0.000000e+00
   endloop
 endfacet
 facet normal  6.692584e-01  7.430297e-01 -0.000000e+00
   outer loop
     vertex  1.038300e+01 -9.078000e+00  0.000000e+00
     vertex  1.038300e+01 -9.078000e+00  5.000000e+00
     vertex  1.261900e+01 -1.109200e+01  5.000000e+00
   endloop
 endfacet
 facet normal  8.451340e-01 -5.345545e-01  0.000000e+00
   outer loop
     vertex  1.267441e+01 -1.130804e+01  0.000000e+00
     vertex  1.262700e+01 -1.138300e+01  5.000000e+00
     vertex  1.262700e+01 -1.138300e+01  0.000000e+00
   endloop
 endfacet
 facet normal  8.451340e-01 -5.345545e-01  0.000000e+00
   outer loop
     vertex  1.267441e+01 -1.130804e+01  0.000000e+00
     vertex  1.267441e+01 -1.130804e+01  5.000000e+00
     vertex  1.262700e+01 -1.138300e+01  5.000000e+00
   endloop
 endfacet
 facet normal  9.931905e-01 -1.165018e-01  0.000000e+00
   outer loop
     vertex  1.268475e+01 -1.121994e+01  0.000000e+00
     vertex  1.268475e+01 -1.121994e+01  5.000000e+00
     vertex  1.267441e+01 -1.130804e+01  5.000000e+00
   endloop
 endfacet
 facet normal  9.931905e-01 -1.165018e-01  0.000000e+00
   outer loop
     vertex  1.268475e+01 -1.121994e+01  0.000000e+00
     vertex  1.267441e+01 -1.130804e+01  5.000000e+00
     vertex  1.267441e+01 -1.130804e+01  0.000000e+00
   endloop
 endfacet
 facet normal  9.580237e-01  2.866890e-01 -0.000000e+00
   outer loop
     vertex  1.266377e+01 -1.114986e+01  0.000000e+00
     vertex  1.266377e+01 -1.114986e+01  5.000000e+00
     vertex  1.268475e+01 -1.121994e+01  5.000000e+00
   endloop
 endfacet
 facet normal  9.580237e-01  2.866890e-01  0.000000e+00
   outer loop
     vertex  1.266377e+01 -1.114986e+01  0.000000e+00
     vertex  1.268475e+01 -1.121994e+01  5.000000e+00
     vertex  1.268475e+01 -1.121994e+01  0.000000e+00
   endloop
 endfacet
 facet normal  7.908332e-01  6.120318e-01 -0.000000e+00
   outer loop
     vertex  1.261900e+01 -1.109200e+01  0.000000e+00
     vertex  1.261900e+01 -1.109200e+01  5.000000e+00
     vertex  1.266377e+01 -1.114986e+01  5.000000e+00
   endloop
 endfacet
 facet normal  7.908332e-01  6.120318e-01  0.000000e+00
   outer loop
     vertex  1.261900e+01 -1.109200e+01  0.000000e+00
     vertex  1.266377e+01 -1.114986e+01  5.000000e+00
     vertex  1.266377e+01 -1.114986e+01  0.000000e+00
   endloop
 endfacet
 facet normal  7.071068e-01 -7.071068e-01  0.000000e+00
   outer loop
     vertex  1.262700e+01 -1.138300e+01  0.000000e+00
     vertex  1.138300e+01 -1.262700e+01  5.000000e+00
     vertex  1.138300e+01 -1.262700e+01  0.000000e+00
   endloop
 endfacet
 facet normal  7.071068e-01 -7.071068e-01  0.000000e+00
   outer loop
     vertex  1.262700e+01 -1.138300e+01  0.000000e+00
     vertex  1.262700e+01 -1.138300e+01  5.000000e+00
     vertex  1.138300e+01 -1.262700e+01  5.000000e+00
   endloop
 endfacet
 facet normal -5.801799e-01 -8.144884e-01  0.000000e+00
   outer loop
     vertex  1.116424e+01 -1.267046e+01  0.000000e+00
     vertex  1.109200e+01 -1.261900e+01  5.000000e+00
     vertex  1.109200e+01 -1.261900e+01  0.000000e+00
   endloop
 endfacet
 facet normal -5.801799e-01 -8.144884e-01  0.000000e+00
   outer loop
     vertex  1.116424e+01 -1.267046e+01  0.000000e+00
     vertex  1.116424e+01 -1.267046e+01  5.000000e+00
     vertex  1.109200e+01 -1.261900e+01  5.000000e+00
   endloop
 endfacet
 facet normal -1.708930e-01 -9.852896e-01  0.000000e+00
   outer loop
     vertex  1.125164e+01 -1.268562e+01  0.000000e+00
     vertex  1.125164e+01 -1.268562e+01  5.000000e+00
     vertex  1.116424e+01 -1.267046e+01  5.000000e+00
   endloop
 endfacet
 facet normal -1.708930e-01 -9.852896e-01  0.000000e+00
   outer loop
     vertex  1.125164e+01 -1.268562e+01  0.000000e+00
     vertex  1.116424e+01 -1.267046e+01  5.000000e+00
     vertex  1.116424e+01 -1.267046e+01  0.000000e+00
   endloop
 endfacet
 facet normal  2.336209e-01 -9.723278e-01  0.000000e+00
   outer loop
     vertex  1.132277e+01 -1.266853e+01  0.000000e+00
     vertex  1.132277e+01 -1.266853e+01  5.000000e+00
     vertex  1.125164e+01 -1.268562e+01  5.000000e+00
   endloop
 endfacet
 facet normal  2.336209e-01 -9.723278e-01  0.000000e+00
   outer loop
     vertex  1.132277e+01 -1.266853e+01  0.000000e+00
     vertex  1.125164e+01 -1.268562e+01  5.000000e+00
     vertex  1.125164e+01 -1.268562e+01  0.000000e+00
   endloop
 endfacet
 facet normal  5.676580e-01 -8.232645e-01  0.000000e+00
   outer loop
     vertex  1.138300e+01 -1.262700e+01  0.000000e+00
     vertex  1.138300e+01 -1.262700e+01  5.000000e+00
     vertex  1.132277e+01 -1.266853e+01  5.000000e+00
   endloop
 endfacet
 facet normal  5.676580e-01 -8.232645e-01  0.000000e+00
   outer loop
     vertex  1.138300e+01 -1.262700e+01  0.000000e+00
     vertex  1.132277e+01 -1.266853e+01  5.000000e+00
     vertex  1.132277e+01 -1.266853e+01  0.000000e+00
   endloop
 endfacet
 facet normal -7.430297e-01 -6.692584e-01  0.000000e+00
   outer loop
     vertex  1.109200e+01 -1.261900e+01  0.000000e+00
     vertex  9.078000e+00 -1.038300e+01  5.000000e+00
     vertex  9.078000e+00 -1.038300e+01  0.000000e+00
   endloop
 endfacet
 facet normal -7.430297e-01 -6.692584e-01  0.000000e+00
   outer loop
     vertex  1.109200e+01 -1.261900e+01  0.000000e+00
     vertex  1.109200e+01 -1.261900e+01  5.000000e+00
     vertex  9.078000e+00 -1.038300e+01  5.000000e+00
   endloop
 endfacet
 facet normal  6.293638e-01 -7.771108e-01  0.000000e+00
   outer loop
     vertex  9.078000e+00 -1.038300e+01  0.000000e+00
     vertex  8.268000e+00 -1.103900e+01  5.000000e+00
     vertex  8.268000e+00 -1.103900e+01  0.000000e+00
   endloop
 endfacet
 facet normal  6.293638e-01 -7.771108e-01  0.000000e+00
   outer loop
     vertex  9.078000e+00 -1.038300e+01  0.000000e+00
     vertex  9.078000e+00 -1.038300e+01  5.000000e+00
     vertex  8.268000e+00 -1.103900e+01  5.000000e+00
   endloop
 endfacet
 facet normal  8.089229e-01  5.879148e-01  0.000000e+00
   outer loop
     vertex  8.268000e+00 -1.103900e+01  0.000000e+00
     vertex  1.003700e+01 -1.347300e+01  5.000000e+00
     vertex  1.003700e+01 -1.347300e+01  0.000000e+00
   endloop
 endfacet
 facet normal  8.089229e-01  5.879148e-01 -0.000000e+00
   outer loop
     vertex  8.268000e+00 -1.103900e+01  0.000000e+00
     vertex  8.268000e+00 -1.103900e+01  5.000000e+00
     vertex  1.003700e+01 -1.347300e+01  5.000000e+00
   endloop
 endfacet
 facet normal  7.172984e-01 -6.967661e-01  0.000000e+00
   outer loop
     vertex  1.004580e+01 -1.369438e+01  0.000000e+00
     vertex  9.984000e+00 -1.375800e+01  5.000000e+00
     vertex  9.984000e+00 -1.375800e+01  0.000000e+00
   endloop
 endfacet
 facet normal  7.172984e-01 -6.967661e-01  0.000000e+00
   outer loop
     vertex  1.004580e+01 -1.369438e+01  0.000000e+00
     vertex  1.004580e+01 -1.369438e+01  5.000000e+00
     vertex  9.984000e+00 -1.375800e+01  5.000000e+00
   endloop
 endfacet
 facet normal  9.480760e-01 -3.180439e-01  0.000000e+00
   outer loop
     vertex  1.007401e+01 -1.361028e+01  0.000000e+00
     vertex  1.007401e+01 -1.361028e+01  5.000000e+00
     vertex  1.004580e+01 -1.369438e+01  5.000000e+00
   endloop
 endfacet
 facet normal  9.480760e-01 -3.180439e-01  0.000000e+00
   outer loop
     vertex  1.007401e+01 -1.361028e+01  0.000000e+00
     vertex  1.004580e+01 -1.369438e+01  5.000000e+00
     vertex  1.004580e+01 -1.369438e+01  0.000000e+00
   endloop
 endfacet
 facet normal  9.966689e-01  8.155445e-02 -0.000000e+00
   outer loop
     vertex  1.006812e+01 -1.353824e+01  0.000000e+00
     vertex  1.006812e+01 -1.353824e+01  5.000000e+00
     vertex  1.007401e+01 -1.361028e+01  5.000000e+00
   endloop
 endfacet
 facet normal  9.966689e-01  8.155445e-02  0.000000e+00
   outer loop
     vertex  1.006812e+01 -1.353824e+01  0.000000e+00
     vertex  1.007401e+01 -1.361028e+01  5.000000e+00
     vertex  1.007401e+01 -1.361028e+01  0.000000e+00
   endloop
 endfacet
 facet normal  9.025879e-01  4.305056e-01 -0.000000e+00
   outer loop
     vertex  1.003700e+01 -1.347300e+01  0.000000e+00
     vertex  1.003700e+01 -1.347300e+01  5.000000e+00
     vertex  1.006812e+01 -1.353824e+01  5.000000e+00
   endloop
 endfacet
 facet normal  9.025879e-01  4.305056e-01  0.000000e+00
   outer loop
     vertex  1.003700e+01 -1.347300e+01  0.000000e+00
     vertex  1.006812e+01 -1.353824e+01  5.000000e+00
     vertex  1.006812e+01 -1.353824e+01  0.000000e+00
   endloop
 endfacet
 facet normal  5.453481e-01 -8.382097e-01  0.000000e+00
   outer loop
     vertex  9.984000e+00 -1.375800e+01  0.000000e+00
     vertex  8.510000e+00 -1.471700e+01  5.000000e+00
     vertex  8.510000e+00 -1.471700e+01  0.000000e+00
   endloop
 endfacet
 facet normal  5.453481e-01 -8.382097e-01  0.000000e+00
   outer loop
     vertex  9.984000e+00 -1.375800e+01  0.000000e+00
     vertex  9.984000e+00 -1.375800e+01  5.000000e+00
     vertex  8.510000e+00 -1.471700e+01  5.000000e+00
   endloop
 endfacet
 facet normal -7.387897e-01 -6.739360e-01  0.000000e+00
   outer loop
     vertex  8.286778e+00 -1.471353e+01  0.000000e+00
     vertex  8.227000e+00 -1.464800e+01  5.000000e+00
     vertex  8.227000e+00 -1.464800e+01  0.000000e+00
   endloop
 endfacet
 facet normal -7.387897e-01 -6.739360e-01  0.000000e+00
   outer loop
     vertex  8.286778e+00 -1.471353e+01  0.000000e+00
     vertex  8.286778e+00 -1.471353e+01  5.000000e+00
     vertex  8.227000e+00 -1.464800e+01  5.000000e+00
   endloop
 endfacet
 facet normal -3.746870e-01 -9.271514e-01  0.000000e+00
   outer loop
     vertex  8.369015e+00 -1.474676e+01  0.000000e+00
     vertex  8.369015e+00 -1.474676e+01  5.000000e+00
     vertex  8.286778e+00 -1.471353e+01  5.000000e+00
   endloop
 endfacet
 facet normal -3.746870e-01 -9.271514e-01  0.000000e+00
   outer loop
     vertex  8.369015e+00 -1.474676e+01  0.000000e+00
     vertex  8.286778e+00 -1.471353e+01  5.000000e+00
     vertex  8.286778e+00 -1.471353e+01  0.000000e+00
   endloop
 endfacet
 facet normal  2.380326e-02 -9.997167e-01  0.000000e+00
   outer loop
     vertex  8.442281e+00 -1.474502e+01  0.000000e+00
     vertex  8.442281e+00 -1.474502e+01  5.000000e+00
     vertex  8.369015e+00 -1.474676e+01  5.000000e+00
   endloop
 endfacet
 facet normal  2.380326e-02 -9.997167e-01  0.000000e+00
   outer loop
     vertex  8.442281e+00 -1.474502e+01  0.000000e+00
     vertex  8.369015e+00 -1.474676e+01  5.000000e+00
     vertex  8.369015e+00 -1.474676e+01  0.000000e+00
   endloop
 endfacet
 facet normal  3.823343e-01 -9.240241e-01  0.000000e+00
   outer loop
     vertex  8.510000e+00 -1.471700e+01  0.000000e+00
     vertex  8.510000e+00 -1.471700e+01  5.000000e+00
     vertex  8.442281e+00 -1.474502e+01  5.000000e+00
   endloop
 endfacet
 facet normal  3.823343e-01 -9.240241e-01  0.000000e+00
   outer loop
     vertex  8.510000e+00 -1.471700e+01  0.000000e+00
     vertex  8.442281e+00 -1.474502e+01  5.000000e+00
     vertex  8.442281e+00 -1.474502e+01  0.000000e+00
   endloop
 endfacet
 facet normal -8.660250e-01 -5.000006e-01  0.000000e+00
   outer loop
     vertex  8.227000e+00 -1.464800e+01  0.000000e+00
     vertex  6.723000e+00 -1.204300e+01  5.000000e+00
     vertex  6.723000e+00 -1.204300e+01  0.000000e+00
   endloop
 endfacet
 facet normal -8.660250e-01 -5.000006e-01  0.000000e+00
   outer loop
     vertex  8.227000e+00 -1.464800e+01  0.000000e+00
     vertex  8.227000e+00 -1.464800e+01  5.000000e+00
     vertex  6.723000e+00 -1.204300e+01  5.000000e+00
   endloop
 endfacet
 facet normal  4.525636e-01 -8.917321e-01  0.000000e+00
   outer loop
     vertex  6.723000e+00 -1.204300e+01  0.000000e+00
     vertex  5.791000e+00 -1.251600e+01  5.000000e+00
     vertex  5.791000e+00 -1.251600e+01  0.000000e+00
   endloop
 endfacet
 facet normal  4.525636e-01 -8.917321e-01  0.000000e+00
   outer loop
     vertex  6.723000e+00 -1.204300e+01  0.000000e+00
     vertex  6.723000e+00 -1.204300e+01  5.000000e+00
     vertex  5.791000e+00 -1.251600e+01  5.000000e+00
   endloop
 endfacet
 facet normal  9.135787e-01  4.066620e-01  0.000000e+00
   outer loop
     vertex  5.791000e+00 -1.251600e+01  0.000000e+00
     vertex  7.016000e+00 -1.526800e+01  5.000000e+00
     vertex  7.016000e+00 -1.526800e+01  0.000000e+00
   endloop
 endfacet
 facet normal  9.135787e-01  4.066620e-01 -0.000000e+00
   outer loop
     vertex  5.791000e+00 -1.251600e+01  0.000000e+00
     vertex  5.791000e+00 -1.251600e+01  5.000000e+00
     vertex  7.016000e+00 -1.526800e+01  5.000000e+00
   endloop
 endfacet
 facet normal  5.545793e-01 -8.321309e-01  0.000000e+00
   outer loop
     vertex  6.977809e+00 -1.548581e+01  0.000000e+00
     vertex  6.904000e+00 -1.553500e+01  5.000000e+00
     vertex  6.904000e+00 -1.553500e+01  0.000000e+00
   endloop
 endfacet
 facet normal  5.545793e-01 -8.321309e-01  0.000000e+00
   outer loop
     vertex  6.977809e+00 -1.548581e+01  0.000000e+00
     vertex  6.977809e+00 -1.548581e+01  5.000000e+00
     vertex  6.904000e+00 -1.553500e+01  5.000000e+00
   endloop
 endfacet
 facet normal  8.598986e-01 -5.104649e-01  0.000000e+00
   outer loop
     vertex  7.023087e+00 -1.540954e+01  0.000000e+00
     vertex  7.023087e+00 -1.540954e+01  5.000000e+00
     vertex  6.977809e+00 -1.548581e+01  5.000000e+00
   endloop
 endfacet
 facet normal  8.598986e-01 -5.104649e-01  0.000000e+00
   outer loop
     vertex  7.023087e+00 -1.540954e+01  0.000000e+00
     vertex  6.977809e+00 -1.548581e+01  5.000000e+00
     vertex  6.977809e+00 -1.548581e+01  0.000000e+00
   endloop
 endfacet
 facet normal  9.914261e-01 -1.306689e-01  0.000000e+00
   outer loop
     vertex  7.032500e+00 -1.533812e+01  0.000000e+00
     vertex  7.032500e+00 -1.533812e+01  5.000000e+00
     vertex  7.023087e+00 -1.540954e+01  5.000000e+00
   endloop
 endfacet
 facet normal  9.914261e-01 -1.306689e-01  0.000000e+00
   outer loop
     vertex  7.032500e+00 -1.533812e+01  0.000000e+00
     vertex  7.023087e+00 -1.540954e+01  5.000000e+00
     vertex  7.023087e+00 -1.540954e+01  0.000000e+00
   endloop
 endfacet
 facet normal  9.734136e-01  2.290547e-01 -0.000000e+00
   outer loop
     vertex  7.016000e+00 -1.526800e+01  0.000000e+00
     vertex  7.016000e+00 -1.526800e+01  5.000000e+00
     vertex  7.032500e+00 -1.533812e+01  5.000000e+00
   endloop
 endfacet
 facet normal  9.734136e-01  2.290547e-01  0.000000e+00
   outer loop
     vertex  7.016000e+00 -1.526800e+01  0.000000e+00
     vertex  7.032500e+00 -1.533812e+01  5.000000e+00
     vertex  7.032500e+00 -1.533812e+01  0.000000e+00
   endloop
 endfacet
 facet normal  3.577211e-01 -9.338285e-01  0.000000e+00
   outer loop
     vertex  6.904000e+00 -1.553500e+01  0.000000e+00
     vertex  5.262000e+00 -1.616400e+01  5.000000e+00
     vertex  5.262000e+00 -1.616400e+01  0.000000e+00
   endloop
 endfacet
 facet normal  3.577211e-01 -9.338285e-01  0.000000e+00
   outer loop
     vertex  6.904000e+00 -1.553500e+01  0.000000e+00
     vertex  6.904000e+00 -1.553500e+01  5.000000e+00
     vertex  5.262000e+00 -1.616400e+01  5.000000e+00
   endloop
 endfacet
 facet normal -8.591698e-01 -5.116906e-01  0.000000e+00
   outer loop
     vertex  5.045387e+00 -1.611521e+01  0.000000e+00
     vertex  5.000000e+00 -1.603900e+01  5.000000e+00
     vertex  5.000000e+00 -1.603900e+01  0.000000e+00
   endloop
 endfacet
 facet normal -8.591698e-01 -5.116906e-01  0.000000e+00
   outer loop
     vertex  5.045387e+00 -1.611521e+01  0.000000e+00
     vertex  5.045387e+00 -1.611521e+01  5.000000e+00
     vertex  5.000000e+00 -1.603900e+01  5.000000e+00
   endloop
 endfacet
 facet normal -5.533922e-01 -8.329208e-01  0.000000e+00
   outer loop
     vertex  5.119266e+00 -1.616429e+01  0.000000e+00
     vertex  5.119266e+00 -1.616429e+01  5.000000e+00
     vertex  5.045387e+00 -1.611521e+01  5.000000e+00
   endloop
 endfacet
 facet normal -5.533922e-01 -8.329208e-01  0.000000e+00
   outer loop
     vertex  5.119266e+00 -1.616429e+01  0.000000e+00
     vertex  5.045387e+00 -1.611521e+01  5.000000e+00
     vertex  5.045387e+00 -1.611521e+01  0.000000e+00
   endloop
 endfacet
 facet normal -1.794087e-01 -9.837746e-01  0.000000e+00
   outer loop
     vertex  5.190660e+00 -1.617731e+01  0.000000e+00
     vertex  5.190660e+00 -1.617731e+01  5.000000e+00
     vertex  5.119266e+00 -1.616429e+01  5.000000e+00
   endloop
 endfacet
 facet normal -1.794087e-01 -9.837746e-01  0.000000e+00
   outer loop
     vertex  5.190660e+00 -1.617731e+01  0.000000e+00
     vertex  5.119266e+00 -1.616429e+01  5.000000e+00
     vertex  5.119266e+00 -1.616429e+01  0.000000e+00
   endloop
 endfacet
 facet normal  1.834483e-01 -9.830294e-01  0.000000e+00
   outer loop
     vertex  5.262000e+00 -1.616400e+01  0.000000e+00
     vertex  5.262000e+00 -1.616400e+01  5.000000e+00
     vertex  5.190660e+00 -1.617731e+01  5.000000e+00
   endloop
 endfacet
 facet normal  1.834483e-01 -9.830294e-01  0.000000e+00
   outer loop
     vertex  5.262000e+00 -1.616400e+01  0.000000e+00
     vertex  5.190660e+00 -1.617731e+01  5.000000e+00
     vertex  5.190660e+00 -1.617731e+01  0.000000e+00
   endloop
 endfacet
 facet normal -9.512755e-01 -3.083422e-01  0.000000e+00
   outer loop
     vertex  5.000000e+00 -1.603900e+01  0.000000e+00
     vertex  4.072000e+00 -1.317600e+01  5.000000e+00
     vertex  4.072000e+00 -1.317600e+01  0.000000e+00
   endloop
 endfacet
 facet normal -9.512755e-01 -3.083422e-01  0.000000e+00
   outer loop
     vertex  5.000000e+00 -1.603900e+01  0.000000e+00
     vertex  5.000000e+00 -1.603900e+01  5.000000e+00
     vertex  4.072000e+00 -1.317600e+01  5.000000e+00
   endloop
 endfacet
 facet normal  2.593899e-01 -9.657727e-01  0.000000e+00
   outer loop
     vertex  4.072000e+00 -1.317600e+01  0.000000e+00
     vertex  3.063000e+00 -1.344700e+01  5.000000e+00
     vertex  3.063000e+00 -1.344700e+01  0.000000e+00
   endloop
 endfacet
 facet normal  2.593899e-01 -9.657727e-01  0.000000e+00
   outer loop
     vertex  4.072000e+00 -1.317600e+01  0.000000e+00
     vertex  4.072000e+00 -1.317600e+01  5.000000e+00
     vertex  3.063000e+00 -1.344700e+01  5.000000e+00
   endloop
 endfacet
 facet normal  9.781318e-01  2.079859e-01  0.000000e+00
   outer loop
     vertex  3.063000e+00 -1.344700e+01  0.000000e+00
     vertex  3.689000e+00 -1.639100e+01  5.000000e+00
     vertex  3.689000e+00 -1.639100e+01  0.000000e+00
   endloop
 endfacet
 facet normal  9.781318e-01  2.079859e-01 -0.000000e+00
   outer loop
     vertex  3.063000e+00 -1.344700e+01  0.000000e+00
     vertex  3.063000e+00 -1.344700e+01  5.000000e+00
     vertex  3.689000e+00 -1.639100e+01  5.000000e+00
   endloop
 endfacet
 facet normal  3.631499e-01 -9.317307e-01  0.000000e+00
   outer loop
     vertex  3.605644e+00 -1.659879e+01  0.000000e+00
     vertex  3.523000e+00 -1.663100e+01  5.000000e+00
     vertex  3.523000e+00 -1.663100e+01  0.000000e+00
   endloop
 endfacet
 facet normal  3.631499e-01 -9.317307e-01  0.000000e+00
   outer loop
     vertex  3.605644e+00 -1.659879e+01  0.000000e+00
     vertex  3.605644e+00 -1.659879e+01  5.000000e+00
     vertex  3.523000e+00 -1.663100e+01  5.000000e+00
   endloop
 endfacet
 facet normal  7.303676e-01 -6.830543e-01  0.000000e+00
   outer loop
     vertex  3.666230e+00 -1.653401e+01  0.000000e+00
     vertex  3.666230e+00 -1.653401e+01  5.000000e+00
     vertex  3.605644e+00 -1.659879e+01  5.000000e+00
   endloop
 endfacet
 facet normal  7.303676e-01 -6.830543e-01  0.000000e+00
   outer loop
     vertex  3.666230e+00 -1.653401e+01  0.000000e+00
     vertex  3.605644e+00 -1.659879e+01  5.000000e+00
     vertex  3.605644e+00 -1.659879e+01  0.000000e+00
   endloop
 endfacet
 facet normal  9.417118e-01 -3.364208e-01  0.000000e+00
   outer loop
     vertex  3.691012e+00 -1.646464e+01  0.000000e+00
     vertex  3.691012e+00 -1.646464e+01  5.000000e+00
     vertex  3.666230e+00 -1.653401e+01  5.000000e+00
   endloop
 endfacet
 facet normal  9.417118e-01 -3.364208e-01  0.000000e+00
   outer loop
     vertex  3.691012e+00 -1.646464e+01  0.000000e+00
     vertex  3.666230e+00 -1.653401e+01  5.000000e+00
     vertex  3.666230e+00 -1.653401e+01  0.000000e+00
   endloop
 endfacet
 facet normal  9.996269e-01  2.731496e-02 -0.000000e+00
   outer loop
     vertex  3.689000e+00 -1.639100e+01  0.000000e+00
     vertex  3.689000e+00 -1.639100e+01  5.000000e+00
     vertex  3.691012e+00 -1.646464e+01  5.000000e+00
   endloop
 endfacet
 facet normal  9.996269e-01  2.731496e-02  0.000000e+00
   outer loop
     vertex  3.689000e+00 -1.639100e+01  0.000000e+00
     vertex  3.691012e+00 -1.646464e+01  5.000000e+00
     vertex  3.691012e+00 -1.646464e+01  0.000000e+00
   endloop
 endfacet
 facet normal  1.564592e-01 -9.876844e-01  0.000000e+00
   outer loop
     vertex  3.523000e+00 -1.663100e+01  0.000000e+00
     vertex  1.787000e+00 -1.690600e+01  5.000000e+00
     vertex  1.787000e+00 -1.690600e+01  0.000000e+00
   endloop
 endfacet
 facet normal  1.564592e-01 -9.876844e-01  0.000000e+00
   outer loop
     vertex  3.523000e+00 -1.663100e+01  0.000000e+00
     vertex  3.523000e+00 -1.663100e+01  5.000000e+00
     vertex  1.787000e+00 -1.690600e+01  5.000000e+00
   endloop
 endfacet
 facet normal -9.471208e-01 -3.208773e-01  0.000000e+00
   outer loop
     vertex  1.585462e+00 -1.681301e+01  0.000000e+00
     vertex  1.557000e+00 -1.672900e+01  5.000000e+00
     vertex  1.557000e+00 -1.672900e+01  0.000000e+00
   endloop
 endfacet
 facet normal -9.471208e-01 -3.208773e-01  0.000000e+00
   outer loop
     vertex  1.585462e+00 -1.681301e+01  0.000000e+00
     vertex  1.585462e+00 -1.681301e+01  5.000000e+00
     vertex  1.557000e+00 -1.672900e+01  5.000000e+00
   endloop
 endfacet
 facet normal -7.152118e-01 -6.989078e-01  0.000000e+00
   outer loop
     vertex  1.647454e+00 -1.687645e+01  0.000000e+00
     vertex  1.647454e+00 -1.687645e+01  5.000000e+00
     vertex  1.585462e+00 -1.681301e+01  5.000000e+00
   endloop
 endfacet
 facet normal -7.152118e-01 -6.989078e-01  0.000000e+00
   outer loop
     vertex  1.647454e+00 -1.687645e+01  0.000000e+00
     vertex  1.585462e+00 -1.681301e+01  5.000000e+00
     vertex  1.585462e+00 -1.681301e+01  0.000000e+00
   endloop
 endfacet
 facet normal -3.811189e-01 -9.245261e-01  0.000000e+00
   outer loop
     vertex  1.714503e+00 -1.690409e+01  0.000000e+00
     vertex  1.714503e+00 -1.690409e+01  5.000000e+00
     vertex  1.647454e+00 -1.687645e+01  5.000000e+00
   endloop
 endfacet
 facet normal -3.811189e-01 -9.245261e-01  0.000000e+00
   outer loop
     vertex  1.714503e+00 -1.690409e+01  0.000000e+00
     vertex  1.647454e+00 -1.687645e+01  5.000000e+00
     vertex  1.647454e+00 -1.687645e+01  0.000000e+00
   endloop
 endfacet
 facet normal -2.637498e-02 -9.996521e-01  0.000000e+00
   outer loop
     vertex  1.787000e+00 -1.690600e+01  0.000000e+00
     vertex  1.787000e+00 -1.690600e+01  5.000000e+00
     vertex  1.714503e+00 -1.690409e+01  5.000000e+00
   endloop
 endfacet
 facet normal -2.637498e-02 -9.996521e-01  0.000000e+00
   outer loop
     vertex  1.787000e+00 -1.690600e+01  0.000000e+00
     vertex  1.714503e+00 -1.690409e+01  5.000000e+00
     vertex  1.714503e+00 -1.690409e+01  0.000000e+00
   endloop
 endfacet
 facet normal -9.945145e-01 -1.045984e-01  0.000000e+00
   outer loop
     vertex  1.557000e+00 -1.672900e+01  0.000000e+00
     vertex  1.242000e+00 -1.373400e+01  5.000000e+00
     vertex  1.242000e+00 -1.373400e+01  0.000000e+00
   endloop
 endfacet
 facet normal -9.945145e-01 -1.045984e-01  0.000000e+00
   outer loop
     vertex  1.557000e+00 -1.672900e+01  0.000000e+00
     vertex  1.557000e+00 -1.672900e+01  5.000000e+00
     vertex  1.242000e+00 -1.373400e+01  5.000000e+00
   endloop
 endfacet
 facet normal  5.265934e-02 -9.986125e-01  0.000000e+00
   outer loop
     vertex  1.242000e+00 -1.373400e+01  0.000000e+00
     vertex  1.990000e-01 -1.378900e+01  5.000000e+00
     vertex  1.990000e-01 -1.378900e+01  0.000000e+00
   endloop
 endfacet
 facet normal  5.265934e-02 -9.986125e-01  0.000000e+00
   outer loop
     vertex  1.242000e+00 -1.373400e+01  0.000000e+00
     vertex  1.242000e+00 -1.373400e+01  5.000000e+00
     vertex  1.990000e-01 -1.378900e+01  5.000000e+00
   endloop
 endfacet
 facet normal  1.000000e+00 -9.214999e-18  0.000000e+00
   outer loop
     vertex  1.990000e-01 -1.378900e+01  0.000000e+00
     vertex  1.990000e-01 -1.680100e+01  5.000000e+00
     vertex  1.990000e-01 -1.680100e+01  0.000000e+00
   endloop
 endfacet
 facet normal  1.000000e+00 -9.214999e-18  0.000000e+00
   outer loop
     vertex  1.990000e-01 -1.378900e+01  0.000000e+00
     vertex  1.990000e-01 -1.378900e+01  5.000000e+00
     vertex  1.990000e-01 -1.680100e+01  5.000000e+00
   endloop
 endfacet
 facet normal  1.776359e-01 -9.840963e-01  0.000000e+00
   outer loop
     vertex  7.728858e-02 -1.698424e+01  0.000000e+00
     vertex -1.000000e-02 -1.700000e+01  5.000000e+00
     vertex -1.000000e-02 -1.700000e+01  0.000000e+00
   endloop
 endfacet
 facet normal  1.776359e-01 -9.840963e-01  0.000000e+00
   outer loop
     vertex  7.728858e-02 -1.698424e+01  0.000000e+00
     vertex  7.728858e-02 -1.698424e+01  5.000000e+00
     vertex -1.000000e-02 -1.700000e+01  5.000000e+00
   endloop
 endfacet
 facet normal  5.857436e-01 -8.104964e-01  0.000000e+00
   outer loop
     vertex  1.491790e-01 -1.693229e+01  0.000000e+00
     vertex  1.491790e-01 -1.693229e+01  5.000000e+00
     vertex  7.728858e-02 -1.698424e+01  5.000000e+00
   endloop
 endfacet
 facet normal  5.857436e-01 -8.104964e-01  0.000000e+00
   outer loop
     vertex  1.491790e-01 -1.693229e+01  0.000000e+00
     vertex  7.728858e-02 -1.698424e+01  5.000000e+00
     vertex  7.728858e-02 -1.698424e+01  0.000000e+00
   endloop
 endfacet
 facet normal  8.566576e-01 -5.158854e-01  0.000000e+00
   outer loop
     vertex  1.859908e-01 -1.687116e+01  0.000000e+00
     vertex  1.859908e-01 -1.687116e+01  5.000000e+00
     vertex  1.491790e-01 -1.693229e+01  5.000000e+00
   endloop
 endfacet
 facet normal  8.566576e-01 -5.158854e-01  0.000000e+00
   outer loop
     vertex  1.859908e-01 -1.687116e+01  0.000000e+00
     vertex  1.491790e-01 -1.693229e+01  5.000000e+00
     vertex  1.491790e-01 -1.693229e+01  0.000000e+00
   endloop
 endfacet
 facet normal  9.832406e-01 -1.823127e-01  0.000000e+00
   outer loop
     vertex  1.990000e-01 -1.680100e+01  0.000000e+00
     vertex  1.990000e-01 -1.680100e+01  5.000000e+00
     vertex  1.859908e-01 -1.687116e+01  5.000000e+00
   endloop
 endfacet
 facet normal  9.832406e-01 -1.823127e-01  0.000000e+00
   outer loop
     vertex  1.990000e-01 -1.680100e+01  0.000000e+00
     vertex  1.859908e-01 -1.687116e+01  5.000000e+00
     vertex  1.859908e-01 -1.687116e+01  0.000000e+00
   endloop
 endfacet
 facet normal -5.232004e-02 -9.986304e-01  0.000000e+00
   outer loop
     vertex -1.000000e-02 -1.700000e+01  0.000000e+00
     vertex -1.766000e+00 -1.690800e+01  5.000000e+00
     vertex -1.766000e+00 -1.690800e+01  0.000000e+00
   endloop
 endfacet
 facet normal -5.232004e-02 -9.986304e-01  0.000000e+00
   outer loop
     vertex -1.000000e-02 -1.700000e+01  0.000000e+00
     vertex -1.000000e-02 -1.700000e+01  5.000000e+00
     vertex -1.766000e+00 -1.690800e+01  5.000000e+00
   endloop
 endfacet
 facet normal -9.925442e-01 -1.218853e-01  0.000000e+00
   outer loop
     vertex -1.944189e+00 -1.677604e+01  0.000000e+00
     vertex -1.955000e+00 -1.668800e+01  5.000000e+00
     vertex -1.955000e+00 -1.668800e+01  0.000000e+00
   endloop
 endfacet
 facet normal -9.925442e-01 -1.218853e-01  0.000000e+00
   outer loop
     vertex -1.944189e+00 -1.677604e+01  0.000000e+00
     vertex -1.944189e+00 -1.677604e+01  5.000000e+00
     vertex -1.955000e+00 -1.668800e+01  5.000000e+00
   endloop
 endfacet
 facet normal -8.422231e-01 -5.391291e-01  0.000000e+00
   outer loop
     vertex -1.896369e+00 -1.685074e+01  0.000000e+00
     vertex -1.896369e+00 -1.685074e+01  5.000000e+00
     vertex -1.944189e+00 -1.677604e+01  5.000000e+00
   endloop
 endfacet
 facet normal -8.422231e-01 -5.391291e-01  0.000000e+00
   outer loop
     vertex -1.896369e+00 -1.685074e+01  0.000000e+00
     vertex -1.944189e+00 -1.677604e+01  5.000000e+00
     vertex -1.944189e+00 -1.677604e+01  0.000000e+00
   endloop
 endfacet
 facet normal -5.611799e-01 -8.276938e-01  0.000000e+00
   outer loop
     vertex -1.836452e+00 -1.689137e+01  0.000000e+00
     vertex -1.836452e+00 -1.689137e+01  5.000000e+00
     vertex -1.896369e+00 -1.685074e+01  5.000000e+00
   endloop
 endfacet
 facet normal -5.611799e-01 -8.276938e-01  0.000000e+00
   outer loop
     vertex -1.836452e+00 -1.689137e+01  0.000000e+00
     vertex -1.896369e+00 -1.685074e+01  5.000000e+00
     vertex -1.896369e+00 -1.685074e+01  0.000000e+00
   endloop
 endfacet
 facet normal -2.297866e-01 -9.732410e-01  0.000000e+00
   outer loop
     vertex -1.766000e+00 -1.690800e+01  0.000000e+00
     vertex -1.766000e+00 -1.690800e+01  5.000000e+00
     vertex -1.836452e+00 -1.689137e+01  5.000000e+00
   endloop
 endfacet
 facet normal -2.297866e-01 -9.732410e-01  0.000000e+00
   outer loop
     vertex -1.766000e+00 -1.690800e+01  0.000000e+00
     vertex -1.836452e+00 -1.689137e+01  5.000000e+00
     vertex -1.836452e+00 -1.689137e+01  0.000000e+00
   endloop
 endfacet
 facet normal -9.945490e-01  1.042699e-01  0.000000e+00
   outer loop
     vertex -1.955000e+00 -1.668800e+01  0.000000e+00
     vertex -1.641000e+00 -1.369300e+01  5.000000e+00
     vertex -1.641000e+00 -1.369300e+01  0.000000e+00
   endloop
 endfacet
 facet normal -9.945490e-01  1.042699e-01  0.000000e+00
   outer loop
     vertex -1.955000e+00 -1.668800e+01  0.000000e+00
     vertex -1.955000e+00 -1.668800e+01  5.000000e+00
     vertex -1.641000e+00 -1.369300e+01  5.000000e+00
   endloop
 endfacet
 facet normal -1.570938e-01 -9.875837e-01  0.000000e+00
   outer loop
     vertex -1.641000e+00 -1.369300e+01  0.000000e+00
     vertex -2.672000e+00 -1.352900e+01  5.000000e+00
     vertex -2.672000e+00 -1.352900e+01  0.000000e+00
   endloop
 endfacet
 facet normal -1.570938e-01 -9.875837e-01  0.000000e+00
   outer loop
     vertex -1.641000e+00 -1.369300e+01  0.000000e+00
     vertex -1.641000e+00 -1.369300e+01  5.000000e+00
     vertex -2.672000e+00 -1.352900e+01  5.000000e+00
   endloop
 endfacet
 facet normal  9.782280e-01 -2.075331e-01  0.000000e+00
   outer loop
     vertex -2.672000e+00 -1.352900e+01  0.000000e+00
     vertex -3.297000e+00 -1.647500e+01  5.000000e+00
     vertex -3.297000e+00 -1.647500e+01  0.000000e+00
   endloop
 endfacet
 facet normal  9.782280e-01 -2.075331e-01  0.000000e+00
   outer loop
     vertex -2.672000e+00 -1.352900e+01  0.000000e+00
     vertex -2.672000e+00 -1.352900e+01  5.000000e+00
     vertex -3.297000e+00 -1.647500e+01  5.000000e+00
   endloop
 endfacet
 facet normal -4.074285e-02 -9.991697e-01  0.000000e+00
   outer loop
     vertex -3.456374e+00 -1.663061e+01  0.000000e+00
     vertex -3.545000e+00 -1.662700e+01  5.000000e+00
     vertex -3.545000e+00 -1.662700e+01  0.000000e+00
   endloop
 endfacet
 facet normal -4.074285e-02 -9.991697e-01  0.000000e+00
   outer loop
     vertex -3.456374e+00 -1.663061e+01  0.000000e+00
     vertex -3.456374e+00 -1.663061e+01  5.000000e+00
     vertex -3.545000e+00 -1.662700e+01  5.000000e+00
   endloop
 endfacet
 facet normal  3.953597e-01 -9.185264e-01  0.000000e+00
   outer loop
     vertex -3.374902e+00 -1.659555e+01  0.000000e+00
     vertex -3.374902e+00 -1.659555e+01  5.000000e+00
     vertex -3.456374e+00 -1.663061e+01  5.000000e+00
   endloop
 endfacet
 facet normal  3.953597e-01 -9.185264e-01  0.000000e+00
   outer loop
     vertex -3.374902e+00 -1.659555e+01  0.000000e+00
     vertex -3.456374e+00 -1.663061e+01  5.000000e+00
     vertex -3.456374e+00 -1.663061e+01  0.000000e+00
   endloop
 endfacet
 facet normal  7.267417e-01 -6.869109e-01  0.000000e+00
   outer loop
     vertex -3.324765e+00 -1.654250e+01  0.000000e+00
     vertex -3.324765e+00 -1.654250e+01  5.000000e+00
     vertex -3.374902e+00 -1.659555e+01  5.000000e+00
   endloop
 endfacet
 facet normal  7.267417e-01 -6.869109e-01  0.000000e+00
   outer loop
     vertex -3.324765e+00 -1.654250e+01  0.000000e+00
     vertex -3.374902e+00 -1.659555e+01  5.000000e+00
     vertex -3.374902e+00 -1.659555e+01  0.000000e+00
   endloop
 endfacet
 facet normal  9.248219e-01 -3.804005e-01  0.000000e+00
   outer loop
     vertex -3.297000e+00 -1.647500e+01  0.000000e+00
     vertex -3.297000e+00 -1.647500e+01  5.000000e+00
     vertex -3.324765e+00 -1.654250e+01  5.000000e+00
   endloop
 endfacet
 facet normal  9.248219e-01 -3.804005e-01  0.000000e+00
   outer loop
     vertex -3.297000e+00 -1.647500e+01  0.000000e+00
     vertex -3.324765e+00 -1.654250e+01  5.000000e+00
     vertex -3.324765e+00 -1.654250e+01  0.000000e+00
   endloop
 endfacet
 facet normal -2.589732e-01 -9.658845e-01  0.000000e+00
   outer loop
     vertex -3.545000e+00 -1.662700e+01  0.000000e+00
     vertex -5.242000e+00 -1.617200e+01  5.000000e+00
     vertex -5.242000e+00 -1.617200e+01  0.000000e+00
   endloop
 endfacet
 facet normal -2.589732e-01 -9.658845e-01  0.000000e+00
   outer loop
     vertex -3.545000e+00 -1.662700e+01  0.000000e+00
     vertex -3.545000e+00 -1.662700e+01  5.000000e+00
     vertex -5.242000e+00 -1.617200e+01  5.000000e+00
   endloop
 endfacet
 facet normal -9.955158e-01  9.459573e-02  0.000000e+00
   outer loop
     vertex -5.389391e+00 -1.600430e+01  0.000000e+00
     vertex -5.381000e+00 -1.591600e+01  5.000000e+00
     vertex -5.381000e+00 -1.591600e+01  0.000000e+00
   endloop
 endfacet
 facet normal -9.955158e-01  9.459573e-02  0.000000e+00
   outer loop
     vertex -5.389391e+00 -1.600430e+01  0.000000e+00
     vertex -5.389391e+00 -1.600430e+01  5.000000e+00
     vertex -5.381000e+00 -1.591600e+01  5.000000e+00
   endloop
 endfacet
 facet normal -9.385207e-01 -3.452228e-01  0.000000e+00
   outer loop
     vertex -5.358770e+00 -1.608755e+01  0.000000e+00
     vertex -5.358770e+00 -1.608755e+01  5.000000e+00
     vertex -5.389391e+00 -1.600430e+01  5.000000e+00
   endloop
 endfacet
 facet normal -9.385207e-01 -3.452228e-01  0.000000e+00
   outer loop
     vertex -5.358770e+00 -1.608755e+01  0.000000e+00
     vertex -5.389391e+00 -1.600430e+01  5.000000e+00
     vertex -5.389391e+00 -1.600430e+01  0.000000e+00
   endloop
 endfacet
 facet normal -7.245860e-01 -6.891843e-01  0.000000e+00
   outer loop
     vertex -5.308256e+00 -1.614066e+01  0.000000e+00
     vertex -5.308256e+00 -1.614066e+01  5.000000e+00
     vertex -5.358770e+00 -1.608755e+01  5.000000e+00
   endloop
 endfacet
 facet normal -7.245860e-01 -6.891843e-01  0.000000e+00
   outer loop
     vertex -5.308256e+00 -1.614066e+01  0.000000e+00
     vertex -5.358770e+00 -1.608755e+01  5.000000e+00
     vertex -5.358770e+00 -1.608755e+01  0.000000e+00
   endloop
 endfacet
 facet normal -4.276343e-01 -9.039518e-01  0.000000e+00
   outer loop
     vertex -5.242000e+00 -1.617200e+01  0.000000e+00
     vertex -5.242000e+00 -1.617200e+01  5.000000e+00
     vertex -5.308256e+00 -1.614066e+01  5.000000e+00
   endloop
 endfacet
 facet normal -4.276343e-01 -9.039518e-01  0.000000e+00
   outer loop
     vertex -5.242000e+00 -1.617200e+01  0.000000e+00
     vertex -5.308256e+00 -1.614066e+01  5.000000e+00
     vertex -5.308256e+00 -1.614066e+01  0.000000e+00
   endloop
 endfacet
 facet normal -9.510804e-01  3.089433e-01  0.000000e+00
   outer loop
     vertex -5.381000e+00 -1.591600e+01  0.000000e+00
     vertex -4.451000e+00 -1.305300e+01  5.000000e+00
     vertex -4.451000e+00 -1.305300e+01  0.000000e+00
   endloop
 endfacet
 facet normal -9.510804e-01  3.089433e-01  0.000000e+00
   outer loop
     vertex -5.381000e+00 -1.591600e+01  0.000000e+00
     vertex -5.381000e+00 -1.591600e+01  5.000000e+00
     vertex -4.451000e+00 -1.305300e+01  5.000000e+00
   endloop
 endfacet
 facet normal -3.573095e-01 -9.339860e-01  0.000000e+00
   outer loop
     vertex -4.451000e+00 -1.305300e+01  0.000000e+00
     vertex -5.426000e+00 -1.268000e+01  5.000000e+00
     vertex -5.426000e+00 -1.268000e+01  0.000000e+00
   endloop
 endfacet
 facet normal -3.573095e-01 -9.339860e-01  0.000000e+00
   outer loop
     vertex -4.451000e+00 -1.305300e+01  0.000000e+00
     vertex -4.451000e+00 -1.305300e+01  5.000000e+00
     vertex -5.426000e+00 -1.268000e+01  5.000000e+00
   endloop
 endfacet
 facet normal  9.135922e-01 -4.066316e-01  0.000000e+00
   outer loop
     vertex -5.426000e+00 -1.268000e+01  0.000000e+00
     vertex -6.650000e+00 -1.543000e+01  5.000000e+00
     vertex -6.650000e+00 -1.543000e+01  0.000000e+00
   endloop
 endfacet
 facet normal  9.135922e-01 -4.066316e-01  0.000000e+00
   outer loop
     vertex -5.426000e+00 -1.268000e+01  0.000000e+00
     vertex -5.426000e+00 -1.268000e+01  5.000000e+00
     vertex -6.650000e+00 -1.543000e+01  5.000000e+00
   endloop
 endfacet
 facet normal -2.509758e-01 -9.679933e-01  0.000000e+00
   outer loop
     vertex -6.838140e+00 -1.554726e+01  0.000000e+00
     vertex -6.924000e+00 -1.552500e+01  5.000000e+00
     vertex -6.924000e+00 -1.552500e+01  0.000000e+00
   endloop
 endfacet
 facet normal -2.509758e-01 -9.679933e-01  0.000000e+00
   outer loop
     vertex -6.838140e+00 -1.554726e+01  0.000000e+00
     vertex -6.838140e+00 -1.554726e+01  5.000000e+00
     vertex -6.924000e+00 -1.552500e+01  5.000000e+00
   endloop
 endfacet
 facet normal  1.923196e-01 -9.813323e-01  0.000000e+00
   outer loop
     vertex -6.751096e+00 -1.553020e+01  0.000000e+00
     vertex -6.751096e+00 -1.553020e+01  5.000000e+00
     vertex -6.838140e+00 -1.554726e+01  5.000000e+00
   endloop
 endfacet
 facet normal  1.923196e-01 -9.813323e-01  0.000000e+00
   outer loop
     vertex -6.751096e+00 -1.553020e+01  0.000000e+00
     vertex -6.838140e+00 -1.554726e+01  5.000000e+00
     vertex -6.838140e+00 -1.554726e+01  0.000000e+00
   endloop
 endfacet
 facet normal  5.638546e-01 -8.258741e-01  0.000000e+00
   outer loop
     vertex -6.691332e+00 -1.548940e+01  0.000000e+00
     vertex -6.691332e+00 -1.548940e+01  5.000000e+00
     vertex -6.751096e+00 -1.553020e+01  5.000000e+00
   endloop
 endfacet
 facet normal  5.638546e-01 -8.258741e-01  0.000000e+00
   outer loop
     vertex -6.691332e+00 -1.548940e+01  0.000000e+00
     vertex -6.751096e+00 -1.553020e+01  5.000000e+00
     vertex -6.751096e+00 -1.553020e+01  0.000000e+00
   endloop
 endfacet
 facet normal  8.208358e-01 -5.711643e-01  0.000000e+00
   outer loop
     vertex -6.650000e+00 -1.543000e+01  0.000000e+00
     vertex -6.650000e+00 -1.543000e+01  5.000000e+00
     vertex -6.691332e+00 -1.548940e+01  5.000000e+00
   endloop
 endfacet
 facet normal  8.208358e-01 -5.711643e-01  0.000000e+00
   outer loop
     vertex -6.650000e+00 -1.543000e+01  0.000000e+00
     vertex -6.691332e+00 -1.548940e+01  5.000000e+00
     vertex -6.691332e+00 -1.548940e+01  0.000000e+00
   endloop
 endfacet
 facet normal -4.540281e-01 -8.909874e-01  0.000000e+00
   outer loop
     vertex -6.924000e+00 -1.552500e+01  0.000000e+00
     vertex -8.490000e+00 -1.472700e+01  5.000000e+00
     vertex -8.490000e+00 -1.472700e+01  0.000000e+00
   endloop
 endfacet
 facet normal -4.540281e-01 -8.909874e-01  0.000000e+00
   outer loop
     vertex -6.924000e+00 -1.552500e+01  0.000000e+00
     vertex -6.924000e+00 -1.552500e+01  5.000000e+00
     vertex -8.490000e+00 -1.472700e+01  5.000000e+00
   endloop
 endfacet
 facet normal -9.553301e-01  2.955408e-01  0.000000e+00
   outer loop
     vertex -8.598214e+00 -1.453374e+01  0.000000e+00
     vertex -8.572000e+00 -1.444900e+01  5.000000e+00
     vertex -8.572000e+00 -1.444900e+01  0.000000e+00
   endloop
 endfacet
 facet normal -9.553301e-01  2.955408e-01  0.000000e+00
   outer loop
     vertex -8.598214e+00 -1.453374e+01  0.000000e+00
     vertex -8.598214e+00 -1.453374e+01  5.000000e+00
     vertex -8.572000e+00 -1.444900e+01  5.000000e+00
   endloop
 endfacet
 facet normal -9.891868e-01 -1.466611e-01  0.000000e+00
   outer loop
     vertex -8.585206e+00 -1.462148e+01  0.000000e+00
     vertex -8.585206e+00 -1.462148e+01  5.000000e+00
     vertex -8.598214e+00 -1.453374e+01  5.000000e+00
   endloop
 endfacet
 facet normal -9.891868e-01 -1.466611e-01  0.000000e+00
   outer loop
     vertex -8.585206e+00 -1.462148e+01  0.000000e+00
     vertex -8.598214e+00 -1.453374e+01  5.000000e+00
     vertex -8.598214e+00 -1.453374e+01  0.000000e+00
   endloop
 endfacet
 facet normal -8.512564e-01 -5.247499e-01  0.000000e+00
   outer loop
     vertex -8.547292e+00 -1.468298e+01  0.000000e+00
     vertex -8.547292e+00 -1.468298e+01  5.000000e+00
     vertex -8.585206e+00 -1.462148e+01  5.000000e+00
   endloop
 endfacet
 facet normal -8.512564e-01 -5.247499e-01  0.000000e+00
   outer loop
     vertex -8.547292e+00 -1.468298e+01  0.000000e+00
     vertex -8.585206e+00 -1.462148e+01  5.000000e+00
     vertex -8.585206e+00 -1.462148e+01  0.000000e+00
   endloop
 endfacet
 facet normal -6.092623e-01 -7.929688e-01  0.000000e+00
   outer loop
     vertex -8.490000e+00 -1.472700e+01  0.000000e+00
     vertex -8.490000e+00 -1.472700e+01  5.000000e+00
     vertex -8.547292e+00 -1.468298e+01  5.000000e+00
   endloop
 endfacet
 facet normal -6.092623e-01 -7.929688e-01  0.000000e+00
   outer loop
     vertex -8.490000e+00 -1.472700e+01  0.000000e+00
     vertex -8.547292e+00 -1.468298e+01  5.000000e+00
     vertex -8.547292e+00 -1.468298e+01  0.000000e+00
   endloop
 endfacet
 facet normal -8.661911e-01  4.997129e-01  0.000000e+00
   outer loop
     vertex -8.572000e+00 -1.444900e+01  0.000000e+00
     vertex -7.068000e+00 -1.184200e+01  5.000000e+00
     vertex -7.068000e+00 -1.184200e+01  0.000000e+00
   endloop
 endfacet
 facet normal -8.661911e-01  4.997129e-01  0.000000e+00
   outer loop
     vertex -8.572000e+00 -1.444900e+01  0.000000e+00
     vertex -8.572000e+00 -1.444900e+01  5.000000e+00
     vertex -7.068000e+00 -1.184200e+01  5.000000e+00
   endloop
 endfacet
 facet normal -5.451567e-01 -8.383342e-01  0.000000e+00
   outer loop
     vertex -7.068000e+00 -1.184200e+01  0.000000e+00
     vertex -7.943000e+00 -1.127300e+01  5.000000e+00
     vertex -7.943000e+00 -1.127300e+01  0.000000e+00
   endloop
 endfacet
 facet normal -5.451567e-01 -8.383342e-01  0.000000e+00
   outer loop
     vertex -7.068000e+00 -1.184200e+01  0.000000e+00
     vertex -7.068000e+00 -1.184200e+01  5.000000e+00
     vertex -7.943000e+00 -1.127300e+01  5.000000e+00
   endloop
 endfacet
 facet normal  8.089945e-01 -5.878162e-01  0.000000e+00
   outer loop
     vertex -9.713000e+00 -1.370900e+01  0.000000e+00
     vertex -7.943000e+00 -1.127300e+01  5.000000e+00
     vertex -9.713000e+00 -1.370900e+01  5.000000e+00
   endloop
 endfacet
 facet normal  8.089945e-01 -5.878162e-01  0.000000e+00
   outer loop
     vertex -7.943000e+00 -1.127300e+01  0.000000e+00
     vertex -7.943000e+00 -1.127300e+01  5.000000e+00
     vertex -9.713000e+00 -1.370900e+01  0.000000e+00
   endloop
 endfacet
 facet normal -4.412128e-01 -8.974025e-01  0.000000e+00
   outer loop
     vertex -9.920401e+00 -1.378514e+01  0.000000e+00
     vertex -1.000000e+01 -1.374600e+01  5.000000e+00
     vertex -1.000000e+01 -1.374600e+01  0.000000e+00
   endloop
 endfacet
 facet normal -4.412128e-01 -8.974025e-01  0.000000e+00
   outer loop
     vertex -9.920401e+00 -1.378514e+01  0.000000e+00
     vertex -9.920401e+00 -1.378514e+01  5.000000e+00
     vertex -1.000000e+01 -1.374600e+01  5.000000e+00
   endloop
 endfacet
 facet normal -9.735956e-03 -9.999526e-01  0.000000e+00
   outer loop
     vertex -9.831706e+00 -1.378600e+01  0.000000e+00
     vertex -9.831706e+00 -1.378600e+01  5.000000e+00
     vertex -9.920401e+00 -1.378514e+01  5.000000e+00
   endloop
 endfacet
 facet normal -9.735956e-03 -9.999526e-01  0.000000e+00
   outer loop
     vertex -9.831706e+00 -1.378600e+01  0.000000e+00
     vertex -9.920401e+00 -1.378514e+01  5.000000e+00
     vertex -9.920401e+00 -1.378514e+01  0.000000e+00
   endloop
 endfacet
 facet normal  3.844837e-01 -9.231318e-01  0.000000e+00
   outer loop
     vertex -9.765316e+00 -1.375835e+01  0.000000e+00
     vertex -9.765316e+00 -1.375835e+01  5.000000e+00
     vertex -9.831706e+00 -1.378600e+01  5.000000e+00
   endloop
 endfacet
 facet normal  3.844837e-01 -9.231318e-01  0.000000e+00
   outer loop
     vertex -9.765316e+00 -1.375835e+01  0.000000e+00
     vertex -9.831706e+00 -1.378600e+01  5.000000e+00
     vertex -9.831706e+00 -1.378600e+01  0.000000e+00
   endloop
 endfacet
 facet normal  6.861650e-01 -7.274459e-01  0.000000e+00
   outer loop
     vertex -9.713000e+00 -1.370900e+01  0.000000e+00
     vertex -9.713000e+00 -1.370900e+01  5.000000e+00
     vertex -9.765316e+00 -1.375835e+01  5.000000e+00
   endloop
 endfacet
 facet normal  6.861650e-01 -7.274459e-01  0.000000e+00
   outer loop
     vertex -9.713000e+00 -1.370900e+01  0.000000e+00
     vertex -9.765316e+00 -1.375835e+01  5.000000e+00
     vertex -9.765316e+00 -1.375835e+01  0.000000e+00
   endloop
 endfacet
 facet normal -6.286416e-01 -7.776951e-01  0.000000e+00
   outer loop
     vertex -1.000000e+01 -1.374600e+01  0.000000e+00
     vertex -1.136700e+01 -1.264100e+01  5.000000e+00
     vertex -1.136700e+01 -1.264100e+01  0.000000e+00
   endloop
 endfacet
 facet normal -6.286416e-01 -7.776951e-01  0.000000e+00
   outer loop
     vertex -1.000000e+01 -1.374600e+01  0.000000e+00
     vertex -1.000000e+01 -1.374600e+01  5.000000e+00
     vertex -1.136700e+01 -1.264100e+01  5.000000e+00
   endloop
 endfacet
 facet normal -8.723268e-01  4.889233e-01  0.000000e+00
   outer loop
     vertex -1.143237e+01 -1.242937e+01  0.000000e+00
     vertex -1.138900e+01 -1.235200e+01  5.000000e+00
     vertex -1.138900e+01 -1.235200e+01  0.000000e+00
   endloop
 endfacet
 facet normal -8.723268e-01  4.889233e-01  0.000000e+00
   outer loop
     vertex -1.143237e+01 -1.242937e+01  0.000000e+00
     vertex -1.143237e+01 -1.242937e+01  5.000000e+00
     vertex -1.138900e+01 -1.235200e+01  5.000000e+00
   endloop
 endfacet
 facet normal -9.979756e-01  6.359851e-02  0.000000e+00
   outer loop
     vertex -1.143801e+01 -1.251789e+01  0.000000e+00
     vertex -1.143801e+01 -1.251789e+01  5.000000e+00
     vertex -1.143237e+01 -1.242937e+01  5.000000e+00
   endloop
 endfacet
 facet normal -9.979756e-01  6.359851e-02  0.000000e+00
   outer loop
     vertex -1.143801e+01 -1.251789e+01  0.000000e+00
     vertex -1.143237e+01 -1.242937e+01  5.000000e+00
     vertex -1.143237e+01 -1.242937e+01  0.000000e+00
   endloop
 endfacet
 facet normal -9.422271e-01 -3.349748e-01  0.000000e+00
   outer loop
     vertex -1.141381e+01 -1.258597e+01  0.000000e+00
     vertex -1.141381e+01 -1.258597e+01  5.000000e+00
     vertex -1.143801e+01 -1.251789e+01  5.000000e+00
   endloop
 endfacet
 facet normal -9.422271e-01 -3.349748e-01  0.000000e+00
   outer loop
     vertex -1.141381e+01 -1.258597e+01  0.000000e+00
     vertex -1.143801e+01 -1.251789e+01  5.000000e+00
     vertex -1.143801e+01 -1.251789e+01  0.000000e+00
   endloop
 endfacet
 facet normal -7.617381e-01 -6.478851e-01  0.000000e+00
   outer loop
     vertex -1.136700e+01 -1.264100e+01  0.000000e+00
     vertex -1.136700e+01 -1.264100e+01  5.000000e+00
     vertex -1.141381e+01 -1.258597e+01  5.000000e+00
   endloop
 endfacet
 facet normal -7.617381e-01 -6.478851e-01  0.000000e+00
   outer loop
     vertex -1.136700e+01 -1.264100e+01  0.000000e+00
     vertex -1.141381e+01 -1.258597e+01  5.000000e+00
     vertex -1.141381e+01 -1.258597e+01  0.000000e+00
   endloop
 endfacet
 facet normal -7.434757e-01  6.687629e-01  0.000000e+00
   outer loop
     vertex -1.138900e+01 -1.235200e+01  0.000000e+00
     vertex -9.375000e+00 -1.011300e+01  5.000000e+00
     vertex -9.375000e+00 -1.011300e+01  0.000000e+00
   endloop
 endfacet
 facet normal -7.434757e-01  6.687629e-01  0.000000e+00
   outer loop
     vertex -1.138900e+01 -1.235200e+01  0.000000e+00
     vertex -1.138900e+01 -1.235200e+01  5.000000e+00
     vertex -9.375000e+00 -1.011300e+01  5.000000e+00
   endloop
 endfacet
 facet normal -7.071068e-01 -7.071068e-01  0.000000e+00
   outer loop
     vertex -9.375000e+00 -1.011300e+01  0.000000e+00
     vertex -1.011300e+01 -9.375000e+00  5.000000e+00
     vertex -1.011300e+01 -9.375000e+00  0.000000e+00
   endloop
 endfacet
 facet normal -7.071068e-01 -7.071068e-01  0.000000e+00
   outer loop
     vertex -9.375000e+00 -1.011300e+01  0.000000e+00
     vertex -9.375000e+00 -1.011300e+01  5.000000e+00
     vertex -1.011300e+01 -9.375000e+00  5.000000e+00
   endloop
 endfacet
 facet normal  6.687629e-01 -7.434757e-01  0.000000e+00
   outer loop
     vertex -1.011300e+01 -9.375000e+00  0.000000e+00
     vertex -1.235200e+01 -1.138900e+01  5.000000e+00
     vertex -1.235200e+01 -1.138900e+01  0.000000e+00
   endloop
 endfacet
 facet normal  6.687629e-01 -7.434757e-01  0.000000e+00
   outer loop
     vertex -1.011300e+01 -9.375000e+00  0.000000e+00
     vertex -1.011300e+01 -9.375000e+00  5.000000e+00
     vertex -1.235200e+01 -1.138900e+01  5.000000e+00
   endloop
 endfacet
 facet normal -6.153352e-01 -7.882656e-01  0.000000e+00
   outer loop
     vertex -1.257108e+01 -1.142158e+01  0.000000e+00
     vertex -1.264100e+01 -1.136700e+01  5.000000e+00
     vertex -1.264100e+01 -1.136700e+01  0.000000e+00
   endloop
 endfacet
 facet normal -6.153352e-01 -7.882656e-01  0.000000e+00
   outer loop
     vertex -1.257108e+01 -1.142158e+01  0.000000e+00
     vertex -1.257108e+01 -1.142158e+01  5.000000e+00
     vertex -1.264100e+01 -1.136700e+01  5.000000e+00
   endloop
 endfacet
 facet normal -2.139312e-01 -9.768487e-01  0.000000e+00
   outer loop
     vertex -1.248444e+01 -1.144056e+01  0.000000e+00
     vertex -1.248444e+01 -1.144056e+01  5.000000e+00
     vertex -1.257108e+01 -1.142158e+01  5.000000e+00
   endloop
 endfacet
 facet normal -2.139312e-01 -9.768487e-01  0.000000e+00
   outer loop
     vertex -1.248444e+01 -1.144056e+01  0.000000e+00
     vertex -1.257108e+01 -1.142158e+01  5.000000e+00
     vertex -1.257108e+01 -1.142158e+01  0.000000e+00
   endloop
 endfacet
 facet normal  1.884881e-01 -9.820755e-01  0.000000e+00
   outer loop
     vertex -1.241348e+01 -1.142694e+01  0.000000e+00
     vertex -1.241348e+01 -1.142694e+01  5.000000e+00
     vertex -1.248444e+01 -1.144056e+01  5.000000e+00
   endloop
 endfacet
 facet normal  1.884881e-01 -9.820755e-01  0.000000e+00
   outer loop
     vertex -1.241348e+01 -1.142694e+01  0.000000e+00
     vertex -1.248444e+01 -1.144056e+01  5.000000e+00
     vertex -1.248444e+01 -1.144056e+01  0.000000e+00
   endloop
 endfacet
 facet normal  5.251137e-01 -8.510321e-01  0.000000e+00
   outer loop
     vertex -1.235200e+01 -1.138900e+01  0.000000e+00
     vertex -1.235200e+01 -1.138900e+01  5.000000e+00
     vertex -1.241348e+01 -1.142694e+01  5.000000e+00
   endloop
 endfacet
 facet normal  5.251137e-01 -8.510321e-01  0.000000e+00
   outer loop
     vertex -1.235200e+01 -1.138900e+01  0.000000e+00
     vertex -1.241348e+01 -1.142694e+01  5.000000e+00
     vertex -1.241348e+01 -1.142694e+01  0.000000e+00
   endloop
 endfacet
 facet normal -7.776951e-01 -6.286416e-01  0.000000e+00
   outer loop
     vertex -1.264100e+01 -1.136700e+01  0.000000e+00
     vertex -1.374600e+01 -1.000000e+01  5.000000e+00
     vertex -1.374600e+01 -1.000000e+01  0.000000e+00
   endloop
 endfacet
 facet normal -7.776951e-01 -6.286416e-01  0.000000e+00
   outer loop
     vertex -1.264100e+01 -1.136700e+01  0.000000e+00
     vertex -1.264100e+01 -1.136700e+01  5.000000e+00
     vertex -1.374600e+01 -1.000000e+01  5.000000e+00
   endloop
 endfacet
 facet normal -7.561576e-01  6.543896e-01  0.000000e+00
   outer loop
     vertex -1.376704e+01 -9.780071e+00  0.000000e+00
     vertex -1.370900e+01 -9.713000e+00  5.000000e+00
     vertex -1.370900e+01 -9.713000e+00  0.000000e+00
   endloop
 endfacet
 facet normal -7.561576e-01  6.543896e-01  0.000000e+00
   outer loop
     vertex -1.376704e+01 -9.780071e+00  0.000000e+00
     vertex -1.376704e+01 -9.780071e+00  5.000000e+00
     vertex -1.370900e+01 -9.713000e+00  5.000000e+00
   endloop
 endfacet
 facet normal -9.647877e-01  2.630300e-01  0.000000e+00
   outer loop
     vertex -1.379037e+01 -9.865647e+00  0.000000e+00
     vertex -1.379037e+01 -9.865647e+00  5.000000e+00
     vertex -1.376704e+01 -9.780071e+00  5.000000e+00
   endloop
 endfacet
 facet normal -9.647877e-01  2.630300e-01  0.000000e+00
   outer loop
     vertex -1.379037e+01 -9.865647e+00  0.000000e+00
     vertex -1.376704e+01 -9.780071e+00  5.000000e+00
     vertex -1.376704e+01 -9.780071e+00  0.000000e+00
   endloop
 endfacet
 facet normal -9.904624e-01 -1.377834e-01  0.000000e+00
   outer loop
     vertex -1.378047e+01 -9.936878e+00  0.000000e+00
     vertex -1.378047e+01 -9.936878e+00  5.000000e+00
     vertex -1.379037e+01 -9.865647e+00  5.000000e+00
   endloop
 endfacet
 facet normal -9.904624e-01 -1.377834e-01  0.000000e+00
   outer loop
     vertex -1.378047e+01 -9.936878e+00  0.000000e+00
     vertex -1.379037e+01 -9.865647e+00  5.000000e+00
     vertex -1.379037e+01 -9.865647e+00  0.000000e+00
   endloop
 endfacet
 facet normal -8.776886e-01 -4.792313e-01  0.000000e+00
   outer loop
     vertex -1.374600e+01 -1.000000e+01  0.000000e+00
     vertex -1.374600e+01 -1.000000e+01  5.000000e+00
     vertex -1.378047e+01 -9.936878e+00  5.000000e+00
   endloop
 endfacet
 facet normal -8.776886e-01 -4.792313e-01  0.000000e+00
   outer loop
     vertex -1.374600e+01 -1.000000e+01  0.000000e+00
     vertex -1.378047e+01 -9.936878e+00  5.000000e+00
     vertex -1.378047e+01 -9.936878e+00  0.000000e+00
   endloop
 endfacet
 facet normal -5.878162e-01  8.089945e-01  0.000000e+00
   outer loop
     vertex -1.127300e+01 -7.943000e+00  0.000000e+00
     vertex -1.370900e+01 -9.713000e+00  5.000000e+00
     vertex -1.127300e+01 -7.943000e+00  5.000000e+00
   endloop
 endfacet
 facet normal -5.878162e-01  8.089945e-01  0.000000e+00
   outer loop
     vertex -1.370900e+01 -9.713000e+00  0.000000e+00
     vertex -1.370900e+01 -9.713000e+00  5.000000e+00
     vertex -1.127300e+01 -7.943000e+00  0.000000e+00
   endloop
 endfacet
 facet normal -8.383342e-01 -5.451567e-01  0.000000e+00
   outer loop
     vertex -1.127300e+01 -7.943000e+00  0.000000e+00
     vertex -1.184200e+01 -7.068000e+00  5.000000e+00
     vertex -1.184200e+01 -7.068000e+00  0.000000e+00
   endloop
 endfacet
 facet normal -8.383342e-01 -5.451567e-01  0.000000e+00
   outer loop
     vertex -1.127300e+01 -7.943000e+00  0.000000e+00
     vertex -1.127300e+01 -7.943000e+00  5.000000e+00
     vertex -1.184200e+01 -7.068000e+00  5.000000e+00
   endloop
 endfacet
 facet normal  4.997129e-01 -8.661911e-01  0.000000e+00
   outer loop
     vertex -1.184200e+01 -7.068000e+00  0.000000e+00
     vertex -1.444900e+01 -8.572000e+00  5.000000e+00
     vertex -1.444900e+01 -8.572000e+00  0.000000e+00
   endloop
 endfacet
 facet normal  4.997129e-01 -8.661911e-01  0.000000e+00
   outer loop
     vertex -1.184200e+01 -7.068000e+00  0.000000e+00
     vertex -1.184200e+01 -7.068000e+00  5.000000e+00
     vertex -1.444900e+01 -8.572000e+00  5.000000e+00
   endloop
 endfacet
 facet normal -7.666981e-01 -6.420078e-01  0.000000e+00
   outer loop
     vertex -1.467005e+01 -8.558006e+00  0.000000e+00
     vertex -1.472700e+01 -8.490000e+00  5.000000e+00
     vertex -1.472700e+01 -8.490000e+00  0.000000e+00
   endloop
 endfacet
 facet normal -7.666981e-01 -6.420078e-01  0.000000e+00
   outer loop
     vertex -1.467005e+01 -8.558006e+00  0.000000e+00
     vertex -1.467005e+01 -8.558006e+00  5.000000e+00
     vertex -1.472700e+01 -8.490000e+00  5.000000e+00
   endloop
 endfacet
 facet normal -4.136582e-01 -9.104322e-01  0.000000e+00
   outer loop
     vertex -1.458930e+01 -8.594697e+00  0.000000e+00
     vertex -1.458930e+01 -8.594697e+00  5.000000e+00
     vertex -1.467005e+01 -8.558006e+00  5.000000e+00
   endloop
 endfacet
 facet normal -4.136582e-01 -9.104322e-01  0.000000e+00
   outer loop
     vertex -1.458930e+01 -8.594697e+00  0.000000e+00
     vertex -1.467005e+01 -8.558006e+00  5.000000e+00
     vertex -1.467005e+01 -8.558006e+00  0.000000e+00
   endloop
 endfacet
 facet normal -2.123759e-02 -9.997745e-01  0.000000e+00
   outer loop
     vertex -1.451707e+01 -8.596231e+00  0.000000e+00
     vertex -1.451707e+01 -8.596231e+00  5.000000e+00
     vertex -1.458930e+01 -8.594697e+00  5.000000e+00
   endloop
 endfacet
 facet normal -2.123759e-02 -9.997745e-01  0.000000e+00
   outer loop
     vertex -1.451707e+01 -8.596231e+00  0.000000e+00
     vertex -1.458930e+01 -8.594697e+00  5.000000e+00
     vertex -1.458930e+01 -8.594697e+00  0.000000e+00
   endloop
 endfacet
 facet normal  3.353775e-01 -9.420838e-01  0.000000e+00
   outer loop
     vertex -1.444900e+01 -8.572000e+00  0.000000e+00
     vertex -1.444900e+01 -8.572000e+00  5.000000e+00
     vertex -1.451707e+01 -8.596231e+00  5.000000e+00
   endloop
 endfacet
 facet normal  3.353775e-01 -9.420838e-01  0.000000e+00
   outer loop
     vertex -1.444900e+01 -8.572000e+00  0.000000e+00
     vertex -1.451707e+01 -8.596231e+00  5.000000e+00
     vertex -1.451707e+01 -8.596231e+00  0.000000e+00
   endloop
 endfacet
 facet normal -8.909874e-01 -4.540281e-01  0.000000e+00
   outer loop
     vertex -1.472700e+01 -8.490000e+00  0.000000e+00
     vertex -1.552500e+01 -6.924000e+00  5.000000e+00
     vertex -1.552500e+01 -6.924000e+00  0.000000e+00
   endloop
 endfacet
 facet normal -8.909874e-01 -4.540281e-01  0.000000e+00
   outer loop
     vertex -1.472700e+01 -8.490000e+00  0.000000e+00
     vertex -1.472700e+01 -8.490000e+00  5.000000e+00
     vertex -1.552500e+01 -6.924000e+00  5.000000e+00
   endloop
 endfacet
 facet normal -6.048813e-01  7.963156e-01  0.000000e+00
   outer loop
     vertex -1.550063e+01 -6.703653e+00  0.000000e+00
     vertex -1.543000e+01 -6.650000e+00  5.000000e+00
     vertex -1.543000e+01 -6.650000e+00  0.000000e+00
   endloop
 endfacet
 facet normal -6.048813e-01  7.963156e-01  0.000000e+00
   outer loop
     vertex -1.550063e+01 -6.703653e+00  0.000000e+00
     vertex -1.550063e+01 -6.703653e+00  5.000000e+00
     vertex -1.543000e+01 -6.650000e+00  5.000000e+00
   endloop
 endfacet
 facet normal -8.897652e-01  4.564186e-01  0.000000e+00
   outer loop
     vertex -1.554112e+01 -6.782574e+00  0.000000e+00
     vertex -1.554112e+01 -6.782574e+00  5.000000e+00
     vertex -1.550063e+01 -6.703653e+00  5.000000e+00
   endloop
 endfacet
 facet normal -8.897652e-01  4.564186e-01  0.000000e+00
   outer loop
     vertex -1.554112e+01 -6.782574e+00  0.000000e+00
     vertex -1.550063e+01 -6.703653e+00  5.000000e+00
     vertex -1.550063e+01 -6.703653e+00  0.000000e+00
   endloop
 endfacet
 facet normal -9.976585e-01  6.839212e-02  0.000000e+00
   outer loop
     vertex -1.554607e+01 -6.854769e+00  0.000000e+00
     vertex -1.554607e+01 -6.854769e+00  5.000000e+00
     vertex -1.554112e+01 -6.782574e+00  5.000000e+00
   endloop
 endfacet
 facet normal -9.976585e-01  6.839212e-02  0.000000e+00
   outer loop
     vertex -1.554607e+01 -6.854769e+00  0.000000e+00
     vertex -1.554112e+01 -6.782574e+00  5.000000e+00
     vertex -1.554112e+01 -6.782574e+00  0.000000e+00
   endloop
 endfacet
 facet normal -9.566912e-01 -2.911049e-01  0.000000e+00
   outer loop
     vertex -1.552500e+01 -6.924000e+00  0.000000e+00
     vertex -1.552500e+01 -6.924000e+00  5.000000e+00
     vertex -1.554607e+01 -6.854769e+00  5.000000e+00
   endloop
 endfacet
 facet normal -9.566912e-01 -2.911049e-01  0.000000e+00
   outer loop
     vertex -1.552500e+01 -6.924000e+00  0.000000e+00
     vertex -1.554607e+01 -6.854769e+00  5.000000e+00
     vertex -1.554607e+01 -6.854769e+00  0.000000e+00
   endloop
 endfacet
 facet normal -4.066316e-01  9.135922e-01  0.000000e+00
   outer loop
     vertex -1.543000e+01 -6.650000e+00  0.000000e+00
     vertex -1.268000e+01 -5.426000e+00  5.000000e+00
     vertex -1.268000e+01 -5.426000e+00  0.000000e+00
   endloop
 endfacet
 facet normal -4.066316e-01  9.135922e-01  0.000000e+00
   outer loop
     vertex -1.543000e+01 -6.650000e+00  0.000000e+00
     vertex -1.543000e+01 -6.650000e+00  5.000000e+00
     vertex -1.268000e+01 -5.426000e+00  5.000000e+00
   endloop
 endfacet
 facet normal -9.339860e-01 -3.573095e-01  0.000000e+00
   outer loop
     vertex -1.268000e+01 -5.426000e+00  0.000000e+00
     vertex -1.305300e+01 -4.451000e+00  5.000000e+00
     vertex -1.305300e+01 -4.451000e+00  0.000000e+00
   endloop
 endfacet
 facet normal -9.339860e-01 -3.573095e-01  0.000000e+00
   outer loop
     vertex -1.268000e+01 -5.426000e+00  0.000000e+00
     vertex -1.268000e+01 -5.426000e+00  5.000000e+00
     vertex -1.305300e+01 -4.451000e+00  5.000000e+00
   endloop
 endfacet
 facet normal  3.089433e-01 -9.510804e-01  0.000000e+00
   outer loop
     vertex -1.305300e+01 -4.451000e+00  0.000000e+00
     vertex -1.591600e+01 -5.381000e+00  5.000000e+00
     vertex -1.591600e+01 -5.381000e+00  0.000000e+00
   endloop
 endfacet
 facet normal  3.089433e-01 -9.510804e-01  0.000000e+00
   outer loop
     vertex -1.305300e+01 -4.451000e+00  0.000000e+00
     vertex -1.305300e+01 -4.451000e+00  5.000000e+00
     vertex -1.591600e+01 -5.381000e+00  5.000000e+00
   endloop
 endfacet
 facet normal -8.864396e-01 -4.628442e-01  0.000000e+00
   outer loop
     vertex -1.613095e+01 -5.320627e+00  0.000000e+00
     vertex -1.617200e+01 -5.242000e+00  5.000000e+00
     vertex -1.617200e+01 -5.242000e+00  0.000000e+00
   endloop
 endfacet
 facet normal -8.864396e-01 -4.628442e-01  0.000000e+00
   outer loop
     vertex -1.613095e+01 -5.320627e+00  0.000000e+00
     vertex -1.613095e+01 -5.320627e+00  5.000000e+00
     vertex -1.617200e+01 -5.242000e+00  5.000000e+00
   endloop
 endfacet
 facet normal -5.991040e-01 -8.006712e-01  0.000000e+00
   outer loop
     vertex -1.605993e+01 -5.373767e+00  0.000000e+00
     vertex -1.605993e+01 -5.373767e+00  5.000000e+00
     vertex -1.613095e+01 -5.320627e+00  5.000000e+00
   endloop
 endfacet
 facet normal -5.991040e-01 -8.006712e-01  0.000000e+00
   outer loop
     vertex -1.605993e+01 -5.373767e+00  0.000000e+00
     vertex -1.613095e+01 -5.320627e+00  5.000000e+00
     vertex -1.613095e+01 -5.320627e+00  0.000000e+00
   endloop
 endfacet
 facet normal -2.323519e-01 -9.726318e-01  0.000000e+00
   outer loop
     vertex -1.598864e+01 -5.390797e+00  0.000000e+00
     vertex -1.598864e+01 -5.390797e+00  5.000000e+00
     vertex -1.605993e+01 -5.373767e+00  5.000000e+00
   endloop
 endfacet
 facet normal -2.323519e-01 -9.726318e-01  0.000000e+00
   outer loop
     vertex -1.598864e+01 -5.390797e+00  0.000000e+00
     vertex -1.605993e+01 -5.373767e+00  5.000000e+00
     vertex -1.605993e+01 -5.373767e+00  0.000000e+00
   endloop
 endfacet
 facet normal  1.336632e-01 -9.910268e-01  0.000000e+00
   outer loop
     vertex -1.591600e+01 -5.381000e+00  0.000000e+00
     vertex -1.591600e+01 -5.381000e+00  5.000000e+00
     vertex -1.598864e+01 -5.390797e+00  5.000000e+00
   endloop
 endfacet
 facet normal  1.336632e-01 -9.910268e-01  0.000000e+00
   outer loop
     vertex -1.591600e+01 -5.381000e+00  0.000000e+00
     vertex -1.598864e+01 -5.390797e+00  5.000000e+00
     vertex -1.598864e+01 -5.390797e+00  0.000000e+00
   endloop
 endfacet
 facet normal -9.658845e-01 -2.589732e-01  0.000000e+00
   outer loop
     vertex -1.617200e+01 -5.242000e+00  0.000000e+00
     vertex -1.662700e+01 -3.545000e+00  5.000000e+00
     vertex -1.662700e+01 -3.545000e+00  0.000000e+00
   endloop
 endfacet
 facet normal -9.658845e-01 -2.589732e-01  0.000000e+00
   outer loop
     vertex -1.617200e+01 -5.242000e+00  0.000000e+00
     vertex -1.617200e+01 -5.242000e+00  5.000000e+00
     vertex -1.662700e+01 -3.545000e+00  5.000000e+00
   endloop
 endfacet
 facet normal -4.171760e-01  9.088257e-01  0.000000e+00
   outer loop
     vertex -1.655561e+01 -3.334003e+00  0.000000e+00
     vertex -1.647500e+01 -3.297000e+00  5.000000e+00
     vertex -1.647500e+01 -3.297000e+00  0.000000e+00
   endloop
 endfacet
 facet normal -4.171760e-01  9.088257e-01  0.000000e+00
   outer loop
     vertex -1.655561e+01 -3.334003e+00  0.000000e+00
     vertex -1.655561e+01 -3.334003e+00  5.000000e+00
     vertex -1.647500e+01 -3.297000e+00  5.000000e+00
   endloop
 endfacet
 facet normal -7.691752e-01  6.390380e-01  0.000000e+00
   outer loop
     vertex -1.661229e+01 -3.402228e+00  0.000000e+00
     vertex -1.661229e+01 -3.402228e+00  5.000000e+00
     vertex -1.655561e+01 -3.334003e+00  5.000000e+00
   endloop
 endfacet
 facet normal -7.691752e-01  6.390380e-01  0.000000e+00
   outer loop
     vertex -1.661229e+01 -3.402228e+00  0.000000e+00
     vertex -1.655561e+01 -3.334003e+00  5.000000e+00
     vertex -1.655561e+01 -3.334003e+00  0.000000e+00
   endloop
 endfacet
 facet normal -9.593406e-01  2.822511e-01  0.000000e+00
   outer loop
     vertex -1.663290e+01 -3.472250e+00  0.000000e+00
     vertex -1.663290e+01 -3.472250e+00  5.000000e+00
     vertex -1.661229e+01 -3.402228e+00  5.000000e+00
   endloop
 endfacet
 facet normal -9.593406e-01  2.822511e-01  0.000000e+00
   outer loop
     vertex -1.663290e+01 -3.472250e+00  0.000000e+00
     vertex -1.661229e+01 -3.402228e+00  5.000000e+00
     vertex -1.661229e+01 -3.402228e+00  0.000000e+00
   endloop
 endfacet
 facet normal -9.967326e-01 -8.077258e-02  0.000000e+00
   outer loop
     vertex -1.662700e+01 -3.545000e+00  0.000000e+00
     vertex -1.662700e+01 -3.545000e+00  5.000000e+00
     vertex -1.663290e+01 -3.472250e+00  5.000000e+00
   endloop
 endfacet
 facet normal -9.967326e-01 -8.077258e-02  0.000000e+00
   outer loop
     vertex -1.662700e+01 -3.545000e+00  0.000000e+00
     vertex -1.663290e+01 -3.472250e+00  5.000000e+00
     vertex -1.663290e+01 -3.472250e+00  0.000000e+00
   endloop
 endfacet
 facet normal -2.075331e-01  9.782280e-01  0.000000e+00
   outer loop
     vertex -1.647500e+01 -3.297000e+00  0.000000e+00
     vertex -1.352900e+01 -2.672000e+00  5.000000e+00
     vertex -1.352900e+01 -2.672000e+00  0.000000e+00
   endloop
 endfacet
 facet normal -2.075331e-01  9.782280e-01  0.000000e+00
   outer loop
     vertex -1.647500e+01 -3.297000e+00  0.000000e+00
     vertex -1.647500e+01 -3.297000e+00  5.000000e+00
     vertex -1.352900e+01 -2.672000e+00  5.000000e+00
   endloop
 endfacet
 facet normal -9.875837e-01 -1.570938e-01  0.000000e+00
   outer loop
     vertex -1.352900e+01 -2.672000e+00  0.000000e+00
     vertex -1.369300e+01 -1.641000e+00  5.000000e+00
     vertex -1.369300e+01 -1.641000e+00  0.000000e+00
   endloop
 endfacet
 facet normal -9.875837e-01 -1.570938e-01  0.000000e+00
   outer loop
     vertex -1.352900e+01 -2.672000e+00  0.000000e+00
     vertex -1.352900e+01 -2.672000e+00  5.000000e+00
     vertex -1.369300e+01 -1.641000e+00  5.000000e+00
   endloop
 endfacet
 facet normal  1.043044e-01 -9.945454e-01  0.000000e+00
   outer loop
     vertex -1.369300e+01 -1.641000e+00  0.000000e+00
     vertex -1.668700e+01 -1.955000e+00  5.000000e+00
     vertex -1.668700e+01 -1.955000e+00  0.000000e+00
   endloop
 endfacet
 facet normal  1.043044e-01 -9.945454e-01  0.000000e+00
   outer loop
     vertex -1.369300e+01 -1.641000e+00  0.000000e+00
     vertex -1.369300e+01 -1.641000e+00  5.000000e+00
     vertex -1.668700e+01 -1.955000e+00  5.000000e+00
   endloop
 endfacet
 facet normal -9.629745e-01 -2.695924e-01  0.000000e+00
   outer loop
     vertex -1.688409e+01 -1.851415e+00  0.000000e+00
     vertex -1.690800e+01 -1.766000e+00  5.000000e+00
     vertex -1.690800e+01 -1.766000e+00  0.000000e+00
   endloop
 endfacet
 facet normal -9.629745e-01 -2.695924e-01  0.000000e+00
   outer loop
     vertex -1.688409e+01 -1.851415e+00  0.000000e+00
     vertex -1.688409e+01 -1.851415e+00  5.000000e+00
     vertex -1.690800e+01 -1.766000e+00  5.000000e+00
   endloop
 endfacet
 facet normal -7.516849e-01 -6.595225e-01  0.000000e+00
   outer loop
     vertex -1.682559e+01 -1.918089e+00  0.000000e+00
     vertex -1.682559e+01 -1.918089e+00  5.000000e+00
     vertex -1.688409e+01 -1.851415e+00  5.000000e+00
   endloop
 endfacet
 facet normal -7.516849e-01 -6.595225e-01  0.000000e+00
   outer loop
     vertex -1.682559e+01 -1.918089e+00  0.000000e+00
     vertex -1.688409e+01 -1.851415e+00  5.000000e+00
     vertex -1.688409e+01 -1.851415e+00  0.000000e+00
   endloop
 endfacet
 facet normal -4.292389e-01 -9.031910e-01  0.000000e+00
   outer loop
     vertex -1.675972e+01 -1.949394e+00  0.000000e+00
     vertex -1.675972e+01 -1.949394e+00  5.000000e+00
     vertex -1.682559e+01 -1.918089e+00  5.000000e+00
   endloop
 endfacet
 facet normal -4.292389e-01 -9.031910e-01  0.000000e+00
   outer loop
     vertex -1.675972e+01 -1.949394e+00  0.000000e+00
     vertex -1.682559e+01 -1.918089e+00  5.000000e+00
     vertex -1.682559e+01 -1.918089e+00  0.000000e+00
   endloop
 endfacet
 facet normal -7.686154e-02 -9.970418e-01  0.000000e+00
   outer loop
     vertex -1.668700e+01 -1.955000e+00  0.000000e+00
     vertex -1.668700e+01 -1.955000e+00  5.000000e+00
     vertex -1.675972e+01 -1.949394e+00  5.000000e+00
   endloop
 endfacet
 facet normal -7.686154e-02 -9.970418e-01  0.000000e+00
   outer loop
     vertex -1.668700e+01 -1.955000e+00  0.000000e+00
     vertex -1.675972e+01 -1.949394e+00  5.000000e+00
     vertex -1.675972e+01 -1.949394e+00  0.000000e+00
   endloop
 endfacet
 facet normal -9.986304e-01 -5.232004e-02  0.000000e+00
   outer loop
     vertex -1.690800e+01 -1.766000e+00  0.000000e+00
     vertex -1.700000e+01 -1.000000e-02  5.000000e+00
     vertex -1.700000e+01 -1.000000e-02  0.000000e+00
   endloop
 endfacet
 facet normal -9.986304e-01 -5.232004e-02  0.000000e+00
   outer loop
     vertex -1.690800e+01 -1.766000e+00  0.000000e+00
     vertex -1.690800e+01 -1.766000e+00  5.000000e+00
     vertex -1.700000e+01 -1.000000e-02  5.000000e+00
   endloop
 endfacet
 facet normal -2.256337e-01  9.742122e-01  0.000000e+00
   outer loop
     vertex -1.688741e+01  1.789865e-01  0.000000e+00
     vertex -1.680100e+01  1.990000e-01  5.000000e+00
     vertex -1.680100e+01  1.990000e-01  0.000000e+00
   endloop
 endfacet
 facet normal -2.256337e-01  9.742122e-01  0.000000e+00
   outer loop
     vertex -1.688741e+01  1.789865e-01  0.000000e+00
     vertex -1.688741e+01  1.789865e-01  5.000000e+00
     vertex -1.680100e+01  1.990000e-01  5.000000e+00
   endloop
 endfacet
 facet normal -6.247467e-01  7.808275e-01  0.000000e+00
   outer loop
     vertex -1.695667e+01  1.235719e-01  0.000000e+00
     vertex -1.695667e+01  1.235719e-01  5.000000e+00
     vertex -1.688741e+01  1.789865e-01  5.000000e+00
   endloop
 endfacet
 facet normal -6.247467e-01  7.808275e-01  0.000000e+00
   outer loop
     vertex -1.695667e+01  1.235719e-01  0.000000e+00
     vertex -1.688741e+01  1.789865e-01  5.000000e+00
     vertex -1.688741e+01  1.789865e-01  0.000000e+00
   endloop
 endfacet
 facet normal -8.809023e-01  4.732981e-01  0.000000e+00
   outer loop
     vertex -1.699044e+01  6.071376e-02  0.000000e+00
     vertex -1.699044e+01  6.071376e-02  5.000000e+00
     vertex -1.695667e+01  1.235719e-01  5.000000e+00
   endloop
 endfacet
 facet normal -8.809023e-01  4.732981e-01  0.000000e+00
   outer loop
     vertex -1.699044e+01  6.071376e-02  0.000000e+00
     vertex -1.695667e+01  1.235719e-01  5.000000e+00
     vertex -1.695667e+01  1.235719e-01  0.000000e+00
   endloop
 endfacet
 facet normal -9.909915e-01  1.339246e-01  0.000000e+00
   outer loop
     vertex -1.700000e+01 -1.000000e-02  0.000000e+00
     vertex -1.700000e+01 -1.000000e-02  5.000000e+00
     vertex -1.699044e+01  6.071376e-02  5.000000e+00
   endloop
 endfacet
 facet normal -9.909915e-01  1.339246e-01  0.000000e+00
   outer loop
     vertex -1.700000e+01 -1.000000e-02  0.000000e+00
     vertex -1.699044e+01  6.071376e-02  5.000000e+00
     vertex -1.699044e+01  6.071376e-02  0.000000e+00
   endloop
 endfacet
 facet normal  1.843000e-17  1.000000e+00  0.000000e+00
   outer loop
     vertex -1.680100e+01  1.990000e-01  0.000000e+00
     vertex -1.378900e+01  1.990000e-01  5.000000e+00
     vertex -1.378900e+01  1.990000e-01  0.000000e+00
   endloop
 endfacet
 facet normal  1.843000e-17  1.000000e+00 -0.000000e+00
   outer loop
     vertex -1.680100e+01  1.990000e-01  0.000000e+00
     vertex -1.680100e+01  1.990000e-01  5.000000e+00
     vertex -1.378900e+01  1.990000e-01  5.000000e+00
   endloop
 endfacet
 facet normal -9.986125e-01  5.265934e-02  0.000000e+00
   outer loop
     vertex -1.378900e+01  1.990000e-01  0.000000e+00
     vertex -1.373400e+01  1.242000e+00  5.000000e+00
     vertex -1.373400e+01  1.242000e+00  0.000000e+00
   endloop
 endfacet
 facet normal -9.986125e-01  5.265934e-02  0.000000e+00
   outer loop
     vertex -1.378900e+01  1.990000e-01  0.000000e+00
     vertex -1.378900e+01  1.990000e-01  5.000000e+00
     vertex -1.373400e+01  1.242000e+00  5.000000e+00
   endloop
 endfacet
 facet normal -1.045984e-01 -9.945145e-01  0.000000e+00
   outer loop
     vertex -1.373400e+01  1.242000e+00  0.000000e+00
     vertex -1.672900e+01  1.557000e+00  5.000000e+00
     vertex -1.672900e+01  1.557000e+00  0.000000e+00
   endloop
 endfacet
 facet normal -1.045984e-01 -9.945145e-01  0.000000e+00
   outer loop
     vertex -1.373400e+01  1.242000e+00  0.000000e+00
     vertex -1.373400e+01  1.242000e+00  5.000000e+00
     vertex -1.672900e+01  1.557000e+00  5.000000e+00
   endloop
 endfacet
 facet normal -9.977112e-01 -6.761913e-02  0.000000e+00
   outer loop
     vertex -1.690000e+01  1.698504e+00  0.000000e+00
     vertex -1.690600e+01  1.787000e+00  5.000000e+00
     vertex -1.690600e+01  1.787000e+00  0.000000e+00
   endloop
 endfacet
 facet normal -9.977112e-01 -6.761913e-02  0.000000e+00
   outer loop
     vertex -1.690000e+01  1.698504e+00  0.000000e+00
     vertex -1.690000e+01  1.698504e+00  5.000000e+00
     vertex -1.690600e+01  1.787000e+00  5.000000e+00
   endloop
 endfacet
 facet normal -8.703497e-01 -4.924342e-01  0.000000e+00
   outer loop
     vertex -1.685632e+01  1.621304e+00  0.000000e+00
     vertex -1.685632e+01  1.621304e+00  5.000000e+00
     vertex -1.690000e+01  1.698504e+00  5.000000e+00
   endloop
 endfacet
 facet normal -8.703497e-01 -4.924342e-01  0.000000e+00
   outer loop
     vertex -1.685632e+01  1.621304e+00  0.000000e+00
     vertex -1.690000e+01  1.698504e+00  5.000000e+00
     vertex -1.690000e+01  1.698504e+00  0.000000e+00
   endloop
 endfacet
 facet normal -6.051793e-01 -7.960892e-01  0.000000e+00
   outer loop
     vertex -1.679859e+01  1.577415e+00  0.000000e+00
     vertex -1.679859e+01  1.577415e+00  5.000000e+00
     vertex -1.685632e+01  1.621304e+00  5.000000e+00
   endloop
 endfacet
 facet normal -6.051793e-01 -7.960892e-01  0.000000e+00
   outer loop
     vertex -1.679859e+01  1.577415e+00  0.000000e+00
     vertex -1.685632e+01  1.621304e+00  5.000000e+00
     vertex -1.685632e+01  1.621304e+00  0.000000e+00
   endloop
 endfacet
 facet normal -2.815057e-01 -9.595595e-01  0.000000e+00
   outer loop
     vertex -1.672900e+01  1.557000e+00  0.000000e+00
     vertex -1.672900e+01  1.557000e+00  5.000000e+00
     vertex -1.679859e+01  1.577415e+00  5.000000e+00
   endloop
 endfacet
 facet normal -2.815057e-01 -9.595595e-01  0.000000e+00
   outer loop
     vertex -1.672900e+01  1.557000e+00  0.000000e+00
     vertex -1.679859e+01  1.577415e+00  5.000000e+00
     vertex -1.679859e+01  1.577415e+00  0.000000e+00
   endloop
 endfacet
 facet normal -9.876844e-01  1.564592e-01  0.000000e+00
   outer loop
     vertex -1.690600e+01  1.787000e+00  0.000000e+00
     vertex -1.663100e+01  3.523000e+00  5.000000e+00
     vertex -1.663100e+01  3.523000e+00  0.000000e+00
   endloop
 endfacet
 facet normal -9.876844e-01  1.564592e-01  0.000000e+00
   outer loop
     vertex -1.690600e+01  1.787000e+00  0.000000e+00
     vertex -1.690600e+01  1.787000e+00  5.000000e+00
     vertex -1.663100e+01  3.523000e+00  5.000000e+00
   endloop
 endfacet
 facet normal -1.107226e-02  9.999387e-01  0.000000e+00
   outer loop
     vertex -1.647969e+01  3.688018e+00  0.000000e+00
     vertex -1.639100e+01  3.689000e+00  5.000000e+00
     vertex -1.639100e+01  3.689000e+00  0.000000e+00
   endloop
 endfacet
 facet normal -1.107226e-02  9.999387e-01  0.000000e+00
   outer loop
     vertex -1.647969e+01  3.688018e+00  0.000000e+00
     vertex -1.647969e+01  3.688018e+00  5.000000e+00
     vertex -1.639100e+01  3.689000e+00  5.000000e+00
   endloop
 endfacet
 facet normal -4.424117e-01  8.968121e-01  0.000000e+00
   outer loop
     vertex -1.655924e+01  3.648776e+00  0.000000e+00
     vertex -1.655924e+01  3.648776e+00  5.000000e+00
     vertex -1.647969e+01  3.688018e+00  5.000000e+00
   endloop
 endfacet
 facet normal -4.424117e-01  8.968121e-01  0.000000e+00
   outer loop
     vertex -1.655924e+01  3.648776e+00  0.000000e+00
     vertex -1.647969e+01  3.688018e+00  5.000000e+00
     vertex -1.647969e+01  3.688018e+00  0.000000e+00
   endloop
 endfacet
 facet normal -7.624614e-01  6.470336e-01  0.000000e+00
   outer loop
     vertex -1.660690e+01  3.592611e+00  0.000000e+00
     vertex -1.660690e+01  3.592611e+00  5.000000e+00
     vertex -1.655924e+01  3.648776e+00  5.000000e+00
   endloop
 endfacet
 facet normal -7.624614e-01  6.470336e-01  0.000000e+00
   outer loop
     vertex -1.660690e+01  3.592611e+00  0.000000e+00
     vertex -1.655924e+01  3.648776e+00  5.000000e+00
     vertex -1.655924e+01  3.648776e+00  0.000000e+00
   endloop
 endfacet
 facet normal -9.449824e-01  3.271212e-01  0.000000e+00
   outer loop
     vertex -1.663100e+01  3.523000e+00  0.000000e+00
     vertex -1.663100e+01  3.523000e+00  5.000000e+00
     vertex -1.660690e+01  3.592611e+00  5.000000e+00
   endloop
 endfacet
 facet normal -9.449824e-01  3.271212e-01  0.000000e+00
   outer loop
     vertex -1.663100e+01  3.523000e+00  0.000000e+00
     vertex -1.660690e+01  3.592611e+00  5.000000e+00
     vertex -1.660690e+01  3.592611e+00  0.000000e+00
   endloop
 endfacet
 facet normal  2.083038e-01  9.780642e-01  0.000000e+00
   outer loop
     vertex -1.639100e+01  3.689000e+00  0.000000e+00
     vertex -1.344700e+01  3.062000e+00  5.000000e+00
     vertex -1.344700e+01  3.062000e+00  0.000000e+00
   endloop
 endfacet
 facet normal  2.083038e-01  9.780642e-01 -0.000000e+00
   outer loop
     vertex -1.639100e+01  3.689000e+00  0.000000e+00
     vertex -1.639100e+01  3.689000e+00  5.000000e+00
     vertex -1.344700e+01  3.062000e+00  5.000000e+00
   endloop
 endfacet
 facet normal -9.658370e-01  2.591503e-01  0.000000e+00
   outer loop
     vertex -1.344700e+01  3.062000e+00  0.000000e+00
     vertex -1.317600e+01  4.072000e+00  5.000000e+00
     vertex -1.317600e+01  4.072000e+00  0.000000e+00
   endloop
 endfacet
 facet normal -9.658370e-01  2.591503e-01  0.000000e+00
   outer loop
     vertex -1.344700e+01  3.062000e+00  0.000000e+00
     vertex -1.344700e+01  3.062000e+00  5.000000e+00
     vertex -1.317600e+01  4.072000e+00  5.000000e+00
   endloop
 endfacet
 facet normal -3.083422e-01 -9.512755e-01  0.000000e+00
   outer loop
     vertex -1.317600e+01  4.072000e+00  0.000000e+00
     vertex -1.603900e+01  5.000000e+00  5.000000e+00
     vertex -1.603900e+01  5.000000e+00  0.000000e+00
   endloop
 endfacet
 facet normal -3.083422e-01 -9.512755e-01  0.000000e+00
   outer loop
     vertex -1.317600e+01  4.072000e+00  0.000000e+00
     vertex -1.317600e+01  4.072000e+00  5.000000e+00
     vertex -1.603900e+01  5.000000e+00  5.000000e+00
   endloop
 endfacet
 facet normal -9.897465e-01  1.428354e-01  0.000000e+00
   outer loop
     vertex -1.617667e+01  5.174210e+00  0.000000e+00
     vertex -1.616400e+01  5.262000e+00  5.000000e+00
     vertex -1.616400e+01  5.262000e+00  0.000000e+00
   endloop
 endfacet
 facet normal -9.897465e-01  1.428354e-01  0.000000e+00
   outer loop
     vertex -1.617667e+01  5.174210e+00  0.000000e+00
     vertex -1.617667e+01  5.174210e+00  5.000000e+00
     vertex -1.616400e+01  5.262000e+00  5.000000e+00
   endloop
 endfacet
 facet normal -9.541803e-01 -2.992323e-01  0.000000e+00
   outer loop
     vertex -1.615013e+01  5.089575e+00  0.000000e+00
     vertex -1.615013e+01  5.089575e+00  5.000000e+00
     vertex -1.617667e+01  5.174210e+00  5.000000e+00
   endloop
 endfacet
 facet normal -9.541803e-01 -2.992323e-01  0.000000e+00
   outer loop
     vertex -1.615013e+01  5.089575e+00  0.000000e+00
     vertex -1.617667e+01  5.174210e+00  5.000000e+00
     vertex -1.617667e+01  5.174210e+00  0.000000e+00
   endloop
 endfacet
 facet normal -7.584048e-01 -6.517838e-01  0.000000e+00
   outer loop
     vertex -1.610283e+01  5.034537e+00  0.000000e+00
     vertex -1.610283e+01  5.034537e+00  5.000000e+00
     vertex -1.615013e+01  5.089575e+00  5.000000e+00
   endloop
 endfacet
 facet normal -7.584048e-01 -6.517838e-01  0.000000e+00
   outer loop
     vertex -1.610283e+01  5.034537e+00  0.000000e+00
     vertex -1.615013e+01  5.089575e+00  5.000000e+00
     vertex -1.615013e+01  5.089575e+00  0.000000e+00
   endloop
 endfacet
 facet normal -4.758971e-01 -8.795010e-01  0.000000e+00
   outer loop
     vertex -1.603900e+01  5.000000e+00  0.000000e+00
     vertex -1.603900e+01  5.000000e+00  5.000000e+00
     vertex -1.610283e+01  5.034537e+00  5.000000e+00
   endloop
 endfacet
 facet normal -4.758971e-01 -8.795010e-01  0.000000e+00
   outer loop
     vertex -1.603900e+01  5.000000e+00  0.000000e+00
     vertex -1.610283e+01  5.034537e+00  5.000000e+00
     vertex -1.610283e+01  5.034537e+00  0.000000e+00
   endloop
 endfacet
 facet normal -9.338285e-01  3.577211e-01  0.000000e+00
   outer loop
     vertex -1.616400e+01  5.262000e+00  0.000000e+00
     vertex -1.553500e+01  6.904000e+00  5.000000e+00
     vertex -1.553500e+01  6.904000e+00  0.000000e+00
   endloop
 endfacet
 facet normal -9.338285e-01  3.577211e-01  0.000000e+00
   outer loop
     vertex -1.616400e+01  5.262000e+00  0.000000e+00
     vertex -1.616400e+01  5.262000e+00  5.000000e+00
     vertex -1.553500e+01  6.904000e+00  5.000000e+00
   endloop
 endfacet
 facet normal  1.874590e-01  9.822724e-01  0.000000e+00
   outer loop
     vertex -1.535513e+01  7.032627e+00  0.000000e+00
     vertex -1.526800e+01  7.016000e+00  5.000000e+00
     vertex -1.526800e+01  7.016000e+00  0.000000e+00
   endloop
 endfacet
 facet normal  1.874590e-01  9.822724e-01 -0.000000e+00
   outer loop
     vertex -1.535513e+01  7.032627e+00  0.000000e+00
     vertex -1.535513e+01  7.032627e+00  5.000000e+00
     vertex -1.526800e+01  7.016000e+00  5.000000e+00
   endloop
 endfacet
 facet normal -2.557651e-01  9.667390e-01  0.000000e+00
   outer loop
     vertex -1.544088e+01  7.009941e+00  0.000000e+00
     vertex -1.544088e+01  7.009941e+00  5.000000e+00
     vertex -1.535513e+01  7.032627e+00  5.000000e+00
   endloop
 endfacet
 facet normal -2.557651e-01  9.667390e-01  0.000000e+00
   outer loop
     vertex -1.544088e+01  7.009941e+00  0.000000e+00
     vertex -1.535513e+01  7.032627e+00  5.000000e+00
     vertex -1.535513e+01  7.032627e+00  0.000000e+00
   endloop
 endfacet
 facet normal -6.157369e-01  7.879518e-01  0.000000e+00
   outer loop
     vertex -1.549764e+01  6.965587e+00  0.000000e+00
     vertex -1.549764e+01  6.965587e+00  5.000000e+00
     vertex -1.544088e+01  7.009941e+00  5.000000e+00
   endloop
 endfacet
 facet normal -6.157369e-01  7.879518e-01  0.000000e+00
   outer loop
     vertex -1.549764e+01  6.965587e+00  0.000000e+00
     vertex -1.544088e+01  7.009941e+00  5.000000e+00
     vertex -1.544088e+01  7.009941e+00  0.000000e+00
   endloop
 endfacet
 facet normal -8.549585e-01  5.186964e-01  0.000000e+00
   outer loop
     vertex -1.553500e+01  6.904000e+00  0.000000e+00
     vertex -1.553500e+01  6.904000e+00  5.000000e+00
     vertex -1.549764e+01  6.965587e+00  5.000000e+00
   endloop
 endfacet
 facet normal -8.549585e-01  5.186964e-01  0.000000e+00
   outer loop
     vertex -1.553500e+01  6.904000e+00  0.000000e+00
     vertex -1.549764e+01  6.965587e+00  5.000000e+00
     vertex -1.549764e+01  6.965587e+00  0.000000e+00
   endloop
 endfacet
 facet normal  4.066620e-01  9.135787e-01  0.000000e+00
   outer loop
     vertex -1.526800e+01  7.016000e+00  0.000000e+00
     vertex -1.251600e+01  5.791000e+00  5.000000e+00
     vertex -1.251600e+01  5.791000e+00  0.000000e+00
   endloop
 endfacet
 facet normal  4.066620e-01  9.135787e-01 -0.000000e+00
   outer loop
     vertex -1.526800e+01  7.016000e+00  0.000000e+00
     vertex -1.526800e+01  7.016000e+00  5.000000e+00
     vertex -1.251600e+01  5.791000e+00  5.000000e+00
   endloop
 endfacet
 facet normal -8.917321e-01  4.525636e-01  0.000000e+00
   outer loop
     vertex -1.251600e+01  5.791000e+00  0.000000e+00
     vertex -1.204300e+01  6.723000e+00  5.000000e+00
     vertex -1.204300e+01  6.723000e+00  0.000000e+00
   endloop
 endfacet
 facet normal -8.917321e-01  4.525636e-01  0.000000e+00
   outer loop
     vertex -1.251600e+01  5.791000e+00  0.000000e+00
     vertex -1.251600e+01  5.791000e+00  5.000000e+00
     vertex -1.204300e+01  6.723000e+00  5.000000e+00
   endloop
 endfacet
 facet normal -5.000006e-01 -8.660250e-01  0.000000e+00
   outer loop
     vertex -1.204300e+01  6.723000e+00  0.000000e+00
     vertex -1.464800e+01  8.227000e+00  5.000000e+00
     vertex -1.464800e+01  8.227000e+00  0.000000e+00
   endloop
 endfacet
 facet normal -5.000006e-01 -8.660250e-01  0.000000e+00
   outer loop
     vertex -1.204300e+01  6.723000e+00  0.000000e+00
     vertex -1.204300e+01  6.723000e+00  5.000000e+00
     vertex -1.464800e+01  8.227000e+00  5.000000e+00
   endloop
 endfacet
 facet normal -9.383494e-01  3.456883e-01  0.000000e+00
   outer loop
     vertex -1.474766e+01  8.426769e+00  0.000000e+00
     vertex -1.471700e+01  8.510000e+00  5.000000e+00
     vertex -1.471700e+01  8.510000e+00  0.000000e+00
   endloop
 endfacet
 facet normal -9.383494e-01  3.456883e-01  0.000000e+00
   outer loop
     vertex -1.474766e+01  8.426769e+00  0.000000e+00
     vertex -1.474766e+01  8.426769e+00  5.000000e+00
     vertex -1.471700e+01  8.510000e+00  5.000000e+00
   endloop
 endfacet
 facet normal -9.955626e-01 -9.410195e-02  0.000000e+00
   outer loop
     vertex -1.473932e+01  8.338464e+00  0.000000e+00
     vertex -1.473932e+01  8.338464e+00  5.000000e+00
     vertex -1.474766e+01  8.426769e+00  5.000000e+00
   endloop
 endfacet
 facet normal -9.955626e-01 -9.410195e-02  0.000000e+00
   outer loop
     vertex -1.473932e+01  8.338464e+00  0.000000e+00
     vertex -1.474766e+01  8.426769e+00  5.000000e+00
     vertex -1.474766e+01  8.426769e+00  0.000000e+00
   endloop
 endfacet
 facet normal -8.765709e-01 -4.812727e-01  0.000000e+00
   outer loop
     vertex -1.470404e+01  8.274222e+00  0.000000e+00
     vertex -1.470404e+01  8.274222e+00  5.000000e+00
     vertex -1.473932e+01  8.338464e+00  5.000000e+00
   endloop
 endfacet
 facet normal -8.765709e-01 -4.812727e-01  0.000000e+00
   outer loop
     vertex -1.470404e+01  8.274222e+00  0.000000e+00
     vertex -1.473932e+01  8.338464e+00  5.000000e+00
     vertex -1.473932e+01  8.338464e+00  0.000000e+00
   endloop
 endfacet
 facet normal -6.443513e-01 -7.647297e-01  0.000000e+00
   outer loop
     vertex -1.464800e+01  8.227000e+00  0.000000e+00
     vertex -1.464800e+01  8.227000e+00  5.000000e+00
     vertex -1.470404e+01  8.274222e+00  5.000000e+00
   endloop
 endfacet
 facet normal -6.443513e-01 -7.647297e-01  0.000000e+00
   outer loop
     vertex -1.464800e+01  8.227000e+00  0.000000e+00
     vertex -1.470404e+01  8.274222e+00  5.000000e+00
     vertex -1.470404e+01  8.274222e+00  0.000000e+00
   endloop
 endfacet
 facet normal -8.382097e-01  5.453481e-01  0.000000e+00
   outer loop
     vertex -1.471700e+01  8.510000e+00  0.000000e+00
     vertex -1.375800e+01  9.984000e+00  5.000000e+00
     vertex -1.375800e+01  9.984000e+00  0.000000e+00
   endloop
 endfacet
 facet normal -8.382097e-01  5.453481e-01  0.000000e+00
   outer loop
     vertex -1.471700e+01  8.510000e+00  0.000000e+00
     vertex -1.471700e+01  8.510000e+00  5.000000e+00
     vertex -1.375800e+01  9.984000e+00  5.000000e+00
   endloop
 endfacet
 facet normal  3.923177e-01  9.198298e-01  0.000000e+00
   outer loop
     vertex -1.355459e+01  1.007180e+01  0.000000e+00
     vertex -1.347300e+01  1.003700e+01  5.000000e+00
     vertex -1.347300e+01  1.003700e+01  0.000000e+00
   endloop
 endfacet
 facet normal  3.923177e-01  9.198298e-01 -0.000000e+00
   outer loop
     vertex -1.355459e+01  1.007180e+01  0.000000e+00
     vertex -1.355459e+01  1.007180e+01  5.000000e+00
     vertex -1.347300e+01  1.003700e+01  5.000000e+00
   endloop
 endfacet
 facet normal -4.404936e-02  9.990294e-01  0.000000e+00
   outer loop
     vertex -1.364320e+01  1.006789e+01  0.000000e+00
     vertex -1.364320e+01  1.006789e+01  5.000000e+00
     vertex -1.355459e+01  1.007180e+01  5.000000e+00
   endloop
 endfacet
 facet normal -4.404936e-02  9.990294e-01  0.000000e+00
   outer loop
     vertex -1.364320e+01  1.006789e+01  0.000000e+00
     vertex -1.355459e+01  1.007180e+01  5.000000e+00
     vertex -1.355459e+01  1.007180e+01  0.000000e+00
   endloop
 endfacet
 facet normal -4.344020e-01  9.007191e-01  0.000000e+00
   outer loop
     vertex -1.370831e+01  1.003649e+01  0.000000e+00
     vertex -1.370831e+01  1.003649e+01  5.000000e+00
     vertex -1.364320e+01  1.006789e+01  5.000000e+00
   endloop
 endfacet
 facet normal -4.344020e-01  9.007191e-01  0.000000e+00
   outer loop
     vertex -1.370831e+01  1.003649e+01  0.000000e+00
     vertex -1.364320e+01  1.006789e+01  5.000000e+00
     vertex -1.364320e+01  1.006789e+01  0.000000e+00
   endloop
 endfacet
 facet normal -7.262026e-01  6.874808e-01  0.000000e+00
   outer loop
     vertex -1.375800e+01  9.984000e+00  0.000000e+00
     vertex -1.375800e+01  9.984000e+00  5.000000e+00
     vertex -1.370831e+01  1.003649e+01  5.000000e+00
   endloop
 endfacet
 facet normal -7.262026e-01  6.874808e-01  0.000000e+00
   outer loop
     vertex -1.375800e+01  9.984000e+00  0.000000e+00
     vertex -1.370831e+01  1.003649e+01  5.000000e+00
     vertex -1.370831e+01  1.003649e+01  0.000000e+00
   endloop
 endfacet
 facet normal  5.879148e-01  8.089229e-01  0.000000e+00
   outer loop
     vertex -1.347300e+01  1.003700e+01  0.000000e+00
     vertex -1.103900e+01  8.268000e+00  5.000000e+00
     vertex -1.103900e+01  8.268000e+00  0.000000e+00
   endloop
 endfacet
 facet normal  5.879148e-01  8.089229e-01 -0.000000e+00
   outer loop
     vertex -1.347300e+01  1.003700e+01  0.000000e+00
     vertex -1.347300e+01  1.003700e+01  5.000000e+00
     vertex -1.103900e+01  8.268000e+00  5.000000e+00
   endloop
 endfacet
 facet normal -7.771108e-01  6.293638e-01  0.000000e+00
   outer loop
     vertex -1.103900e+01  8.268000e+00  0.000000e+00
     vertex -1.038300e+01  9.078000e+00  5.000000e+00
     vertex -1.038300e+01  9.078000e+00  0.000000e+00
   endloop
 endfacet
 facet normal -7.771108e-01  6.293638e-01  0.000000e+00
   outer loop
     vertex -1.103900e+01  8.268000e+00  0.000000e+00
     vertex -1.103900e+01  8.268000e+00  5.000000e+00
     vertex -1.038300e+01  9.078000e+00  5.000000e+00
   endloop
 endfacet
 facet normal -6.692584e-01 -7.430297e-01  0.000000e+00
   outer loop
     vertex -1.038300e+01  9.078000e+00  0.000000e+00
     vertex -1.261900e+01  1.109200e+01  5.000000e+00
     vertex -1.261900e+01  1.109200e+01  0.000000e+00
   endloop
 endfacet
 facet normal -6.692584e-01 -7.430297e-01  0.000000e+00
   outer loop
     vertex -1.038300e+01  9.078000e+00  0.000000e+00
     vertex -1.038300e+01  9.078000e+00  5.000000e+00
     vertex -1.261900e+01  1.109200e+01  5.000000e+00
   endloop
 endfacet
 facet normal -8.451340e-01  5.345545e-01  0.000000e+00
   outer loop
     vertex -1.267441e+01  1.130804e+01  0.000000e+00
     vertex -1.262700e+01  1.138300e+01  5.000000e+00
     vertex -1.262700e+01  1.138300e+01  0.000000e+00
   endloop
 endfacet
 facet normal -8.451340e-01  5.345545e-01  0.000000e+00
   outer loop
     vertex -1.267441e+01  1.130804e+01  0.000000e+00
     vertex -1.267441e+01  1.130804e+01  5.000000e+00
     vertex -1.262700e+01  1.138300e+01  5.000000e+00
   endloop
 endfacet
 facet normal -9.931905e-01  1.165018e-01  0.000000e+00
   outer loop
     vertex -1.268475e+01  1.121994e+01  0.000000e+00
     vertex -1.268475e+01  1.121994e+01  5.000000e+00
     vertex -1.267441e+01  1.130804e+01  5.000000e+00
   endloop
 endfacet
 facet normal -9.931905e-01  1.165018e-01  0.000000e+00
   outer loop
     vertex -1.268475e+01  1.121994e+01  0.000000e+00
     vertex -1.267441e+01  1.130804e+01  5.000000e+00
     vertex -1.267441e+01  1.130804e+01  0.000000e+00
   endloop
 endfacet
 facet normal -9.580237e-01 -2.866890e-01  0.000000e+00
   outer loop
     vertex -1.266377e+01  1.114986e+01  0.000000e+00
     vertex -1.266377e+01  1.114986e+01  5.000000e+00
     vertex -1.268475e+01  1.121994e+01  5.000000e+00
   endloop
 endfacet
 facet normal -9.580237e-01 -2.866890e-01  0.000000e+00
   outer loop
     vertex -1.266377e+01  1.114986e+01  0.000000e+00
     vertex -1.268475e+01  1.121994e+01  5.000000e+00
     vertex -1.268475e+01  1.121994e+01  0.000000e+00
   endloop
 endfacet
 facet normal -7.908332e-01 -6.120318e-01  0.000000e+00
   outer loop
     vertex -1.261900e+01  1.109200e+01  0.000000e+00
     vertex -1.261900e+01  1.109200e+01  5.000000e+00
     vertex -1.266377e+01  1.114986e+01  5.000000e+00
   endloop
 endfacet
 facet normal -7.908332e-01 -6.120318e-01  0.000000e+00
   outer loop
     vertex -1.261900e+01  1.109200e+01  0.000000e+00
     vertex -1.266377e+01  1.114986e+01  5.000000e+00
     vertex -1.266377e+01  1.114986e+01  0.000000e+00
   endloop
 endfacet
 facet normal -7.071068e-01  7.071068e-01  0.000000e+00
   outer loop
     vertex -1.262700e+01  1.138300e+01  0.000000e+00
     vertex -1.138300e+01  1.262700e+01  5.000000e+00
     vertex -1.138300e+01  1.262700e+01  0.000000e+00
   endloop
 endfacet
 facet normal -7.071068e-01  7.071068e-01  0.000000e+00
   outer loop
     vertex -1.262700e+01  1.138300e+01  0.000000e+00
     vertex -1.262700e+01  1.138300e+01  5.000000e+00
     vertex -1.138300e+01  1.262700e+01  5.000000e+00
   endloop
 endfacet
 facet normal  5.801799e-01  8.144884e-01  0.000000e+00
   outer loop
     vertex -1.116424e+01  1.267046e+01  0.000000e+00
     vertex -1.109200e+01  1.261900e+01  5.000000e+00
     vertex -1.109200e+01  1.261900e+01  0.000000e+00
   endloop
 endfacet
 facet normal  5.801799e-01  8.144884e-01 -0.000000e+00
   outer loop
     vertex -1.116424e+01  1.267046e+01  0.000000e+00
     vertex -1.116424e+01  1.267046e+01  5.000000e+00
     vertex -1.109200e+01  1.261900e+01  5.000000e+00
   endloop
 endfacet
 facet normal  1.708930e-01  9.852896e-01 -0.000000e+00
   outer loop
     vertex -1.125164e+01  1.268562e+01  0.000000e+00
     vertex -1.125164e+01  1.268562e+01  5.000000e+00
     vertex -1.116424e+01  1.267046e+01  5.000000e+00
   endloop
 endfacet
 facet normal  1.708930e-01  9.852896e-01  0.000000e+00
   outer loop
     vertex -1.125164e+01  1.268562e+01  0.000000e+00
     vertex -1.116424e+01  1.267046e+01  5.000000e+00
     vertex -1.116424e+01  1.267046e+01  0.000000e+00
   endloop
 endfacet
 facet normal -2.336209e-01  9.723278e-01  0.000000e+00
   outer loop
     vertex -1.132277e+01  1.266853e+01  0.000000e+00
     vertex -1.132277e+01  1.266853e+01  5.000000e+00
     vertex -1.125164e+01  1.268562e+01  5.000000e+00
   endloop
 endfacet
 facet normal -2.336209e-01  9.723278e-01  0.000000e+00
   outer loop
     vertex -1.132277e+01  1.266853e+01  0.000000e+00
     vertex -1.125164e+01  1.268562e+01  5.000000e+00
     vertex -1.125164e+01  1.268562e+01  0.000000e+00
   endloop
 endfacet
 facet normal -5.676580e-01  8.232645e-01  0.000000e+00
   outer loop
     vertex -1.138300e+01  1.262700e+01  0.000000e+00
     vertex -1.138300e+01  1.262700e+01  5.000000e+00
     vertex -1.132277e+01  1.266853e+01  5.000000e+00
   endloop
 endfacet
 facet normal -5.676580e-01  8.232645e-01  0.000000e+00
   outer loop
     vertex -1.138300e+01  1.262700e+01  0.000000e+00
     vertex -1.132277e+01  1.266853e+01  5.000000e+00
     vertex -1.132277e+01  1.266853e+01  0.000000e+00
   endloop
 endfacet
 facet normal  7.430297e-01  6.692584e-01  0.000000e+00
   outer loop
     vertex -1.109200e+01  1.261900e+01  0.000000e+00
     vertex -9.078000e+00  1.038300e+01  5.000000e+00
     vertex -9.078000e+00  1.038300e+01  0.000000e+00
   endloop
 endfacet
 facet normal  7.430297e-01  6.692584e-01 -0.000000e+00
   outer loop
     vertex -1.109200e+01  1.261900e+01  0.000000e+00
     vertex -1.109200e+01  1.261900e+01  5.000000e+00
     vertex -9.078000e+00  1.038300e+01  5.000000e+00
   endloop
 endfacet
 facet normal -6.293638e-01  7.771108e-01  0.000000e+00
   outer loop
     vertex -9.078000e+00  1.038300e+01  0.000000e+00
     vertex -8.268000e+00  1.103900e+01  5.000000e+00
     vertex -8.268000e+00  1.103900e+01  0.000000e+00
   endloop
 endfacet
 facet normal -6.293638e-01  7.771108e-01  0.000000e+00
   outer loop
     vertex -9.078000e+00  1.038300e+01  0.000000e+00
     vertex -9.078000e+00  1.038300e+01  5.000000e+00
     vertex -8.268000e+00  1.103900e+01  5.000000e+00
   endloop
 endfacet
 facet normal -8.089229e-01 -5.879148e-01  0.000000e+00
   outer loop
     vertex -8.268000e+00  1.103900e+01  0.000000e+00
     vertex -1.003700e+01  1.347300e+01  5.000000e+00
     vertex -1.003700e+01  1.347300e+01  0.000000e+00
   endloop
 endfacet
 facet normal -8.089229e-01 -5.879148e-01  0.000000e+00
   outer loop
     vertex -8.268000e+00  1.103900e+01  0.000000e+00
     vertex -8.268000e+00  1.103900e+01  5.000000e+00
     vertex -1.003700e+01  1.347300e+01  5.000000e+00
   endloop
 endfacet
 facet normal -7.172984e-01  6.967661e-01  0.000000e+00
   outer loop
     vertex -1.004580e+01  1.369438e+01  0.000000e+00
     vertex -9.984000e+00  1.375800e+01  5.000000e+00
     vertex -9.984000e+00  1.375800e+01  0.000000e+00
   endloop
 endfacet
 facet normal -7.172984e-01  6.967661e-01  0.000000e+00
   outer loop
     vertex -1.004580e+01  1.369438e+01  0.000000e+00
     vertex -1.004580e+01  1.369438e+01  5.000000e+00
     vertex -9.984000e+00  1.375800e+01  5.000000e+00
   endloop
 endfacet
 facet normal -9.480760e-01  3.180439e-01  0.000000e+00
   outer loop
     vertex -1.007401e+01  1.361028e+01  0.000000e+00
     vertex -1.007401e+01  1.361028e+01  5.000000e+00
     vertex -1.004580e+01  1.369438e+01  5.000000e+00
   endloop
 endfacet
 facet normal -9.480760e-01  3.180439e-01  0.000000e+00
   outer loop
     vertex -1.007401e+01  1.361028e+01  0.000000e+00
     vertex -1.004580e+01  1.369438e+01  5.000000e+00
     vertex -1.004580e+01  1.369438e+01  0.000000e+00
   endloop
 endfacet
 facet normal -9.966689e-01 -8.155445e-02  0.000000e+00
   outer loop
     vertex -1.006812e+01  1.353824e+01  0.000000e+00
     vertex -1.006812e+01  1.353824e+01  5.000000e+00
     vertex -1.007401e+01  1.361028e+01  5.000000e+00
   endloop
 endfacet
 facet normal -9.966689e-01 -8.155445e-02  0.000000e+00
   outer loop
     vertex -1.006812e+01  1.353824e+01  0.000000e+00
     vertex -1.007401e+01  1.361028e+01  5.000000e+00
     vertex -1.007401e+01  1.361028e+01  0.000000e+00
   endloop
 endfacet
 facet normal -9.025879e-01 -4.305056e-01  0.000000e+00
   outer loop
     vertex -1.003700e+01  1.347300e+01  0.000000e+00
     vertex -1.003700e+01  1.347300e+01  5.000000e+00
     vertex -1.006812e+01  1.353824e+01  5.000000e+00
   endloop
 endfacet
 facet normal -9.025879e-01 -4.305056e-01  0.000000e+00
   outer loop
     vertex -1.003700e+01  1.347300e+01  0.000000e+00
     vertex -1.006812e+01  1.353824e+01  5.000000e+00
     vertex -1.006812e+01  1.353824e+01  0.000000e+00
   endloop
 endfacet
 facet normal -5.453481e-01  8.382097e-01  0.000000e+00
   outer loop
     vertex -9.984000e+00  1.375800e+01  0.000000e+00
     vertex -8.510000e+00  1.471700e+01  5.000000e+00
     vertex -8.510000e+00  1.471700e+01  0.000000e+00
   endloop
 endfacet
 facet normal -5.453481e-01  8.382097e-01  0.000000e+00
   outer loop
     vertex -9.984000e+00  1.375800e+01  0.000000e+00
     vertex -9.984000e+00  1.375800e+01  5.000000e+00
     vertex -8.510000e+00  1.471700e+01  5.000000e+00
   endloop
 endfacet
 facet normal  7.387897e-01  6.739360e-01  0.000000e+00
   outer loop
     vertex -8.286778e+00  1.471353e+01  0.000000e+00
     vertex -8.227000e+00  1.464800e+01  5.000000e+00
     vertex -8.227000e+00  1.464800e+01  0.000000e+00
   endloop
 endfacet
 facet normal  7.387897e-01  6.739360e-01 -0.000000e+00
   outer loop
     vertex -8.286778e+00  1.471353e+01  0.000000e+00
     vertex -8.286778e+00  1.471353e+01  5.000000e+00
     vertex -8.227000e+00  1.464800e+01  5.000000e+00
   endloop
 endfacet
 facet normal  3.746870e-01  9.271514e-01 -0.000000e+00
   outer loop
     vertex -8.369015e+00  1.474676e+01  0.000000e+00
     vertex -8.369015e+00  1.474676e+01  5.000000e+00
     vertex -8.286778e+00  1.471353e+01  5.000000e+00
   endloop
 endfacet
 facet normal  3.746870e-01  9.271514e-01  0.000000e+00
   outer loop
     vertex -8.369015e+00  1.474676e+01  0.000000e+00
     vertex -8.286778e+00  1.471353e+01  5.000000e+00
     vertex -8.286778e+00  1.471353e+01  0.000000e+00
   endloop
 endfacet
 facet normal -2.380326e-02  9.997167e-01  0.000000e+00
   outer loop
     vertex -8.442281e+00  1.474502e+01  0.000000e+00
     vertex -8.442281e+00  1.474502e+01  5.000000e+00
     vertex -8.369015e+00  1.474676e+01  5.000000e+00
   endloop
 endfacet
 facet normal -2.380326e-02  9.997167e-01  0.000000e+00
   outer loop
     vertex -8.442281e+00  1.474502e+01  0.000000e+00
     vertex -8.369015e+00  1.474676e+01  5.000000e+00
     vertex -8.369015e+00  1.474676e+01  0.000000e+00
   endloop
 endfacet
 facet normal -3.823343e-01  9.240241e-01  0.000000e+00
   outer loop
     vertex -8.510000e+00  1.471700e+01  0.000000e+00
     vertex -8.510000e+00  1.471700e+01  5.000000e+00
     vertex -8.442281e+00  1.474502e+01  5.000000e+00
   endloop
 endfacet
 facet normal -3.823343e-01  9.240241e-01  0.000000e+00
   outer loop
     vertex -8.510000e+00  1.471700e+01  0.000000e+00
     vertex -8.442281e+00  1.474502e+01  5.000000e+00
     vertex -8.442281e+00  1.474502e+01  0.000000e+00
   endloop
 endfacet
 facet normal  8.660250e-01  5.000006e-01  0.000000e+00
   outer loop
     vertex -8.227000e+00  1.464800e+01  0.000000e+00
     vertex -6.723000e+00  1.204300e+01  5.000000e+00
     vertex -6.723000e+00  1.204300e+01  0.000000e+00
   endloop
 endfacet
 facet normal  8.660250e-01  5.000006e-01 -0.000000e+00
   outer loop
     vertex -8.227000e+00  1.464800e+01  0.000000e+00
     vertex -8.227000e+00  1.464800e+01  5.000000e+00
     vertex -6.723000e+00  1.204300e+01  5.000000e+00
   endloop
 endfacet
 facet normal -4.525636e-01  8.917321e-01  0.000000e+00
   outer loop
     vertex -6.723000e+00  1.204300e+01  0.000000e+00
     vertex -5.791000e+00  1.251600e+01  5.000000e+00
     vertex -5.791000e+00  1.251600e+01  0.000000e+00
   endloop
 endfacet
 facet normal -4.525636e-01  8.917321e-01  0.000000e+00
   outer loop
     vertex -6.723000e+00  1.204300e+01  0.000000e+00
     vertex -6.723000e+00  1.204300e+01  5.000000e+00
     vertex -5.791000e+00  1.251600e+01  5.000000e+00
   endloop
 endfacet
 facet normal -9.135787e-01 -4.066620e-01  0.000000e+00
   outer loop
     vertex -5.791000e+00  1.251600e+01  0.000000e+00
     vertex -7.016000e+00  1.526800e+01  5.000000e+00
     vertex -7.016000e+00  1.526800e+01  0.000000e+00
   endloop
 endfacet
 facet normal -9.135787e-01 -4.066620e-01  0.000000e+00
   outer loop
     vertex -5.791000e+00  1.251600e+01  0.000000e+00
     vertex -5.791000e+00  1.251600e+01  5.000000e+00
     vertex -7.016000e+00  1.526800e+01  5.000000e+00
   endloop
 endfacet
 facet normal -5.545793e-01  8.321309e-01  0.000000e+00
   outer loop
     vertex -6.977809e+00  1.548581e+01  0.000000e+00
     vertex -6.904000e+00  1.553500e+01  5.000000e+00
     vertex -6.904000e+00  1.553500e+01  0.000000e+00
   endloop
 endfacet
 facet normal -5.545793e-01  8.321309e-01  0.000000e+00
   outer loop
     vertex -6.977809e+00  1.548581e+01  0.000000e+00
     vertex -6.977809e+00  1.548581e+01  5.000000e+00
     vertex -6.904000e+00  1.553500e+01  5.000000e+00
   endloop
 endfacet
 facet normal -8.598986e-01  5.104649e-01  0.000000e+00
   outer loop
     vertex -7.023087e+00  1.540954e+01  0.000000e+00
     vertex -7.023087e+00  1.540954e+01  5.000000e+00
     vertex -6.977809e+00  1.548581e+01  5.000000e+00
   endloop
 endfacet
 facet normal -8.598986e-01  5.104649e-01  0.000000e+00
   outer loop
     vertex -7.023087e+00  1.540954e+01  0.000000e+00
     vertex -6.977809e+00  1.548581e+01  5.000000e+00
     vertex -6.977809e+00  1.548581e+01  0.000000e+00
   endloop
 endfacet
 facet normal -9.914261e-01  1.306689e-01  0.000000e+00
   outer loop
     vertex -7.032500e+00  1.533812e+01  0.000000e+00
     vertex -7.032500e+00  1.533812e+01  5.000000e+00
     vertex -7.023087e+00  1.540954e+01  5.000000e+00
   endloop
 endfacet
 facet normal -9.914261e-01  1.306689e-01  0.000000e+00
   outer loop
     vertex -7.032500e+00  1.533812e+01  0.000000e+00
     vertex -7.023087e+00  1.540954e+01  5.000000e+00
     vertex -7.023087e+00  1.540954e+01  0.000000e+00
   endloop
 endfacet
 facet normal -9.734136e-01 -2.290547e-01  0.000000e+00
   outer loop
     vertex -7.016000e+00  1.526800e+01  0.000000e+00
     vertex -7.016000e+00  1.526800e+01  5.000000e+00
     vertex -7.032500e+00  1.533812e+01  5.000000e+00
   endloop
 endfacet
 facet normal -9.734136e-01 -2.290547e-01  0.000000e+00
   outer loop
     vertex -7.016000e+00  1.526800e+01  0.000000e+00
     vertex -7.032500e+00  1.533812e+01  5.000000e+00
     vertex -7.032500e+00  1.533812e+01  0.000000e+00
   endloop
 endfacet
 facet normal -3.577211e-01  9.338285e-01  0.000000e+00
   outer loop
     vertex -6.904000e+00  1.553500e+01  0.000000e+00
     vertex -5.262000e+00  1.616400e+01  5.000000e+00
     vertex -5.262000e+00  1.616400e+01  0.000000e+00
   endloop
 endfacet
 facet normal -3.577211e-01  9.338285e-01  0.000000e+00
   outer loop
     vertex -6.904000e+00  1.553500e+01  0.000000e+00
     vertex -6.904000e+00  1.553500e+01  5.000000e+00
     vertex -5.262000e+00  1.616400e+01  5.000000e+00
   endloop
 endfacet
 facet normal  8.591698e-01  5.116906e-01  0.000000e+00
   outer loop
     vertex -5.045387e+00  1.611521e+01  0.000000e+00
     vertex -5.000000e+00  1.603900e+01  5.000000e+00
     vertex -5.000000e+00  1.603900e+01  0.000000e+00
   endloop
 endfacet
 facet normal  8.591698e-01  5.116906e-01 -0.000000e+00
   outer loop
     vertex -5.045387e+00  1.611521e+01  0.000000e+00
     vertex -5.045387e+00  1.611521e+01  5.000000e+00
     vertex -5.000000e+00  1.603900e+01  5.000000e+00
   endloop
 endfacet
 facet normal  5.533922e-01  8.329208e-01 -0.000000e+00
   outer loop
     vertex -5.119266e+00  1.616429e+01  0.000000e+00
     vertex -5.119266e+00  1.616429e+01  5.000000e+00
     vertex -5.045387e+00  1.611521e+01  5.000000e+00
   endloop
 endfacet
 facet normal  5.533922e-01  8.329208e-01  0.000000e+00
   outer loop
     vertex -5.119266e+00  1.616429e+01  0.000000e+00
     vertex -5.045387e+00  1.611521e+01  5.000000e+00
     vertex -5.045387e+00  1.611521e+01  0.000000e+00
   endloop
 endfacet
 facet normal  1.794087e-01  9.837746e-01 -0.000000e+00
   outer loop
     vertex -5.190660e+00  1.617731e+01  0.000000e+00
     vertex -5.190660e+00  1.617731e+01  5.000000e+00
     vertex -5.119266e+00  1.616429e+01  5.000000e+00
   endloop
 endfacet
 facet normal  1.794087e-01  9.837746e-01  0.000000e+00
   outer loop
     vertex -5.190660e+00  1.617731e+01  0.000000e+00
     vertex -5.119266e+00  1.616429e+01  5.000000e+00
     vertex -5.119266e+00  1.616429e+01  0.000000e+00
   endloop
 endfacet
 facet normal -1.834483e-01  9.830294e-01  0.000000e+00
   outer loop
     vertex -5.262000e+00  1.616400e+01  0.000000e+00
     vertex -5.262000e+00  1.616400e+01  5.000000e+00
     vertex -5.190660e+00  1.617731e+01  5.000000e+00
   endloop
 endfacet
 facet normal -1.834483e-01  9.830294e-01  0.000000e+00
   outer loop
     vertex -5.262000e+00  1.616400e+01  0.000000e+00
     vertex -5.190660e+00  1.617731e+01  5.000000e+00
     vertex -5.190660e+00  1.617731e+01  0.000000e+00
   endloop
 endfacet
 facet normal  9.512755e-01  3.083422e-01  0.000000e+00
   outer loop
     vertex -5.000000e+00  1.603900e+01  0.000000e+00
     vertex -4.072000e+00  1.317600e+01  5.000000e+00
     vertex -4.072000e+00  1.317600e+01  0.000000e+00
   endloop
 endfacet
 facet normal  9.512755e-01  3.083422e-01 -0.000000e+00
   outer loop
     vertex -5.000000e+00  1.603900e+01  0.000000e+00
     vertex -5.000000e+00  1.603900e+01  5.000000e+00
     vertex -4.072000e+00  1.317600e+01  5.000000e+00
   endloop
 endfacet
 facet normal -2.591503e-01  9.658370e-01  0.000000e+00
   outer loop
     vertex -4.072000e+00  1.317600e+01  0.000000e+00
     vertex -3.062000e+00  1.344700e+01  5.000000e+00
     vertex -3.062000e+00  1.344700e+01  0.000000e+00
   endloop
 endfacet
 facet normal -2.591503e-01  9.658370e-01  0.000000e+00
   outer loop
     vertex -4.072000e+00  1.317600e+01  0.000000e+00
     vertex -4.072000e+00  1.317600e+01  5.000000e+00
     vertex -3.062000e+00  1.344700e+01  5.000000e+00
   endloop
 endfacet
 facet normal -9.780642e-01 -2.083038e-01  0.000000e+00
   outer loop
     vertex -3.062000e+00  1.344700e+01  0.000000e+00
     vertex -3.689000e+00  1.639100e+01  5.000000e+00
     vertex -3.689000e+00  1.639100e+01  0.000000e+00
   endloop
 endfacet
 facet normal -9.780642e-01 -2.083038e-01  0.000000e+00
   outer loop
     vertex -3.062000e+00  1.344700e+01  0.000000e+00
     vertex -3.062000e+00  1.344700e+01  5.000000e+00
     vertex -3.689000e+00  1.639100e+01  5.000000e+00
   endloop
 endfacet
 facet normal -3.631499e-01  9.317307e-01  0.000000e+00
   outer loop
     vertex -3.605644e+00  1.659879e+01  0.000000e+00
     vertex -3.523000e+00  1.663100e+01  5.000000e+00
     vertex -3.523000e+00  1.663100e+01  0.000000e+00
   endloop
 endfacet
 facet normal -3.631499e-01  9.317307e-01  0.000000e+00
   outer loop
     vertex -3.605644e+00  1.659879e+01  0.000000e+00
     vertex -3.605644e+00  1.659879e+01  5.000000e+00
     vertex -3.523000e+00  1.663100e+01  5.000000e+00
   endloop
 endfacet
 facet normal -7.303676e-01  6.830543e-01  0.000000e+00
   outer loop
     vertex -3.666230e+00  1.653401e+01  0.000000e+00
     vertex -3.666230e+00  1.653401e+01  5.000000e+00
     vertex -3.605644e+00  1.659879e+01  5.000000e+00
   endloop
 endfacet
 facet normal -7.303676e-01  6.830543e-01  0.000000e+00
   outer loop
     vertex -3.666230e+00  1.653401e+01  0.000000e+00
     vertex -3.605644e+00  1.659879e+01  5.000000e+00
     vertex -3.605644e+00  1.659879e+01  0.000000e+00
   endloop
 endfacet
 facet normal -9.417118e-01  3.364208e-01  0.000000e+00
   outer loop
     vertex -3.691012e+00  1.646464e+01  0.000000e+00
     vertex -3.691012e+00  1.646464e+01  5.000000e+00
     vertex -3.666230e+00  1.653401e+01  5.000000e+00
   endloop
 endfacet
 facet normal -9.417118e-01  3.364208e-01  0.000000e+00
   outer loop
     vertex -3.691012e+00  1.646464e+01  0.000000e+00
     vertex -3.666230e+00  1.653401e+01  5.000000e+00
     vertex -3.666230e+00  1.653401e+01  0.000000e+00
   endloop
 endfacet
 facet normal -9.996269e-01 -2.731496e-02  0.000000e+00
   outer loop
     vertex -3.689000e+00  1.639100e+01  0.000000e+00
     vertex -3.689000e+00  1.639100e+01  5.000000e+00
     vertex -3.691012e+00  1.646464e+01  5.000000e+00
   endloop
 endfacet
 facet normal -9.996269e-01 -2.731496e-02  0.000000e+00
   outer loop
     vertex -3.689000e+00  1.639100e+01  0.000000e+00
     vertex -3.691012e+00  1.646464e+01  5.000000e+00
     vertex -3.691012e+00  1.646464e+01  0.000000e+00
   endloop
 endfacet
 facet normal -1.564592e-01  9.876844e-01  0.000000e+00
   outer loop
     vertex -3.523000e+00  1.663100e+01  0.000000e+00
     vertex -1.787000e+00  1.690600e+01  5.000000e+00
     vertex -1.787000e+00  1.690600e+01  0.000000e+00
   endloop
 endfacet
 facet normal -1.564592e-01  9.876844e-01  0.000000e+00
   outer loop
     vertex -3.523000e+00  1.663100e+01  0.000000e+00
     vertex -3.523000e+00  1.663100e+01  5.000000e+00
     vertex -1.787000e+00  1.690600e+01  5.000000e+00
   endloop
 endfacet
 facet normal  9.471208e-01  3.208773e-01  0.000000e+00
   outer loop
     vertex -1.585462e+00  1.681301e+01  0.000000e+00
     vertex -1.557000e+00  1.672900e+01  5.000000e+00
     vertex -1.557000e+00  1.672900e+01  0.000000e+00
   endloop
 endfacet
 facet normal  9.471208e-01  3.208773e-01 -0.000000e+00
   outer loop
     vertex -1.585462e+00  1.681301e+01  0.000000e+00
     vertex -1.585462e+00  1.681301e+01  5.000000e+00
     vertex -1.557000e+00  1.672900e+01  5.000000e+00
   endloop
 endfacet
 facet normal  7.152118e-01  6.989078e-01 -0.000000e+00
   outer loop
     vertex -1.647454e+00  1.687645e+01  0.000000e+00
     vertex -1.647454e+00  1.687645e+01  5.000000e+00
     vertex -1.585462e+00  1.681301e+01  5.000000e+00
   endloop
 endfacet
 facet normal  7.152118e-01  6.989078e-01  0.000000e+00
   outer loop
     vertex -1.647454e+00  1.687645e+01  0.000000e+00
     vertex -1.585462e+00  1.681301e+01  5.000000e+00
     vertex -1.585462e+00  1.681301e+01  0.000000e+00
   endloop
 endfacet
 facet normal  3.811189e-01  9.245261e-01 -0.000000e+00
   outer loop
     vertex -1.714503e+00  1.690409e+01  0.000000e+00
     vertex -1.714503e+00  1.690409e+01  5.000000e+00
     vertex -1.647454e+00  1.687645e+01  5.000000e+00
   endloop
 endfacet
 facet normal  3.811189e-01  9.245261e-01  0.000000e+00
   outer loop
     vertex -1.714503e+00  1.690409e+01  0.000000e+00
     vertex -1.647454e+00  1.687645e+01  5.000000e+00
     vertex -1.647454e+00  1.687645e+01  0.000000e+00
   endloop
 endfacet
 facet normal  2.637498e-02  9.996521e-01 -0.000000e+00
   outer loop
     vertex -1.787000e+00  1.690600e+01  0.000000e+00
     vertex -1.787000e+00  1.690600e+01  5.000000e+00
     vertex -1.714503e+00  1.690409e+01  5.000000e+00
   endloop
 endfacet
 facet normal  2.637498e-02  9.996521e-01  0.000000e+00
   outer loop
     vertex -1.787000e+00  1.690600e+01  0.000000e+00
     vertex -1.714503e+00  1.690409e+01  5.000000e+00
     vertex -1.714503e+00  1.690409e+01  0.000000e+00
   endloop
 endfacet
 facet normal  9.945145e-01  1.045984e-01  0.000000e+00
   outer loop
     vertex -1.557000e+00  1.672900e+01  0.000000e+00
     vertex -1.242000e+00  1.373400e+01  5.000000e+00
     vertex -1.242000e+00  1.373400e+01  0.000000e+00
   endloop
 endfacet
 facet normal  9.945145e-01  1.045984e-01 -0.000000e+00
   outer loop
     vertex -1.557000e+00  1.672900e+01  0.000000e+00
     vertex -1.557000e+00  1.672900e+01  5.000000e+00
     vertex -1.242000e+00  1.373400e+01  5.000000e+00
   endloop
 endfacet
 facet normal -5.265934e-02  9.986125e-01  0.000000e+00
   outer loop
     vertex -1.242000e+00  1.373400e+01  0.000000e+00
     vertex -1.990000e-01  1.378900e+01  5.000000e+00
     vertex -1.990000e-01  1.378900e+01  0.000000e+00
   endloop
 endfacet
 facet normal -5.265934e-02  9.986125e-01  0.000000e+00
   outer loop
     vertex -1.242000e+00  1.373400e+01  0.000000e+00
     vertex -1.242000e+00  1.373400e+01  5.000000e+00
     vertex -1.990000e-01  1.378900e+01  5.000000e+00
   endloop
 endfacet
 facet normal -1.000000e+00  9.214999e-18  0.000000e+00
   outer loop
     vertex -1.990000e-01  1.378900e+01  0.000000e+00
     vertex -1.990000e-01  1.680100e+01  5.000000e+00
     vertex -1.990000e-01  1.680100e+01  0.000000e+00
   endloop
 endfacet
 facet normal -1.000000e+00  9.214999e-18  0.000000e+00
   outer loop
     vertex -1.990000e-01  1.378900e+01  0.000000e+00
     vertex -1.990000e-01  1.378900e+01  5.000000e+00
     vertex -1.990000e-01  1.680100e+01  5.000000e+00
   endloop
 endfacet
 facet normal -1.776359e-01  9.840963e-01  0.000000e+00
   outer loop
     vertex -7.728858e-02  1.698424e+01  0.000000e+00
     vertex  1.000000e-02  1.700000e+01  5.000000e+00
     vertex  1.000000e-02  1.700000e+01  0.000000e+00
   endloop
 endfacet
 facet normal -1.776359e-01  9.840963e-01  0.000000e+00
   outer loop
     vertex -7.728858e-02  1.698424e+01  0.000000e+00
     vertex -7.728858e-02  1.698424e+01  5.000000e+00
     vertex  1.000000e-02  1.700000e+01  5.000000e+00
   endloop
 endfacet
 facet normal -5.857436e-01  8.104964e-01  0.000000e+00
   outer loop
     vertex -1.491790e-01  1.693229e+01  0.000000e+00
     vertex -1.491790e-01  1.693229e+01  5.000000e+00
     vertex -7.728858e-02  1.698424e+01  5.000000e+00
   endloop
 endfacet
 facet normal -5.857436e-01  8.104964e-01  0.000000e+00
   outer loop
     vertex -1.491790e-01  1.693229e+01  0.000000e+00
     vertex -7.728858e-02  1.698424e+01  5.000000e+00
     vertex -7.728858e-02  1.698424e+01  0.000000e+00
   endloop
 endfacet
 facet normal -8.566576e-01  5.158854e-01  0.000000e+00
   outer loop
     vertex -1.859908e-01  1.687116e+01  0.000000e+00
     vertex -1.859908e-01  1.687116e+01  5.000000e+00
     vertex -1.491790e-01  1.693229e+01  5.000000e+00
   endloop
 endfacet
 facet normal -8.566576e-01  5.158854e-01  0.000000e+00
   outer loop
     vertex -1.859908e-01  1.687116e+01  0.000000e+00
     vertex -1.491790e-01  1.693229e+01  5.000000e+00
     vertex -1.491790e-01  1.693229e+01  0.000000e+00
   endloop
 endfacet
 facet normal -9.832406e-01  1.823127e-01  0.000000e+00
   outer loop
     vertex -1.990000e-01  1.680100e+01  0.000000e+00
     vertex -1.990000e-01  1.680100e+01  5.000000e+00
     vertex -1.859908e-01  1.687116e+01  5.000000e+00
   endloop
 endfacet
 facet normal -9.832406e-01  1.823127e-01  0.000000e+00
   outer loop
     vertex -1.990000e-01  1.680100e+01  0.000000e+00
     vertex -1.859908e-01  1.687116e+01  5.000000e+00
     vertex -1.859908e-01  1.687116e+01  0.000000e+00
   endloop
 endfacet
 facet normal -1.000000e+00  0.000000e+00  0.000000e+00
   outer loop
     vertex  1.650000e+01  1.990000e-01  5.000000e+00
     vertex  1.650000e+01  1.532978e+00  0.000000e+00
     vertex  1.650000e+01  1.990000e-01  0.000000e+00
   endloop
 endfacet
 facet normal -1.000000e+00  0.000000e+00  0.000000e+00
   outer loop
     vertex  1.650000e+01  1.990000e-01  5.000000e+00
     vertex  1.650000e+01  1.532978e+00  5.000000e+00
     vertex  1.650000e+01  1.532978e+00  0.000000e+00
   endloop
 endfacet
 facet normal -1.000000e+00  0.000000e+00  0.000000e+00
   outer loop
     vertex  1.650000e+01  1.935388e+00  5.000000e+00
     vertex  1.650000e+01  2.000000e+00  0.000000e+00
     vertex  1.650000e+01  1.935388e+00  0.000000e+00
   endloop
 endfacet
 facet normal -1.000000e+00  0.000000e+00  0.000000e+00
   outer loop
     vertex  1.650000e+01  1.935388e+00  5.000000e+00
     vertex  1.650000e+01  2.000000e+00  5.000000e+00
     vertex  1.650000e+01  2.000000e+00  0.000000e+00
   endloop
 endfacet
 facet normal  0.000000e+00  1.000000e+00  0.000000e+00
   outer loop
     vertex  1.690000e+01  2.000000e+00  5.000000e+00
     vertex  1.690000e+01  2.000000e+00  0.000000e+00
     vertex  1.650000e+01  2.000000e+00  0.000000e+00
   endloop
 endfacet
 facet normal  0.000000e+00  1.000000e+00  0.000000e+00
   outer loop
     vertex  1.690000e+01  2.000000e+00  5.000000e+00
     vertex  1.650000e+01  2.000000e+00  0.000000e+00
     vertex  1.650000e+01  2.000000e+00  5.000000e+00
   endloop
 endfacet
 facet normal  1.000000e+00  0.000000e+00  0.000000e+00
   outer loop
     vertex  1.690000e+01  0.000000e+00  5.000000e+00
     vertex  1.690000e+01  0.000000e+00  0.000000e+00
     vertex  1.690000e+01  2.000000e+00  0.000000e+00
   endloop
 endfacet
 facet normal  1.000000e+00 -0.000000e+00  0.000000e+00
   outer loop
     vertex  1.690000e+01  0.000000e+00  5.000000e+00
     vertex  1.690000e+01  2.000000e+00  0.000000e+00
     vertex  1.690000e+01  2.000000e+00  5.000000e+00
   endloop
 endfacet
 facet normal  0.000000e+00 -1.000000e+00 -0.000000e+00
   outer loop
     vertex  1.690000e+01  0.000000e+00  5.000000e+00
     vertex  1.680100e+01  0.000000e+00  0.000000e+00
     vertex  1.690000e+01  0.000000e+00  0.000000e+00
   endloop
 endfacet
 facet normal -0.000000e+00 -1.000000e+00  0.000000e+00
   outer loop
     vertex  1.690000e+01  0.000000e+00  5.000000e+00
     vertex  1.680100e+01  0.000000e+00  5.000000e+00
     vertex  1.680100e+01  0.000000e+00  0.000000e+00
   endloop
 endfacet
 facet normal  0.000000e+00  0.000000e+00 -1.000000e+00
   outer loop
     vertex -1.138900e+01 -1.235200e+01  0.000000e+00
     vertex -1.143801e+01 -1.251789e+01  0.000000e+00
     vertex -1.143237e+01 -1.242937e+01  0.000000e+00
   endloop
 endfacet
 facet normal  0.000000e+00  0.000000e+00 -1.000000e+00
   outer loop
     vertex -1.138900e+01 -1.235200e+01  0.000000e+00
     vertex -1.141381e+01 -1.258597e+01  0.000000e+00
     vertex -1.143801e+01 -1.251789e+01  0.000000e+00
   endloop
 endfacet
 facet normal  0.000000e+00 -0.000000e+00 -1.000000e+00
   outer loop
     vertex -1.138900e+01 -1.235200e+01  0.000000e+00
     vertex -1.136700e+01 -1.264100e+01  0.000000e+00
     vertex -1.141381e+01 -1.258597e+01  0.000000e+00
   endloop
 endfacet
 facet normal -0.000000e+00  0.000000e+00 -1.000000e+00
   outer loop
     vertex -1.235200e+01 -1.138900e+01  0.000000e+00
     vertex -1.257108e+01 -1.142158e+01  0.000000e+00
     vertex -1.264100e+01 -1.136700e+01  0.000000e+00
   endloop
 endfacet
 facet normal  0.000000e+00  0.000000e+00 -1.000000e+00
   outer loop
     vertex -1.235200e+01 -1.138900e+01  0.000000e+00
     vertex -1.248444e+01 -1.144056e+01  0.000000e+00
     vertex -1.257108e+01 -1.142158e+01  0.000000e+00
   endloop
 endfacet
 facet normal  0.000000e+00  0.000000e+00 -1.000000e+00
   outer loop
     vertex -1.235200e+01 -1.138900e+01  0.000000e+00
     vertex -1.241348e+01 -1.142694e+01  0.000000e+00
     vertex -1.248444e+01 -1.144056e+01  0.000000e+00
   endloop
 endfacet
 facet normal  0.000000e+00  0.000000e+00 -1.000000e+00
   outer loop
     vertex -9.713000e+00 -1.370900e+01  0.000000e+00
     vertex -9.920401e+00 -1.378514e+01  0.000000e+00
     vertex -1.000000e+01 -1.374600e+01  0.000000e+00
   endloop
 endfacet
 facet normal  0.000000e+00  0.000000e+00 -1.000000e+00
   outer loop
     vertex -9.713000e+00 -1.370900e+01  0.000000e+00
     vertex -9.831706e+00 -1.378600e+01  0.000000e+00
     vertex -9.920401e+00 -1.378514e+01  0.000000e+00
   endloop
 endfacet
 facet normal  0.000000e+00  0.000000e+00 -1.000000e+00
   outer loop
     vertex -9.713000e+00 -1.370900e+01  0.000000e+00
     vertex -9.765316e+00 -1.375835e+01  0.000000e+00
     vertex -9.831706e+00 -1.378600e+01  0.000000e+00
   endloop
 endfacet
 facet normal  0.000000e+00  0.000000e+00 -1.000000e+00
   outer loop
     vertex -1.370900e+01 -9.713000e+00  0.000000e+00
     vertex -1.379037e+01 -9.865647e+00  0.000000e+00
     vertex -1.376704e+01 -9.780071e+00  0.000000e+00
   endloop
 endfacet
 facet normal  0.000000e+00  0.000000e+00 -1.000000e+00
   outer loop
     vertex -1.370900e+01 -9.713000e+00  0.000000e+00
     vertex -1.378047e+01 -9.936878e+00  0.000000e+00
     vertex -1.379037e+01 -9.865647e+00  0.000000e+00
   endloop
 endfacet
 facet normal  0.000000e+00  0.000000e+00 -1.000000e+00
   outer loop
     vertex -1.370900e+01 -9.713000e+00  0.000000e+00
     vertex -1.374600e+01 -1.000000e+01  0.000000e+00
     vertex -1.378047e+01 -9.936878e+00  0.000000e+00
   endloop
 endfacet
 facet normal -0.000000e+00  0.000000e+00 -1.000000e+00
   outer loop
     vertex -1.095100e+01 -1.246300e+01  0.000000e+00
     vertex -1.136700e+01 -1.264100e+01  0.000000e+00
     vertex -1.138900e+01 -1.235200e+01  0.000000e+00
   endloop
 endfacet
 facet normal  0.000000e+00 -0.000000e+00 -1.000000e+00
   outer loop
     vertex -1.246300e+01 -1.095100e+01  0.000000e+00
     vertex -1.235200e+01 -1.138900e+01  0.000000e+00
     vertex -1.264100e+01 -1.136700e+01  0.000000e+00
   endloop
 endfacet
 facet normal  0.000000e+00 -0.000000e+00 -1.000000e+00
   outer loop
     vertex -9.914000e+00 -1.330300e+01  0.000000e+00
     vertex -9.713000e+00 -1.370900e+01  0.000000e+00
     vertex -1.000000e+01 -1.374600e+01  0.000000e+00
   endloop
 endfacet
 facet normal -0.000000e+00  0.000000e+00 -1.000000e+00
   outer loop
     vertex -9.914000e+00 -1.330300e+01  0.000000e+00
     vertex -1.000000e+01 -1.374600e+01  0.000000e+00
     vertex -1.136700e+01 -1.264100e+01  0.000000e+00
   endloop
 endfacet
 facet normal  0.000000e+00  0.000000e+00 -1.000000e+00
   outer loop
     vertex -9.914000e+00 -1.330300e+01  0.000000e+00
     vertex -1.136700e+01 -1.264100e+01  0.000000e+00
     vertex -1.095100e+01 -1.246300e+01  0.000000e+00
   endloop
 endfacet
 facet normal  0.000000e+00 -0.000000e+00 -1.000000e+00
   outer loop
     vertex -1.330300e+01 -9.914000e+00  0.000000e+00
     vertex -1.264100e+01 -1.136700e+01  0.000000e+00
     vertex -1.374600e+01 -1.000000e+01  0.000000e+00
   endloop
 endfacet
 facet normal -0.000000e+00  0.000000e+00 -1.000000e+00
   outer loop
     vertex -1.330300e+01 -9.914000e+00  0.000000e+00
     vertex -1.374600e+01 -1.000000e+01  0.000000e+00
     vertex -1.370900e+01 -9.713000e+00  0.000000e+00
   endloop
 endfacet
 facet normal  0.000000e+00  0.000000e+00 -1.000000e+00
   outer loop
     vertex -1.330300e+01 -9.914000e+00  0.000000e+00
     vertex -1.246300e+01 -1.095100e+01  0.000000e+00
     vertex -1.264100e+01 -1.136700e+01  0.000000e+00
   endloop
 endfacet
 facet normal  0.000000e+00  0.000000e+00 -1.000000e+00
   outer loop
     vertex -1.444900e+01 -8.572000e+00  0.000000e+00
     vertex -1.467005e+01 -8.558006e+00  0.000000e+00
     vertex -1.472700e+01 -8.490000e+00  0.000000e+00
   endloop
 endfacet
 facet normal -0.000000e+00  0.000000e+00 -1.000000e+00
   outer loop
     vertex -1.444900e+01 -8.572000e+00  0.000000e+00
     vertex -1.458930e+01 -8.594697e+00  0.000000e+00
     vertex -1.467005e+01 -8.558006e+00  0.000000e+00
   endloop
 endfacet
 facet normal  0.000000e+00  0.000000e+00 -1.000000e+00
   outer loop
     vertex -1.444900e+01 -8.572000e+00  0.000000e+00
     vertex -1.451707e+01 -8.596231e+00  0.000000e+00
     vertex -1.458930e+01 -8.594697e+00  0.000000e+00
   endloop
 endfacet
 facet normal  0.000000e+00  0.000000e+00 -1.000000e+00
   outer loop
     vertex -8.572000e+00 -1.444900e+01  0.000000e+00
     vertex -8.585206e+00 -1.462148e+01  0.000000e+00
     vertex -8.598214e+00 -1.453374e+01  0.000000e+00
   endloop
 endfacet
 facet normal  0.000000e+00 -0.000000e+00 -1.000000e+00
   outer loop
     vertex -8.572000e+00 -1.444900e+01  0.000000e+00
     vertex -8.547292e+00 -1.468298e+01  0.000000e+00
     vertex -8.585206e+00 -1.462148e+01  0.000000e+00
   endloop
 endfacet
 facet normal  0.000000e+00  0.000000e+00 -1.000000e+00
   outer loop
     vertex -8.572000e+00 -1.444900e+01  0.000000e+00
     vertex -8.490000e+00 -1.472700e+01  0.000000e+00
     vertex -8.547292e+00 -1.468298e+01  0.000000e+00
   endloop
 endfacet
 facet normal  0.000000e+00 -0.000000e+00 -1.000000e+00
   outer loop
     vertex -1.446700e+01 -8.121000e+00  0.000000e+00
     vertex -1.444900e+01 -8.572000e+00  0.000000e+00
     vertex -1.472700e+01 -8.490000e+00  0.000000e+00
   endloop
 endfacet
 facet normal -0.000000e+00  0.000000e+00 -1.000000e+00
   outer loop
     vertex -8.121000e+00 -1.446700e+01  0.000000e+00
     vertex -8.490000e+00 -1.472700e+01  0.000000e+00
     vertex -8.572000e+00 -1.444900e+01  0.000000e+00
   endloop
 endfacet
 facet normal  0.000000e+00  0.000000e+00 -1.000000e+00
   outer loop
     vertex -6.924000e+00 -1.552500e+01  0.000000e+00
     vertex -8.490000e+00 -1.472700e+01  0.000000e+00
     vertex -8.121000e+00 -1.446700e+01  0.000000e+00
   endloop
 endfacet
 facet normal  0.000000e+00  0.000000e+00 -1.000000e+00
   outer loop
     vertex -1.552500e+01 -6.924000e+00  0.000000e+00
     vertex -1.446700e+01 -8.121000e+00  0.000000e+00
     vertex -1.472700e+01 -8.490000e+00  0.000000e+00
   endloop
 endfacet
 facet normal  0.000000e+00 -0.000000e+00 -1.000000e+00
   outer loop
     vertex -1.554112e+01 -6.782574e+00  0.000000e+00
     vertex -1.552500e+01 -6.924000e+00  0.000000e+00
     vertex -1.554607e+01 -6.854769e+00  0.000000e+00
   endloop
 endfacet
 facet normal  0.000000e+00  0.000000e+00 -1.000000e+00
   outer loop
     vertex -6.650000e+00 -1.543000e+01  0.000000e+00
     vertex -6.838140e+00 -1.554726e+01  0.000000e+00
     vertex -6.924000e+00 -1.552500e+01  0.000000e+00
   endloop
 endfacet
 facet normal  0.000000e+00  0.000000e+00 -1.000000e+00
   outer loop
     vertex -6.650000e+00 -1.543000e+01  0.000000e+00
     vertex -6.751096e+00 -1.553020e+01  0.000000e+00
     vertex -6.838140e+00 -1.554726e+01  0.000000e+00
   endloop
 endfacet
 facet normal  0.000000e+00  0.000000e+00 -1.000000e+00
   outer loop
     vertex -6.650000e+00 -1.543000e+01  0.000000e+00
     vertex -6.691332e+00 -1.548940e+01  0.000000e+00
     vertex -6.751096e+00 -1.553020e+01  0.000000e+00
   endloop
 endfacet
 facet normal  0.000000e+00  0.000000e+00 -1.000000e+00
   outer loop
     vertex -1.543000e+01 -6.650000e+00  0.000000e+00
     vertex -1.552500e+01 -6.924000e+00  0.000000e+00
     vertex -1.554112e+01 -6.782574e+00  0.000000e+00
   endloop
 endfacet
 facet normal  0.000000e+00  0.000000e+00 -1.000000e+00
   outer loop
     vertex -1.543000e+01 -6.650000e+00  0.000000e+00
     vertex -1.554112e+01 -6.782574e+00  0.000000e+00
     vertex -1.550063e+01 -6.703653e+00  0.000000e+00
   endloop
 endfacet
 facet normal  0.000000e+00  0.000000e+00 -1.000000e+00
   outer loop
     vertex -6.930000e+00 -1.507400e+01  0.000000e+00
     vertex -6.650000e+00 -1.543000e+01  0.000000e+00
     vertex -6.924000e+00 -1.552500e+01  0.000000e+00
   endloop
 endfacet
 facet normal -0.000000e+00 -0.000000e+00 -1.000000e+00
   outer loop
     vertex -6.930000e+00 -1.507400e+01  0.000000e+00
     vertex -6.924000e+00 -1.552500e+01  0.000000e+00
     vertex -8.121000e+00 -1.446700e+01  0.000000e+00
   endloop
 endfacet
 facet normal  0.000000e+00  0.000000e+00 -1.000000e+00
   outer loop
     vertex -1.507400e+01 -6.930000e+00  0.000000e+00
     vertex -1.552500e+01 -6.924000e+00  0.000000e+00
     vertex -1.543000e+01 -6.650000e+00  0.000000e+00
   endloop
 endfacet
 facet normal -0.000000e+00 -0.000000e+00 -1.000000e+00
   outer loop
     vertex -1.507400e+01 -6.930000e+00  0.000000e+00
     vertex -1.446700e+01 -8.121000e+00  0.000000e+00
     vertex -1.552500e+01 -6.924000e+00  0.000000e+00
   endloop
 endfacet
 facet normal  0.000000e+00  0.000000e+00 -1.000000e+00
   outer loop
     vertex -5.242000e+00 -1.617200e+01  0.000000e+00
     vertex -5.308256e+00 -1.614066e+01  0.000000e+00
     vertex -5.358770e+00 -1.608755e+01  0.000000e+00
   endloop
 endfacet
 facet normal  0.000000e+00  0.000000e+00 -1.000000e+00
   outer loop
     vertex -1.617200e+01 -5.242000e+00  0.000000e+00
     vertex -1.605993e+01 -5.373767e+00  0.000000e+00
     vertex -1.613095e+01 -5.320627e+00  0.000000e+00
   endloop
 endfacet
 facet normal  0.000000e+00  0.000000e+00 -1.000000e+00
   outer loop
     vertex -1.598864e+01 -5.390797e+00  0.000000e+00
     vertex -1.605993e+01 -5.373767e+00  0.000000e+00
     vertex -1.617200e+01 -5.242000e+00  0.000000e+00
   endloop
 endfacet
 facet normal  0.000000e+00  0.000000e+00 -1.000000e+00
   outer loop
     vertex -5.381000e+00 -1.591600e+01  0.000000e+00
     vertex -5.242000e+00 -1.617200e+01  0.000000e+00
     vertex -5.358770e+00 -1.608755e+01  0.000000e+00
   endloop
 endfacet
 facet normal  0.000000e+00 -0.000000e+00 -1.000000e+00
   outer loop
     vertex -5.381000e+00 -1.591600e+01  0.000000e+00
     vertex -5.358770e+00 -1.608755e+01  0.000000e+00
     vertex -5.389391e+00 -1.600430e+01  0.000000e+00
   endloop
 endfacet
 facet normal -0.000000e+00  0.000000e+00 -1.000000e+00
   outer loop
     vertex -1.591600e+01 -5.381000e+00  0.000000e+00
     vertex -1.598864e+01 -5.390797e+00  0.000000e+00
     vertex -1.617200e+01 -5.242000e+00  0.000000e+00
   endloop
 endfacet
 facet normal  0.000000e+00  0.000000e+00 -1.000000e+00
   outer loop
     vertex -4.936000e+00 -1.584000e+01  0.000000e+00
     vertex -5.242000e+00 -1.617200e+01  0.000000e+00
     vertex -5.381000e+00 -1.591600e+01  0.000000e+00
   endloop
 endfacet
 facet normal  0.000000e+00  0.000000e+00 -1.000000e+00
   outer loop
     vertex -1.584000e+01 -4.936000e+00  0.000000e+00
     vertex -1.591600e+01 -5.381000e+00  0.000000e+00
     vertex -1.617200e+01 -5.242000e+00  0.000000e+00
   endloop
 endfacet
 facet normal  0.000000e+00  0.000000e+00 -1.000000e+00
   outer loop
     vertex -1.661229e+01 -3.402228e+00  0.000000e+00
     vertex -1.662700e+01 -3.545000e+00  0.000000e+00
     vertex -1.663290e+01 -3.472250e+00  0.000000e+00
   endloop
 endfacet
 facet normal  0.000000e+00  0.000000e+00 -1.000000e+00
   outer loop
     vertex -3.646000e+00 -1.618600e+01  0.000000e+00
     vertex -5.242000e+00 -1.617200e+01  0.000000e+00
     vertex -4.936000e+00 -1.584000e+01  0.000000e+00
   endloop
 endfacet
 facet normal -0.000000e+00 -0.000000e+00 -1.000000e+00
   outer loop
     vertex -3.646000e+00 -1.618600e+01  0.000000e+00
     vertex -3.545000e+00 -1.662700e+01  0.000000e+00
     vertex -5.242000e+00 -1.617200e+01  0.000000e+00
   endloop
 endfacet
 facet normal -0.000000e+00 -0.000000e+00 -1.000000e+00
   outer loop
     vertex -1.618600e+01 -3.646000e+00  0.000000e+00
     vertex -1.617200e+01 -5.242000e+00  0.000000e+00
     vertex -1.662700e+01 -3.545000e+00  0.000000e+00
   endloop
 endfacet
 facet normal  0.000000e+00  0.000000e+00 -1.000000e+00
   outer loop
     vertex -1.618600e+01 -3.646000e+00  0.000000e+00
     vertex -1.584000e+01 -4.936000e+00  0.000000e+00
     vertex -1.617200e+01 -5.242000e+00  0.000000e+00
   endloop
 endfacet
 facet normal  0.000000e+00  0.000000e+00 -1.000000e+00
   outer loop
     vertex -1.647500e+01 -3.297000e+00  0.000000e+00
     vertex -1.661229e+01 -3.402228e+00  0.000000e+00
     vertex -1.655561e+01 -3.334003e+00  0.000000e+00
   endloop
 endfacet
 facet normal  0.000000e+00 -0.000000e+00 -1.000000e+00
   outer loop
     vertex -1.647500e+01 -3.297000e+00  0.000000e+00
     vertex -1.618600e+01 -3.646000e+00  0.000000e+00
     vertex -1.662700e+01 -3.545000e+00  0.000000e+00
   endloop
 endfacet
 facet normal  0.000000e+00  0.000000e+00 -1.000000e+00
   outer loop
     vertex -1.647500e+01 -3.297000e+00  0.000000e+00
     vertex -1.662700e+01 -3.545000e+00  0.000000e+00
     vertex -1.661229e+01 -3.402228e+00  0.000000e+00
   endloop
 endfacet
 facet normal -0.000000e+00  0.000000e+00 -1.000000e+00
   outer loop
     vertex -3.297000e+00 -1.647500e+01  0.000000e+00
     vertex -3.545000e+00 -1.662700e+01  0.000000e+00
     vertex -3.646000e+00 -1.618600e+01  0.000000e+00
   endloop
 endfacet
 facet normal  0.000000e+00  0.000000e+00 -1.000000e+00
   outer loop
     vertex -3.297000e+00 -1.647500e+01  0.000000e+00
     vertex -3.456374e+00 -1.663061e+01  0.000000e+00
     vertex -3.545000e+00 -1.662700e+01  0.000000e+00
   endloop
 endfacet
 facet normal  0.000000e+00  0.000000e+00 -1.000000e+00
   outer loop
     vertex -3.297000e+00 -1.647500e+01  0.000000e+00
     vertex -3.374902e+00 -1.659555e+01  0.000000e+00
     vertex -3.456374e+00 -1.663061e+01  0.000000e+00
   endloop
 endfacet
 facet normal  0.000000e+00  0.000000e+00 -1.000000e+00
   outer loop
     vertex -3.297000e+00 -1.647500e+01  0.000000e+00
     vertex -3.324765e+00 -1.654250e+01  0.000000e+00
     vertex -3.374902e+00 -1.659555e+01  0.000000e+00
   endloop
 endfacet
 facet normal  0.000000e+00  0.000000e+00 -1.000000e+00
   outer loop
     vertex -9.375000e+00 -1.011300e+01  0.000000e+00
     vertex -1.095100e+01 -1.246300e+01  0.000000e+00
     vertex -1.138900e+01 -1.235200e+01  0.000000e+00
   endloop
 endfacet
 facet normal  0.000000e+00  0.000000e+00 -1.000000e+00
   outer loop
     vertex -1.011300e+01 -9.375000e+00  0.000000e+00
     vertex -1.235200e+01 -1.138900e+01  0.000000e+00
     vertex -1.246300e+01 -1.095100e+01  0.000000e+00
   endloop
 endfacet
 facet normal  0.000000e+00  0.000000e+00 -1.000000e+00
   outer loop
     vertex -1.127300e+01 -7.943000e+00  0.000000e+00
     vertex -1.330300e+01 -9.914000e+00  0.000000e+00
     vertex -1.370900e+01 -9.713000e+00  0.000000e+00
   endloop
 endfacet
 facet normal  0.000000e+00  0.000000e+00 -1.000000e+00
   outer loop
     vertex -7.943000e+00 -1.127300e+01  0.000000e+00
     vertex -9.713000e+00 -1.370900e+01  0.000000e+00
     vertex -9.914000e+00 -1.330300e+01  0.000000e+00
   endloop
 endfacet
 facet normal  0.000000e+00 -0.000000e+00 -1.000000e+00
   outer loop
     vertex -1.024000e+01 -8.951000e+00  0.000000e+00
     vertex -1.011300e+01 -9.375000e+00  0.000000e+00
     vertex -1.246300e+01 -1.095100e+01  0.000000e+00
   endloop
 endfacet
 facet normal -0.000000e+00  0.000000e+00 -1.000000e+00
   outer loop
     vertex -8.951000e+00 -1.024000e+01  0.000000e+00
     vertex -1.095100e+01 -1.246300e+01  0.000000e+00
     vertex -9.375000e+00 -1.011300e+01  0.000000e+00
   endloop
 endfacet
 facet normal -0.000000e+00  0.000000e+00 -1.000000e+00
   outer loop
     vertex -1.088500e+01 -8.156000e+00  0.000000e+00
     vertex -1.330300e+01 -9.914000e+00  0.000000e+00
     vertex -1.127300e+01 -7.943000e+00  0.000000e+00
   endloop
 endfacet
 facet normal  0.000000e+00 -0.000000e+00 -1.000000e+00
   outer loop
     vertex -8.156000e+00 -1.088500e+01  0.000000e+00
     vertex -7.943000e+00 -1.127300e+01  0.000000e+00
     vertex -9.914000e+00 -1.330300e+01  0.000000e+00
   endloop
 endfacet
 facet normal  0.000000e+00  0.000000e+00 -1.000000e+00
   outer loop
     vertex -1.012806e+01 -8.901262e+00  0.000000e+00
     vertex -1.024000e+01 -8.951000e+00  0.000000e+00
     vertex -1.018793e+01 -8.917350e+00  0.000000e+00
   endloop
 endfacet
 facet normal  0.000000e+00  0.000000e+00 -1.000000e+00
   outer loop
     vertex -8.902839e+00 -1.007386e+01  0.000000e+00
     vertex -8.908028e+00 -1.016240e+01  0.000000e+00
     vertex -8.951000e+00 -1.024000e+01  0.000000e+00
   endloop
 endfacet
 facet normal  0.000000e+00 -0.000000e+00 -1.000000e+00
   outer loop
     vertex -8.922381e+00 -1.001502e+01  0.000000e+00
     vertex -8.902839e+00 -1.007386e+01  0.000000e+00
     vertex -8.951000e+00 -1.024000e+01  0.000000e+00
   endloop
 endfacet
 facet normal -0.000000e+00  0.000000e+00 -1.000000e+00
   outer loop
     vertex -9.965000e+00 -8.959000e+00  0.000000e+00
     vertex -1.011300e+01 -9.375000e+00  0.000000e+00
     vertex -1.024000e+01 -8.951000e+00  0.000000e+00
   endloop
 endfacet
 facet normal  0.000000e+00  0.000000e+00 -1.000000e+00
   outer loop
     vertex -9.965000e+00 -8.959000e+00  0.000000e+00
     vertex -1.024000e+01 -8.951000e+00  0.000000e+00
     vertex -1.012806e+01 -8.901262e+00  0.000000e+00
   endloop
 endfacet
 facet normal  0.000000e+00  0.000000e+00 -1.000000e+00
   outer loop
     vertex -9.965000e+00 -8.959000e+00  0.000000e+00
     vertex -1.012806e+01 -8.901262e+00  0.000000e+00
     vertex -1.003997e+01 -8.911590e+00  0.000000e+00
   endloop
 endfacet
 facet normal -0.000000e+00  0.000000e+00 -1.000000e+00
   outer loop
     vertex -8.959000e+00 -9.965000e+00  0.000000e+00
     vertex -9.375000e+00 -1.011300e+01  0.000000e+00
     vertex -1.011300e+01 -9.375000e+00  0.000000e+00
   endloop
 endfacet
 facet normal  0.000000e+00 -0.000000e+00 -1.000000e+00
   outer loop
     vertex -8.959000e+00 -9.965000e+00  0.000000e+00
     vertex -8.951000e+00 -1.024000e+01  0.000000e+00
     vertex -9.375000e+00 -1.011300e+01  0.000000e+00
   endloop
 endfacet
 facet normal  0.000000e+00  0.000000e+00 -1.000000e+00
   outer loop
     vertex -8.959000e+00 -9.965000e+00  0.000000e+00
     vertex -8.922381e+00 -1.001502e+01  0.000000e+00
     vertex -8.951000e+00 -1.024000e+01  0.000000e+00
   endloop
 endfacet
 facet normal  0.000000e+00  0.000000e+00 -1.000000e+00
   outer loop
     vertex -8.959000e+00 -9.965000e+00  0.000000e+00
     vertex -1.011300e+01 -9.375000e+00  0.000000e+00
     vertex -9.965000e+00 -8.959000e+00  0.000000e+00
   endloop
 endfacet
 facet normal  0.000000e+00  0.000000e+00 -1.000000e+00
   outer loop
     vertex -1.184200e+01 -7.068000e+00  0.000000e+00
     vertex -1.444900e+01 -8.572000e+00  0.000000e+00
     vertex -1.446700e+01 -8.121000e+00  0.000000e+00
   endloop
 endfacet
 facet normal  0.000000e+00  0.000000e+00 -1.000000e+00
   outer loop
     vertex -7.068000e+00 -1.184200e+01  0.000000e+00
     vertex -8.121000e+00 -1.446700e+01  0.000000e+00
     vertex -8.572000e+00 -1.444900e+01  0.000000e+00
   endloop
 endfacet
 facet normal  0.000000e+00  0.000000e+00 -1.000000e+00
   outer loop
     vertex -8.056447e+00 -1.081301e+01  0.000000e+00
     vertex -8.156000e+00 -1.088500e+01  0.000000e+00
     vertex -8.111888e+00 -1.084117e+01  0.000000e+00
   endloop
 endfacet
 facet normal  0.000000e+00  0.000000e+00 -1.000000e+00
   outer loop
     vertex -1.080343e+01 -8.003459e+00  0.000000e+00
     vertex -1.082687e+01 -8.089005e+00  0.000000e+00
     vertex -1.088500e+01 -8.156000e+00  0.000000e+00
   endloop
 endfacet
 facet normal  0.000000e+00 -0.000000e+00 -1.000000e+00
   outer loop
     vertex -1.081039e+01 -7.941667e+00  0.000000e+00
     vertex -1.080343e+01 -8.003459e+00  0.000000e+00
     vertex -1.088500e+01 -8.156000e+00  0.000000e+00
   endloop
 endfacet
 facet normal  0.000000e+00 -0.000000e+00 -1.000000e+00
   outer loop
     vertex -1.083600e+01 -7.885000e+00  0.000000e+00
     vertex -1.081039e+01 -7.941667e+00  0.000000e+00
     vertex -1.088500e+01 -8.156000e+00  0.000000e+00
   endloop
 endfacet
 facet normal  0.000000e+00  0.000000e+00 -1.000000e+00
   outer loop
     vertex -1.083600e+01 -7.885000e+00  0.000000e+00
     vertex -1.088500e+01 -8.156000e+00  0.000000e+00
     vertex -1.127300e+01 -7.943000e+00  0.000000e+00
   endloop
 endfacet
 facet normal  0.000000e+00  0.000000e+00 -1.000000e+00
   outer loop
     vertex -7.885000e+00 -1.083600e+01  0.000000e+00
     vertex -7.943000e+00 -1.127300e+01  0.000000e+00
     vertex -8.156000e+00 -1.088500e+01  0.000000e+00
   endloop
 endfacet
 facet normal -0.000000e+00  0.000000e+00 -1.000000e+00
   outer loop
     vertex -7.885000e+00 -1.083600e+01  0.000000e+00
     vertex -8.156000e+00 -1.088500e+01  0.000000e+00
     vertex -8.056447e+00 -1.081301e+01  0.000000e+00
   endloop
 endfacet
 facet normal  0.000000e+00  0.000000e+00 -1.000000e+00
   outer loop
     vertex -7.885000e+00 -1.083600e+01  0.000000e+00
     vertex -8.056447e+00 -1.081301e+01  0.000000e+00
     vertex -7.968109e+00 -1.080501e+01  0.000000e+00
   endloop
 endfacet
 facet normal  0.000000e+00  0.000000e+00 -1.000000e+00
   outer loop
     vertex -1.675972e+01 -1.949394e+00  0.000000e+00
     vertex -1.682559e+01 -1.918089e+00  0.000000e+00
     vertex -1.688409e+01 -1.851415e+00  0.000000e+00
   endloop
 endfacet
 facet normal  0.000000e+00  0.000000e+00 -1.000000e+00
   outer loop
     vertex -1.690800e+01 -1.766000e+00  0.000000e+00
     vertex -1.675972e+01 -1.949394e+00  0.000000e+00
     vertex -1.688409e+01 -1.851415e+00  0.000000e+00
   endloop
 endfacet
 facet normal  0.000000e+00  0.000000e+00 -1.000000e+00
   outer loop
     vertex -1.955000e+00 -1.668800e+01  0.000000e+00
     vertex -1.896369e+00 -1.685074e+01  0.000000e+00
     vertex -1.944189e+00 -1.677604e+01  0.000000e+00
   endloop
 endfacet
 facet normal  0.000000e+00  0.000000e+00 -1.000000e+00
   outer loop
     vertex -1.955000e+00 -1.668800e+01  0.000000e+00
     vertex -1.836452e+00 -1.689137e+01  0.000000e+00
     vertex -1.896369e+00 -1.685074e+01  0.000000e+00
   endloop
 endfacet
 facet normal  0.000000e+00  0.000000e+00 -1.000000e+00
   outer loop
     vertex -1.955000e+00 -1.668800e+01  0.000000e+00
     vertex -1.766000e+00 -1.690800e+01  0.000000e+00
     vertex -1.836452e+00 -1.689137e+01  0.000000e+00
   endloop
 endfacet
 facet normal  0.000000e+00  0.000000e+00 -1.000000e+00
   outer loop
     vertex -1.668700e+01 -1.955000e+00  0.000000e+00
     vertex -1.675972e+01 -1.949394e+00  0.000000e+00
     vertex -1.690800e+01 -1.766000e+00  0.000000e+00
   endloop
 endfacet
 facet normal -0.000000e+00  0.000000e+00 -1.000000e+00
   outer loop
     vertex -6.627000e+00 -1.187900e+01  0.000000e+00
     vertex -8.121000e+00 -1.446700e+01  0.000000e+00
     vertex -7.068000e+00 -1.184200e+01  0.000000e+00
   endloop
 endfacet
 facet normal  0.000000e+00 -0.000000e+00 -1.000000e+00
   outer loop
     vertex -1.187900e+01 -6.627000e+00  0.000000e+00
     vertex -1.184200e+01 -7.068000e+00  0.000000e+00
     vertex -1.446700e+01 -8.121000e+00  0.000000e+00
   endloop
 endfacet
 facet normal  0.000000e+00  0.000000e+00 -1.000000e+00
   outer loop
     vertex -1.175628e+01 -6.600268e+00  0.000000e+00
     vertex -1.187900e+01 -6.627000e+00  0.000000e+00
     vertex -1.181979e+01 -6.603750e+00  0.000000e+00
   endloop
 endfacet
 facet normal  0.000000e+00 -0.000000e+00 -1.000000e+00
   outer loop
     vertex -6.612028e+00 -1.170667e+01  0.000000e+00
     vertex -6.599919e+00 -1.179454e+01  0.000000e+00
     vertex -6.627000e+00 -1.187900e+01  0.000000e+00
   endloop
 endfacet
 facet normal  0.000000e+00  0.000000e+00 -1.000000e+00
   outer loop
     vertex -1.160900e+01 -6.691000e+00  0.000000e+00
     vertex -1.175628e+01 -6.600268e+00  0.000000e+00
     vertex -1.167232e+01 -6.628888e+00  0.000000e+00
   endloop
 endfacet
 facet normal  0.000000e+00  0.000000e+00 -1.000000e+00
   outer loop
     vertex -1.160900e+01 -6.691000e+00  0.000000e+00
     vertex -1.083600e+01 -7.885000e+00  0.000000e+00
     vertex -1.127300e+01 -7.943000e+00  0.000000e+00
   endloop
 endfacet
 facet normal  0.000000e+00 -0.000000e+00 -1.000000e+00
   outer loop
     vertex -1.160900e+01 -6.691000e+00  0.000000e+00
     vertex -1.127300e+01 -7.943000e+00  0.000000e+00
     vertex -1.184200e+01 -7.068000e+00  0.000000e+00
   endloop
 endfacet
 facet normal  0.000000e+00  0.000000e+00 -1.000000e+00
   outer loop
     vertex -1.160900e+01 -6.691000e+00  0.000000e+00
     vertex -1.187900e+01 -6.627000e+00  0.000000e+00
     vertex -1.175628e+01 -6.600268e+00  0.000000e+00
   endloop
 endfacet
 facet normal -0.000000e+00  0.000000e+00 -1.000000e+00
   outer loop
     vertex -1.160900e+01 -6.691000e+00  0.000000e+00
     vertex -1.184200e+01 -7.068000e+00  0.000000e+00
     vertex -1.187900e+01 -6.627000e+00  0.000000e+00
   endloop
 endfacet
 facet normal  0.000000e+00  0.000000e+00 -1.000000e+00
   outer loop
     vertex -6.691000e+00 -1.160900e+01  0.000000e+00
     vertex -7.943000e+00 -1.127300e+01  0.000000e+00
     vertex -7.885000e+00 -1.083600e+01  0.000000e+00
   endloop
 endfacet
 facet normal -0.000000e+00  0.000000e+00 -1.000000e+00
   outer loop
     vertex -6.691000e+00 -1.160900e+01  0.000000e+00
     vertex -7.068000e+00 -1.184200e+01  0.000000e+00
     vertex -7.943000e+00 -1.127300e+01  0.000000e+00
   endloop
 endfacet
 facet normal  0.000000e+00 -0.000000e+00 -1.000000e+00
   outer loop
     vertex -6.691000e+00 -1.160900e+01  0.000000e+00
     vertex -6.627000e+00 -1.187900e+01  0.000000e+00
     vertex -7.068000e+00 -1.184200e+01  0.000000e+00
   endloop
 endfacet
 facet normal  0.000000e+00  0.000000e+00 -1.000000e+00
   outer loop
     vertex -6.643648e+00 -1.165147e+01  0.000000e+00
     vertex -6.612028e+00 -1.170667e+01  0.000000e+00
     vertex -6.627000e+00 -1.187900e+01  0.000000e+00
   endloop
 endfacet
 facet normal -0.000000e+00 -0.000000e+00 -1.000000e+00
   outer loop
     vertex -6.643648e+00 -1.165147e+01  0.000000e+00
     vertex -6.627000e+00 -1.187900e+01  0.000000e+00
     vertex -6.691000e+00 -1.160900e+01  0.000000e+00
   endloop
 endfacet
 facet normal  0.000000e+00  0.000000e+00 -1.000000e+00
   outer loop
     vertex -1.268000e+01 -5.426000e+00  0.000000e+00
     vertex -1.507400e+01 -6.930000e+00  0.000000e+00
     vertex -1.543000e+01 -6.650000e+00  0.000000e+00
   endloop
 endfacet
 facet normal  0.000000e+00  0.000000e+00 -1.000000e+00
   outer loop
     vertex -5.426000e+00 -1.268000e+01  0.000000e+00
     vertex -6.650000e+00 -1.543000e+01  0.000000e+00
     vertex -6.930000e+00 -1.507400e+01  0.000000e+00
   endloop
 endfacet
 facet normal  0.000000e+00 -0.000000e+00 -1.000000e+00
   outer loop
     vertex -5.715000e+00 -1.234200e+01  0.000000e+00
     vertex -5.426000e+00 -1.268000e+01  0.000000e+00
     vertex -6.930000e+00 -1.507400e+01  0.000000e+00
   endloop
 endfacet
 facet normal -0.000000e+00  0.000000e+00 -1.000000e+00
   outer loop
     vertex -1.234200e+01 -5.715000e+00  0.000000e+00
     vertex -1.507400e+01 -6.930000e+00  0.000000e+00
     vertex -1.268000e+01 -5.426000e+00  0.000000e+00
   endloop
 endfacet
 facet normal  0.000000e+00  0.000000e+00 -1.000000e+00
   outer loop
     vertex -1.535000e+00 -1.652000e+01  0.000000e+00
     vertex -1.766000e+00 -1.690800e+01  0.000000e+00
     vertex -1.955000e+00 -1.668800e+01  0.000000e+00
   endloop
 endfacet
 facet normal  0.000000e+00  0.000000e+00 -1.000000e+00
   outer loop
     vertex -1.652000e+01 -1.535000e+00  0.000000e+00
     vertex -1.668700e+01 -1.955000e+00  0.000000e+00
     vertex -1.690800e+01 -1.766000e+00  0.000000e+00
   endloop
 endfacet
 facet normal  0.000000e+00  0.000000e+00 -1.000000e+00
   outer loop
     vertex -1.222964e+01 -5.583476e+00  0.000000e+00
     vertex -1.227087e+01 -5.662014e+00  0.000000e+00
     vertex -1.234200e+01 -5.715000e+00  0.000000e+00
   endloop
 endfacet
 facet normal  0.000000e+00  0.000000e+00 -1.000000e+00
   outer loop
     vertex -1.222320e+01 -5.521739e+00  0.000000e+00
     vertex -1.222964e+01 -5.583476e+00  0.000000e+00
     vertex -1.234200e+01 -5.715000e+00  0.000000e+00
   endloop
 endfacet
 facet normal  0.000000e+00 -0.000000e+00 -1.000000e+00
   outer loop
     vertex -5.461000e+00 -1.223600e+01  0.000000e+00
     vertex -5.426000e+00 -1.268000e+01  0.000000e+00
     vertex -5.715000e+00 -1.234200e+01  0.000000e+00
   endloop
 endfacet
 facet normal -0.000000e+00  0.000000e+00 -1.000000e+00
   outer loop
     vertex -5.461000e+00 -1.223600e+01  0.000000e+00
     vertex -5.633376e+00 -1.225047e+01  0.000000e+00
     vertex -5.548833e+00 -1.222363e+01  0.000000e+00
   endloop
 endfacet
 facet normal  0.000000e+00  0.000000e+00 -1.000000e+00
   outer loop
     vertex -5.461000e+00 -1.223600e+01  0.000000e+00
     vertex -5.681377e+00 -1.228982e+01  0.000000e+00
     vertex -5.633376e+00 -1.225047e+01  0.000000e+00
   endloop
 endfacet
 facet normal  0.000000e+00  0.000000e+00 -1.000000e+00
   outer loop
     vertex -5.461000e+00 -1.223600e+01  0.000000e+00
     vertex -5.715000e+00 -1.234200e+01  0.000000e+00
     vertex -5.681377e+00 -1.228982e+01  0.000000e+00
   endloop
 endfacet
 facet normal -0.000000e+00  0.000000e+00 -1.000000e+00
   outer loop
     vertex -1.223600e+01 -5.461000e+00  0.000000e+00
     vertex -1.234200e+01 -5.715000e+00  0.000000e+00
     vertex -1.268000e+01 -5.426000e+00  0.000000e+00
   endloop
 endfacet
 facet normal  0.000000e+00 -0.000000e+00 -1.000000e+00
   outer loop
     vertex -1.223600e+01 -5.461000e+00  0.000000e+00
     vertex -1.222320e+01 -5.521739e+00  0.000000e+00
     vertex -1.234200e+01 -5.715000e+00  0.000000e+00
   endloop
 endfacet
 facet normal  0.000000e+00  0.000000e+00 -1.000000e+00
   outer loop
     vertex -4.451000e+00 -1.305300e+01  0.000000e+00
     vertex -4.936000e+00 -1.584000e+01  0.000000e+00
     vertex -5.381000e+00 -1.591600e+01  0.000000e+00
   endloop
 endfacet
 facet normal  0.000000e+00  0.000000e+00 -1.000000e+00
   outer loop
     vertex -1.305300e+01 -4.451000e+00  0.000000e+00
     vertex -1.591600e+01 -5.381000e+00  0.000000e+00
     vertex -1.584000e+01 -4.936000e+00  0.000000e+00
   endloop
 endfacet
 facet normal  0.000000e+00  0.000000e+00 -1.000000e+00
   outer loop
     vertex -1.000000e-02 -1.700000e+01  0.000000e+00
     vertex -1.766000e+00 -1.690800e+01  0.000000e+00
     vertex -1.535000e+00 -1.652000e+01  0.000000e+00
   endloop
 endfacet
 facet normal  0.000000e+00  0.000000e+00 -1.000000e+00
   outer loop
     vertex -4.014000e+00 -1.299600e+01  0.000000e+00
     vertex -4.936000e+00 -1.584000e+01  0.000000e+00
     vertex -4.451000e+00 -1.305300e+01  0.000000e+00
   endloop
 endfacet
 facet normal  0.000000e+00  0.000000e+00 -1.000000e+00
   outer loop
     vertex -1.299600e+01 -4.014000e+00  0.000000e+00
     vertex -1.305300e+01 -4.451000e+00  0.000000e+00
     vertex -1.584000e+01 -4.936000e+00  0.000000e+00
   endloop
 endfacet
 facet normal  0.000000e+00  0.000000e+00 -1.000000e+00
   outer loop
     vertex -1.700000e+01 -1.000000e-02  0.000000e+00
     vertex -1.652000e+01 -1.535000e+00  0.000000e+00
     vertex -1.690800e+01 -1.766000e+00  0.000000e+00
   endloop
 endfacet
 facet normal -0.000000e+00  0.000000e+00 -1.000000e+00
   outer loop
     vertex -4.131000e+00 -1.274800e+01  0.000000e+00
     vertex -4.451000e+00 -1.305300e+01  0.000000e+00
     vertex -5.426000e+00 -1.268000e+01  0.000000e+00
   endloop
 endfacet
 facet normal  0.000000e+00  0.000000e+00 -1.000000e+00
   outer loop
     vertex -4.131000e+00 -1.274800e+01  0.000000e+00
     vertex -5.426000e+00 -1.268000e+01  0.000000e+00
     vertex -5.461000e+00 -1.223600e+01  0.000000e+00
   endloop
 endfacet
 facet normal  0.000000e+00 -0.000000e+00 -1.000000e+00
   outer loop
     vertex -4.131000e+00 -1.274800e+01  0.000000e+00
     vertex -4.014000e+00 -1.299600e+01  0.000000e+00
     vertex -4.451000e+00 -1.305300e+01  0.000000e+00
   endloop
 endfacet
 facet normal  0.000000e+00 -0.000000e+00 -1.000000e+00
   outer loop
     vertex -1.274800e+01 -4.131000e+00  0.000000e+00
     vertex -1.268000e+01 -5.426000e+00  0.000000e+00
     vertex -1.305300e+01 -4.451000e+00  0.000000e+00
   endloop
 endfacet
 facet normal  0.000000e+00  0.000000e+00 -1.000000e+00
   outer loop
     vertex -1.274800e+01 -4.131000e+00  0.000000e+00
     vertex -1.223600e+01 -5.461000e+00  0.000000e+00
     vertex -1.268000e+01 -5.426000e+00  0.000000e+00
   endloop
 endfacet
 facet normal -0.000000e+00  0.000000e+00 -1.000000e+00
   outer loop
     vertex -1.274800e+01 -4.131000e+00  0.000000e+00
     vertex -1.305300e+01 -4.451000e+00  0.000000e+00
     vertex -1.299600e+01 -4.014000e+00  0.000000e+00
   endloop
 endfacet
 facet normal  0.000000e+00  0.000000e+00 -1.000000e+00
   outer loop
     vertex -4.078000e+00 -1.277896e+01  0.000000e+00
     vertex -4.005947e+00 -1.290767e+01  0.000000e+00
     vertex -4.014000e+00 -1.299600e+01  0.000000e+00
   endloop
 endfacet
 facet normal  0.000000e+00  0.000000e+00 -1.000000e+00
   outer loop
     vertex -4.078000e+00 -1.277896e+01  0.000000e+00
     vertex -4.036886e+00 -1.282454e+01  0.000000e+00
     vertex -4.005947e+00 -1.290767e+01  0.000000e+00
   endloop
 endfacet
 facet normal -0.000000e+00 -0.000000e+00 -1.000000e+00
   outer loop
     vertex -4.078000e+00 -1.277896e+01  0.000000e+00
     vertex -4.014000e+00 -1.299600e+01  0.000000e+00
     vertex -4.131000e+00 -1.274800e+01  0.000000e+00
   endloop
 endfacet
 facet normal  0.000000e+00  0.000000e+00 -1.000000e+00
   outer loop
     vertex -1.279796e+01 -4.057706e+00  0.000000e+00
     vertex -1.293541e+01 -4.004193e+00  0.000000e+00
     vertex -1.287469e+01 -4.013224e+00  0.000000e+00
   endloop
 endfacet
 facet normal  0.000000e+00  0.000000e+00 -1.000000e+00
   outer loop
     vertex -1.279796e+01 -4.057706e+00  0.000000e+00
     vertex -1.299600e+01 -4.014000e+00  0.000000e+00
     vertex -1.293541e+01 -4.004193e+00  0.000000e+00
   endloop
 endfacet
 facet normal -0.000000e+00 -0.000000e+00 -1.000000e+00
   outer loop
     vertex -1.279796e+01 -4.057706e+00  0.000000e+00
     vertex -1.274800e+01 -4.131000e+00  0.000000e+00
     vertex -1.299600e+01 -4.014000e+00  0.000000e+00
   endloop
 endfacet
 facet normal  0.000000e+00  0.000000e+00 -1.000000e+00
   outer loop
     vertex -1.695667e+01  1.235719e-01  0.000000e+00
     vertex -1.700000e+01 -1.000000e-02  0.000000e+00
     vertex -1.699044e+01  6.071376e-02  0.000000e+00
   endloop
 endfacet
 facet normal -0.000000e+00 -0.000000e+00 -1.000000e+00
   outer loop
     vertex -1.990000e-01 -1.658800e+01  0.000000e+00
     vertex -1.000000e-02 -1.700000e+01  0.000000e+00
     vertex -1.535000e+00 -1.652000e+01  0.000000e+00
   endloop
 endfacet
 facet normal -0.000000e+00 -0.000000e+00 -1.000000e+00
   outer loop
     vertex -1.658800e+01 -1.990000e-01  0.000000e+00
     vertex -1.652000e+01 -1.535000e+00  0.000000e+00
     vertex -1.700000e+01 -1.000000e-02  0.000000e+00
   endloop
 endfacet
 facet normal  0.000000e+00  0.000000e+00 -1.000000e+00
   outer loop
     vertex  1.491790e-01 -1.693229e+01  0.000000e+00
     vertex  7.728858e-02 -1.698424e+01  0.000000e+00
     vertex -1.000000e-02 -1.700000e+01  0.000000e+00
   endloop
 endfacet
 facet normal  0.000000e+00  0.000000e+00 -1.000000e+00
   outer loop
     vertex -1.688741e+01  1.789865e-01  0.000000e+00
     vertex -1.700000e+01 -1.000000e-02  0.000000e+00
     vertex -1.695667e+01  1.235719e-01  0.000000e+00
   endloop
 endfacet
 facet normal -0.000000e+00  0.000000e+00 -1.000000e+00
   outer loop
     vertex  1.990000e-01 -1.680100e+01  0.000000e+00
     vertex -1.000000e-02 -1.700000e+01  0.000000e+00
     vertex -1.990000e-01 -1.658800e+01  0.000000e+00
   endloop
 endfacet
 facet normal  0.000000e+00  0.000000e+00 -1.000000e+00
   outer loop
     vertex  1.990000e-01 -1.680100e+01  0.000000e+00
     vertex  1.491790e-01 -1.693229e+01  0.000000e+00
     vertex -1.000000e-02 -1.700000e+01  0.000000e+00
   endloop
 endfacet
 facet normal  0.000000e+00  0.000000e+00 -1.000000e+00
   outer loop
     vertex  1.990000e-01 -1.680100e+01  0.000000e+00
     vertex  1.859908e-01 -1.687116e+01  0.000000e+00
     vertex  1.491790e-01 -1.693229e+01  0.000000e+00
   endloop
 endfacet
 facet normal  0.000000e+00 -0.000000e+00 -1.000000e+00
   outer loop
     vertex -1.680100e+01  1.990000e-01  0.000000e+00
     vertex -1.658800e+01 -1.990000e-01  0.000000e+00
     vertex -1.700000e+01 -1.000000e-02  0.000000e+00
   endloop
 endfacet
 facet normal  0.000000e+00  0.000000e+00 -1.000000e+00
   outer loop
     vertex -1.680100e+01  1.990000e-01  0.000000e+00
     vertex -1.700000e+01 -1.000000e-02  0.000000e+00
     vertex -1.688741e+01  1.789865e-01  0.000000e+00
   endloop
 endfacet
 facet normal  0.000000e+00  0.000000e+00 -1.000000e+00
   outer loop
     vertex -2.672000e+00 -1.352900e+01  0.000000e+00
     vertex -3.297000e+00 -1.647500e+01  0.000000e+00
     vertex -3.646000e+00 -1.618600e+01  0.000000e+00
   endloop
 endfacet
 facet normal -0.000000e+00  0.000000e+00 -1.000000e+00
   outer loop
     vertex -2.672000e+00 -1.352900e+01  0.000000e+00
     vertex -3.646000e+00 -1.618600e+01  0.000000e+00
     vertex -3.023000e+00 -1.326200e+01  0.000000e+00
   endloop
 endfacet
 facet normal  0.000000e+00 -0.000000e+00 -1.000000e+00
   outer loop
     vertex -1.352900e+01 -2.672000e+00  0.000000e+00
     vertex -1.326200e+01 -3.023000e+00  0.000000e+00
     vertex -1.618600e+01 -3.646000e+00  0.000000e+00
   endloop
 endfacet
 facet normal  0.000000e+00  0.000000e+00 -1.000000e+00
   outer loop
     vertex -1.352900e+01 -2.672000e+00  0.000000e+00
     vertex -1.618600e+01 -3.646000e+00  0.000000e+00
     vertex -1.647500e+01 -3.297000e+00  0.000000e+00
   endloop
 endfacet
 facet normal  0.000000e+00  0.000000e+00 -1.000000e+00
   outer loop
     vertex -2.885469e+00 -1.311139e+01  0.000000e+00
     vertex -3.001104e+00 -1.320395e+01  0.000000e+00
     vertex -2.962474e+00 -1.315541e+01  0.000000e+00
   endloop
 endfacet
 facet normal  0.000000e+00  0.000000e+00 -1.000000e+00
   outer loop
     vertex -2.885469e+00 -1.311139e+01  0.000000e+00
     vertex -3.023000e+00 -1.326200e+01  0.000000e+00
     vertex -3.001104e+00 -1.320395e+01  0.000000e+00
   endloop
 endfacet
 facet normal  0.000000e+00  0.000000e+00 -1.000000e+00
   outer loop
     vertex -2.797000e+00 -1.310500e+01  0.000000e+00
     vertex -3.023000e+00 -1.326200e+01  0.000000e+00
     vertex -2.885469e+00 -1.311139e+01  0.000000e+00
   endloop
 endfacet
 facet normal  0.000000e+00 -0.000000e+00 -1.000000e+00
   outer loop
     vertex -2.797000e+00 -1.310500e+01  0.000000e+00
     vertex -2.672000e+00 -1.352900e+01  0.000000e+00
     vertex -3.023000e+00 -1.326200e+01  0.000000e+00
   endloop
 endfacet
 facet normal  0.000000e+00  0.000000e+00 -1.000000e+00
   outer loop
     vertex -1.310500e+01 -2.797000e+00  0.000000e+00
     vertex -1.318132e+01 -2.986138e+00  0.000000e+00
     vertex -1.326200e+01 -3.023000e+00  0.000000e+00
   endloop
 endfacet
 facet normal  0.000000e+00  0.000000e+00 -1.000000e+00
   outer loop
     vertex -1.310500e+01 -2.797000e+00  0.000000e+00
     vertex -1.312452e+01 -2.918012e+00  0.000000e+00
     vertex -1.318132e+01 -2.986138e+00  0.000000e+00
   endloop
 endfacet
 facet normal  0.000000e+00  0.000000e+00 -1.000000e+00
   outer loop
     vertex -1.310500e+01 -2.797000e+00  0.000000e+00
     vertex -1.310526e+01 -2.859039e+00  0.000000e+00
     vertex -1.312452e+01 -2.918012e+00  0.000000e+00
   endloop
 endfacet
 facet normal -0.000000e+00  0.000000e+00 -1.000000e+00
   outer loop
     vertex -1.310500e+01 -2.797000e+00  0.000000e+00
     vertex -1.326200e+01 -3.023000e+00  0.000000e+00
     vertex -1.352900e+01 -2.672000e+00  0.000000e+00
   endloop
 endfacet
 facet normal  0.000000e+00 -0.000000e+00 -1.000000e+00
   outer loop
     vertex -1.641000e+00 -1.369300e+01  0.000000e+00
     vertex -1.535000e+00 -1.652000e+01  0.000000e+00
     vertex -1.955000e+00 -1.668800e+01  0.000000e+00
   endloop
 endfacet
 facet normal -0.000000e+00  0.000000e+00 -1.000000e+00
   outer loop
     vertex -1.369300e+01 -1.641000e+00  0.000000e+00
     vertex -1.668700e+01 -1.955000e+00  0.000000e+00
     vertex -1.652000e+01 -1.535000e+00  0.000000e+00
   endloop
 endfacet
 facet normal  0.000000e+00  0.000000e+00 -1.000000e+00
   outer loop
     vertex  1.557000e+00 -1.672900e+01  0.000000e+00
     vertex  1.647454e+00 -1.687645e+01  0.000000e+00
     vertex  1.585462e+00 -1.681301e+01  0.000000e+00
   endloop
 endfacet
 facet normal  0.000000e+00  0.000000e+00 -1.000000e+00
   outer loop
     vertex -1.672900e+01  1.557000e+00  0.000000e+00
     vertex -1.685632e+01  1.621304e+00  0.000000e+00
     vertex -1.690000e+01  1.698504e+00  0.000000e+00
   endloop
 endfacet
 facet normal  0.000000e+00  0.000000e+00 -1.000000e+00
   outer loop
     vertex -1.672900e+01  1.557000e+00  0.000000e+00
     vertex -1.679859e+01  1.577415e+00  0.000000e+00
     vertex -1.685632e+01  1.621304e+00  0.000000e+00
   endloop
 endfacet
 facet normal  0.000000e+00  0.000000e+00 -1.000000e+00
   outer loop
     vertex  1.787000e+00 -1.690600e+01  0.000000e+00
     vertex  1.647454e+00 -1.687645e+01  0.000000e+00
     vertex  1.557000e+00 -1.672900e+01  0.000000e+00
   endloop
 endfacet
 facet normal  0.000000e+00  0.000000e+00 -1.000000e+00
   outer loop
     vertex  1.787000e+00 -1.690600e+01  0.000000e+00
     vertex  1.714503e+00 -1.690409e+01  0.000000e+00
     vertex  1.647454e+00 -1.687645e+01  0.000000e+00
   endloop
 endfacet
 facet normal  0.000000e+00  0.000000e+00 -1.000000e+00
   outer loop
     vertex -1.690600e+01  1.787000e+00  0.000000e+00
     vertex -1.672900e+01  1.557000e+00  0.000000e+00
     vertex -1.690000e+01  1.698504e+00  0.000000e+00
   endloop
 endfacet
 facet normal  0.000000e+00  0.000000e+00 -1.000000e+00
   outer loop
     vertex -1.223000e+00 -1.354500e+01  0.000000e+00
     vertex -1.535000e+00 -1.652000e+01  0.000000e+00
     vertex -1.641000e+00 -1.369300e+01  0.000000e+00
   endloop
 endfacet
 facet normal  0.000000e+00  0.000000e+00 -1.000000e+00
   outer loop
     vertex -1.354500e+01 -1.223000e+00  0.000000e+00
     vertex -1.369300e+01 -1.641000e+00  0.000000e+00
     vertex -1.652000e+01 -1.535000e+00  0.000000e+00
   endloop
 endfacet
 facet normal  0.000000e+00  0.000000e+00 -1.000000e+00
   outer loop
     vertex -1.391000e+00 -1.332800e+01  0.000000e+00
     vertex -1.641000e+00 -1.369300e+01  0.000000e+00
     vertex -2.672000e+00 -1.352900e+01  0.000000e+00
   endloop
 endfacet
 facet normal  0.000000e+00 -0.000000e+00 -1.000000e+00
   outer loop
     vertex -1.391000e+00 -1.332800e+01  0.000000e+00
     vertex -1.223000e+00 -1.354500e+01  0.000000e+00
     vertex -1.641000e+00 -1.369300e+01  0.000000e+00
   endloop
 endfacet
 facet normal -0.000000e+00  0.000000e+00 -1.000000e+00
   outer loop
     vertex -1.391000e+00 -1.332800e+01  0.000000e+00
     vertex -2.672000e+00 -1.352900e+01  0.000000e+00
     vertex -2.797000e+00 -1.310500e+01  0.000000e+00
   endloop
 endfacet
 facet normal  0.000000e+00  0.000000e+00 -1.000000e+00
   outer loop
     vertex -1.332800e+01 -1.391000e+00  0.000000e+00
     vertex -1.352900e+01 -2.672000e+00  0.000000e+00
     vertex -1.369300e+01 -1.641000e+00  0.000000e+00
   endloop
 endfacet
 facet normal  0.000000e+00 -0.000000e+00 -1.000000e+00
   outer loop
     vertex -1.332800e+01 -1.391000e+00  0.000000e+00
     vertex -1.310500e+01 -2.797000e+00  0.000000e+00
     vertex -1.352900e+01 -2.672000e+00  0.000000e+00
   endloop
 endfacet
 facet normal -0.000000e+00  0.000000e+00 -1.000000e+00
   outer loop
     vertex -1.332800e+01 -1.391000e+00  0.000000e+00
     vertex -1.369300e+01 -1.641000e+00  0.000000e+00
     vertex -1.354500e+01 -1.223000e+00  0.000000e+00
   endloop
 endfacet
 facet normal  0.000000e+00  0.000000e+00 -1.000000e+00
   outer loop
     vertex -1.336086e+01 -1.308612e+00  0.000000e+00
     vertex -1.348357e+01 -1.226515e+00  0.000000e+00
     vertex -1.342612e+01 -1.248537e+00  0.000000e+00
   endloop
 endfacet
 facet normal  0.000000e+00  0.000000e+00 -1.000000e+00
   outer loop
     vertex -1.336086e+01 -1.308612e+00  0.000000e+00
     vertex -1.354500e+01 -1.223000e+00  0.000000e+00
     vertex -1.348357e+01 -1.226515e+00  0.000000e+00
   endloop
 endfacet
 facet normal -0.000000e+00 -0.000000e+00 -1.000000e+00
   outer loop
     vertex -1.336086e+01 -1.308612e+00  0.000000e+00
     vertex -1.332800e+01 -1.391000e+00  0.000000e+00
     vertex -1.354500e+01 -1.223000e+00  0.000000e+00
   endloop
 endfacet
 facet normal  0.000000e+00  0.000000e+00 -1.000000e+00
   outer loop
     vertex -1.282304e+00 -1.338250e+01  0.000000e+00
     vertex -1.234175e+00 -1.345701e+01  0.000000e+00
     vertex -1.223000e+00 -1.354500e+01  0.000000e+00
   endloop
 endfacet
 facet normal  0.000000e+00  0.000000e+00 -1.000000e+00
   outer loop
     vertex -1.282304e+00 -1.338250e+01  0.000000e+00
     vertex -1.391000e+00 -1.332800e+01  0.000000e+00
     vertex -1.332410e+00 -1.334679e+01  0.000000e+00
   endloop
 endfacet
 facet normal -0.000000e+00 -0.000000e+00 -1.000000e+00
   outer loop
     vertex -1.282304e+00 -1.338250e+01  0.000000e+00
     vertex -1.223000e+00 -1.354500e+01  0.000000e+00
     vertex -1.391000e+00 -1.332800e+01  0.000000e+00
   endloop
 endfacet
 facet normal  0.000000e+00  0.000000e+00 -1.000000e+00
   outer loop
     vertex -1.647700e+01  1.934000e+00  0.000000e+00
     vertex -1.672900e+01  1.557000e+00  0.000000e+00
     vertex -1.690600e+01  1.787000e+00  0.000000e+00
   endloop
 endfacet
 facet normal  0.000000e+00  0.000000e+00 -1.000000e+00
   outer loop
     vertex  1.934000e+00 -1.647700e+01  0.000000e+00
     vertex  1.787000e+00 -1.690600e+01  0.000000e+00
     vertex  1.557000e+00 -1.672900e+01  0.000000e+00
   endloop
 endfacet
 facet normal  0.000000e+00  0.000000e+00 -1.000000e+00
   outer loop
     vertex  1.990000e-01 -1.378900e+01  0.000000e+00
     vertex  1.990000e-01 -1.680100e+01  0.000000e+00
     vertex -1.990000e-01 -1.658800e+01  0.000000e+00
   endloop
 endfacet
 facet normal -0.000000e+00  0.000000e+00 -1.000000e+00
   outer loop
     vertex  1.990000e-01 -1.378900e+01  0.000000e+00
     vertex -1.990000e-01 -1.658800e+01  0.000000e+00
     vertex -1.990000e-01 -1.360000e+01  0.000000e+00
   endloop
 endfacet
 facet normal -0.000000e+00  0.000000e+00 -1.000000e+00
   outer loop
     vertex -1.378900e+01  1.990000e-01  0.000000e+00
     vertex -1.658800e+01 -1.990000e-01  0.000000e+00
     vertex -1.680100e+01  1.990000e-01  0.000000e+00
   endloop
 endfacet
 facet normal  0.000000e+00 -0.000000e+00 -1.000000e+00
   outer loop
     vertex -1.378900e+01  1.990000e-01  0.000000e+00
     vertex -1.360000e+01 -1.990000e-01  0.000000e+00
     vertex -1.658800e+01 -1.990000e-01  0.000000e+00
   endloop
 endfacet
 facet normal  0.000000e+00  0.000000e+00 -1.000000e+00
   outer loop
     vertex -1.341298e+01 -7.066178e-02  0.000000e+00
     vertex -1.344392e+01 -1.244293e-01  0.000000e+00
     vertex -1.351348e+01 -1.794621e-01  0.000000e+00
   endloop
 endfacet
 facet normal  0.000000e+00 -0.000000e+00 -1.000000e+00
   outer loop
     vertex -1.000000e-02 -1.340000e+01  0.000000e+00
     vertex  1.990000e-01 -1.378900e+01  0.000000e+00
     vertex -1.990000e-01 -1.360000e+01  0.000000e+00
   endloop
 endfacet
 facet normal  0.000000e+00  0.000000e+00 -1.000000e+00
   outer loop
     vertex -1.000000e-02 -1.340000e+01  0.000000e+00
     vertex -1.616198e-01 -1.348327e+01  0.000000e+00
     vertex -9.527829e-02 -1.342440e+01  0.000000e+00
   endloop
 endfacet
 facet normal  0.000000e+00  0.000000e+00 -1.000000e+00
   outer loop
     vertex -1.000000e-02 -1.340000e+01  0.000000e+00
     vertex -1.894722e-01 -1.353870e+01  0.000000e+00
     vertex -1.616198e-01 -1.348327e+01  0.000000e+00
   endloop
 endfacet
 facet normal  0.000000e+00  0.000000e+00 -1.000000e+00
   outer loop
     vertex -1.000000e-02 -1.340000e+01  0.000000e+00
     vertex -1.990000e-01 -1.360000e+01  0.000000e+00
     vertex -1.894722e-01 -1.353870e+01  0.000000e+00
   endloop
 endfacet
 facet normal  0.000000e+00  0.000000e+00 -1.000000e+00
   outer loop
     vertex -1.340000e+01 -1.000000e-02  0.000000e+00
     vertex -1.341298e+01 -7.066178e-02  0.000000e+00
     vertex -1.351348e+01 -1.794621e-01  0.000000e+00
   endloop
 endfacet
 facet normal  0.000000e+00  0.000000e+00 -1.000000e+00
   outer loop
     vertex -1.340000e+01 -1.000000e-02  0.000000e+00
     vertex -1.351348e+01 -1.794621e-01  0.000000e+00
     vertex -1.360000e+01 -1.990000e-01  0.000000e+00
   endloop
 endfacet
 facet normal -0.000000e+00  0.000000e+00 -1.000000e+00
   outer loop
     vertex -1.340000e+01 -1.000000e-02  0.000000e+00
     vertex -1.360000e+01 -1.990000e-01  0.000000e+00
     vertex -1.378900e+01  1.990000e-01  0.000000e+00
   endloop
 endfacet
 facet normal -0.000000e+00  0.000000e+00 -1.000000e+00
   outer loop
     vertex  3.523000e+00 -1.663100e+01  0.000000e+00
     vertex  1.787000e+00 -1.690600e+01  0.000000e+00
     vertex  1.934000e+00 -1.647700e+01  0.000000e+00
   endloop
 endfacet
 facet normal  0.000000e+00 -0.000000e+00 -1.000000e+00
   outer loop
     vertex -1.663100e+01  3.523000e+00  0.000000e+00
     vertex -1.647700e+01  1.934000e+00  0.000000e+00
     vertex -1.690600e+01  1.787000e+00  0.000000e+00
   endloop
 endfacet
 facet normal  0.000000e+00 -0.000000e+00 -1.000000e+00
   outer loop
     vertex  3.254000e+00 -1.627000e+01  0.000000e+00
     vertex  3.523000e+00 -1.663100e+01  0.000000e+00
     vertex  1.934000e+00 -1.647700e+01  0.000000e+00
   endloop
 endfacet
 facet normal -0.000000e+00  0.000000e+00 -1.000000e+00
   outer loop
     vertex -1.627000e+01  3.254000e+00  0.000000e+00
     vertex -1.647700e+01  1.934000e+00  0.000000e+00
     vertex -1.663100e+01  3.523000e+00  0.000000e+00
   endloop
 endfacet
 facet normal  0.000000e+00  0.000000e+00 -1.000000e+00
   outer loop
     vertex  3.691012e+00 -1.646464e+01  0.000000e+00
     vertex  3.605644e+00 -1.659879e+01  0.000000e+00
     vertex  3.523000e+00 -1.663100e+01  0.000000e+00
   endloop
 endfacet
 facet normal  0.000000e+00  0.000000e+00 -1.000000e+00
   outer loop
     vertex  3.691012e+00 -1.646464e+01  0.000000e+00
     vertex  3.666230e+00 -1.653401e+01  0.000000e+00
     vertex  3.605644e+00 -1.659879e+01  0.000000e+00
   endloop
 endfacet
 facet normal -0.000000e+00  0.000000e+00 -1.000000e+00
   outer loop
     vertex  3.689000e+00 -1.639100e+01  0.000000e+00
     vertex  3.523000e+00 -1.663100e+01  0.000000e+00
     vertex  3.254000e+00 -1.627000e+01  0.000000e+00
   endloop
 endfacet
 facet normal  0.000000e+00 -0.000000e+00 -1.000000e+00
   outer loop
     vertex  3.689000e+00 -1.639100e+01  0.000000e+00
     vertex  3.691012e+00 -1.646464e+01  0.000000e+00
     vertex  3.523000e+00 -1.663100e+01  0.000000e+00
   endloop
 endfacet
 facet normal  0.000000e+00 -0.000000e+00 -1.000000e+00
   outer loop
     vertex -1.639100e+01  3.689000e+00  0.000000e+00
     vertex -1.627000e+01  3.254000e+00  0.000000e+00
     vertex -1.663100e+01  3.523000e+00  0.000000e+00
   endloop
 endfacet
 facet normal  0.000000e+00  0.000000e+00 -1.000000e+00
   outer loop
     vertex -1.639100e+01  3.689000e+00  0.000000e+00
     vertex -1.655924e+01  3.648776e+00  0.000000e+00
     vertex -1.647969e+01  3.688018e+00  0.000000e+00
   endloop
 endfacet
 facet normal  0.000000e+00  0.000000e+00 -1.000000e+00
   outer loop
     vertex -1.639100e+01  3.689000e+00  0.000000e+00
     vertex -1.660690e+01  3.592611e+00  0.000000e+00
     vertex -1.655924e+01  3.648776e+00  0.000000e+00
   endloop
 endfacet
 facet normal  0.000000e+00  0.000000e+00 -1.000000e+00
   outer loop
     vertex -1.639100e+01  3.689000e+00  0.000000e+00
     vertex -1.663100e+01  3.523000e+00  0.000000e+00
     vertex -1.660690e+01  3.592611e+00  0.000000e+00
   endloop
 endfacet
 facet normal -0.000000e+00  0.000000e+00 -1.000000e+00
   outer loop
     vertex  1.242000e+00 -1.373400e+01  0.000000e+00
     vertex  1.990000e-01 -1.378900e+01  0.000000e+00
     vertex -1.000000e-02 -1.340000e+01  0.000000e+00
   endloop
 endfacet
 facet normal  0.000000e+00  0.000000e+00 -1.000000e+00
   outer loop
     vertex  1.242000e+00 -1.373400e+01  0.000000e+00
     vertex  1.934000e+00 -1.647700e+01  0.000000e+00
     vertex  1.557000e+00 -1.672900e+01  0.000000e+00
   endloop
 endfacet
 facet normal  0.000000e+00 -0.000000e+00 -1.000000e+00
   outer loop
     vertex -1.373400e+01  1.242000e+00  0.000000e+00
     vertex -1.340000e+01 -1.000000e-02  0.000000e+00
     vertex -1.378900e+01  1.990000e-01  0.000000e+00
   endloop
 endfacet
 facet normal  0.000000e+00  0.000000e+00 -1.000000e+00
   outer loop
     vertex -1.373400e+01  1.242000e+00  0.000000e+00
     vertex -1.672900e+01  1.557000e+00  0.000000e+00
     vertex -1.647700e+01  1.934000e+00  0.000000e+00
   endloop
 endfacet
 facet normal  0.000000e+00  0.000000e+00 -1.000000e+00
   outer loop
     vertex  1.412000e+00 -1.332600e+01  0.000000e+00
     vertex  1.242000e+00 -1.373400e+01  0.000000e+00
     vertex -1.000000e-02 -1.340000e+01  0.000000e+00
   endloop
 endfacet
 facet normal  0.000000e+00  0.000000e+00 -1.000000e+00
   outer loop
     vertex -1.332600e+01  1.412000e+00  0.000000e+00
     vertex -1.340000e+01 -1.000000e-02  0.000000e+00
     vertex -1.373400e+01  1.242000e+00  0.000000e+00
   endloop
 endfacet
 facet normal -0.000000e+00  0.000000e+00 -1.000000e+00
   outer loop
     vertex  1.621000e+00 -1.350400e+01  0.000000e+00
     vertex  1.242000e+00 -1.373400e+01  0.000000e+00
     vertex  1.412000e+00 -1.332600e+01  0.000000e+00
   endloop
 endfacet
 facet normal  0.000000e+00 -0.000000e+00 -1.000000e+00
   outer loop
     vertex  1.621000e+00 -1.350400e+01  0.000000e+00
     vertex  1.934000e+00 -1.647700e+01  0.000000e+00
     vertex  1.242000e+00 -1.373400e+01  0.000000e+00
   endloop
 endfacet
 facet normal  0.000000e+00 -0.000000e+00 -1.000000e+00
   outer loop
     vertex -1.350400e+01  1.621000e+00  0.000000e+00
     vertex -1.332600e+01  1.412000e+00  0.000000e+00
     vertex -1.373400e+01  1.242000e+00  0.000000e+00
   endloop
 endfacet
 facet normal -0.000000e+00  0.000000e+00 -1.000000e+00
   outer loop
     vertex -1.350400e+01  1.621000e+00  0.000000e+00
     vertex -1.373400e+01  1.242000e+00  0.000000e+00
     vertex -1.647700e+01  1.934000e+00  0.000000e+00
   endloop
 endfacet
 facet normal -0.000000e+00 -0.000000e+00 -1.000000e+00
   outer loop
     vertex -1.344453e+01  1.604956e+00  0.000000e+00
     vertex -1.332600e+01  1.412000e+00  0.000000e+00
     vertex -1.350400e+01  1.621000e+00  0.000000e+00
   endloop
 endfacet
 facet normal  0.000000e+00  0.000000e+00 -1.000000e+00
   outer loop
     vertex  1.529682e+00 -1.335709e+01  0.000000e+00
     vertex  1.592046e+00 -1.342016e+01  0.000000e+00
     vertex  1.621000e+00 -1.350400e+01  0.000000e+00
   endloop
 endfacet
 facet normal  0.000000e+00  0.000000e+00 -1.000000e+00
   outer loop
     vertex  1.529682e+00 -1.335709e+01  0.000000e+00
     vertex  1.412000e+00 -1.332600e+01  0.000000e+00
     vertex  1.473263e+00 -1.333237e+01  0.000000e+00
   endloop
 endfacet
 facet normal -0.000000e+00 -0.000000e+00 -1.000000e+00
   outer loop
     vertex  1.529682e+00 -1.335709e+01  0.000000e+00
     vertex  1.621000e+00 -1.350400e+01  0.000000e+00
     vertex  1.412000e+00 -1.332600e+01  0.000000e+00
   endloop
 endfacet
 facet normal  0.000000e+00  0.000000e+00 -1.000000e+00
   outer loop
     vertex -1.339277e+01  1.571577e+00  0.000000e+00
     vertex -1.334124e+01  1.499380e+00  0.000000e+00
     vertex -1.332600e+01  1.412000e+00  0.000000e+00
   endloop
 endfacet
 facet normal -0.000000e+00 -0.000000e+00 -1.000000e+00
   outer loop
     vertex -1.339277e+01  1.571577e+00  0.000000e+00
     vertex -1.332600e+01  1.412000e+00  0.000000e+00
     vertex -1.344453e+01  1.604956e+00  0.000000e+00
   endloop
 endfacet
 facet normal  0.000000e+00  0.000000e+00 -1.000000e+00
   outer loop
     vertex  5.190660e+00 -1.617731e+01  0.000000e+00
     vertex  5.119266e+00 -1.616429e+01  0.000000e+00
     vertex  5.045387e+00 -1.611521e+01  0.000000e+00
   endloop
 endfacet
 facet normal -0.000000e+00  0.000000e+00 -1.000000e+00
   outer loop
     vertex  5.262000e+00 -1.616400e+01  0.000000e+00
     vertex  5.190660e+00 -1.617731e+01  0.000000e+00
     vertex  5.045387e+00 -1.611521e+01  0.000000e+00
   endloop
 endfacet
 facet normal  0.000000e+00  0.000000e+00 -1.000000e+00
   outer loop
     vertex  5.262000e+00 -1.616400e+01  0.000000e+00
     vertex  5.045387e+00 -1.611521e+01  0.000000e+00
     vertex  5.000000e+00 -1.603900e+01  0.000000e+00
   endloop
 endfacet
 facet normal  0.000000e+00 -0.000000e+00 -1.000000e+00
   outer loop
     vertex -1.616400e+01  5.262000e+00  0.000000e+00
     vertex -1.615013e+01  5.089575e+00  0.000000e+00
     vertex -1.617667e+01  5.174210e+00  0.000000e+00
   endloop
 endfacet
 facet normal  0.000000e+00  0.000000e+00 -1.000000e+00
   outer loop
     vertex -1.616400e+01  5.262000e+00  0.000000e+00
     vertex -1.610283e+01  5.034537e+00  0.000000e+00
     vertex -1.615013e+01  5.089575e+00  0.000000e+00
   endloop
 endfacet
 facet normal  0.000000e+00  0.000000e+00 -1.000000e+00
   outer loop
     vertex -1.616400e+01  5.262000e+00  0.000000e+00
     vertex -1.603900e+01  5.000000e+00  0.000000e+00
     vertex -1.610283e+01  5.034537e+00  0.000000e+00
   endloop
 endfacet
 facet normal  0.000000e+00  0.000000e+00 -1.000000e+00
   outer loop
     vertex  2.644712e+00 -1.322279e+01  0.000000e+00
     vertex  2.633000e+00 -1.334400e+01  0.000000e+00
     vertex  2.629407e+00 -1.328248e+01  0.000000e+00
   endloop
 endfacet
 facet normal  0.000000e+00  0.000000e+00 -1.000000e+00
   outer loop
     vertex  2.696918e+00 -1.315108e+01  0.000000e+00
     vertex  2.633000e+00 -1.334400e+01  0.000000e+00
     vertex  2.644712e+00 -1.322279e+01  0.000000e+00
   endloop
 endfacet
 facet normal  0.000000e+00  0.000000e+00 -1.000000e+00
   outer loop
     vertex -1.313443e+01  2.718868e+00  0.000000e+00
     vertex -1.317574e+01  2.673142e+00  0.000000e+00
     vertex -1.325531e+01  2.633939e+00  0.000000e+00
   endloop
 endfacet
 facet normal  0.000000e+00  0.000000e+00 -1.000000e+00
   outer loop
     vertex  5.316000e+00 -1.571500e+01  0.000000e+00
     vertex  5.262000e+00 -1.616400e+01  0.000000e+00
     vertex  5.000000e+00 -1.603900e+01  0.000000e+00
   endloop
 endfacet
 facet normal  0.000000e+00  0.000000e+00 -1.000000e+00
   outer loop
     vertex -1.571500e+01  5.316000e+00  0.000000e+00
     vertex -1.603900e+01  5.000000e+00  0.000000e+00
     vertex -1.616400e+01  5.262000e+00  0.000000e+00
   endloop
 endfacet
 facet normal -0.000000e+00 -0.000000e+00 -1.000000e+00
   outer loop
     vertex -1.344700e+01  3.062000e+00  0.000000e+00
     vertex -1.334400e+01  2.633000e+00  0.000000e+00
     vertex -1.627000e+01  3.254000e+00  0.000000e+00
   endloop
 endfacet
 facet normal  0.000000e+00  0.000000e+00 -1.000000e+00
   outer loop
     vertex -1.344700e+01  3.062000e+00  0.000000e+00
     vertex -1.627000e+01  3.254000e+00  0.000000e+00
     vertex -1.639100e+01  3.689000e+00  0.000000e+00
   endloop
 endfacet
 facet normal -0.000000e+00 -0.000000e+00 -1.000000e+00
   outer loop
     vertex  3.063000e+00 -1.344700e+01  0.000000e+00
     vertex  3.254000e+00 -1.627000e+01  0.000000e+00
     vertex  2.633000e+00 -1.334400e+01  0.000000e+00
   endloop
 endfacet
 facet normal  0.000000e+00  0.000000e+00 -1.000000e+00
   outer loop
     vertex  3.063000e+00 -1.344700e+01  0.000000e+00
     vertex  3.689000e+00 -1.639100e+01  0.000000e+00
     vertex  3.254000e+00 -1.627000e+01  0.000000e+00
   endloop
 endfacet
 facet normal  0.000000e+00 -0.000000e+00 -1.000000e+00
   outer loop
     vertex  2.775000e+00 -1.310900e+01  0.000000e+00
     vertex  3.063000e+00 -1.344700e+01  0.000000e+00
     vertex  2.633000e+00 -1.334400e+01  0.000000e+00
   endloop
 endfacet
 facet normal  0.000000e+00  0.000000e+00 -1.000000e+00
   outer loop
     vertex  2.775000e+00 -1.310900e+01  0.000000e+00
     vertex  2.633000e+00 -1.334400e+01  0.000000e+00
     vertex  2.696918e+00 -1.315108e+01  0.000000e+00
   endloop
 endfacet
 facet normal -0.000000e+00  0.000000e+00 -1.000000e+00
   outer loop
     vertex -1.310900e+01  2.775000e+00  0.000000e+00
     vertex -1.334400e+01  2.633000e+00  0.000000e+00
     vertex -1.344700e+01  3.062000e+00  0.000000e+00
   endloop
 endfacet
 facet normal  0.000000e+00  0.000000e+00 -1.000000e+00
   outer loop
     vertex -1.310900e+01  2.775000e+00  0.000000e+00
     vertex -1.325531e+01  2.633939e+00  0.000000e+00
     vertex -1.334400e+01  2.633000e+00  0.000000e+00
   endloop
 endfacet
 facet normal  0.000000e+00  0.000000e+00 -1.000000e+00
   outer loop
     vertex -1.310900e+01  2.775000e+00  0.000000e+00
     vertex -1.313443e+01  2.718868e+00  0.000000e+00
     vertex -1.325531e+01  2.633939e+00  0.000000e+00
   endloop
 endfacet
 facet normal  0.000000e+00  0.000000e+00 -1.000000e+00
   outer loop
     vertex  4.072000e+00 -1.317600e+01  0.000000e+00
     vertex  5.316000e+00 -1.571500e+01  0.000000e+00
     vertex  5.000000e+00 -1.603900e+01  0.000000e+00
   endloop
 endfacet
 facet normal  0.000000e+00  0.000000e+00 -1.000000e+00
   outer loop
     vertex -1.317600e+01  4.072000e+00  0.000000e+00
     vertex -1.603900e+01  5.000000e+00  0.000000e+00
     vertex -1.571500e+01  5.316000e+00  0.000000e+00
   endloop
 endfacet
 facet normal  0.000000e+00  0.000000e+00 -1.000000e+00
   outer loop
     vertex  6.564000e+00 -1.523800e+01  0.000000e+00
     vertex  5.262000e+00 -1.616400e+01  0.000000e+00
     vertex  5.316000e+00 -1.571500e+01  0.000000e+00
   endloop
 endfacet
 facet normal  0.000000e+00  0.000000e+00 -1.000000e+00
   outer loop
     vertex -1.523800e+01  6.564000e+00  0.000000e+00
     vertex -1.571500e+01  5.316000e+00  0.000000e+00
     vertex -1.616400e+01  5.262000e+00  0.000000e+00
   endloop
 endfacet
 facet normal -0.000000e+00  0.000000e+00 -1.000000e+00
   outer loop
     vertex  6.904000e+00 -1.553500e+01  0.000000e+00
     vertex  5.262000e+00 -1.616400e+01  0.000000e+00
     vertex  6.564000e+00 -1.523800e+01  0.000000e+00
   endloop
 endfacet
 facet normal  0.000000e+00 -0.000000e+00 -1.000000e+00
   outer loop
     vertex -1.553500e+01  6.904000e+00  0.000000e+00
     vertex -1.523800e+01  6.564000e+00  0.000000e+00
     vertex -1.616400e+01  5.262000e+00  0.000000e+00
   endloop
 endfacet
 facet normal  0.000000e+00  0.000000e+00 -1.000000e+00
   outer loop
     vertex  4.150000e+00 -1.274000e+01  0.000000e+00
     vertex  3.063000e+00 -1.344700e+01  0.000000e+00
     vertex  2.775000e+00 -1.310900e+01  0.000000e+00
   endloop
 endfacet
 facet normal  0.000000e+00  0.000000e+00 -1.000000e+00
   outer loop
     vertex  4.150000e+00 -1.274000e+01  0.000000e+00
     vertex  4.072000e+00 -1.317600e+01  0.000000e+00
     vertex  3.063000e+00 -1.344700e+01  0.000000e+00
   endloop
 endfacet
 facet normal  0.000000e+00  0.000000e+00 -1.000000e+00
   outer loop
     vertex -1.274000e+01  4.150000e+00  0.000000e+00
     vertex -1.344700e+01  3.062000e+00  0.000000e+00
     vertex -1.317600e+01  4.072000e+00  0.000000e+00
   endloop
 endfacet
 facet normal  0.000000e+00  0.000000e+00 -1.000000e+00
   outer loop
     vertex -1.274000e+01  4.150000e+00  0.000000e+00
     vertex -1.310900e+01  2.775000e+00  0.000000e+00
     vertex -1.344700e+01  3.062000e+00  0.000000e+00
   endloop
 endfacet
 facet normal  0.000000e+00 -0.000000e+00 -1.000000e+00
   outer loop
     vertex  4.393000e+00 -1.287300e+01  0.000000e+00
     vertex  5.316000e+00 -1.571500e+01  0.000000e+00
     vertex  4.072000e+00 -1.317600e+01  0.000000e+00
   endloop
 endfacet
 facet normal  0.000000e+00  0.000000e+00 -1.000000e+00
   outer loop
     vertex  4.393000e+00 -1.287300e+01  0.000000e+00
     vertex  4.150000e+00 -1.274000e+01  0.000000e+00
     vertex  4.212940e+00 -1.273335e+01  0.000000e+00
   endloop
 endfacet
 facet normal -0.000000e+00  0.000000e+00 -1.000000e+00
   outer loop
     vertex  4.393000e+00 -1.287300e+01  0.000000e+00
     vertex  4.072000e+00 -1.317600e+01  0.000000e+00
     vertex  4.150000e+00 -1.274000e+01  0.000000e+00
   endloop
 endfacet
 facet normal -0.000000e+00  0.000000e+00 -1.000000e+00
   outer loop
     vertex -1.287300e+01  4.393000e+00  0.000000e+00
     vertex -1.317600e+01  4.072000e+00  0.000000e+00
     vertex -1.571500e+01  5.316000e+00  0.000000e+00
   endloop
 endfacet
 facet normal  0.000000e+00 -0.000000e+00 -1.000000e+00
   outer loop
     vertex -1.287300e+01  4.393000e+00  0.000000e+00
     vertex -1.274000e+01  4.150000e+00  0.000000e+00
     vertex -1.317600e+01  4.072000e+00  0.000000e+00
   endloop
 endfacet
 facet normal -0.000000e+00 -0.000000e+00 -1.000000e+00
   outer loop
     vertex -1.277148e+01  4.320094e+00  0.000000e+00
     vertex -1.274000e+01  4.150000e+00  0.000000e+00
     vertex -1.287300e+01  4.393000e+00  0.000000e+00
   endloop
 endfacet
 facet normal  0.000000e+00  0.000000e+00 -1.000000e+00
   outer loop
     vertex -1.277148e+01  4.320094e+00  0.000000e+00
     vertex -1.273640e+01  4.238626e+00  0.000000e+00
     vertex -1.274000e+01  4.150000e+00  0.000000e+00
   endloop
 endfacet
 facet normal  0.000000e+00  0.000000e+00 -1.000000e+00
   outer loop
     vertex -1.277148e+01  4.320094e+00  0.000000e+00
     vertex -1.287300e+01  4.393000e+00  0.000000e+00
     vertex -1.281640e+01  4.364681e+00  0.000000e+00
   endloop
 endfacet
 facet normal -0.000000e+00 -0.000000e+00 -1.000000e+00
   outer loop
     vertex  4.348266e+00 -1.279641e+01  0.000000e+00
     vertex  4.393000e+00 -1.287300e+01  0.000000e+00
     vertex  4.212940e+00 -1.273335e+01  0.000000e+00
   endloop
 endfacet
 facet normal  0.000000e+00  0.000000e+00 -1.000000e+00
   outer loop
     vertex  4.348266e+00 -1.279641e+01  0.000000e+00
     vertex  4.212940e+00 -1.273335e+01  0.000000e+00
     vertex  4.274808e+00 -1.274669e+01  0.000000e+00
   endloop
 endfacet
 facet normal  0.000000e+00  0.000000e+00 -1.000000e+00
   outer loop
     vertex  7.032500e+00 -1.533812e+01  0.000000e+00
     vertex  6.977809e+00 -1.548581e+01  0.000000e+00
     vertex  6.904000e+00 -1.553500e+01  0.000000e+00
   endloop
 endfacet
 facet normal  0.000000e+00  0.000000e+00 -1.000000e+00
   outer loop
     vertex  7.032500e+00 -1.533812e+01  0.000000e+00
     vertex  7.023087e+00 -1.540954e+01  0.000000e+00
     vertex  6.977809e+00 -1.548581e+01  0.000000e+00
   endloop
 endfacet
 facet normal -0.000000e+00  0.000000e+00 -1.000000e+00
   outer loop
     vertex  7.016000e+00 -1.526800e+01  0.000000e+00
     vertex  6.904000e+00 -1.553500e+01  0.000000e+00
     vertex  6.564000e+00 -1.523800e+01  0.000000e+00
   endloop
 endfacet
 facet normal  0.000000e+00 -0.000000e+00 -1.000000e+00
   outer loop
     vertex  7.016000e+00 -1.526800e+01  0.000000e+00
     vertex  7.032500e+00 -1.533812e+01  0.000000e+00
     vertex  6.904000e+00 -1.553500e+01  0.000000e+00
   endloop
 endfacet
 facet normal  0.000000e+00 -0.000000e+00 -1.000000e+00
   outer loop
     vertex -1.526800e+01  7.016000e+00  0.000000e+00
     vertex -1.523800e+01  6.564000e+00  0.000000e+00
     vertex -1.553500e+01  6.904000e+00  0.000000e+00
   endloop
 endfacet
 facet normal -0.000000e+00  0.000000e+00 -1.000000e+00
   outer loop
     vertex -1.526800e+01  7.016000e+00  0.000000e+00
     vertex -1.544088e+01  7.009941e+00  0.000000e+00
     vertex -1.535513e+01  7.032627e+00  0.000000e+00
   endloop
 endfacet
 facet normal  0.000000e+00  0.000000e+00 -1.000000e+00
   outer loop
     vertex -1.526800e+01  7.016000e+00  0.000000e+00
     vertex -1.549764e+01  6.965587e+00  0.000000e+00
     vertex -1.544088e+01  7.009941e+00  0.000000e+00
   endloop
 endfacet
 facet normal  0.000000e+00  0.000000e+00 -1.000000e+00
   outer loop
     vertex -1.526800e+01  7.016000e+00  0.000000e+00
     vertex -1.553500e+01  6.904000e+00  0.000000e+00
     vertex -1.549764e+01  6.965587e+00  0.000000e+00
   endloop
 endfacet
 facet normal  0.000000e+00 -0.000000e+00 -1.000000e+00
   outer loop
     vertex  5.336437e+00 -1.238380e+01  0.000000e+00
     vertex  5.350000e+00 -1.250600e+01  0.000000e+00
     vertex  5.333596e+00 -1.244597e+01  0.000000e+00
   endloop
 endfacet
 facet normal  0.000000e+00  0.000000e+00 -1.000000e+00
   outer loop
     vertex -1.233307e+01  5.354194e+00  0.000000e+00
     vertex -1.241906e+01  5.332434e+00  0.000000e+00
     vertex -1.250600e+01  5.350000e+00  0.000000e+00
   endloop
 endfacet
 facet normal  0.000000e+00  0.000000e+00 -1.000000e+00
   outer loop
     vertex  5.441000e+00 -1.224600e+01  0.000000e+00
     vertex  5.336437e+00 -1.238380e+01  0.000000e+00
     vertex  5.373050e+00 -1.230301e+01  0.000000e+00
   endloop
 endfacet
 facet normal  0.000000e+00  0.000000e+00 -1.000000e+00
   outer loop
     vertex  5.441000e+00 -1.224600e+01  0.000000e+00
     vertex  5.350000e+00 -1.250600e+01  0.000000e+00
     vertex  5.336437e+00 -1.238380e+01  0.000000e+00
   endloop
 endfacet
 facet normal  0.000000e+00  0.000000e+00 -1.000000e+00
   outer loop
     vertex -1.224600e+01  5.441000e+00  0.000000e+00
     vertex -1.228270e+01  5.390740e+00  0.000000e+00
     vertex -1.233307e+01  5.354194e+00  0.000000e+00
   endloop
 endfacet
 facet normal  0.000000e+00  0.000000e+00 -1.000000e+00
   outer loop
     vertex -1.224600e+01  5.441000e+00  0.000000e+00
     vertex -1.233307e+01  5.354194e+00  0.000000e+00
     vertex -1.250600e+01  5.350000e+00  0.000000e+00
   endloop
 endfacet
 facet normal -0.000000e+00 -0.000000e+00 -1.000000e+00
   outer loop
     vertex  5.791000e+00 -1.251600e+01  0.000000e+00
     vertex  6.564000e+00 -1.523800e+01  0.000000e+00
     vertex  5.350000e+00 -1.250600e+01  0.000000e+00
   endloop
 endfacet
 facet normal  0.000000e+00  0.000000e+00 -1.000000e+00
   outer loop
     vertex  5.791000e+00 -1.251600e+01  0.000000e+00
     vertex  7.016000e+00 -1.526800e+01  0.000000e+00
     vertex  6.564000e+00 -1.523800e+01  0.000000e+00
   endloop
 endfacet
 facet normal  0.000000e+00  0.000000e+00 -1.000000e+00
   outer loop
     vertex  5.791000e+00 -1.251600e+01  0.000000e+00
     vertex  5.350000e+00 -1.250600e+01  0.000000e+00
     vertex  5.441000e+00 -1.224600e+01  0.000000e+00
   endloop
 endfacet
 facet normal  0.000000e+00  0.000000e+00 -1.000000e+00
   outer loop
     vertex -1.251600e+01  5.791000e+00  0.000000e+00
     vertex -1.523800e+01  6.564000e+00  0.000000e+00
     vertex -1.526800e+01  7.016000e+00  0.000000e+00
   endloop
 endfacet
 facet normal -0.000000e+00 -0.000000e+00 -1.000000e+00
   outer loop
     vertex -1.251600e+01  5.791000e+00  0.000000e+00
     vertex -1.250600e+01  5.350000e+00  0.000000e+00
     vertex -1.523800e+01  6.564000e+00  0.000000e+00
   endloop
 endfacet
 facet normal  0.000000e+00  0.000000e+00 -1.000000e+00
   outer loop
     vertex -1.251600e+01  5.791000e+00  0.000000e+00
     vertex -1.224600e+01  5.441000e+00  0.000000e+00
     vertex -1.250600e+01  5.350000e+00  0.000000e+00
   endloop
 endfacet
 facet normal  0.000000e+00  0.000000e+00 -1.000000e+00
   outer loop
     vertex -1.474766e+01  8.426769e+00  0.000000e+00
     vertex -1.470404e+01  8.274222e+00  0.000000e+00
     vertex -1.473932e+01  8.338464e+00  0.000000e+00
   endloop
 endfacet
 facet normal  0.000000e+00  0.000000e+00 -1.000000e+00
   outer loop
     vertex  8.442281e+00 -1.474502e+01  0.000000e+00
     vertex  8.286778e+00 -1.471353e+01  0.000000e+00
     vertex  8.227000e+00 -1.464800e+01  0.000000e+00
   endloop
 endfacet
 facet normal -0.000000e+00  0.000000e+00 -1.000000e+00
   outer loop
     vertex  8.442281e+00 -1.474502e+01  0.000000e+00
     vertex  8.369015e+00 -1.474676e+01  0.000000e+00
     vertex  8.286778e+00 -1.471353e+01  0.000000e+00
   endloop
 endfacet
 facet normal -0.000000e+00  0.000000e+00 -1.000000e+00
   outer loop
     vertex  8.510000e+00 -1.471700e+01  0.000000e+00
     vertex  8.442281e+00 -1.474502e+01  0.000000e+00
     vertex  8.227000e+00 -1.464800e+01  0.000000e+00
   endloop
 endfacet
 facet normal  0.000000e+00 -0.000000e+00 -1.000000e+00
   outer loop
     vertex -1.471700e+01  8.510000e+00  0.000000e+00
     vertex -1.470404e+01  8.274222e+00  0.000000e+00
     vertex -1.474766e+01  8.426769e+00  0.000000e+00
   endloop
 endfacet
 facet normal  0.000000e+00  0.000000e+00 -1.000000e+00
   outer loop
     vertex -1.471700e+01  8.510000e+00  0.000000e+00
     vertex -1.464800e+01  8.227000e+00  0.000000e+00
     vertex -1.470404e+01  8.274222e+00  0.000000e+00
   endloop
 endfacet
 facet normal  0.000000e+00 -0.000000e+00 -1.000000e+00
   outer loop
     vertex  8.467000e+00 -1.426800e+01  0.000000e+00
     vertex  8.510000e+00 -1.471700e+01  0.000000e+00
     vertex  8.227000e+00 -1.464800e+01  0.000000e+00
   endloop
 endfacet
 facet normal -0.000000e+00  0.000000e+00 -1.000000e+00
   outer loop
     vertex -1.426800e+01  8.467000e+00  0.000000e+00
     vertex -1.464800e+01  8.227000e+00  0.000000e+00
     vertex -1.471700e+01  8.510000e+00  0.000000e+00
   endloop
 endfacet
 facet normal  0.000000e+00  0.000000e+00 -1.000000e+00
   outer loop
     vertex  6.723000e+00 -1.204300e+01  0.000000e+00
     vertex  8.467000e+00 -1.426800e+01  0.000000e+00
     vertex  8.227000e+00 -1.464800e+01  0.000000e+00
   endloop
 endfacet
 facet normal  0.000000e+00  0.000000e+00 -1.000000e+00
   outer loop
     vertex -1.204300e+01  6.723000e+00  0.000000e+00
     vertex -1.464800e+01  8.227000e+00  0.000000e+00
     vertex -1.426800e+01  8.467000e+00  0.000000e+00
   endloop
 endfacet
 facet normal  0.000000e+00 -0.000000e+00 -1.000000e+00
   outer loop
     vertex  6.709000e+00 -1.160000e+01  0.000000e+00
     vertex  6.723000e+00 -1.204300e+01  0.000000e+00
     vertex  5.791000e+00 -1.251600e+01  0.000000e+00
   endloop
 endfacet
 facet normal  0.000000e+00  0.000000e+00 -1.000000e+00
   outer loop
     vertex  6.709000e+00 -1.160000e+01  0.000000e+00
     vertex  5.791000e+00 -1.251600e+01  0.000000e+00
     vertex  5.441000e+00 -1.224600e+01  0.000000e+00
   endloop
 endfacet
 facet normal -0.000000e+00  0.000000e+00 -1.000000e+00
   outer loop
     vertex -1.160000e+01  6.709000e+00  0.000000e+00
     vertex -1.251600e+01  5.791000e+00  0.000000e+00
     vertex -1.204300e+01  6.723000e+00  0.000000e+00
   endloop
 endfacet
 facet normal  0.000000e+00  0.000000e+00 -1.000000e+00
   outer loop
     vertex -1.160000e+01  6.709000e+00  0.000000e+00
     vertex -1.224600e+01  5.441000e+00  0.000000e+00
     vertex -1.251600e+01  5.791000e+00  0.000000e+00
   endloop
 endfacet
 facet normal  0.000000e+00  0.000000e+00 -1.000000e+00
   outer loop
     vertex  6.830142e+00 -1.158046e+01  0.000000e+00
     vertex  6.709000e+00 -1.160000e+01  0.000000e+00
     vertex  6.768035e+00 -1.158071e+01  0.000000e+00
   endloop
 endfacet
 facet normal  0.000000e+00 -0.000000e+00 -1.000000e+00
   outer loop
     vertex  6.973000e+00 -1.167800e+01  0.000000e+00
     vertex  8.467000e+00 -1.426800e+01  0.000000e+00
     vertex  6.723000e+00 -1.204300e+01  0.000000e+00
   endloop
 endfacet
 facet normal -0.000000e+00  0.000000e+00 -1.000000e+00
   outer loop
     vertex  6.973000e+00 -1.167800e+01  0.000000e+00
     vertex  6.723000e+00 -1.204300e+01  0.000000e+00
     vertex  6.709000e+00 -1.160000e+01  0.000000e+00
   endloop
 endfacet
 facet normal  0.000000e+00 -0.000000e+00 -1.000000e+00
   outer loop
     vertex -1.167800e+01  6.973000e+00  0.000000e+00
     vertex -1.160000e+01  6.709000e+00  0.000000e+00
     vertex -1.204300e+01  6.723000e+00  0.000000e+00
   endloop
 endfacet
 facet normal -0.000000e+00  0.000000e+00 -1.000000e+00
   outer loop
     vertex -1.167800e+01  6.973000e+00  0.000000e+00
     vertex -1.204300e+01  6.723000e+00  0.000000e+00
     vertex -1.426800e+01  8.467000e+00  0.000000e+00
   endloop
 endfacet
 facet normal  0.000000e+00  0.000000e+00 -1.000000e+00
   outer loop
     vertex  6.912662e+00 -1.161299e+01  0.000000e+00
     vertex  6.709000e+00 -1.160000e+01  0.000000e+00
     vertex  6.830142e+00 -1.158046e+01  0.000000e+00
   endloop
 endfacet
 facet normal -0.000000e+00 -0.000000e+00 -1.000000e+00
   outer loop
     vertex  6.912662e+00 -1.161299e+01  0.000000e+00
     vertex  6.973000e+00 -1.167800e+01  0.000000e+00
     vertex  6.709000e+00 -1.160000e+01  0.000000e+00
   endloop
 endfacet
 facet normal -0.000000e+00 -0.000000e+00 -1.000000e+00
   outer loop
     vertex -1.162972e+01  6.933928e+00  0.000000e+00
     vertex -1.160000e+01  6.709000e+00  0.000000e+00
     vertex -1.167800e+01  6.973000e+00  0.000000e+00
   endloop
 endfacet
 facet normal  0.000000e+00  0.000000e+00 -1.000000e+00
   outer loop
     vertex -1.162972e+01  6.933928e+00  0.000000e+00
     vertex -1.157822e+01  6.794983e+00  0.000000e+00
     vertex -1.160000e+01  6.709000e+00  0.000000e+00
   endloop
 endfacet
 facet normal  0.000000e+00  0.000000e+00 -1.000000e+00
   outer loop
     vertex -1.162972e+01  6.933928e+00  0.000000e+00
     vertex -1.159576e+01  6.881930e+00  0.000000e+00
     vertex -1.157822e+01  6.794983e+00  0.000000e+00
   endloop
 endfacet
 facet normal  0.000000e+00  0.000000e+00 -1.000000e+00
   outer loop
     vertex  9.590000e+00 -1.353900e+01  0.000000e+00
     vertex  8.510000e+00 -1.471700e+01  0.000000e+00
     vertex  8.467000e+00 -1.426800e+01  0.000000e+00
   endloop
 endfacet
 facet normal  0.000000e+00  0.000000e+00 -1.000000e+00
   outer loop
     vertex -1.353900e+01  9.590000e+00  0.000000e+00
     vertex -1.426800e+01  8.467000e+00  0.000000e+00
     vertex -1.471700e+01  8.510000e+00  0.000000e+00
   endloop
 endfacet
 facet normal -0.000000e+00  0.000000e+00 -1.000000e+00
   outer loop
     vertex  9.984000e+00 -1.375800e+01  0.000000e+00
     vertex  8.510000e+00 -1.471700e+01  0.000000e+00
     vertex  9.590000e+00 -1.353900e+01  0.000000e+00
   endloop
 endfacet
 facet normal  0.000000e+00 -0.000000e+00 -1.000000e+00
   outer loop
     vertex -1.375800e+01  9.984000e+00  0.000000e+00
     vertex -1.353900e+01  9.590000e+00  0.000000e+00
     vertex -1.471700e+01  8.510000e+00  0.000000e+00
   endloop
 endfacet
 facet normal  0.000000e+00  0.000000e+00 -1.000000e+00
   outer loop
     vertex -1.364320e+01  1.006789e+01  0.000000e+00
     vertex -1.375800e+01  9.984000e+00  0.000000e+00
     vertex -1.370831e+01  1.003649e+01  0.000000e+00
   endloop
 endfacet
 facet normal  0.000000e+00 -0.000000e+00 -1.000000e+00
   outer loop
     vertex  1.006812e+01 -1.353824e+01  0.000000e+00
     vertex  1.007401e+01 -1.361028e+01  0.000000e+00
     vertex  1.004580e+01 -1.369438e+01  0.000000e+00
   endloop
 endfacet
 facet normal -0.000000e+00  0.000000e+00 -1.000000e+00
   outer loop
     vertex -1.347300e+01  1.003700e+01  0.000000e+00
     vertex -1.375800e+01  9.984000e+00  0.000000e+00
     vertex -1.364320e+01  1.006789e+01  0.000000e+00
   endloop
 endfacet
 facet normal  0.000000e+00  0.000000e+00 -1.000000e+00
   outer loop
     vertex -1.347300e+01  1.003700e+01  0.000000e+00
     vertex -1.353900e+01  9.590000e+00  0.000000e+00
     vertex -1.375800e+01  9.984000e+00  0.000000e+00
   endloop
 endfacet
 facet normal  0.000000e+00  0.000000e+00 -1.000000e+00
   outer loop
     vertex -1.347300e+01  1.003700e+01  0.000000e+00
     vertex -1.364320e+01  1.006789e+01  0.000000e+00
     vertex -1.355459e+01  1.007180e+01  0.000000e+00
   endloop
 endfacet
 facet normal  0.000000e+00 -0.000000e+00 -1.000000e+00
   outer loop
     vertex  1.003700e+01 -1.347300e+01  0.000000e+00
     vertex  1.004580e+01 -1.369438e+01  0.000000e+00
     vertex  9.984000e+00 -1.375800e+01  0.000000e+00
   endloop
 endfacet
 facet normal  0.000000e+00  0.000000e+00 -1.000000e+00
   outer loop
     vertex  1.003700e+01 -1.347300e+01  0.000000e+00
     vertex  9.984000e+00 -1.375800e+01  0.000000e+00
     vertex  9.590000e+00 -1.353900e+01  0.000000e+00
   endloop
 endfacet
 facet normal  0.000000e+00  0.000000e+00 -1.000000e+00
   outer loop
     vertex  1.003700e+01 -1.347300e+01  0.000000e+00
     vertex  1.006812e+01 -1.353824e+01  0.000000e+00
     vertex  1.004580e+01 -1.369438e+01  0.000000e+00
   endloop
 endfacet
 facet normal  0.000000e+00  0.000000e+00 -1.000000e+00
   outer loop
     vertex  7.812424e+00 -1.091792e+01  0.000000e+00
     vertex  7.803582e+00 -1.106581e+01  0.000000e+00
     vertex  7.793454e+00 -1.100457e+01  0.000000e+00
   endloop
 endfacet
 facet normal  0.000000e+00 -0.000000e+00 -1.000000e+00
   outer loop
     vertex  7.812424e+00 -1.091792e+01  0.000000e+00
     vertex  7.832000e+00 -1.112100e+01  0.000000e+00
     vertex  7.803582e+00 -1.106581e+01  0.000000e+00
   endloop
 endfacet
 facet normal  0.000000e+00  0.000000e+00 -1.000000e+00
   outer loop
     vertex -1.089423e+01  7.825579e+00  0.000000e+00
     vertex -1.095094e+01  7.800329e+00  0.000000e+00
     vertex -1.103957e+01  7.796828e+00  0.000000e+00
   endloop
 endfacet
 facet normal  0.000000e+00  0.000000e+00 -1.000000e+00
   outer loop
     vertex  7.867000e+00 -1.084800e+01  0.000000e+00
     vertex  7.832000e+00 -1.112100e+01  0.000000e+00
     vertex  7.812424e+00 -1.091792e+01  0.000000e+00
   endloop
 endfacet
 facet normal  0.000000e+00  0.000000e+00 -1.000000e+00
   outer loop
     vertex -1.084800e+01  7.867000e+00  0.000000e+00
     vertex -1.103957e+01  7.796828e+00  0.000000e+00
     vertex -1.112100e+01  7.832000e+00  0.000000e+00
   endloop
 endfacet
 facet normal  0.000000e+00  0.000000e+00 -1.000000e+00
   outer loop
     vertex -1.084800e+01  7.867000e+00  0.000000e+00
     vertex -1.089423e+01  7.825579e+00  0.000000e+00
     vertex -1.103957e+01  7.796828e+00  0.000000e+00
   endloop
 endfacet
 facet normal  0.000000e+00 -0.000000e+00 -1.000000e+00
   outer loop
     vertex  8.268000e+00 -1.103900e+01  0.000000e+00
     vertex  9.590000e+00 -1.353900e+01  0.000000e+00
     vertex  7.832000e+00 -1.112100e+01  0.000000e+00
   endloop
 endfacet
 facet normal  0.000000e+00  0.000000e+00 -1.000000e+00
   outer loop
     vertex  8.268000e+00 -1.103900e+01  0.000000e+00
     vertex  1.003700e+01 -1.347300e+01  0.000000e+00
     vertex  9.590000e+00 -1.353900e+01  0.000000e+00
   endloop
 endfacet
 facet normal -0.000000e+00  0.000000e+00 -1.000000e+00
   outer loop
     vertex  8.268000e+00 -1.103900e+01  0.000000e+00
     vertex  7.832000e+00 -1.112100e+01  0.000000e+00
     vertex  7.867000e+00 -1.084800e+01  0.000000e+00
   endloop
 endfacet
 facet normal  0.000000e+00  0.000000e+00 -1.000000e+00
   outer loop
     vertex -1.103900e+01  8.268000e+00  0.000000e+00
     vertex -1.353900e+01  9.590000e+00  0.000000e+00
     vertex -1.347300e+01  1.003700e+01  0.000000e+00
   endloop
 endfacet
 facet normal -0.000000e+00  0.000000e+00 -1.000000e+00
   outer loop
     vertex -1.103900e+01  8.268000e+00  0.000000e+00
     vertex -1.112100e+01  7.832000e+00  0.000000e+00
     vertex -1.353900e+01  9.590000e+00  0.000000e+00
   endloop
 endfacet
 facet normal  0.000000e+00 -0.000000e+00 -1.000000e+00
   outer loop
     vertex -1.103900e+01  8.268000e+00  0.000000e+00
     vertex -1.084800e+01  7.867000e+00  0.000000e+00
     vertex -1.112100e+01  7.832000e+00  0.000000e+00
   endloop
 endfacet
 facet normal  0.000000e+00  0.000000e+00 -1.000000e+00
   outer loop
     vertex -1.268475e+01  1.121994e+01  0.000000e+00
     vertex -1.261900e+01  1.109200e+01  0.000000e+00
     vertex -1.266377e+01  1.114986e+01  0.000000e+00
   endloop
 endfacet
 facet normal  0.000000e+00  0.000000e+00 -1.000000e+00
   outer loop
     vertex  1.132277e+01 -1.266853e+01  0.000000e+00
     vertex  1.125164e+01 -1.268562e+01  0.000000e+00
     vertex  1.116424e+01 -1.267046e+01  0.000000e+00
   endloop
 endfacet
 facet normal  0.000000e+00  0.000000e+00 -1.000000e+00
   outer loop
     vertex  9.078000e+00 -1.038300e+01  0.000000e+00
     vertex  8.268000e+00 -1.103900e+01  0.000000e+00
     vertex  7.867000e+00 -1.084800e+01  0.000000e+00
   endloop
 endfacet
 facet normal  0.000000e+00  0.000000e+00 -1.000000e+00
   outer loop
     vertex -1.038300e+01  9.078000e+00  0.000000e+00
     vertex -1.084800e+01  7.867000e+00  0.000000e+00
     vertex -1.103900e+01  8.268000e+00  0.000000e+00
   endloop
 endfacet
 facet normal -0.000000e+00  0.000000e+00 -1.000000e+00
   outer loop
     vertex  1.138300e+01 -1.262700e+01  0.000000e+00
     vertex  1.116424e+01 -1.267046e+01  0.000000e+00
     vertex  1.109200e+01 -1.261900e+01  0.000000e+00
   endloop
 endfacet
 facet normal  0.000000e+00  0.000000e+00 -1.000000e+00
   outer loop
     vertex  1.138300e+01 -1.262700e+01  0.000000e+00
     vertex  1.132277e+01 -1.266853e+01  0.000000e+00
     vertex  1.116424e+01 -1.267046e+01  0.000000e+00
   endloop
 endfacet
 facet normal  0.000000e+00 -0.000000e+00 -1.000000e+00
   outer loop
     vertex -1.262700e+01  1.138300e+01  0.000000e+00
     vertex -1.261900e+01  1.109200e+01  0.000000e+00
     vertex -1.268475e+01  1.121994e+01  0.000000e+00
   endloop
 endfacet
 facet normal  0.000000e+00  0.000000e+00 -1.000000e+00
   outer loop
     vertex -1.262700e+01  1.138300e+01  0.000000e+00
     vertex -1.268475e+01  1.121994e+01  0.000000e+00
     vertex -1.267441e+01  1.130804e+01  0.000000e+00
   endloop
 endfacet
 facet normal  0.000000e+00 -0.000000e+00 -1.000000e+00
   outer loop
     vertex  8.975000e+00 -9.951000e+00  0.000000e+00
     vertex  9.078000e+00 -1.038300e+01  0.000000e+00
     vertex  7.867000e+00 -1.084800e+01  0.000000e+00
   endloop
 endfacet
 facet normal -0.000000e+00  0.000000e+00 -1.000000e+00
   outer loop
     vertex -9.951000e+00  8.975000e+00  0.000000e+00
     vertex -1.084800e+01  7.867000e+00  0.000000e+00
     vertex -1.038300e+01  9.078000e+00  0.000000e+00
   endloop
 endfacet
 facet normal  0.000000e+00 -0.000000e+00 -1.000000e+00
   outer loop
     vertex  1.124800e+01 -1.219500e+01  0.000000e+00
     vertex  1.138300e+01 -1.262700e+01  0.000000e+00
     vertex  1.109200e+01 -1.261900e+01  0.000000e+00
   endloop
 endfacet
 facet normal -0.000000e+00  0.000000e+00 -1.000000e+00
   outer loop
     vertex  1.124800e+01 -1.219500e+01  0.000000e+00
     vertex  1.109200e+01 -1.261900e+01  0.000000e+00
     vertex  9.078000e+00 -1.038300e+01  0.000000e+00
   endloop
 endfacet
 facet normal -0.000000e+00  0.000000e+00 -1.000000e+00
   outer loop
     vertex -1.219500e+01  1.124800e+01  0.000000e+00
     vertex -1.261900e+01  1.109200e+01  0.000000e+00
     vertex -1.262700e+01  1.138300e+01  0.000000e+00
   endloop
 endfacet
 facet normal  0.000000e+00 -0.000000e+00 -1.000000e+00
   outer loop
     vertex -1.219500e+01  1.124800e+01  0.000000e+00
     vertex -1.038300e+01  9.078000e+00  0.000000e+00
     vertex -1.261900e+01  1.109200e+01  0.000000e+00
   endloop
 endfacet
 facet normal  0.000000e+00  0.000000e+00 -1.000000e+00
   outer loop
     vertex  9.087838e+00 -9.907649e+00  0.000000e+00
     vertex  8.975000e+00 -9.951000e+00  0.000000e+00
     vertex  9.028065e+00 -9.920596e+00  0.000000e+00
   endloop
 endfacet
 facet normal  0.000000e+00  0.000000e+00 -1.000000e+00
   outer loop
     vertex -9.912140e+00  9.143560e+00  0.000000e+00
     vertex -9.912404e+00  9.054862e+00  0.000000e+00
     vertex -9.951000e+00  8.975000e+00  0.000000e+00
   endloop
 endfacet
 facet normal  0.000000e+00  0.000000e+00 -1.000000e+00
   outer loop
     vertex  9.248000e+00 -9.973000e+00  0.000000e+00
     vertex  9.087838e+00 -9.907649e+00  0.000000e+00
     vertex  9.175349e+00 -9.922113e+00  0.000000e+00
   endloop
 endfacet
 facet normal  0.000000e+00 -0.000000e+00 -1.000000e+00
   outer loop
     vertex  9.248000e+00 -9.973000e+00  0.000000e+00
     vertex  1.124800e+01 -1.219500e+01  0.000000e+00
     vertex  9.078000e+00 -1.038300e+01  0.000000e+00
   endloop
 endfacet
 facet normal  0.000000e+00  0.000000e+00 -1.000000e+00
   outer loop
     vertex  9.248000e+00 -9.973000e+00  0.000000e+00
     vertex  8.975000e+00 -9.951000e+00  0.000000e+00
     vertex  9.087838e+00 -9.907649e+00  0.000000e+00
   endloop
 endfacet
 facet normal -0.000000e+00  0.000000e+00 -1.000000e+00
   outer loop
     vertex  9.248000e+00 -9.973000e+00  0.000000e+00
     vertex  9.078000e+00 -1.038300e+01  0.000000e+00
     vertex  8.975000e+00 -9.951000e+00  0.000000e+00
   endloop
 endfacet
 facet normal  0.000000e+00 -0.000000e+00 -1.000000e+00
   outer loop
     vertex -9.973000e+00  9.248000e+00  0.000000e+00
     vertex -9.951000e+00  8.975000e+00  0.000000e+00
     vertex -1.038300e+01  9.078000e+00  0.000000e+00
   endloop
 endfacet
 facet normal -0.000000e+00  0.000000e+00 -1.000000e+00
   outer loop
     vertex -9.973000e+00  9.248000e+00  0.000000e+00
     vertex -1.038300e+01  9.078000e+00  0.000000e+00
     vertex -1.219500e+01  1.124800e+01  0.000000e+00
   endloop
 endfacet
 facet normal  0.000000e+00  0.000000e+00 -1.000000e+00
   outer loop
     vertex -9.973000e+00  9.248000e+00  0.000000e+00
     vertex -9.912140e+00  9.143560e+00  0.000000e+00
     vertex -9.951000e+00  8.975000e+00  0.000000e+00
   endloop
 endfacet
 facet normal  0.000000e+00  0.000000e+00 -1.000000e+00
   outer loop
     vertex -9.973000e+00  9.248000e+00  0.000000e+00
     vertex -9.934491e+00  9.200488e+00  0.000000e+00
     vertex -9.912140e+00  9.143560e+00  0.000000e+00
   endloop
 endfacet
 facet normal -0.000000e+00  0.000000e+00 -1.000000e+00
   outer loop
     vertex -9.028065e+00  9.920596e+00  0.000000e+00
     vertex -9.087838e+00  9.907649e+00  0.000000e+00
     vertex -9.175349e+00  9.922113e+00  0.000000e+00
   endloop
 endfacet
 facet normal  0.000000e+00  0.000000e+00 -1.000000e+00
   outer loop
     vertex  1.219500e+01 -1.124800e+01  0.000000e+00
     vertex  1.138300e+01 -1.262700e+01  0.000000e+00
     vertex  1.124800e+01 -1.219500e+01  0.000000e+00
   endloop
 endfacet
 facet normal  0.000000e+00  0.000000e+00 -1.000000e+00
   outer loop
     vertex -1.124800e+01  1.219500e+01  0.000000e+00
     vertex -1.219500e+01  1.124800e+01  0.000000e+00
     vertex -1.262700e+01  1.138300e+01  0.000000e+00
   endloop
 endfacet
 facet normal  0.000000e+00 -0.000000e+00 -1.000000e+00
   outer loop
     vertex  9.951000e+00 -8.975000e+00  0.000000e+00
     vertex  9.973000e+00 -9.248000e+00  0.000000e+00
     vertex  9.934491e+00 -9.200488e+00  0.000000e+00
   endloop
 endfacet
 facet normal  0.000000e+00  0.000000e+00 -1.000000e+00
   outer loop
     vertex  9.951000e+00 -8.975000e+00  0.000000e+00
     vertex  9.912140e+00 -9.143560e+00  0.000000e+00
     vertex  9.912404e+00 -9.054862e+00  0.000000e+00
   endloop
 endfacet
 facet normal  0.000000e+00  0.000000e+00 -1.000000e+00
   outer loop
     vertex  9.951000e+00 -8.975000e+00  0.000000e+00
     vertex  9.934491e+00 -9.200488e+00  0.000000e+00
     vertex  9.912140e+00 -9.143560e+00  0.000000e+00
   endloop
 endfacet
 facet normal  0.000000e+00  0.000000e+00 -1.000000e+00
   outer loop
     vertex -8.975000e+00  9.951000e+00  0.000000e+00
     vertex -9.028065e+00  9.920596e+00  0.000000e+00
     vertex -9.175349e+00  9.922113e+00  0.000000e+00
   endloop
 endfacet
 facet normal -0.000000e+00  0.000000e+00 -1.000000e+00
   outer loop
     vertex -8.975000e+00  9.951000e+00  0.000000e+00
     vertex -9.175349e+00  9.922113e+00  0.000000e+00
     vertex -9.248000e+00  9.973000e+00  0.000000e+00
   endloop
 endfacet
 facet normal -0.000000e+00  0.000000e+00 -1.000000e+00
   outer loop
     vertex  1.262700e+01 -1.138300e+01  0.000000e+00
     vertex  1.138300e+01 -1.262700e+01  0.000000e+00
     vertex  1.219500e+01 -1.124800e+01  0.000000e+00
   endloop
 endfacet
 facet normal  0.000000e+00 -0.000000e+00 -1.000000e+00
   outer loop
     vertex -1.138300e+01  1.262700e+01  0.000000e+00
     vertex -1.124800e+01  1.219500e+01  0.000000e+00
     vertex -1.262700e+01  1.138300e+01  0.000000e+00
   endloop
 endfacet
 facet normal  0.000000e+00 -0.000000e+00 -1.000000e+00
   outer loop
     vertex  1.038300e+01 -9.078000e+00  0.000000e+00
     vertex  1.219500e+01 -1.124800e+01  0.000000e+00
     vertex  9.973000e+00 -9.248000e+00  0.000000e+00
   endloop
 endfacet
 facet normal -0.000000e+00  0.000000e+00 -1.000000e+00
   outer loop
     vertex  1.038300e+01 -9.078000e+00  0.000000e+00
     vertex  9.973000e+00 -9.248000e+00  0.000000e+00
     vertex  9.951000e+00 -8.975000e+00  0.000000e+00
   endloop
 endfacet
 facet normal  0.000000e+00 -0.000000e+00 -1.000000e+00
   outer loop
     vertex -9.078000e+00  1.038300e+01  0.000000e+00
     vertex -8.975000e+00  9.951000e+00  0.000000e+00
     vertex -9.248000e+00  9.973000e+00  0.000000e+00
   endloop
 endfacet
 facet normal -0.000000e+00  0.000000e+00 -1.000000e+00
   outer loop
     vertex -9.078000e+00  1.038300e+01  0.000000e+00
     vertex -9.248000e+00  9.973000e+00  0.000000e+00
     vertex -1.124800e+01  1.219500e+01  0.000000e+00
   endloop
 endfacet
 facet normal  0.000000e+00  0.000000e+00 -1.000000e+00
   outer loop
     vertex -1.125164e+01  1.268562e+01  0.000000e+00
     vertex -1.138300e+01  1.262700e+01  0.000000e+00
     vertex -1.132277e+01  1.266853e+01  0.000000e+00
   endloop
 endfacet
 facet normal -0.000000e+00  0.000000e+00 -1.000000e+00
   outer loop
     vertex -1.116424e+01  1.267046e+01  0.000000e+00
     vertex -1.138300e+01  1.262700e+01  0.000000e+00
     vertex -1.125164e+01  1.268562e+01  0.000000e+00
   endloop
 endfacet
 facet normal  0.000000e+00  0.000000e+00 -1.000000e+00
   outer loop
     vertex  1.261900e+01 -1.109200e+01  0.000000e+00
     vertex  1.267441e+01 -1.130804e+01  0.000000e+00
     vertex  1.262700e+01 -1.138300e+01  0.000000e+00
   endloop
 endfacet
 facet normal  0.000000e+00  0.000000e+00 -1.000000e+00
   outer loop
     vertex  1.261900e+01 -1.109200e+01  0.000000e+00
     vertex  1.268475e+01 -1.121994e+01  0.000000e+00
     vertex  1.267441e+01 -1.130804e+01  0.000000e+00
   endloop
 endfacet
 facet normal  0.000000e+00  0.000000e+00 -1.000000e+00
   outer loop
     vertex  1.261900e+01 -1.109200e+01  0.000000e+00
     vertex  1.266377e+01 -1.114986e+01  0.000000e+00
     vertex  1.268475e+01 -1.121994e+01  0.000000e+00
   endloop
 endfacet
 facet normal  0.000000e+00 -0.000000e+00 -1.000000e+00
   outer loop
     vertex  1.261900e+01 -1.109200e+01  0.000000e+00
     vertex  1.262700e+01 -1.138300e+01  0.000000e+00
     vertex  1.219500e+01 -1.124800e+01  0.000000e+00
   endloop
 endfacet
 facet normal -0.000000e+00  0.000000e+00 -1.000000e+00
   outer loop
     vertex  1.261900e+01 -1.109200e+01  0.000000e+00
     vertex  1.219500e+01 -1.124800e+01  0.000000e+00
     vertex  1.038300e+01 -9.078000e+00  0.000000e+00
   endloop
 endfacet
 facet normal -0.000000e+00  0.000000e+00 -1.000000e+00
   outer loop
     vertex -1.109200e+01  1.261900e+01  0.000000e+00
     vertex -1.124800e+01  1.219500e+01  0.000000e+00
     vertex -1.138300e+01  1.262700e+01  0.000000e+00
   endloop
 endfacet
 facet normal  0.000000e+00 -0.000000e+00 -1.000000e+00
   outer loop
     vertex -1.109200e+01  1.261900e+01  0.000000e+00
     vertex -9.078000e+00  1.038300e+01  0.000000e+00
     vertex -1.124800e+01  1.219500e+01  0.000000e+00
   endloop
 endfacet
 facet normal  0.000000e+00  0.000000e+00 -1.000000e+00
   outer loop
     vertex -1.109200e+01  1.261900e+01  0.000000e+00
     vertex -1.138300e+01  1.262700e+01  0.000000e+00
     vertex -1.116424e+01  1.267046e+01  0.000000e+00
   endloop
 endfacet
 facet normal  0.000000e+00 -0.000000e+00 -1.000000e+00
   outer loop
     vertex  1.084800e+01 -7.867000e+00  0.000000e+00
     vertex  1.103900e+01 -8.268000e+00  0.000000e+00
     vertex  1.038300e+01 -9.078000e+00  0.000000e+00
   endloop
 endfacet
 facet normal  0.000000e+00  0.000000e+00 -1.000000e+00
   outer loop
     vertex  1.084800e+01 -7.867000e+00  0.000000e+00
     vertex  1.038300e+01 -9.078000e+00  0.000000e+00
     vertex  9.951000e+00 -8.975000e+00  0.000000e+00
   endloop
 endfacet
 facet normal -0.000000e+00  0.000000e+00 -1.000000e+00
   outer loop
     vertex -7.867000e+00  1.084800e+01  0.000000e+00
     vertex -9.078000e+00  1.038300e+01  0.000000e+00
     vertex -8.268000e+00  1.103900e+01  0.000000e+00
   endloop
 endfacet
 facet normal  0.000000e+00  0.000000e+00 -1.000000e+00
   outer loop
     vertex -7.867000e+00  1.084800e+01  0.000000e+00
     vertex -8.975000e+00  9.951000e+00  0.000000e+00
     vertex -9.078000e+00  1.038300e+01  0.000000e+00
   endloop
 endfacet
 facet normal  0.000000e+00  0.000000e+00 -1.000000e+00
   outer loop
     vertex  1.103957e+01 -7.796828e+00  0.000000e+00
     vertex  1.089423e+01 -7.825579e+00  0.000000e+00
     vertex  1.095094e+01 -7.800329e+00  0.000000e+00
   endloop
 endfacet
 facet normal  0.000000e+00  0.000000e+00 -1.000000e+00
   outer loop
     vertex  1.103957e+01 -7.796828e+00  0.000000e+00
     vertex  1.084800e+01 -7.867000e+00  0.000000e+00
     vertex  1.089423e+01 -7.825579e+00  0.000000e+00
   endloop
 endfacet
 facet normal  0.000000e+00  0.000000e+00 -1.000000e+00
   outer loop
     vertex  1.112100e+01 -7.832000e+00  0.000000e+00
     vertex  1.103900e+01 -8.268000e+00  0.000000e+00
     vertex  1.084800e+01 -7.867000e+00  0.000000e+00
   endloop
 endfacet
 facet normal -0.000000e+00  0.000000e+00 -1.000000e+00
   outer loop
     vertex  1.112100e+01 -7.832000e+00  0.000000e+00
     vertex  1.084800e+01 -7.867000e+00  0.000000e+00
     vertex  1.103957e+01 -7.796828e+00  0.000000e+00
   endloop
 endfacet
 facet normal  0.000000e+00  0.000000e+00 -1.000000e+00
   outer loop
     vertex -7.832000e+00  1.112100e+01  0.000000e+00
     vertex -7.867000e+00  1.084800e+01  0.000000e+00
     vertex -8.268000e+00  1.103900e+01  0.000000e+00
   endloop
 endfacet
 facet normal  0.000000e+00 -0.000000e+00 -1.000000e+00
   outer loop
     vertex -7.832000e+00  1.112100e+01  0.000000e+00
     vertex -7.812424e+00  1.091792e+01  0.000000e+00
     vertex -7.867000e+00  1.084800e+01  0.000000e+00
   endloop
 endfacet
 facet normal  0.000000e+00  0.000000e+00 -1.000000e+00
   outer loop
     vertex -7.832000e+00  1.112100e+01  0.000000e+00
     vertex -7.793454e+00  1.100457e+01  0.000000e+00
     vertex -7.812424e+00  1.091792e+01  0.000000e+00
   endloop
 endfacet
 facet normal  0.000000e+00  0.000000e+00 -1.000000e+00
   outer loop
     vertex -7.832000e+00  1.112100e+01  0.000000e+00
     vertex -7.803582e+00  1.106581e+01  0.000000e+00
     vertex -7.793454e+00  1.100457e+01  0.000000e+00
   endloop
 endfacet
 facet normal  0.000000e+00  0.000000e+00 -1.000000e+00
   outer loop
     vertex -1.007401e+01  1.361028e+01  0.000000e+00
     vertex -1.003700e+01  1.347300e+01  0.000000e+00
     vertex -1.006812e+01  1.353824e+01  0.000000e+00
   endloop
 endfacet
 facet normal  0.000000e+00  0.000000e+00 -1.000000e+00
   outer loop
     vertex  1.375800e+01 -9.984000e+00  0.000000e+00
     vertex  1.355459e+01 -1.007180e+01  0.000000e+00
     vertex  1.347300e+01 -1.003700e+01  0.000000e+00
   endloop
 endfacet
 facet normal  0.000000e+00  0.000000e+00 -1.000000e+00
   outer loop
     vertex  1.375800e+01 -9.984000e+00  0.000000e+00
     vertex  1.364320e+01 -1.006789e+01  0.000000e+00
     vertex  1.355459e+01 -1.007180e+01  0.000000e+00
   endloop
 endfacet
 facet normal  0.000000e+00  0.000000e+00 -1.000000e+00
   outer loop
     vertex  1.375800e+01 -9.984000e+00  0.000000e+00
     vertex  1.370831e+01 -1.003649e+01  0.000000e+00
     vertex  1.364320e+01 -1.006789e+01  0.000000e+00
   endloop
 endfacet
 facet normal  0.000000e+00  0.000000e+00 -1.000000e+00
   outer loop
     vertex -9.984000e+00  1.375800e+01  0.000000e+00
     vertex -1.003700e+01  1.347300e+01  0.000000e+00
     vertex -1.007401e+01  1.361028e+01  0.000000e+00
   endloop
 endfacet
 facet normal  0.000000e+00  0.000000e+00 -1.000000e+00
   outer loop
     vertex -9.984000e+00  1.375800e+01  0.000000e+00
     vertex -1.007401e+01  1.361028e+01  0.000000e+00
     vertex -1.004580e+01  1.369438e+01  0.000000e+00
   endloop
 endfacet
 facet normal -0.000000e+00  0.000000e+00 -1.000000e+00
   outer loop
     vertex  1.353900e+01 -9.590000e+00  0.000000e+00
     vertex  1.347300e+01 -1.003700e+01  0.000000e+00
     vertex  1.103900e+01 -8.268000e+00  0.000000e+00
   endloop
 endfacet
 facet normal  0.000000e+00 -0.000000e+00 -1.000000e+00
   outer loop
     vertex  1.353900e+01 -9.590000e+00  0.000000e+00
     vertex  1.375800e+01 -9.984000e+00  0.000000e+00
     vertex  1.347300e+01 -1.003700e+01  0.000000e+00
   endloop
 endfacet
 facet normal  0.000000e+00  0.000000e+00 -1.000000e+00
   outer loop
     vertex  1.353900e+01 -9.590000e+00  0.000000e+00
     vertex  1.103900e+01 -8.268000e+00  0.000000e+00
     vertex  1.112100e+01 -7.832000e+00  0.000000e+00
   endloop
 endfacet
 facet normal -0.000000e+00  0.000000e+00 -1.000000e+00
   outer loop
     vertex -9.590000e+00  1.353900e+01  0.000000e+00
     vertex -1.003700e+01  1.347300e+01  0.000000e+00
     vertex -9.984000e+00  1.375800e+01  0.000000e+00
   endloop
 endfacet
 facet normal  0.000000e+00 -0.000000e+00 -1.000000e+00
   outer loop
     vertex -9.590000e+00  1.353900e+01  0.000000e+00
     vertex -8.268000e+00  1.103900e+01  0.000000e+00
     vertex -1.003700e+01  1.347300e+01  0.000000e+00
   endloop
 endfacet
 facet normal  0.000000e+00  0.000000e+00 -1.000000e+00
   outer loop
     vertex -9.590000e+00  1.353900e+01  0.000000e+00
     vertex -7.832000e+00  1.112100e+01  0.000000e+00
     vertex -8.268000e+00  1.103900e+01  0.000000e+00
   endloop
 endfacet
 facet normal  0.000000e+00  0.000000e+00 -1.000000e+00
   outer loop
     vertex  1.157822e+01 -6.794983e+00  0.000000e+00
     vertex  1.162972e+01 -6.933928e+00  0.000000e+00
     vertex  1.159576e+01 -6.881930e+00  0.000000e+00
   endloop
 endfacet
 facet normal  0.000000e+00  0.000000e+00 -1.000000e+00
   outer loop
     vertex  1.157822e+01 -6.794983e+00  0.000000e+00
     vertex  1.167800e+01 -6.973000e+00  0.000000e+00
     vertex  1.162972e+01 -6.933928e+00  0.000000e+00
   endloop
 endfacet
 facet normal  0.000000e+00 -0.000000e+00 -1.000000e+00
   outer loop
     vertex  1.160000e+01 -6.709000e+00  0.000000e+00
     vertex  1.167800e+01 -6.973000e+00  0.000000e+00
     vertex  1.157822e+01 -6.794983e+00  0.000000e+00
   endloop
 endfacet
 facet normal  0.000000e+00  0.000000e+00 -1.000000e+00
   outer loop
     vertex -6.709000e+00  1.160000e+01  0.000000e+00
     vertex -6.912662e+00  1.161299e+01  0.000000e+00
     vertex -6.973000e+00  1.167800e+01  0.000000e+00
   endloop
 endfacet
 facet normal -0.000000e+00  0.000000e+00 -1.000000e+00
   outer loop
     vertex -6.709000e+00  1.160000e+01  0.000000e+00
     vertex -6.830142e+00  1.158046e+01  0.000000e+00
     vertex -6.912662e+00  1.161299e+01  0.000000e+00
   endloop
 endfacet
 facet normal  0.000000e+00  0.000000e+00 -1.000000e+00
   outer loop
     vertex -6.709000e+00  1.160000e+01  0.000000e+00
     vertex -6.768035e+00  1.158071e+01  0.000000e+00
     vertex -6.830142e+00  1.158046e+01  0.000000e+00
   endloop
 endfacet
 facet normal -0.000000e+00  0.000000e+00 -1.000000e+00
   outer loop
     vertex  1.204300e+01 -6.723000e+00  0.000000e+00
     vertex  1.167800e+01 -6.973000e+00  0.000000e+00
     vertex  1.160000e+01 -6.709000e+00  0.000000e+00
   endloop
 endfacet
 facet normal  0.000000e+00 -0.000000e+00 -1.000000e+00
   outer loop
     vertex -6.723000e+00  1.204300e+01  0.000000e+00
     vertex -6.709000e+00  1.160000e+01  0.000000e+00
     vertex -6.973000e+00  1.167800e+01  0.000000e+00
   endloop
 endfacet
 facet normal  0.000000e+00  0.000000e+00 -1.000000e+00
   outer loop
     vertex  1.426800e+01 -8.467000e+00  0.000000e+00
     vertex  1.167800e+01 -6.973000e+00  0.000000e+00
     vertex  1.204300e+01 -6.723000e+00  0.000000e+00
   endloop
 endfacet
 facet normal  0.000000e+00  0.000000e+00 -1.000000e+00
   outer loop
     vertex -8.467000e+00  1.426800e+01  0.000000e+00
     vertex -6.723000e+00  1.204300e+01  0.000000e+00
     vertex -6.973000e+00  1.167800e+01  0.000000e+00
   endloop
 endfacet
 facet normal  0.000000e+00  0.000000e+00 -1.000000e+00
   outer loop
     vertex  1.471700e+01 -8.510000e+00  0.000000e+00
     vertex  1.375800e+01 -9.984000e+00  0.000000e+00
     vertex  1.353900e+01 -9.590000e+00  0.000000e+00
   endloop
 endfacet
 facet normal -0.000000e+00  0.000000e+00 -1.000000e+00
   outer loop
     vertex  1.471700e+01 -8.510000e+00  0.000000e+00
     vertex  1.353900e+01 -9.590000e+00  0.000000e+00
     vertex  1.426800e+01 -8.467000e+00  0.000000e+00
   endloop
 endfacet
 facet normal  0.000000e+00  0.000000e+00 -1.000000e+00
   outer loop
     vertex -8.510000e+00  1.471700e+01  0.000000e+00
     vertex -9.590000e+00  1.353900e+01  0.000000e+00
     vertex -9.984000e+00  1.375800e+01  0.000000e+00
   endloop
 endfacet
 facet normal  0.000000e+00 -0.000000e+00 -1.000000e+00
   outer loop
     vertex -8.510000e+00  1.471700e+01  0.000000e+00
     vertex -8.467000e+00  1.426800e+01  0.000000e+00
     vertex -9.590000e+00  1.353900e+01  0.000000e+00
   endloop
 endfacet
 facet normal -0.000000e+00  0.000000e+00 -1.000000e+00
   outer loop
     vertex  1.464800e+01 -8.227000e+00  0.000000e+00
     vertex  1.426800e+01 -8.467000e+00  0.000000e+00
     vertex  1.204300e+01 -6.723000e+00  0.000000e+00
   endloop
 endfacet
 facet normal  0.000000e+00 -0.000000e+00 -1.000000e+00
   outer loop
     vertex  1.464800e+01 -8.227000e+00  0.000000e+00
     vertex  1.471700e+01 -8.510000e+00  0.000000e+00
     vertex  1.426800e+01 -8.467000e+00  0.000000e+00
   endloop
 endfacet
 facet normal  0.000000e+00 -0.000000e+00 -1.000000e+00
   outer loop
     vertex -8.227000e+00  1.464800e+01  0.000000e+00
     vertex -6.723000e+00  1.204300e+01  0.000000e+00
     vertex -8.467000e+00  1.426800e+01  0.000000e+00
   endloop
 endfacet
 facet normal -0.000000e+00  0.000000e+00 -1.000000e+00
   outer loop
     vertex -8.227000e+00  1.464800e+01  0.000000e+00
     vertex -8.467000e+00  1.426800e+01  0.000000e+00
     vertex -8.510000e+00  1.471700e+01  0.000000e+00
   endloop
 endfacet
 facet normal  0.000000e+00  0.000000e+00 -1.000000e+00
   outer loop
     vertex -8.286778e+00  1.471353e+01  0.000000e+00
     vertex -8.442281e+00  1.474502e+01  0.000000e+00
     vertex -8.369015e+00  1.474676e+01  0.000000e+00
   endloop
 endfacet
 facet normal  0.000000e+00  0.000000e+00 -1.000000e+00
   outer loop
     vertex -8.286778e+00  1.471353e+01  0.000000e+00
     vertex -8.510000e+00  1.471700e+01  0.000000e+00
     vertex -8.442281e+00  1.474502e+01  0.000000e+00
   endloop
 endfacet
 facet normal -0.000000e+00 -0.000000e+00 -1.000000e+00
   outer loop
     vertex -8.286778e+00  1.471353e+01  0.000000e+00
     vertex -8.227000e+00  1.464800e+01  0.000000e+00
     vertex -8.510000e+00  1.471700e+01  0.000000e+00
   endloop
 endfacet
 facet normal  0.000000e+00  0.000000e+00 -1.000000e+00
   outer loop
     vertex  1.470404e+01 -8.274222e+00  0.000000e+00
     vertex  1.474766e+01 -8.426769e+00  0.000000e+00
     vertex  1.471700e+01 -8.510000e+00  0.000000e+00
   endloop
 endfacet
 facet normal  0.000000e+00  0.000000e+00 -1.000000e+00
   outer loop
     vertex  1.470404e+01 -8.274222e+00  0.000000e+00
     vertex  1.473932e+01 -8.338464e+00  0.000000e+00
     vertex  1.474766e+01 -8.426769e+00  0.000000e+00
   endloop
 endfacet
 facet normal -0.000000e+00 -0.000000e+00 -1.000000e+00
   outer loop
     vertex  1.470404e+01 -8.274222e+00  0.000000e+00
     vertex  1.471700e+01 -8.510000e+00  0.000000e+00
     vertex  1.464800e+01 -8.227000e+00  0.000000e+00
   endloop
 endfacet
 facet normal  0.000000e+00  0.000000e+00 -1.000000e+00
   outer loop
     vertex  1.251600e+01 -5.791000e+00  0.000000e+00
     vertex  1.204300e+01 -6.723000e+00  0.000000e+00
     vertex  1.160000e+01 -6.709000e+00  0.000000e+00
   endloop
 endfacet
 facet normal  0.000000e+00  0.000000e+00 -1.000000e+00
   outer loop
     vertex -5.791000e+00  1.251600e+01  0.000000e+00
     vertex -6.709000e+00  1.160000e+01  0.000000e+00
     vertex -6.723000e+00  1.204300e+01  0.000000e+00
   endloop
 endfacet
 facet normal  0.000000e+00 -0.000000e+00 -1.000000e+00
   outer loop
     vertex  1.224600e+01 -5.441000e+00  0.000000e+00
     vertex  1.251600e+01 -5.791000e+00  0.000000e+00
     vertex  1.160000e+01 -6.709000e+00  0.000000e+00
   endloop
 endfacet
 facet normal -0.000000e+00  0.000000e+00 -1.000000e+00
   outer loop
     vertex -5.441000e+00  1.224600e+01  0.000000e+00
     vertex -6.709000e+00  1.160000e+01  0.000000e+00
     vertex -5.791000e+00  1.251600e+01  0.000000e+00
   endloop
 endfacet
 facet normal  0.000000e+00  0.000000e+00 -1.000000e+00
   outer loop
     vertex  1.233307e+01 -5.354194e+00  0.000000e+00
     vertex  1.224600e+01 -5.441000e+00  0.000000e+00
     vertex  1.228270e+01 -5.390740e+00  0.000000e+00
   endloop
 endfacet
 facet normal  0.000000e+00  0.000000e+00 -1.000000e+00
   outer loop
     vertex -5.333596e+00  1.244597e+01  0.000000e+00
     vertex -5.336437e+00  1.238380e+01  0.000000e+00
     vertex -5.373050e+00  1.230301e+01  0.000000e+00
   endloop
 endfacet
 facet normal  0.000000e+00  0.000000e+00 -1.000000e+00
   outer loop
     vertex -5.333596e+00  1.244597e+01  0.000000e+00
     vertex -5.373050e+00  1.230301e+01  0.000000e+00
     vertex -5.441000e+00  1.224600e+01  0.000000e+00
   endloop
 endfacet
 facet normal  0.000000e+00 -0.000000e+00 -1.000000e+00
   outer loop
     vertex  1.250600e+01 -5.350000e+00  0.000000e+00
     vertex  1.251600e+01 -5.791000e+00  0.000000e+00
     vertex  1.224600e+01 -5.441000e+00  0.000000e+00
   endloop
 endfacet
 facet normal  0.000000e+00  0.000000e+00 -1.000000e+00
   outer loop
     vertex  1.250600e+01 -5.350000e+00  0.000000e+00
     vertex  1.224600e+01 -5.441000e+00  0.000000e+00
     vertex  1.233307e+01 -5.354194e+00  0.000000e+00
   endloop
 endfacet
 facet normal -0.000000e+00  0.000000e+00 -1.000000e+00
   outer loop
     vertex  1.250600e+01 -5.350000e+00  0.000000e+00
     vertex  1.233307e+01 -5.354194e+00  0.000000e+00
     vertex  1.241906e+01 -5.332434e+00  0.000000e+00
   endloop
 endfacet
 facet normal -0.000000e+00  0.000000e+00 -1.000000e+00
   outer loop
     vertex -5.350000e+00  1.250600e+01  0.000000e+00
     vertex -5.441000e+00  1.224600e+01  0.000000e+00
     vertex -5.791000e+00  1.251600e+01  0.000000e+00
   endloop
 endfacet
 facet normal  0.000000e+00 -0.000000e+00 -1.000000e+00
   outer loop
     vertex -5.350000e+00  1.250600e+01  0.000000e+00
     vertex -5.333596e+00  1.244597e+01  0.000000e+00
     vertex -5.441000e+00  1.224600e+01  0.000000e+00
   endloop
 endfacet
 facet normal  0.000000e+00 -0.000000e+00 -1.000000e+00
   outer loop
     vertex -7.023087e+00  1.540954e+01  0.000000e+00
     vertex -7.016000e+00  1.526800e+01  0.000000e+00
     vertex -7.032500e+00  1.533812e+01  0.000000e+00
   endloop
 endfacet
 facet normal  0.000000e+00  0.000000e+00 -1.000000e+00
   outer loop
     vertex  1.287300e+01 -4.393000e+00  0.000000e+00
     vertex  1.281640e+01 -4.364681e+00  0.000000e+00
     vertex  1.277148e+01 -4.320094e+00  0.000000e+00
   endloop
 endfacet
 facet normal  0.000000e+00  0.000000e+00 -1.000000e+00
   outer loop
     vertex -4.393000e+00  1.287300e+01  0.000000e+00
     vertex -4.274808e+00  1.274669e+01  0.000000e+00
     vertex -4.348266e+00  1.279641e+01  0.000000e+00
   endloop
 endfacet
 facet normal  0.000000e+00  0.000000e+00 -1.000000e+00
   outer loop
     vertex  1.549764e+01 -6.965587e+00  0.000000e+00
     vertex  1.544088e+01 -7.009941e+00  0.000000e+00
     vertex  1.535513e+01 -7.032627e+00  0.000000e+00
   endloop
 endfacet
 facet normal  0.000000e+00  0.000000e+00 -1.000000e+00
   outer loop
     vertex  1.274000e+01 -4.150000e+00  0.000000e+00
     vertex  1.287300e+01 -4.393000e+00  0.000000e+00
     vertex  1.277148e+01 -4.320094e+00  0.000000e+00
   endloop
 endfacet
 facet normal  0.000000e+00 -0.000000e+00 -1.000000e+00
   outer loop
     vertex  1.274000e+01 -4.150000e+00  0.000000e+00
     vertex  1.277148e+01 -4.320094e+00  0.000000e+00
     vertex  1.273640e+01 -4.238626e+00  0.000000e+00
   endloop
 endfacet
 facet normal -0.000000e+00  0.000000e+00 -1.000000e+00
   outer loop
     vertex -4.150000e+00  1.274000e+01  0.000000e+00
     vertex -4.212940e+00  1.273335e+01  0.000000e+00
     vertex -4.274808e+00  1.274669e+01  0.000000e+00
   endloop
 endfacet
 facet normal  0.000000e+00  0.000000e+00 -1.000000e+00
   outer loop
     vertex -4.150000e+00  1.274000e+01  0.000000e+00
     vertex -4.274808e+00  1.274669e+01  0.000000e+00
     vertex -4.393000e+00  1.287300e+01  0.000000e+00
   endloop
 endfacet
 facet normal  0.000000e+00  0.000000e+00 -1.000000e+00
   outer loop
     vertex  1.553500e+01 -6.904000e+00  0.000000e+00
     vertex  1.549764e+01 -6.965587e+00  0.000000e+00
     vertex  1.535513e+01 -7.032627e+00  0.000000e+00
   endloop
 endfacet
 facet normal  0.000000e+00  0.000000e+00 -1.000000e+00
   outer loop
     vertex  1.553500e+01 -6.904000e+00  0.000000e+00
     vertex  1.535513e+01 -7.032627e+00  0.000000e+00
     vertex  1.526800e+01 -7.016000e+00  0.000000e+00
   endloop
 endfacet
 facet normal  0.000000e+00  0.000000e+00 -1.000000e+00
   outer loop
     vertex -6.904000e+00  1.553500e+01  0.000000e+00
     vertex -7.023087e+00  1.540954e+01  0.000000e+00
     vertex -6.977809e+00  1.548581e+01  0.000000e+00
   endloop
 endfacet
 facet normal  0.000000e+00  0.000000e+00 -1.000000e+00
   outer loop
     vertex -6.904000e+00  1.553500e+01  0.000000e+00
     vertex -7.016000e+00  1.526800e+01  0.000000e+00
     vertex -7.023087e+00  1.540954e+01  0.000000e+00
   endloop
 endfacet
 facet normal -0.000000e+00 -0.000000e+00 -1.000000e+00
   outer loop
     vertex  1.523800e+01 -6.564000e+00  0.000000e+00
     vertex  1.526800e+01 -7.016000e+00  0.000000e+00
     vertex  1.251600e+01 -5.791000e+00  0.000000e+00
   endloop
 endfacet
 facet normal  0.000000e+00  0.000000e+00 -1.000000e+00
   outer loop
     vertex  1.523800e+01 -6.564000e+00  0.000000e+00
     vertex  1.251600e+01 -5.791000e+00  0.000000e+00
     vertex  1.250600e+01 -5.350000e+00  0.000000e+00
   endloop
 endfacet
 facet normal  0.000000e+00  0.000000e+00 -1.000000e+00
   outer loop
     vertex  1.523800e+01 -6.564000e+00  0.000000e+00
     vertex  1.553500e+01 -6.904000e+00  0.000000e+00
     vertex  1.526800e+01 -7.016000e+00  0.000000e+00
   endloop
 endfacet
 facet normal  0.000000e+00  0.000000e+00 -1.000000e+00
   outer loop
     vertex -6.564000e+00  1.523800e+01  0.000000e+00
     vertex -7.016000e+00  1.526800e+01  0.000000e+00
     vertex -6.904000e+00  1.553500e+01  0.000000e+00
   endloop
 endfacet
 facet normal -0.000000e+00 -0.000000e+00 -1.000000e+00
   outer loop
     vertex -6.564000e+00  1.523800e+01  0.000000e+00
     vertex -5.791000e+00  1.251600e+01  0.000000e+00
     vertex -7.016000e+00  1.526800e+01  0.000000e+00
   endloop
 endfacet
 facet normal  0.000000e+00  0.000000e+00 -1.000000e+00
   outer loop
     vertex -6.564000e+00  1.523800e+01  0.000000e+00
     vertex -5.350000e+00  1.250600e+01  0.000000e+00
     vertex -5.791000e+00  1.251600e+01  0.000000e+00
   endloop
 endfacet
 facet normal  0.000000e+00  0.000000e+00 -1.000000e+00
   outer loop
     vertex  1.317600e+01 -4.072000e+00  0.000000e+00
     vertex  1.287300e+01 -4.393000e+00  0.000000e+00
     vertex  1.274000e+01 -4.150000e+00  0.000000e+00
   endloop
 endfacet
 facet normal  0.000000e+00  0.000000e+00 -1.000000e+00
   outer loop
     vertex -4.072000e+00  1.317600e+01  0.000000e+00
     vertex -4.150000e+00  1.274000e+01  0.000000e+00
     vertex -4.393000e+00  1.287300e+01  0.000000e+00
   endloop
 endfacet
 facet normal  0.000000e+00  0.000000e+00 -1.000000e+00
   outer loop
     vertex  1.344700e+01 -3.063000e+00  0.000000e+00
     vertex  1.317600e+01 -4.072000e+00  0.000000e+00
     vertex  1.274000e+01 -4.150000e+00  0.000000e+00
   endloop
 endfacet
 facet normal -0.000000e+00  0.000000e+00 -1.000000e+00
   outer loop
     vertex  1.344700e+01 -3.063000e+00  0.000000e+00
     vertex  1.274000e+01 -4.150000e+00  0.000000e+00
     vertex  1.310900e+01 -2.775000e+00  0.000000e+00
   endloop
 endfacet
 facet normal  0.000000e+00  0.000000e+00 -1.000000e+00
   outer loop
     vertex -3.062000e+00  1.344700e+01  0.000000e+00
     vertex -4.150000e+00  1.274000e+01  0.000000e+00
     vertex -4.072000e+00  1.317600e+01  0.000000e+00
   endloop
 endfacet
 facet normal  0.000000e+00 -0.000000e+00 -1.000000e+00
   outer loop
     vertex -3.062000e+00  1.344700e+01  0.000000e+00
     vertex -2.775000e+00  1.310900e+01  0.000000e+00
     vertex -4.150000e+00  1.274000e+01  0.000000e+00
   endloop
 endfacet
 facet normal  0.000000e+00  0.000000e+00 -1.000000e+00
   outer loop
     vertex  1.571500e+01 -5.316000e+00  0.000000e+00
     vertex  1.287300e+01 -4.393000e+00  0.000000e+00
     vertex  1.317600e+01 -4.072000e+00  0.000000e+00
   endloop
 endfacet
 facet normal  0.000000e+00  0.000000e+00 -1.000000e+00
   outer loop
     vertex -5.316000e+00  1.571500e+01  0.000000e+00
     vertex -4.072000e+00  1.317600e+01  0.000000e+00
     vertex -4.393000e+00  1.287300e+01  0.000000e+00
   endloop
 endfacet
 facet normal  0.000000e+00  0.000000e+00 -1.000000e+00
   outer loop
     vertex  1.325531e+01 -2.633939e+00  0.000000e+00
     vertex  1.313443e+01 -2.718868e+00  0.000000e+00
     vertex  1.317574e+01 -2.673142e+00  0.000000e+00
   endloop
 endfacet
 facet normal  0.000000e+00  0.000000e+00 -1.000000e+00
   outer loop
     vertex -2.629407e+00  1.328248e+01  0.000000e+00
     vertex -2.696918e+00  1.315108e+01  0.000000e+00
     vertex -2.775000e+00  1.310900e+01  0.000000e+00
   endloop
 endfacet
 facet normal  0.000000e+00  0.000000e+00 -1.000000e+00
   outer loop
     vertex -2.629407e+00  1.328248e+01  0.000000e+00
     vertex -2.644712e+00  1.322279e+01  0.000000e+00
     vertex -2.696918e+00  1.315108e+01  0.000000e+00
   endloop
 endfacet
 facet normal  0.000000e+00 -0.000000e+00 -1.000000e+00
   outer loop
     vertex  1.334400e+01 -2.633000e+00  0.000000e+00
     vertex  1.344700e+01 -3.063000e+00  0.000000e+00
     vertex  1.310900e+01 -2.775000e+00  0.000000e+00
   endloop
 endfacet
 facet normal  0.000000e+00  0.000000e+00 -1.000000e+00
   outer loop
     vertex  1.334400e+01 -2.633000e+00  0.000000e+00
     vertex  1.313443e+01 -2.718868e+00  0.000000e+00
     vertex  1.325531e+01 -2.633939e+00  0.000000e+00
   endloop
 endfacet
 facet normal  0.000000e+00  0.000000e+00 -1.000000e+00
   outer loop
     vertex  1.334400e+01 -2.633000e+00  0.000000e+00
     vertex  1.310900e+01 -2.775000e+00  0.000000e+00
     vertex  1.313443e+01 -2.718868e+00  0.000000e+00
   endloop
 endfacet
 facet normal -0.000000e+00  0.000000e+00 -1.000000e+00
   outer loop
     vertex -2.633000e+00  1.334400e+01  0.000000e+00
     vertex -2.775000e+00  1.310900e+01  0.000000e+00
     vertex -3.062000e+00  1.344700e+01  0.000000e+00
   endloop
 endfacet
 facet normal  0.000000e+00 -0.000000e+00 -1.000000e+00
   outer loop
     vertex -2.633000e+00  1.334400e+01  0.000000e+00
     vertex -2.629407e+00  1.328248e+01  0.000000e+00
     vertex -2.775000e+00  1.310900e+01  0.000000e+00
   endloop
 endfacet
 facet normal  0.000000e+00  0.000000e+00 -1.000000e+00
   outer loop
     vertex  1.616400e+01 -5.262000e+00  0.000000e+00
     vertex  1.553500e+01 -6.904000e+00  0.000000e+00
     vertex  1.523800e+01 -6.564000e+00  0.000000e+00
   endloop
 endfacet
 facet normal  0.000000e+00  0.000000e+00 -1.000000e+00
   outer loop
     vertex  1.616400e+01 -5.262000e+00  0.000000e+00
     vertex  1.523800e+01 -6.564000e+00  0.000000e+00
     vertex  1.571500e+01 -5.316000e+00  0.000000e+00
   endloop
 endfacet
 facet normal  0.000000e+00  0.000000e+00 -1.000000e+00
   outer loop
     vertex -5.262000e+00  1.616400e+01  0.000000e+00
     vertex -5.316000e+00  1.571500e+01  0.000000e+00
     vertex -6.564000e+00  1.523800e+01  0.000000e+00
   endloop
 endfacet
 facet normal  0.000000e+00  0.000000e+00 -1.000000e+00
   outer loop
     vertex -5.262000e+00  1.616400e+01  0.000000e+00
     vertex -6.564000e+00  1.523800e+01  0.000000e+00
     vertex -6.904000e+00  1.553500e+01  0.000000e+00
   endloop
 endfacet
 facet normal  0.000000e+00 -0.000000e+00 -1.000000e+00
   outer loop
     vertex -5.000000e+00  1.603900e+01  0.000000e+00
     vertex -4.072000e+00  1.317600e+01  0.000000e+00
     vertex -5.316000e+00  1.571500e+01  0.000000e+00
   endloop
 endfacet
 facet normal -0.000000e+00  0.000000e+00 -1.000000e+00
   outer loop
     vertex -5.000000e+00  1.603900e+01  0.000000e+00
     vertex -5.316000e+00  1.571500e+01  0.000000e+00
     vertex -5.262000e+00  1.616400e+01  0.000000e+00
   endloop
 endfacet
 facet normal  0.000000e+00 -0.000000e+00 -1.000000e+00
   outer loop
     vertex  1.603900e+01 -5.000000e+00  0.000000e+00
     vertex  1.616400e+01 -5.262000e+00  0.000000e+00
     vertex  1.571500e+01 -5.316000e+00  0.000000e+00
   endloop
 endfacet
 facet normal -0.000000e+00  0.000000e+00 -1.000000e+00
   outer loop
     vertex  1.603900e+01 -5.000000e+00  0.000000e+00
     vertex  1.571500e+01 -5.316000e+00  0.000000e+00
     vertex  1.317600e+01 -4.072000e+00  0.000000e+00
   endloop
 endfacet
 facet normal -0.000000e+00 -0.000000e+00 -1.000000e+00
   outer loop
     vertex  1.610283e+01 -5.034537e+00  0.000000e+00
     vertex  1.616400e+01 -5.262000e+00  0.000000e+00
     vertex  1.603900e+01 -5.000000e+00  0.000000e+00
   endloop
 endfacet
 facet normal  0.000000e+00  0.000000e+00 -1.000000e+00
   outer loop
     vertex  1.610283e+01 -5.034537e+00  0.000000e+00
     vertex  1.617667e+01 -5.174210e+00  0.000000e+00
     vertex  1.616400e+01 -5.262000e+00  0.000000e+00
   endloop
 endfacet
 facet normal  0.000000e+00  0.000000e+00 -1.000000e+00
   outer loop
     vertex  1.610283e+01 -5.034537e+00  0.000000e+00
     vertex  1.615013e+01 -5.089575e+00  0.000000e+00
     vertex  1.617667e+01 -5.174210e+00  0.000000e+00
   endloop
 endfacet
 facet normal  0.000000e+00  0.000000e+00 -1.000000e+00
   outer loop
     vertex -5.045387e+00  1.611521e+01  0.000000e+00
     vertex -5.190660e+00  1.617731e+01  0.000000e+00
     vertex -5.119266e+00  1.616429e+01  0.000000e+00
   endloop
 endfacet
 facet normal  0.000000e+00  0.000000e+00 -1.000000e+00
   outer loop
     vertex -5.045387e+00  1.611521e+01  0.000000e+00
     vertex -5.262000e+00  1.616400e+01  0.000000e+00
     vertex -5.190660e+00  1.617731e+01  0.000000e+00
   endloop
 endfacet
 facet normal -0.000000e+00 -0.000000e+00 -1.000000e+00
   outer loop
     vertex -5.045387e+00  1.611521e+01  0.000000e+00
     vertex -5.000000e+00  1.603900e+01  0.000000e+00
     vertex -5.262000e+00  1.616400e+01  0.000000e+00
   endloop
 endfacet
 facet normal  0.000000e+00  0.000000e+00 -1.000000e+00
   outer loop
     vertex  1.334124e+01 -1.499380e+00  0.000000e+00
     vertex  1.344453e+01 -1.604956e+00  0.000000e+00
     vertex  1.339277e+01 -1.571577e+00  0.000000e+00
   endloop
 endfacet
 facet normal  0.000000e+00  0.000000e+00 -1.000000e+00
   outer loop
     vertex  1.350400e+01 -1.621000e+00  0.000000e+00
     vertex  1.344453e+01 -1.604956e+00  0.000000e+00
     vertex  1.334124e+01 -1.499380e+00  0.000000e+00
   endloop
 endfacet
 facet normal  0.000000e+00  0.000000e+00 -1.000000e+00
   outer loop
     vertex -1.621000e+00  1.350400e+01  0.000000e+00
     vertex -1.529682e+00  1.335709e+01  0.000000e+00
     vertex -1.592046e+00  1.342016e+01  0.000000e+00
   endloop
 endfacet
 facet normal  0.000000e+00  0.000000e+00 -1.000000e+00
   outer loop
     vertex  1.332600e+01 -1.412000e+00  0.000000e+00
     vertex  1.350400e+01 -1.621000e+00  0.000000e+00
     vertex  1.334124e+01 -1.499380e+00  0.000000e+00
   endloop
 endfacet
 facet normal  0.000000e+00  0.000000e+00 -1.000000e+00
   outer loop
     vertex -1.412000e+00  1.332600e+01  0.000000e+00
     vertex -1.473263e+00  1.333237e+01  0.000000e+00
     vertex -1.529682e+00  1.335709e+01  0.000000e+00
   endloop
 endfacet
 facet normal  0.000000e+00  0.000000e+00 -1.000000e+00
   outer loop
     vertex -1.412000e+00  1.332600e+01  0.000000e+00
     vertex -1.529682e+00  1.335709e+01  0.000000e+00
     vertex -1.621000e+00  1.350400e+01  0.000000e+00
   endloop
 endfacet
 facet normal  0.000000e+00  0.000000e+00 -1.000000e+00
   outer loop
     vertex  1.373400e+01 -1.242000e+00  0.000000e+00
     vertex  1.350400e+01 -1.621000e+00  0.000000e+00
     vertex  1.332600e+01 -1.412000e+00  0.000000e+00
   endloop
 endfacet
 facet normal  0.000000e+00  0.000000e+00 -1.000000e+00
   outer loop
     vertex -1.242000e+00  1.373400e+01  0.000000e+00
     vertex -1.412000e+00  1.332600e+01  0.000000e+00
     vertex -1.621000e+00  1.350400e+01  0.000000e+00
   endloop
 endfacet
 facet normal  0.000000e+00  0.000000e+00 -1.000000e+00
   outer loop
     vertex -3.605644e+00  1.659879e+01  0.000000e+00
     vertex -3.691012e+00  1.646464e+01  0.000000e+00
     vertex -3.666230e+00  1.653401e+01  0.000000e+00
   endloop
 endfacet
 facet normal  0.000000e+00  0.000000e+00 -1.000000e+00
   outer loop
     vertex  1.660690e+01 -3.592611e+00  0.000000e+00
     vertex  1.655924e+01 -3.648776e+00  0.000000e+00
     vertex  1.647969e+01 -3.688018e+00  0.000000e+00
   endloop
 endfacet
 facet normal  0.000000e+00  0.000000e+00 -1.000000e+00
   outer loop
     vertex  1.627000e+01 -3.254000e+00  0.000000e+00
     vertex  1.344700e+01 -3.063000e+00  0.000000e+00
     vertex  1.334400e+01 -2.633000e+00  0.000000e+00
   endloop
 endfacet
 facet normal -0.000000e+00 -0.000000e+00 -1.000000e+00
   outer loop
     vertex  1.627000e+01 -3.254000e+00  0.000000e+00
     vertex  1.639100e+01 -3.689000e+00  0.000000e+00
     vertex  1.344700e+01 -3.063000e+00  0.000000e+00
   endloop
 endfacet
 facet normal -0.000000e+00 -0.000000e+00 -1.000000e+00
   outer loop
     vertex -3.254000e+00  1.627000e+01  0.000000e+00
     vertex -3.062000e+00  1.344700e+01  0.000000e+00
     vertex -3.689000e+00  1.639100e+01  0.000000e+00
   endloop
 endfacet
 facet normal  0.000000e+00  0.000000e+00 -1.000000e+00
   outer loop
     vertex -3.254000e+00  1.627000e+01  0.000000e+00
     vertex -2.633000e+00  1.334400e+01  0.000000e+00
     vertex -3.062000e+00  1.344700e+01  0.000000e+00
   endloop
 endfacet
 facet normal -0.000000e+00  0.000000e+00 -1.000000e+00
   outer loop
     vertex  1.663100e+01 -3.523000e+00  0.000000e+00
     vertex  1.639100e+01 -3.689000e+00  0.000000e+00
     vertex  1.627000e+01 -3.254000e+00  0.000000e+00
   endloop
 endfacet
 facet normal  0.000000e+00  0.000000e+00 -1.000000e+00
   outer loop
     vertex  1.663100e+01 -3.523000e+00  0.000000e+00
     vertex  1.660690e+01 -3.592611e+00  0.000000e+00
     vertex  1.647969e+01 -3.688018e+00  0.000000e+00
   endloop
 endfacet
 facet normal  0.000000e+00  0.000000e+00 -1.000000e+00
   outer loop
     vertex  1.663100e+01 -3.523000e+00  0.000000e+00
     vertex  1.647969e+01 -3.688018e+00  0.000000e+00
     vertex  1.639100e+01 -3.689000e+00  0.000000e+00
   endloop
 endfacet
 facet normal  0.000000e+00 -0.000000e+00 -1.000000e+00
   outer loop
     vertex -3.523000e+00  1.663100e+01  0.000000e+00
     vertex -3.254000e+00  1.627000e+01  0.000000e+00
     vertex -3.689000e+00  1.639100e+01  0.000000e+00
   endloop
 endfacet
 facet normal  0.000000e+00  0.000000e+00 -1.000000e+00
   outer loop
     vertex -3.523000e+00  1.663100e+01  0.000000e+00
     vertex -3.689000e+00  1.639100e+01  0.000000e+00
     vertex -3.691012e+00  1.646464e+01  0.000000e+00
   endloop
 endfacet
 facet normal  0.000000e+00  0.000000e+00 -1.000000e+00
   outer loop
     vertex -3.523000e+00  1.663100e+01  0.000000e+00
     vertex -3.691012e+00  1.646464e+01  0.000000e+00
     vertex -3.605644e+00  1.659879e+01  0.000000e+00
   endloop
 endfacet
 facet normal  0.000000e+00 -0.000000e+00 -1.000000e+00
   outer loop
     vertex  1.340000e+01  1.000000e-02  0.000000e+00
     vertex  1.373400e+01 -1.242000e+00  0.000000e+00
     vertex  1.332600e+01 -1.412000e+00  0.000000e+00
   endloop
 endfacet
 facet normal -0.000000e+00  0.000000e+00 -1.000000e+00
   outer loop
     vertex  1.000000e-02  1.340000e+01  0.000000e+00
     vertex -1.412000e+00  1.332600e+01  0.000000e+00
     vertex -1.242000e+00  1.373400e+01  0.000000e+00
   endloop
 endfacet
 facet normal -0.000000e+00  0.000000e+00 -1.000000e+00
   outer loop
     vertex  1.378900e+01 -1.990000e-01  0.000000e+00
     vertex  1.373400e+01 -1.242000e+00  0.000000e+00
     vertex  1.340000e+01  1.000000e-02  0.000000e+00
   endloop
 endfacet
 facet normal  0.000000e+00 -0.000000e+00 -1.000000e+00
   outer loop
     vertex -1.990000e-01  1.378900e+01  0.000000e+00
     vertex  1.000000e-02  1.340000e+01  0.000000e+00
     vertex -1.242000e+00  1.373400e+01  0.000000e+00
   endloop
 endfacet
 facet normal  0.000000e+00  0.000000e+00 -1.000000e+00
   outer loop
     vertex  1.616198e-01  1.348327e+01  0.000000e+00
     vertex  9.527829e-02  1.342440e+01  0.000000e+00
     vertex  1.000000e-02  1.340000e+01  0.000000e+00
   endloop
 endfacet
 facet normal  0.000000e+00 -0.000000e+00 -1.000000e+00
   outer loop
     vertex  1.360000e+01  1.990000e-01  0.000000e+00
     vertex  1.378900e+01 -1.990000e-01  0.000000e+00
     vertex  1.340000e+01  1.000000e-02  0.000000e+00
   endloop
 endfacet
 facet normal  0.000000e+00  0.000000e+00 -1.000000e+00
   outer loop
     vertex  1.360000e+01  1.990000e-01  0.000000e+00
     vertex  1.344392e+01  1.244293e-01  0.000000e+00
     vertex  1.351348e+01  1.794621e-01  0.000000e+00
   endloop
 endfacet
 facet normal  0.000000e+00  0.000000e+00 -1.000000e+00
   outer loop
     vertex  1.360000e+01  1.990000e-01  0.000000e+00
     vertex  1.341298e+01  7.066178e-02  0.000000e+00
     vertex  1.344392e+01  1.244293e-01  0.000000e+00
   endloop
 endfacet
 facet normal  0.000000e+00  0.000000e+00 -1.000000e+00
   outer loop
     vertex  1.360000e+01  1.990000e-01  0.000000e+00
     vertex  1.340000e+01  1.000000e-02  0.000000e+00
     vertex  1.341298e+01  7.066178e-02  0.000000e+00
   endloop
 endfacet
 facet normal  0.000000e+00  0.000000e+00 -1.000000e+00
   outer loop
     vertex  1.990000e-01  1.360000e+01  0.000000e+00
     vertex  1.894722e-01  1.353870e+01  0.000000e+00
     vertex  1.616198e-01  1.348327e+01  0.000000e+00
   endloop
 endfacet
 facet normal -0.000000e+00  0.000000e+00 -1.000000e+00
   outer loop
     vertex  1.990000e-01  1.360000e+01  0.000000e+00
     vertex  1.000000e-02  1.340000e+01  0.000000e+00
     vertex -1.990000e-01  1.378900e+01  0.000000e+00
   endloop
 endfacet
 facet normal  0.000000e+00  0.000000e+00 -1.000000e+00
   outer loop
     vertex  1.990000e-01  1.360000e+01  0.000000e+00
     vertex  1.616198e-01  1.348327e+01  0.000000e+00
     vertex  1.000000e-02  1.340000e+01  0.000000e+00
   endloop
 endfacet
 facet normal  0.000000e+00 -0.000000e+00 -1.000000e+00
   outer loop
     vertex  1.647700e+01 -1.934000e+00  0.000000e+00
     vertex  1.663100e+01 -3.523000e+00  0.000000e+00
     vertex  1.627000e+01 -3.254000e+00  0.000000e+00
   endloop
 endfacet
 facet normal  0.000000e+00  0.000000e+00 -1.000000e+00
   outer loop
     vertex  1.647700e+01 -1.934000e+00  0.000000e+00
     vertex  1.350400e+01 -1.621000e+00  0.000000e+00
     vertex  1.373400e+01 -1.242000e+00  0.000000e+00
   endloop
 endfacet
 facet normal -0.000000e+00  0.000000e+00 -1.000000e+00
   outer loop
     vertex -1.934000e+00  1.647700e+01  0.000000e+00
     vertex -3.254000e+00  1.627000e+01  0.000000e+00
     vertex -3.523000e+00  1.663100e+01  0.000000e+00
   endloop
 endfacet
 facet normal  0.000000e+00  0.000000e+00 -1.000000e+00
   outer loop
     vertex -1.934000e+00  1.647700e+01  0.000000e+00
     vertex -1.242000e+00  1.373400e+01  0.000000e+00
     vertex -1.621000e+00  1.350400e+01  0.000000e+00
   endloop
 endfacet
 facet normal  0.000000e+00  0.000000e+00 -1.000000e+00
   outer loop
     vertex  1.332800e+01  1.391000e+00  0.000000e+00
     vertex  1.342612e+01  1.248537e+00  0.000000e+00
     vertex  1.336086e+01  1.308612e+00  0.000000e+00
   endloop
 endfacet
 facet normal  0.000000e+00  0.000000e+00 -1.000000e+00
   outer loop
     vertex  1.332800e+01  1.391000e+00  0.000000e+00
     vertex  1.348357e+01  1.226515e+00  0.000000e+00
     vertex  1.342612e+01  1.248537e+00  0.000000e+00
   endloop
 endfacet
 facet normal  0.000000e+00  0.000000e+00 -1.000000e+00
   outer loop
     vertex  1.354500e+01  1.223000e+00  0.000000e+00
     vertex  1.348357e+01  1.226515e+00  0.000000e+00
     vertex  1.332800e+01  1.391000e+00  0.000000e+00
   endloop
 endfacet
 facet normal  0.000000e+00  0.000000e+00 -1.000000e+00
   outer loop
     vertex  1.223000e+00  1.354500e+01  0.000000e+00
     vertex  1.282304e+00  1.338250e+01  0.000000e+00
     vertex  1.234175e+00  1.345701e+01  0.000000e+00
   endloop
 endfacet
 facet normal  0.000000e+00  0.000000e+00 -1.000000e+00
   outer loop
     vertex  1.223000e+00  1.354500e+01  0.000000e+00
     vertex  1.332410e+00  1.334679e+01  0.000000e+00
     vertex  1.282304e+00  1.338250e+01  0.000000e+00
   endloop
 endfacet
 facet normal  0.000000e+00  0.000000e+00 -1.000000e+00
   outer loop
     vertex  1.223000e+00  1.354500e+01  0.000000e+00
     vertex  1.391000e+00  1.332800e+01  0.000000e+00
     vertex  1.332410e+00  1.334679e+01  0.000000e+00
   endloop
 endfacet
 facet normal  0.000000e+00  0.000000e+00 -1.000000e+00
   outer loop
     vertex  1.690600e+01 -1.787000e+00  0.000000e+00
     vertex  1.663100e+01 -3.523000e+00  0.000000e+00
     vertex  1.647700e+01 -1.934000e+00  0.000000e+00
   endloop
 endfacet
 facet normal  0.000000e+00  0.000000e+00 -1.000000e+00
   outer loop
     vertex -1.787000e+00  1.690600e+01  0.000000e+00
     vertex -1.934000e+00  1.647700e+01  0.000000e+00
     vertex -3.523000e+00  1.663100e+01  0.000000e+00
   endloop
 endfacet
 facet normal  0.000000e+00 -0.000000e+00 -1.000000e+00
   outer loop
     vertex -1.557000e+00  1.672900e+01  0.000000e+00
     vertex -1.242000e+00  1.373400e+01  0.000000e+00
     vertex -1.934000e+00  1.647700e+01  0.000000e+00
   endloop
 endfacet
 facet normal -0.000000e+00  0.000000e+00 -1.000000e+00
   outer loop
     vertex -1.557000e+00  1.672900e+01  0.000000e+00
     vertex -1.934000e+00  1.647700e+01  0.000000e+00
     vertex -1.787000e+00  1.690600e+01  0.000000e+00
   endloop
 endfacet
 facet normal -0.000000e+00  0.000000e+00 -1.000000e+00
   outer loop
     vertex  1.672900e+01 -1.557000e+00  0.000000e+00
     vertex  1.647700e+01 -1.934000e+00  0.000000e+00
     vertex  1.373400e+01 -1.242000e+00  0.000000e+00
   endloop
 endfacet
 facet normal  0.000000e+00 -0.000000e+00 -1.000000e+00
   outer loop
     vertex  1.672900e+01 -1.557000e+00  0.000000e+00
     vertex  1.690600e+01 -1.787000e+00  0.000000e+00
     vertex  1.647700e+01 -1.934000e+00  0.000000e+00
   endloop
 endfacet
 facet normal -0.000000e+00 -0.000000e+00 -1.000000e+00
   outer loop
     vertex -1.585462e+00  1.681301e+01  0.000000e+00
     vertex -1.557000e+00  1.672900e+01  0.000000e+00
     vertex -1.787000e+00  1.690600e+01  0.000000e+00
   endloop
 endfacet
 facet normal  0.000000e+00  0.000000e+00 -1.000000e+00
   outer loop
     vertex -1.647454e+00  1.687645e+01  0.000000e+00
     vertex -1.787000e+00  1.690600e+01  0.000000e+00
     vertex -1.714503e+00  1.690409e+01  0.000000e+00
   endloop
 endfacet
 facet normal -0.000000e+00 -0.000000e+00 -1.000000e+00
   outer loop
     vertex -1.647454e+00  1.687645e+01  0.000000e+00
     vertex -1.585462e+00  1.681301e+01  0.000000e+00
     vertex -1.787000e+00  1.690600e+01  0.000000e+00
   endloop
 endfacet
 facet normal  0.000000e+00  0.000000e+00 -1.000000e+00
   outer loop
     vertex  1.685632e+01 -1.621304e+00  0.000000e+00
     vertex  1.690000e+01 -1.698504e+00  0.000000e+00
     vertex  1.690600e+01 -1.787000e+00  0.000000e+00
   endloop
 endfacet
 facet normal  0.000000e+00  0.000000e+00 -1.000000e+00
   outer loop
     vertex  1.685632e+01 -1.621304e+00  0.000000e+00
     vertex  1.672900e+01 -1.557000e+00  0.000000e+00
     vertex  1.679859e+01 -1.577415e+00  0.000000e+00
   endloop
 endfacet
 facet normal -0.000000e+00 -0.000000e+00 -1.000000e+00
   outer loop
     vertex  1.685632e+01 -1.621304e+00  0.000000e+00
     vertex  1.690600e+01 -1.787000e+00  0.000000e+00
     vertex  1.672900e+01 -1.557000e+00  0.000000e+00
   endloop
 endfacet
 facet normal  0.000000e+00  0.000000e+00 -1.000000e+00
   outer loop
     vertex  1.369300e+01  1.641000e+00  0.000000e+00
     vertex  1.354500e+01  1.223000e+00  0.000000e+00
     vertex  1.332800e+01  1.391000e+00  0.000000e+00
   endloop
 endfacet
 facet normal  0.000000e+00  0.000000e+00 -1.000000e+00
   outer loop
     vertex  1.641000e+00  1.369300e+01  0.000000e+00
     vertex  1.391000e+00  1.332800e+01  0.000000e+00
     vertex  1.223000e+00  1.354500e+01  0.000000e+00
   endloop
 endfacet
 facet normal  0.000000e+00  0.000000e+00 -1.000000e+00
   outer loop
     vertex  2.962474e+00  1.315541e+01  0.000000e+00
     vertex  2.885469e+00  1.311139e+01  0.000000e+00
     vertex  2.797000e+00  1.310500e+01  0.000000e+00
   endloop
 endfacet
 facet normal  0.000000e+00  0.000000e+00 -1.000000e+00
   outer loop
     vertex  1.318132e+01  2.986138e+00  0.000000e+00
     vertex  1.310526e+01  2.859039e+00  0.000000e+00
     vertex  1.312452e+01  2.918012e+00  0.000000e+00
   endloop
 endfacet
 facet normal  0.000000e+00  0.000000e+00 -1.000000e+00
   outer loop
     vertex  1.318132e+01  2.986138e+00  0.000000e+00
     vertex  1.310500e+01  2.797000e+00  0.000000e+00
     vertex  1.310526e+01  2.859039e+00  0.000000e+00
   endloop
 endfacet
 facet normal -0.000000e+00  0.000000e+00 -1.000000e+00
   outer loop
     vertex  1.352900e+01  2.672000e+00  0.000000e+00
     vertex  1.332800e+01  1.391000e+00  0.000000e+00
     vertex  1.310500e+01  2.797000e+00  0.000000e+00
   endloop
 endfacet
 facet normal  0.000000e+00 -0.000000e+00 -1.000000e+00
   outer loop
     vertex  1.352900e+01  2.672000e+00  0.000000e+00
     vertex  1.369300e+01  1.641000e+00  0.000000e+00
     vertex  1.332800e+01  1.391000e+00  0.000000e+00
   endloop
 endfacet
 facet normal -0.000000e+00  0.000000e+00 -1.000000e+00
   outer loop
     vertex  2.672000e+00  1.352900e+01  0.000000e+00
     vertex  1.391000e+00  1.332800e+01  0.000000e+00
     vertex  1.641000e+00  1.369300e+01  0.000000e+00
   endloop
 endfacet
 facet normal  0.000000e+00 -0.000000e+00 -1.000000e+00
   outer loop
     vertex  2.672000e+00  1.352900e+01  0.000000e+00
     vertex  2.797000e+00  1.310500e+01  0.000000e+00
     vertex  1.391000e+00  1.332800e+01  0.000000e+00
   endloop
 endfacet
 facet normal  0.000000e+00  0.000000e+00 -1.000000e+00
   outer loop
     vertex  1.326200e+01  3.023000e+00  0.000000e+00
     vertex  1.310500e+01  2.797000e+00  0.000000e+00
     vertex  1.318132e+01  2.986138e+00  0.000000e+00
   endloop
 endfacet
 facet normal  0.000000e+00 -0.000000e+00 -1.000000e+00
   outer loop
     vertex  1.326200e+01  3.023000e+00  0.000000e+00
     vertex  1.352900e+01  2.672000e+00  0.000000e+00
     vertex  1.310500e+01  2.797000e+00  0.000000e+00
   endloop
 endfacet
 facet normal  0.000000e+00  0.000000e+00 -1.000000e+00
   outer loop
     vertex  3.023000e+00  1.326200e+01  0.000000e+00
     vertex  2.962474e+00  1.315541e+01  0.000000e+00
     vertex  2.797000e+00  1.310500e+01  0.000000e+00
   endloop
 endfacet
 facet normal -0.000000e+00  0.000000e+00 -1.000000e+00
   outer loop
     vertex  3.023000e+00  1.326200e+01  0.000000e+00
     vertex  2.797000e+00  1.310500e+01  0.000000e+00
     vertex  2.672000e+00  1.352900e+01  0.000000e+00
   endloop
 endfacet
 facet normal  0.000000e+00  0.000000e+00 -1.000000e+00
   outer loop
     vertex  3.023000e+00  1.326200e+01  0.000000e+00
     vertex  3.001104e+00  1.320395e+01  0.000000e+00
     vertex  2.962474e+00  1.315541e+01  0.000000e+00
   endloop
 endfacet
 facet normal  0.000000e+00  0.000000e+00 -1.000000e+00
   outer loop
     vertex  1.650000e+01  1.990000e-01  0.000000e+00
     vertex  1.378900e+01 -1.990000e-01  0.000000e+00
     vertex  1.360000e+01  1.990000e-01  0.000000e+00
   endloop
 endfacet
 facet normal  0.000000e+00  0.000000e+00 -1.000000e+00
   outer loop
     vertex -1.491790e-01  1.693229e+01  0.000000e+00
     vertex -1.990000e-01  1.680100e+01  0.000000e+00
     vertex -1.859908e-01  1.687116e+01  0.000000e+00
   endloop
 endfacet
 facet normal -0.000000e+00  0.000000e+00 -1.000000e+00
   outer loop
     vertex  1.990000e-01  1.658800e+01  0.000000e+00
     vertex -1.990000e-01  1.378900e+01  0.000000e+00
     vertex -1.990000e-01  1.680100e+01  0.000000e+00
   endloop
 endfacet
 facet normal  0.000000e+00  0.000000e+00 -1.000000e+00
   outer loop
     vertex  1.990000e-01  1.658800e+01  0.000000e+00
     vertex  1.990000e-01  1.360000e+01  0.000000e+00
     vertex -1.990000e-01  1.378900e+01  0.000000e+00
   endloop
 endfacet
 facet normal -0.000000e+00 -0.000000e+00 -1.000000e+00
   outer loop
     vertex  1.680100e+01  0.000000e+00  0.000000e+00
     vertex  1.680100e+01 -1.990000e-01  0.000000e+00
     vertex  1.650000e+01  1.990000e-01  0.000000e+00
   endloop
 endfacet
 facet normal  0.000000e+00  0.000000e+00 -1.000000e+00
   outer loop
     vertex  4.131000e+00  1.274800e+01  0.000000e+00
     vertex  4.078000e+00  1.277896e+01  0.000000e+00
     vertex  4.036886e+00  1.282454e+01  0.000000e+00
   endloop
 endfacet
 facet normal  0.000000e+00  0.000000e+00 -1.000000e+00
   outer loop
     vertex  1.690000e+01  0.000000e+00  0.000000e+00
     vertex  1.680100e+01  0.000000e+00  0.000000e+00
     vertex  1.650000e+01  1.990000e-01  0.000000e+00
   endloop
 endfacet
 facet normal  0.000000e+00  0.000000e+00 -1.000000e+00
   outer loop
     vertex  1.293541e+01  4.004193e+00  0.000000e+00
     vertex  1.279796e+01  4.057706e+00  0.000000e+00
     vertex  1.274800e+01  4.131000e+00  0.000000e+00
   endloop
 endfacet
 facet normal  0.000000e+00  0.000000e+00 -1.000000e+00
   outer loop
     vertex  1.293541e+01  4.004193e+00  0.000000e+00
     vertex  1.287469e+01  4.013224e+00  0.000000e+00
     vertex  1.279796e+01  4.057706e+00  0.000000e+00
   endloop
 endfacet
 facet normal -0.000000e+00  0.000000e+00 -1.000000e+00
   outer loop
     vertex  1.299600e+01  4.014000e+00  0.000000e+00
     vertex  1.293541e+01  4.004193e+00  0.000000e+00
     vertex  1.274800e+01  4.131000e+00  0.000000e+00
   endloop
 endfacet
 facet normal  0.000000e+00 -0.000000e+00 -1.000000e+00
   outer loop
     vertex  4.014000e+00  1.299600e+01  0.000000e+00
     vertex  4.036886e+00  1.282454e+01  0.000000e+00
     vertex  4.005947e+00  1.290767e+01  0.000000e+00
   endloop
 endfacet
 facet normal  0.000000e+00  0.000000e+00 -1.000000e+00
   outer loop
     vertex  4.014000e+00  1.299600e+01  0.000000e+00
     vertex  4.131000e+00  1.274800e+01  0.000000e+00
     vertex  4.036886e+00  1.282454e+01  0.000000e+00
   endloop
 endfacet
 facet normal  0.000000e+00  0.000000e+00 -1.000000e+00
   outer loop
     vertex  1.000000e-02  1.700000e+01  0.000000e+00
     vertex -1.491790e-01  1.693229e+01  0.000000e+00
     vertex -7.728858e-02  1.698424e+01  0.000000e+00
   endloop
 endfacet
 facet normal  0.000000e+00 -0.000000e+00 -1.000000e+00
   outer loop
     vertex  1.000000e-02  1.700000e+01  0.000000e+00
     vertex  1.990000e-01  1.658800e+01  0.000000e+00
     vertex -1.990000e-01  1.680100e+01  0.000000e+00
   endloop
 endfacet
 facet normal  0.000000e+00  0.000000e+00 -1.000000e+00
   outer loop
     vertex  1.000000e-02  1.700000e+01  0.000000e+00
     vertex -1.990000e-01  1.680100e+01  0.000000e+00
     vertex -1.491790e-01  1.693229e+01  0.000000e+00
   endloop
 endfacet
 facet normal  0.000000e+00  0.000000e+00 -1.000000e+00
   outer loop
     vertex  4.451000e+00  1.305300e+01  0.000000e+00
     vertex  4.131000e+00  1.274800e+01  0.000000e+00
     vertex  4.014000e+00  1.299600e+01  0.000000e+00
   endloop
 endfacet
 facet normal  0.000000e+00  0.000000e+00 -1.000000e+00
   outer loop
     vertex  1.305300e+01  4.451000e+00  0.000000e+00
     vertex  1.299600e+01  4.014000e+00  0.000000e+00
     vertex  1.274800e+01  4.131000e+00  0.000000e+00
   endloop
 endfacet
 facet normal  0.000000e+00 -0.000000e+00 -1.000000e+00
   outer loop
     vertex  1.222964e+01  5.583476e+00  0.000000e+00
     vertex  1.223600e+01  5.461000e+00  0.000000e+00
     vertex  1.222320e+01  5.521739e+00  0.000000e+00
   endloop
 endfacet
 facet normal  0.000000e+00  0.000000e+00 -1.000000e+00
   outer loop
     vertex  5.633376e+00  1.225047e+01  0.000000e+00
     vertex  5.548833e+00  1.222363e+01  0.000000e+00
     vertex  5.461000e+00  1.223600e+01  0.000000e+00
   endloop
 endfacet
 facet normal  0.000000e+00  0.000000e+00 -1.000000e+00
   outer loop
     vertex  1.227087e+01  5.662014e+00  0.000000e+00
     vertex  1.223600e+01  5.461000e+00  0.000000e+00
     vertex  1.222964e+01  5.583476e+00  0.000000e+00
   endloop
 endfacet
 facet normal  0.000000e+00  0.000000e+00 -1.000000e+00
   outer loop
     vertex  5.681377e+00  1.228982e+01  0.000000e+00
     vertex  5.633376e+00  1.225047e+01  0.000000e+00
     vertex  5.461000e+00  1.223600e+01  0.000000e+00
   endloop
 endfacet
 facet normal  0.000000e+00  0.000000e+00 -1.000000e+00
   outer loop
     vertex  1.650000e+01  1.532978e+00  0.000000e+00
     vertex  1.690000e+01  0.000000e+00  0.000000e+00
     vertex  1.650000e+01  1.990000e-01  0.000000e+00
   endloop
 endfacet
 facet normal -0.000000e+00  0.000000e+00 -1.000000e+00
   outer loop
     vertex  1.650000e+01  1.532978e+00  0.000000e+00
     vertex  1.354500e+01  1.223000e+00  0.000000e+00
     vertex  1.369300e+01  1.641000e+00  0.000000e+00
   endloop
 endfacet
 facet normal  0.000000e+00 -0.000000e+00 -1.000000e+00
   outer loop
     vertex  1.535000e+00  1.652000e+01  0.000000e+00
     vertex  1.641000e+00  1.369300e+01  0.000000e+00
     vertex  1.223000e+00  1.354500e+01  0.000000e+00
   endloop
 endfacet
 facet normal  0.000000e+00  0.000000e+00 -1.000000e+00
   outer loop
     vertex  1.535000e+00  1.652000e+01  0.000000e+00
     vertex  1.990000e-01  1.658800e+01  0.000000e+00
     vertex  1.000000e-02  1.700000e+01  0.000000e+00
   endloop
 endfacet
 facet normal  0.000000e+00  0.000000e+00 -1.000000e+00
   outer loop
     vertex  1.234200e+01  5.715000e+00  0.000000e+00
     vertex  1.223600e+01  5.461000e+00  0.000000e+00
     vertex  1.227087e+01  5.662014e+00  0.000000e+00
   endloop
 endfacet
 facet normal  0.000000e+00  0.000000e+00 -1.000000e+00
   outer loop
     vertex  5.715000e+00  1.234200e+01  0.000000e+00
     vertex  5.681377e+00  1.228982e+01  0.000000e+00
     vertex  5.461000e+00  1.223600e+01  0.000000e+00
   endloop
 endfacet
 facet normal  0.000000e+00  0.000000e+00 -1.000000e+00
   outer loop
     vertex  5.426000e+00  1.268000e+01  0.000000e+00
     vertex  5.715000e+00  1.234200e+01  0.000000e+00
     vertex  5.461000e+00  1.223600e+01  0.000000e+00
   endloop
 endfacet
 facet normal -0.000000e+00 -0.000000e+00 -1.000000e+00
   outer loop
     vertex  5.426000e+00  1.268000e+01  0.000000e+00
     vertex  5.461000e+00  1.223600e+01  0.000000e+00
     vertex  4.131000e+00  1.274800e+01  0.000000e+00
   endloop
 endfacet
 facet normal  0.000000e+00  0.000000e+00 -1.000000e+00
   outer loop
     vertex  5.426000e+00  1.268000e+01  0.000000e+00
     vertex  4.131000e+00  1.274800e+01  0.000000e+00
     vertex  4.451000e+00  1.305300e+01  0.000000e+00
   endloop
 endfacet
 facet normal  0.000000e+00  0.000000e+00 -1.000000e+00
   outer loop
     vertex  1.268000e+01  5.426000e+00  0.000000e+00
     vertex  1.223600e+01  5.461000e+00  0.000000e+00
     vertex  1.234200e+01  5.715000e+00  0.000000e+00
   endloop
 endfacet
 facet normal  0.000000e+00  0.000000e+00 -1.000000e+00
   outer loop
     vertex  1.268000e+01  5.426000e+00  0.000000e+00
     vertex  1.305300e+01  4.451000e+00  0.000000e+00
     vertex  1.274800e+01  4.131000e+00  0.000000e+00
   endloop
 endfacet
 facet normal -0.000000e+00 -0.000000e+00 -1.000000e+00
   outer loop
     vertex  1.268000e+01  5.426000e+00  0.000000e+00
     vertex  1.274800e+01  4.131000e+00  0.000000e+00
     vertex  1.223600e+01  5.461000e+00  0.000000e+00
   endloop
 endfacet
 facet normal  0.000000e+00  0.000000e+00 -1.000000e+00
   outer loop
     vertex  6.612028e+00  1.170667e+01  0.000000e+00
     vertex  6.691000e+00  1.160900e+01  0.000000e+00
     vertex  6.643648e+00  1.165147e+01  0.000000e+00
   endloop
 endfacet
 facet normal  0.000000e+00 -0.000000e+00 -1.000000e+00
   outer loop
     vertex  1.650000e+01  1.935388e+00  0.000000e+00
     vertex  1.650000e+01  1.532978e+00  0.000000e+00
     vertex  1.369300e+01  1.641000e+00  0.000000e+00
   endloop
 endfacet
 facet normal  0.000000e+00  0.000000e+00 -1.000000e+00
   outer loop
     vertex  1.187900e+01  6.627000e+00  0.000000e+00
     vertex  1.167232e+01  6.628888e+00  0.000000e+00
     vertex  1.160900e+01  6.691000e+00  0.000000e+00
   endloop
 endfacet
 facet normal -0.000000e+00  0.000000e+00 -1.000000e+00
   outer loop
     vertex  1.187900e+01  6.627000e+00  0.000000e+00
     vertex  1.175628e+01  6.600268e+00  0.000000e+00
     vertex  1.167232e+01  6.628888e+00  0.000000e+00
   endloop
 endfacet
 facet normal  0.000000e+00  0.000000e+00 -1.000000e+00
   outer loop
     vertex  1.187900e+01  6.627000e+00  0.000000e+00
     vertex  1.181979e+01  6.603750e+00  0.000000e+00
     vertex  1.175628e+01  6.600268e+00  0.000000e+00
   endloop
 endfacet
 facet normal  0.000000e+00  0.000000e+00 -1.000000e+00
   outer loop
     vertex  6.627000e+00  1.187900e+01  0.000000e+00
     vertex  6.612028e+00  1.170667e+01  0.000000e+00
     vertex  6.599919e+00  1.179454e+01  0.000000e+00
   endloop
 endfacet
 facet normal  0.000000e+00 -0.000000e+00 -1.000000e+00
   outer loop
     vertex  6.627000e+00  1.187900e+01  0.000000e+00
     vertex  6.691000e+00  1.160900e+01  0.000000e+00
     vertex  6.612028e+00  1.170667e+01  0.000000e+00
   endloop
 endfacet
 facet normal  0.000000e+00  0.000000e+00 -1.000000e+00
   outer loop
     vertex  1.955000e+00  1.668800e+01  0.000000e+00
     vertex  1.641000e+00  1.369300e+01  0.000000e+00
     vertex  1.535000e+00  1.652000e+01  0.000000e+00
   endloop
 endfacet
 facet normal  0.000000e+00 -0.000000e+00 -1.000000e+00
   outer loop
     vertex  1.766000e+00  1.690800e+01  0.000000e+00
     vertex  1.955000e+00  1.668800e+01  0.000000e+00
     vertex  1.535000e+00  1.652000e+01  0.000000e+00
   endloop
 endfacet
 facet normal -0.000000e+00  0.000000e+00 -1.000000e+00
   outer loop
     vertex  1.766000e+00  1.690800e+01  0.000000e+00
     vertex  1.535000e+00  1.652000e+01  0.000000e+00
     vertex  1.000000e-02  1.700000e+01  0.000000e+00
   endloop
 endfacet
 facet normal -0.000000e+00 -0.000000e+00 -1.000000e+00
   outer loop
     vertex  1.836452e+00  1.689137e+01  0.000000e+00
     vertex  1.955000e+00  1.668800e+01  0.000000e+00
     vertex  1.766000e+00  1.690800e+01  0.000000e+00
   endloop
 endfacet
 facet normal  0.000000e+00  0.000000e+00 -1.000000e+00
   outer loop
     vertex  1.836452e+00  1.689137e+01  0.000000e+00
     vertex  1.944189e+00  1.677604e+01  0.000000e+00
     vertex  1.955000e+00  1.668800e+01  0.000000e+00
   endloop
 endfacet
 facet normal -0.000000e+00 -0.000000e+00 -1.000000e+00
   outer loop
     vertex  1.896369e+00  1.685074e+01  0.000000e+00
     vertex  1.944189e+00  1.677604e+01  0.000000e+00
     vertex  1.836452e+00  1.689137e+01  0.000000e+00
   endloop
 endfacet
 facet normal  0.000000e+00  0.000000e+00 -1.000000e+00
   outer loop
     vertex  1.690000e+01  2.000000e+00  0.000000e+00
     vertex  1.650000e+01  1.532978e+00  0.000000e+00
     vertex  1.650000e+01  1.935388e+00  0.000000e+00
   endloop
 endfacet
 facet normal -0.000000e+00  0.000000e+00 -1.000000e+00
   outer loop
     vertex  1.690000e+01  2.000000e+00  0.000000e+00
     vertex  1.650000e+01  1.935388e+00  0.000000e+00
     vertex  1.650000e+01  2.000000e+00  0.000000e+00
   endloop
 endfacet
 facet normal  0.000000e+00 -0.000000e+00 -1.000000e+00
   outer loop
     vertex  1.690000e+01  2.000000e+00  0.000000e+00
     vertex  1.690000e+01  0.000000e+00  0.000000e+00
     vertex  1.650000e+01  1.532978e+00  0.000000e+00
   endloop
 endfacet
 facet normal  0.000000e+00 -0.000000e+00 -1.000000e+00
   outer loop
     vertex  1.184200e+01  7.068000e+00  0.000000e+00
     vertex  1.187900e+01  6.627000e+00  0.000000e+00
     vertex  1.160900e+01  6.691000e+00  0.000000e+00
   endloop
 endfacet
 facet normal -0.000000e+00  0.000000e+00 -1.000000e+00
   outer loop
     vertex  7.068000e+00  1.184200e+01  0.000000e+00
     vertex  6.691000e+00  1.160900e+01  0.000000e+00
     vertex  6.627000e+00  1.187900e+01  0.000000e+00
   endloop
 endfacet
 facet normal  0.000000e+00  0.000000e+00 -1.000000e+00
   outer loop
     vertex  1.082687e+01  8.089005e+00  0.000000e+00
     vertex  1.081039e+01  7.941667e+00  0.000000e+00
     vertex  1.080343e+01  8.003459e+00  0.000000e+00
   endloop
 endfacet
 facet normal  0.000000e+00  0.000000e+00 -1.000000e+00
   outer loop
     vertex  8.111888e+00  1.084117e+01  0.000000e+00
     vertex  8.056447e+00  1.081301e+01  0.000000e+00
     vertex  7.968109e+00  1.080501e+01  0.000000e+00
   endloop
 endfacet
 facet normal  0.000000e+00  0.000000e+00 -1.000000e+00
   outer loop
     vertex  8.902839e+00  1.007386e+01  0.000000e+00
     vertex  8.959000e+00  9.965000e+00  0.000000e+00
     vertex  8.922381e+00  1.001502e+01  0.000000e+00
   endloop
 endfacet
 facet normal  0.000000e+00  0.000000e+00 -1.000000e+00
   outer loop
     vertex  1.088500e+01  8.156000e+00  0.000000e+00
     vertex  1.081039e+01  7.941667e+00  0.000000e+00
     vertex  1.082687e+01  8.089005e+00  0.000000e+00
   endloop
 endfacet
 facet normal  0.000000e+00  0.000000e+00 -1.000000e+00
   outer loop
     vertex  1.088500e+01  8.156000e+00  0.000000e+00
     vertex  1.083600e+01  7.885000e+00  0.000000e+00
     vertex  1.081039e+01  7.941667e+00  0.000000e+00
   endloop
 endfacet
 facet normal  0.000000e+00  0.000000e+00 -1.000000e+00
   outer loop
     vertex  8.156000e+00  1.088500e+01  0.000000e+00
     vertex  7.968109e+00  1.080501e+01  0.000000e+00
     vertex  7.885000e+00  1.083600e+01  0.000000e+00
   endloop
 endfacet
 facet normal  0.000000e+00  0.000000e+00 -1.000000e+00
   outer loop
     vertex  8.156000e+00  1.088500e+01  0.000000e+00
     vertex  8.111888e+00  1.084117e+01  0.000000e+00
     vertex  7.968109e+00  1.080501e+01  0.000000e+00
   endloop
 endfacet
 facet normal  0.000000e+00 -0.000000e+00 -1.000000e+00
   outer loop
     vertex  8.908028e+00  1.016240e+01  0.000000e+00
     vertex  8.959000e+00  9.965000e+00  0.000000e+00
     vertex  8.902839e+00  1.007386e+01  0.000000e+00
   endloop
 endfacet
 facet normal  0.000000e+00 -0.000000e+00 -1.000000e+00
   outer loop
     vertex  8.951000e+00  1.024000e+01  0.000000e+00
     vertex  8.959000e+00  9.965000e+00  0.000000e+00
     vertex  8.908028e+00  1.016240e+01  0.000000e+00
   endloop
 endfacet
 facet normal -0.000000e+00  0.000000e+00 -1.000000e+00
   outer loop
     vertex  1.024000e+01  8.951000e+00  0.000000e+00
     vertex  1.003997e+01  8.911590e+00  0.000000e+00
     vertex  9.965000e+00  8.959000e+00  0.000000e+00
   endloop
 endfacet
 facet normal  0.000000e+00  0.000000e+00 -1.000000e+00
   outer loop
     vertex  1.024000e+01  8.951000e+00  0.000000e+00
     vertex  1.012806e+01  8.901262e+00  0.000000e+00
     vertex  1.003997e+01  8.911590e+00  0.000000e+00
   endloop
 endfacet
 facet normal  0.000000e+00  0.000000e+00 -1.000000e+00
   outer loop
     vertex  1.024000e+01  8.951000e+00  0.000000e+00
     vertex  1.018793e+01  8.917350e+00  0.000000e+00
     vertex  1.012806e+01  8.901262e+00  0.000000e+00
   endloop
 endfacet
 facet normal  0.000000e+00 -0.000000e+00 -1.000000e+00
   outer loop
     vertex  7.943000e+00  1.127300e+01  0.000000e+00
     vertex  8.156000e+00  1.088500e+01  0.000000e+00
     vertex  7.885000e+00  1.083600e+01  0.000000e+00
   endloop
 endfacet
 facet normal -0.000000e+00  0.000000e+00 -1.000000e+00
   outer loop
     vertex  7.943000e+00  1.127300e+01  0.000000e+00
     vertex  7.885000e+00  1.083600e+01  0.000000e+00
     vertex  6.691000e+00  1.160900e+01  0.000000e+00
   endloop
 endfacet
 facet normal  0.000000e+00  0.000000e+00 -1.000000e+00
   outer loop
     vertex  7.943000e+00  1.127300e+01  0.000000e+00
     vertex  6.691000e+00  1.160900e+01  0.000000e+00
     vertex  7.068000e+00  1.184200e+01  0.000000e+00
   endloop
 endfacet
 facet normal -0.000000e+00  0.000000e+00 -1.000000e+00
   outer loop
     vertex  1.127300e+01  7.943000e+00  0.000000e+00
     vertex  1.083600e+01  7.885000e+00  0.000000e+00
     vertex  1.088500e+01  8.156000e+00  0.000000e+00
   endloop
 endfacet
 facet normal  0.000000e+00  0.000000e+00 -1.000000e+00
   outer loop
     vertex  1.127300e+01  7.943000e+00  0.000000e+00
     vertex  1.184200e+01  7.068000e+00  0.000000e+00
     vertex  1.160900e+01  6.691000e+00  0.000000e+00
   endloop
 endfacet
 facet normal  0.000000e+00 -0.000000e+00 -1.000000e+00
   outer loop
     vertex  1.127300e+01  7.943000e+00  0.000000e+00
     vertex  1.160900e+01  6.691000e+00  0.000000e+00
     vertex  1.083600e+01  7.885000e+00  0.000000e+00
   endloop
 endfacet
 facet normal -0.000000e+00  0.000000e+00 -1.000000e+00
   outer loop
     vertex  9.375000e+00  1.011300e+01  0.000000e+00
     vertex  8.959000e+00  9.965000e+00  0.000000e+00
     vertex  8.951000e+00  1.024000e+01  0.000000e+00
   endloop
 endfacet
 facet normal -0.000000e+00  0.000000e+00 -1.000000e+00
   outer loop
     vertex  1.011300e+01  9.375000e+00  0.000000e+00
     vertex  9.965000e+00  8.959000e+00  0.000000e+00
     vertex  8.959000e+00  9.965000e+00  0.000000e+00
   endloop
 endfacet
 facet normal  0.000000e+00  0.000000e+00 -1.000000e+00
   outer loop
     vertex  1.011300e+01  9.375000e+00  0.000000e+00
     vertex  8.959000e+00  9.965000e+00  0.000000e+00
     vertex  9.375000e+00  1.011300e+01  0.000000e+00
   endloop
 endfacet
 facet normal  0.000000e+00 -0.000000e+00 -1.000000e+00
   outer loop
     vertex  1.011300e+01  9.375000e+00  0.000000e+00
     vertex  1.024000e+01  8.951000e+00  0.000000e+00
     vertex  9.965000e+00  8.959000e+00  0.000000e+00
   endloop
 endfacet
 facet normal  0.000000e+00  0.000000e+00 -1.000000e+00
   outer loop
     vertex  1.618600e+01  3.646000e+00  0.000000e+00
     vertex  1.352900e+01  2.672000e+00  0.000000e+00
     vertex  1.326200e+01  3.023000e+00  0.000000e+00
   endloop
 endfacet
 facet normal  0.000000e+00  0.000000e+00 -1.000000e+00
   outer loop
     vertex  3.646000e+00  1.618600e+01  0.000000e+00
     vertex  3.023000e+00  1.326200e+01  0.000000e+00
     vertex  2.672000e+00  1.352900e+01  0.000000e+00
   endloop
 endfacet
 facet normal -0.000000e+00  0.000000e+00 -1.000000e+00
   outer loop
     vertex  3.646000e+00  1.618600e+01  0.000000e+00
     vertex  2.672000e+00  1.352900e+01  0.000000e+00
     vertex  3.297000e+00  1.647500e+01  0.000000e+00
   endloop
 endfacet
 facet normal  0.000000e+00  0.000000e+00 -1.000000e+00
   outer loop
     vertex  3.374902e+00  1.659555e+01  0.000000e+00
     vertex  3.297000e+00  1.647500e+01  0.000000e+00
     vertex  3.324765e+00  1.654250e+01  0.000000e+00
   endloop
 endfacet
 facet normal  0.000000e+00  0.000000e+00 -1.000000e+00
   outer loop
     vertex  1.661229e+01  3.402228e+00  0.000000e+00
     vertex  1.655561e+01  3.334003e+00  0.000000e+00
     vertex  1.647500e+01  3.297000e+00  0.000000e+00
   endloop
 endfacet
 facet normal  0.000000e+00  0.000000e+00 -1.000000e+00
   outer loop
     vertex  1.662700e+01  3.545000e+00  0.000000e+00
     vertex  1.661229e+01  3.402228e+00  0.000000e+00
     vertex  1.647500e+01  3.297000e+00  0.000000e+00
   endloop
 endfacet
 facet normal -0.000000e+00  0.000000e+00 -1.000000e+00
   outer loop
     vertex  1.662700e+01  3.545000e+00  0.000000e+00
     vertex  1.647500e+01  3.297000e+00  0.000000e+00
     vertex  1.618600e+01  3.646000e+00  0.000000e+00
   endloop
 endfacet
 facet normal  0.000000e+00 -0.000000e+00 -1.000000e+00
   outer loop
     vertex  1.662700e+01  3.545000e+00  0.000000e+00
     vertex  1.663290e+01  3.472250e+00  0.000000e+00
     vertex  1.661229e+01  3.402228e+00  0.000000e+00
   endloop
 endfacet
 facet normal  0.000000e+00  0.000000e+00 -1.000000e+00
   outer loop
     vertex  3.545000e+00  1.662700e+01  0.000000e+00
     vertex  3.297000e+00  1.647500e+01  0.000000e+00
     vertex  3.374902e+00  1.659555e+01  0.000000e+00
   endloop
 endfacet
 facet normal -0.000000e+00  0.000000e+00 -1.000000e+00
   outer loop
     vertex  3.545000e+00  1.662700e+01  0.000000e+00
     vertex  3.374902e+00  1.659555e+01  0.000000e+00
     vertex  3.456374e+00  1.663061e+01  0.000000e+00
   endloop
 endfacet
 facet normal  0.000000e+00 -0.000000e+00 -1.000000e+00
   outer loop
     vertex  3.545000e+00  1.662700e+01  0.000000e+00
     vertex  3.646000e+00  1.618600e+01  0.000000e+00
     vertex  3.297000e+00  1.647500e+01  0.000000e+00
   endloop
 endfacet
 facet normal  0.000000e+00  0.000000e+00 -1.000000e+00
   outer loop
     vertex  1.584000e+01  4.936000e+00  0.000000e+00
     vertex  1.299600e+01  4.014000e+00  0.000000e+00
     vertex  1.305300e+01  4.451000e+00  0.000000e+00
   endloop
 endfacet
 facet normal  0.000000e+00  0.000000e+00 -1.000000e+00
   outer loop
     vertex  4.936000e+00  1.584000e+01  0.000000e+00
     vertex  4.451000e+00  1.305300e+01  0.000000e+00
     vertex  4.014000e+00  1.299600e+01  0.000000e+00
   endloop
 endfacet
 facet normal  0.000000e+00  0.000000e+00 -1.000000e+00
   outer loop
     vertex  5.381000e+00  1.591600e+01  0.000000e+00
     vertex  4.451000e+00  1.305300e+01  0.000000e+00
     vertex  4.936000e+00  1.584000e+01  0.000000e+00
   endloop
 endfacet
 facet normal  0.000000e+00  0.000000e+00 -1.000000e+00
   outer loop
     vertex  1.591600e+01  5.381000e+00  0.000000e+00
     vertex  1.584000e+01  4.936000e+00  0.000000e+00
     vertex  1.305300e+01  4.451000e+00  0.000000e+00
   endloop
 endfacet
 facet normal  0.000000e+00  0.000000e+00 -1.000000e+00
   outer loop
     vertex  1.617200e+01  5.242000e+00  0.000000e+00
     vertex  1.662700e+01  3.545000e+00  0.000000e+00
     vertex  1.618600e+01  3.646000e+00  0.000000e+00
   endloop
 endfacet
 facet normal -0.000000e+00  0.000000e+00 -1.000000e+00
   outer loop
     vertex  1.617200e+01  5.242000e+00  0.000000e+00
     vertex  1.584000e+01  4.936000e+00  0.000000e+00
     vertex  1.591600e+01  5.381000e+00  0.000000e+00
   endloop
 endfacet
 facet normal  0.000000e+00 -0.000000e+00 -1.000000e+00
   outer loop
     vertex  1.617200e+01  5.242000e+00  0.000000e+00
     vertex  1.618600e+01  3.646000e+00  0.000000e+00
     vertex  1.584000e+01  4.936000e+00  0.000000e+00
   endloop
 endfacet
 facet normal  0.000000e+00  0.000000e+00 -1.000000e+00
   outer loop
     vertex  5.242000e+00  1.617200e+01  0.000000e+00
     vertex  3.646000e+00  1.618600e+01  0.000000e+00
     vertex  3.545000e+00  1.662700e+01  0.000000e+00
   endloop
 endfacet
 facet normal -0.000000e+00  0.000000e+00 -1.000000e+00
   outer loop
     vertex  5.242000e+00  1.617200e+01  0.000000e+00
     vertex  4.936000e+00  1.584000e+01  0.000000e+00
     vertex  3.646000e+00  1.618600e+01  0.000000e+00
   endloop
 endfacet
 facet normal  0.000000e+00 -0.000000e+00 -1.000000e+00
   outer loop
     vertex  5.242000e+00  1.617200e+01  0.000000e+00
     vertex  5.381000e+00  1.591600e+01  0.000000e+00
     vertex  4.936000e+00  1.584000e+01  0.000000e+00
   endloop
 endfacet
 facet normal -0.000000e+00 -0.000000e+00 -1.000000e+00
   outer loop
     vertex  5.358770e+00  1.608755e+01  0.000000e+00
     vertex  5.381000e+00  1.591600e+01  0.000000e+00
     vertex  5.242000e+00  1.617200e+01  0.000000e+00
   endloop
 endfacet
 facet normal  0.000000e+00  0.000000e+00 -1.000000e+00
   outer loop
     vertex  5.358770e+00  1.608755e+01  0.000000e+00
     vertex  5.389391e+00  1.600430e+01  0.000000e+00
     vertex  5.381000e+00  1.591600e+01  0.000000e+00
   endloop
 endfacet
 facet normal -0.000000e+00 -0.000000e+00 -1.000000e+00
   outer loop
     vertex  5.308256e+00  1.614066e+01  0.000000e+00
     vertex  5.358770e+00  1.608755e+01  0.000000e+00
     vertex  5.242000e+00  1.617200e+01  0.000000e+00
   endloop
 endfacet
 facet normal -0.000000e+00 -0.000000e+00 -1.000000e+00
   outer loop
     vertex  1.613095e+01  5.320627e+00  0.000000e+00
     vertex  1.617200e+01  5.242000e+00  0.000000e+00
     vertex  1.591600e+01  5.381000e+00  0.000000e+00
   endloop
 endfacet
 facet normal  0.000000e+00  0.000000e+00 -1.000000e+00
   outer loop
     vertex  1.613095e+01  5.320627e+00  0.000000e+00
     vertex  1.598864e+01  5.390797e+00  0.000000e+00
     vertex  1.605993e+01  5.373767e+00  0.000000e+00
   endloop
 endfacet
 facet normal  0.000000e+00  0.000000e+00 -1.000000e+00
   outer loop
     vertex  1.613095e+01  5.320627e+00  0.000000e+00
     vertex  1.591600e+01  5.381000e+00  0.000000e+00
     vertex  1.598864e+01  5.390797e+00  0.000000e+00
   endloop
 endfacet
 facet normal  0.000000e+00  0.000000e+00 -1.000000e+00
   outer loop
     vertex  1.507400e+01  6.930000e+00  0.000000e+00
     vertex  1.268000e+01  5.426000e+00  0.000000e+00
     vertex  1.234200e+01  5.715000e+00  0.000000e+00
   endloop
 endfacet
 facet normal  0.000000e+00  0.000000e+00 -1.000000e+00
   outer loop
     vertex  6.930000e+00  1.507400e+01  0.000000e+00
     vertex  5.715000e+00  1.234200e+01  0.000000e+00
     vertex  5.426000e+00  1.268000e+01  0.000000e+00
   endloop
 endfacet
 facet normal  0.000000e+00 -0.000000e+00 -1.000000e+00
   outer loop
     vertex  6.650000e+00  1.543000e+01  0.000000e+00
     vertex  6.930000e+00  1.507400e+01  0.000000e+00
     vertex  5.426000e+00  1.268000e+01  0.000000e+00
   endloop
 endfacet
 facet normal -0.000000e+00  0.000000e+00 -1.000000e+00
   outer loop
     vertex  1.543000e+01  6.650000e+00  0.000000e+00
     vertex  1.268000e+01  5.426000e+00  0.000000e+00
     vertex  1.507400e+01  6.930000e+00  0.000000e+00
   endloop
 endfacet
 facet normal  0.000000e+00  0.000000e+00 -1.000000e+00
   outer loop
     vertex  6.751096e+00  1.553020e+01  0.000000e+00
     vertex  6.650000e+00  1.543000e+01  0.000000e+00
     vertex  6.691332e+00  1.548940e+01  0.000000e+00
   endloop
 endfacet
 facet normal  0.000000e+00 -0.000000e+00 -1.000000e+00
   outer loop
     vertex  6.924000e+00  1.552500e+01  0.000000e+00
     vertex  6.930000e+00  1.507400e+01  0.000000e+00
     vertex  6.650000e+00  1.543000e+01  0.000000e+00
   endloop
 endfacet
 facet normal  0.000000e+00  0.000000e+00 -1.000000e+00
   outer loop
     vertex  6.924000e+00  1.552500e+01  0.000000e+00
     vertex  6.751096e+00  1.553020e+01  0.000000e+00
     vertex  6.838140e+00  1.554726e+01  0.000000e+00
   endloop
 endfacet
 facet normal -0.000000e+00  0.000000e+00 -1.000000e+00
   outer loop
     vertex  6.924000e+00  1.552500e+01  0.000000e+00
     vertex  6.650000e+00  1.543000e+01  0.000000e+00
     vertex  6.751096e+00  1.553020e+01  0.000000e+00
   endloop
 endfacet
 facet normal -0.000000e+00  0.000000e+00 -1.000000e+00
   outer loop
     vertex  1.552500e+01  6.924000e+00  0.000000e+00
     vertex  1.543000e+01  6.650000e+00  0.000000e+00
     vertex  1.507400e+01  6.930000e+00  0.000000e+00
   endloop
 endfacet
 facet normal  0.000000e+00  0.000000e+00 -1.000000e+00
   outer loop
     vertex  1.552500e+01  6.924000e+00  0.000000e+00
     vertex  1.550063e+01  6.703653e+00  0.000000e+00
     vertex  1.543000e+01  6.650000e+00  0.000000e+00
   endloop
 endfacet
 facet normal  0.000000e+00 -0.000000e+00 -1.000000e+00
   outer loop
     vertex  1.552500e+01  6.924000e+00  0.000000e+00
     vertex  1.554112e+01  6.782574e+00  0.000000e+00
     vertex  1.550063e+01  6.703653e+00  0.000000e+00
   endloop
 endfacet
 facet normal  0.000000e+00  0.000000e+00 -1.000000e+00
   outer loop
     vertex  1.552500e+01  6.924000e+00  0.000000e+00
     vertex  1.554607e+01  6.854769e+00  0.000000e+00
     vertex  1.554112e+01  6.782574e+00  0.000000e+00
   endloop
 endfacet
 facet normal  0.000000e+00  0.000000e+00 -1.000000e+00
   outer loop
     vertex  1.446700e+01  8.121000e+00  0.000000e+00
     vertex  1.187900e+01  6.627000e+00  0.000000e+00
     vertex  1.184200e+01  7.068000e+00  0.000000e+00
   endloop
 endfacet
 facet normal  0.000000e+00  0.000000e+00 -1.000000e+00
   outer loop
     vertex  1.446700e+01  8.121000e+00  0.000000e+00
     vertex  1.552500e+01  6.924000e+00  0.000000e+00
     vertex  1.507400e+01  6.930000e+00  0.000000e+00
   endloop
 endfacet
 facet normal  0.000000e+00  0.000000e+00 -1.000000e+00
   outer loop
     vertex  8.121000e+00  1.446700e+01  0.000000e+00
     vertex  6.930000e+00  1.507400e+01  0.000000e+00
     vertex  6.924000e+00  1.552500e+01  0.000000e+00
   endloop
 endfacet
 facet normal  0.000000e+00  0.000000e+00 -1.000000e+00
   outer loop
     vertex  8.121000e+00  1.446700e+01  0.000000e+00
     vertex  7.068000e+00  1.184200e+01  0.000000e+00
     vertex  6.627000e+00  1.187900e+01  0.000000e+00
   endloop
 endfacet
 facet normal  0.000000e+00 -0.000000e+00 -1.000000e+00
   outer loop
     vertex  1.444900e+01  8.572000e+00  0.000000e+00
     vertex  1.446700e+01  8.121000e+00  0.000000e+00
     vertex  1.184200e+01  7.068000e+00  0.000000e+00
   endloop
 endfacet
 facet normal -0.000000e+00  0.000000e+00 -1.000000e+00
   outer loop
     vertex  8.572000e+00  1.444900e+01  0.000000e+00
     vertex  7.068000e+00  1.184200e+01  0.000000e+00
     vertex  8.121000e+00  1.446700e+01  0.000000e+00
   endloop
 endfacet
 facet normal  0.000000e+00 -0.000000e+00 -1.000000e+00
   outer loop
     vertex  8.585206e+00  1.462148e+01  0.000000e+00
     vertex  8.598214e+00  1.453374e+01  0.000000e+00
     vertex  8.572000e+00  1.444900e+01  0.000000e+00
   endloop
 endfacet
 facet normal  0.000000e+00  0.000000e+00 -1.000000e+00
   outer loop
     vertex  1.330300e+01  9.914000e+00  0.000000e+00
     vertex  1.127300e+01  7.943000e+00  0.000000e+00
     vertex  1.088500e+01  8.156000e+00  0.000000e+00
   endloop
 endfacet
 facet normal  0.000000e+00  0.000000e+00 -1.000000e+00
   outer loop
     vertex  9.914000e+00  1.330300e+01  0.000000e+00
     vertex  8.156000e+00  1.088500e+01  0.000000e+00
     vertex  7.943000e+00  1.127300e+01  0.000000e+00
   endloop
 endfacet
 facet normal -0.000000e+00  0.000000e+00 -1.000000e+00
   outer loop
     vertex  8.490000e+00  1.472700e+01  0.000000e+00
     vertex  8.121000e+00  1.446700e+01  0.000000e+00
     vertex  6.924000e+00  1.552500e+01  0.000000e+00
   endloop
 endfacet
 facet normal  0.000000e+00 -0.000000e+00 -1.000000e+00
   outer loop
     vertex  8.490000e+00  1.472700e+01  0.000000e+00
     vertex  8.572000e+00  1.444900e+01  0.000000e+00
     vertex  8.121000e+00  1.446700e+01  0.000000e+00
   endloop
 endfacet
 facet normal  0.000000e+00 -0.000000e+00 -1.000000e+00
   outer loop
     vertex  1.472700e+01  8.490000e+00  0.000000e+00
     vertex  1.552500e+01  6.924000e+00  0.000000e+00
     vertex  1.446700e+01  8.121000e+00  0.000000e+00
   endloop
 endfacet
 facet normal -0.000000e+00  0.000000e+00 -1.000000e+00
   outer loop
     vertex  1.472700e+01  8.490000e+00  0.000000e+00
     vertex  1.446700e+01  8.121000e+00  0.000000e+00
     vertex  1.444900e+01  8.572000e+00  0.000000e+00
   endloop
 endfacet
 facet normal -0.000000e+00 -0.000000e+00 -1.000000e+00
   outer loop
     vertex  1.467005e+01  8.558006e+00  0.000000e+00
     vertex  1.472700e+01  8.490000e+00  0.000000e+00
     vertex  1.444900e+01  8.572000e+00  0.000000e+00
   endloop
 endfacet
 facet normal  0.000000e+00  0.000000e+00 -1.000000e+00
   outer loop
     vertex  1.467005e+01  8.558006e+00  0.000000e+00
     vertex  1.451707e+01  8.596231e+00  0.000000e+00
     vertex  1.458930e+01  8.594697e+00  0.000000e+00
   endloop
 endfacet
 facet normal  0.000000e+00  0.000000e+00 -1.000000e+00
   outer loop
     vertex  1.467005e+01  8.558006e+00  0.000000e+00
     vertex  1.444900e+01  8.572000e+00  0.000000e+00
     vertex  1.451707e+01  8.596231e+00  0.000000e+00
   endloop
 endfacet
 facet normal  0.000000e+00  0.000000e+00 -1.000000e+00
   outer loop
     vertex  8.547292e+00  1.468298e+01  0.000000e+00
     vertex  8.585206e+00  1.462148e+01  0.000000e+00
     vertex  8.572000e+00  1.444900e+01  0.000000e+00
   endloop
 endfacet
 facet normal -0.000000e+00 -0.000000e+00 -1.000000e+00
   outer loop
     vertex  8.547292e+00  1.468298e+01  0.000000e+00
     vertex  8.572000e+00  1.444900e+01  0.000000e+00
     vertex  8.490000e+00  1.472700e+01  0.000000e+00
   endloop
 endfacet
 facet normal  0.000000e+00  0.000000e+00 -1.000000e+00
   outer loop
     vertex  1.246300e+01  1.095100e+01  0.000000e+00
     vertex  1.024000e+01  8.951000e+00  0.000000e+00
     vertex  1.011300e+01  9.375000e+00  0.000000e+00
   endloop
 endfacet
 facet normal  0.000000e+00  0.000000e+00 -1.000000e+00
   outer loop
     vertex  1.095100e+01  1.246300e+01  0.000000e+00
     vertex  9.375000e+00  1.011300e+01  0.000000e+00
     vertex  8.951000e+00  1.024000e+01  0.000000e+00
   endloop
 endfacet
 facet normal -0.000000e+00  0.000000e+00 -1.000000e+00
   outer loop
     vertex  1.370900e+01  9.713000e+00  0.000000e+00
     vertex  1.127300e+01  7.943000e+00  0.000000e+00
     vertex  1.330300e+01  9.914000e+00  0.000000e+00
   endloop
 endfacet
 facet normal  0.000000e+00 -0.000000e+00 -1.000000e+00
   outer loop
     vertex  9.713000e+00  1.370900e+01  0.000000e+00
     vertex  9.914000e+00  1.330300e+01  0.000000e+00
     vertex  7.943000e+00  1.127300e+01  0.000000e+00
   endloop
 endfacet
 facet normal  0.000000e+00  0.000000e+00 -1.000000e+00
   outer loop
     vertex  9.831706e+00  1.378600e+01  0.000000e+00
     vertex  9.713000e+00  1.370900e+01  0.000000e+00
     vertex  9.765316e+00  1.375835e+01  0.000000e+00
   endloop
 endfacet
 facet normal -0.000000e+00  0.000000e+00 -1.000000e+00
   outer loop
     vertex  9.920401e+00  1.378514e+01  0.000000e+00
     vertex  9.713000e+00  1.370900e+01  0.000000e+00
     vertex  9.831706e+00  1.378600e+01  0.000000e+00
   endloop
 endfacet
 facet normal  0.000000e+00  0.000000e+00 -1.000000e+00
   outer loop
     vertex  1.378047e+01  9.936878e+00  0.000000e+00
     vertex  1.376704e+01  9.780071e+00  0.000000e+00
     vertex  1.370900e+01  9.713000e+00  0.000000e+00
   endloop
 endfacet
 facet normal  0.000000e+00 -0.000000e+00 -1.000000e+00
   outer loop
     vertex  1.378047e+01  9.936878e+00  0.000000e+00
     vertex  1.379037e+01  9.865647e+00  0.000000e+00
     vertex  1.376704e+01  9.780071e+00  0.000000e+00
   endloop
 endfacet
 facet normal  0.000000e+00 -0.000000e+00 -1.000000e+00
   outer loop
     vertex  1.235200e+01  1.138900e+01  0.000000e+00
     vertex  1.246300e+01  1.095100e+01  0.000000e+00
     vertex  1.011300e+01  9.375000e+00  0.000000e+00
   endloop
 endfacet
 facet normal -0.000000e+00  0.000000e+00 -1.000000e+00
   outer loop
     vertex  1.138900e+01  1.235200e+01  0.000000e+00
     vertex  9.375000e+00  1.011300e+01  0.000000e+00
     vertex  1.095100e+01  1.246300e+01  0.000000e+00
   endloop
 endfacet
 facet normal  0.000000e+00  0.000000e+00 -1.000000e+00
   outer loop
     vertex  1.000000e+01  1.374600e+01  0.000000e+00
     vertex  9.914000e+00  1.330300e+01  0.000000e+00
     vertex  9.713000e+00  1.370900e+01  0.000000e+00
   endloop
 endfacet
 facet normal -0.000000e+00  0.000000e+00 -1.000000e+00
   outer loop
     vertex  1.000000e+01  1.374600e+01  0.000000e+00
     vertex  9.713000e+00  1.370900e+01  0.000000e+00
     vertex  9.920401e+00  1.378514e+01  0.000000e+00
   endloop
 endfacet
 facet normal  0.000000e+00 -0.000000e+00 -1.000000e+00
   outer loop
     vertex  1.374600e+01  1.000000e+01  0.000000e+00
     vertex  1.378047e+01  9.936878e+00  0.000000e+00
     vertex  1.370900e+01  9.713000e+00  0.000000e+00
   endloop
 endfacet
 facet normal  0.000000e+00  0.000000e+00 -1.000000e+00
   outer loop
     vertex  1.374600e+01  1.000000e+01  0.000000e+00
     vertex  1.370900e+01  9.713000e+00  0.000000e+00
     vertex  1.330300e+01  9.914000e+00  0.000000e+00
   endloop
 endfacet
 facet normal  0.000000e+00  0.000000e+00 -1.000000e+00
   outer loop
     vertex  1.248444e+01  1.144056e+01  0.000000e+00
     vertex  1.235200e+01  1.138900e+01  0.000000e+00
     vertex  1.241348e+01  1.142694e+01  0.000000e+00
   endloop
 endfacet
 facet normal  0.000000e+00  0.000000e+00 -1.000000e+00
   outer loop
     vertex  1.143801e+01  1.251789e+01  0.000000e+00
     vertex  1.143237e+01  1.242937e+01  0.000000e+00
     vertex  1.138900e+01  1.235200e+01  0.000000e+00
   endloop
 endfacet
 facet normal -0.000000e+00  0.000000e+00 -1.000000e+00
   outer loop
     vertex  1.257108e+01  1.142158e+01  0.000000e+00
     vertex  1.235200e+01  1.138900e+01  0.000000e+00
     vertex  1.248444e+01  1.144056e+01  0.000000e+00
   endloop
 endfacet
 facet normal  0.000000e+00  0.000000e+00 -1.000000e+00
   outer loop
     vertex  1.136700e+01  1.264100e+01  0.000000e+00
     vertex  9.914000e+00  1.330300e+01  0.000000e+00
     vertex  1.000000e+01  1.374600e+01  0.000000e+00
   endloop
 endfacet
 facet normal  0.000000e+00  0.000000e+00 -1.000000e+00
   outer loop
     vertex  1.136700e+01  1.264100e+01  0.000000e+00
     vertex  1.141381e+01  1.258597e+01  0.000000e+00
     vertex  1.143801e+01  1.251789e+01  0.000000e+00
   endloop
 endfacet
 facet normal  0.000000e+00  0.000000e+00 -1.000000e+00
   outer loop
     vertex  1.136700e+01  1.264100e+01  0.000000e+00
     vertex  1.143801e+01  1.251789e+01  0.000000e+00
     vertex  1.138900e+01  1.235200e+01  0.000000e+00
   endloop
 endfacet
 facet normal -0.000000e+00  0.000000e+00 -1.000000e+00
   outer loop
     vertex  1.136700e+01  1.264100e+01  0.000000e+00
     vertex  1.095100e+01  1.246300e+01  0.000000e+00
     vertex  9.914000e+00  1.330300e+01  0.000000e+00
   endloop
 endfacet
 facet normal  0.000000e+00 -0.000000e+00 -1.000000e+00
   outer loop
     vertex  1.136700e+01  1.264100e+01  0.000000e+00
     vertex  1.138900e+01  1.235200e+01  0.000000e+00
     vertex  1.095100e+01  1.246300e+01  0.000000e+00
   endloop
 endfacet
 facet normal -0.000000e+00  0.000000e+00 -1.000000e+00
   outer loop
     vertex  1.264100e+01  1.136700e+01  0.000000e+00
     vertex  1.246300e+01  1.095100e+01  0.000000e+00
     vertex  1.235200e+01  1.138900e+01  0.000000e+00
   endloop
 endfacet
 facet normal  0.000000e+00  0.000000e+00 -1.000000e+00
   outer loop
     vertex  1.264100e+01  1.136700e+01  0.000000e+00
     vertex  1.374600e+01  1.000000e+01  0.000000e+00
     vertex  1.330300e+01  9.914000e+00  0.000000e+00
   endloop
 endfacet
 facet normal  0.000000e+00  0.000000e+00 -1.000000e+00
   outer loop
     vertex  1.264100e+01  1.136700e+01  0.000000e+00
     vertex  1.235200e+01  1.138900e+01  0.000000e+00
     vertex  1.257108e+01  1.142158e+01  0.000000e+00
   endloop
 endfacet
 facet normal  0.000000e+00 -0.000000e+00 -1.000000e+00
   outer loop
     vertex  1.264100e+01  1.136700e+01  0.000000e+00
     vertex  1.330300e+01  9.914000e+00  0.000000e+00
     vertex  1.246300e+01  1.095100e+01  0.000000e+00
   endloop
 endfacet
 facet normal  0.000000e+00  0.000000e+00 -1.000000e+00
   outer loop
     vertex  1.378900e+01 -1.990000e-01  0.000000e+00
     vertex  1.650000e+01  1.990000e-01  0.000000e+00
     vertex  1.680100e+01 -1.990000e-01  0.000000e+00
   endloop
 endfacet
 facet normal  0.000000e+00  0.000000e+00 -1.000000e+00
   outer loop
     vertex  1.352900e+01  2.672000e+00  0.000000e+00
     vertex  1.618600e+01  3.646000e+00  0.000000e+00
     vertex  1.647500e+01  3.297000e+00  0.000000e+00
   endloop
 endfacet
endsolid
