solid 
 facet normal  0.000000e+00  0.000000e+00 -1.000000e+00
   outer loop
     vertex -3.129066e+00 -9.722447e+00  0.000000e+00
     vertex -4.182429e+00 -9.327527e+00  0.000000e+00
     vertex -4.691293e+00 -9.084004e+00  0.000000e+00
   endloop
 endfacet
 facet normal  0.000000e+00  0.000000e+00 -1.000000e+00
   outer loop
     vertex -3.129066e+00 -9.722447e+00  0.000000e+00
     vertex -3.661500e+00 -9.540392e+00  0.000000e+00
     vertex -4.182429e+00 -9.327527e+00  0.000000e+00
   endloop
 endfacet
 facet normal  0.000000e+00  0.000000e+00 -1.000000e+00
   outer loop
     vertex -2.653181e+00 -9.856584e+00  0.000000e+00
     vertex -4.691293e+00 -9.084004e+00  0.000000e+00
     vertex -5.187344e+00 -8.810023e+00  0.000000e+00
   endloop
 endfacet
 facet normal  0.000000e+00  0.000000e+00 -1.000000e+00
   outer loop
     vertex -2.653181e+00 -9.856584e+00  0.000000e+00
     vertex -3.129066e+00 -9.722447e+00  0.000000e+00
     vertex -4.691293e+00 -9.084004e+00  0.000000e+00
   endloop
 endfacet
 facet normal  0.000000e+00  0.000000e+00 -1.000000e+00
   outer loop
     vertex -2.163247e+00 -9.967967e+00  0.000000e+00
     vertex -7.434498e+00 -7.000760e+00  0.000000e+00
     vertex -7.826099e+00 -6.558255e+00  0.000000e+00
   endloop
 endfacet
 facet normal  0.000000e+00  0.000000e+00 -1.000000e+00
   outer loop
     vertex -2.163247e+00 -9.967967e+00  0.000000e+00
     vertex -7.021139e+00 -7.418339e+00  0.000000e+00
     vertex -7.434498e+00 -7.000760e+00  0.000000e+00
   endloop
 endfacet
 facet normal  0.000000e+00  0.000000e+00 -1.000000e+00
   outer loop
     vertex -2.163247e+00 -9.967967e+00  0.000000e+00
     vertex -6.588028e+00 -7.809219e+00  0.000000e+00
     vertex -7.021139e+00 -7.418339e+00  0.000000e+00
   endloop
 endfacet
 facet normal  0.000000e+00  0.000000e+00 -1.000000e+00
   outer loop
     vertex -2.163247e+00 -9.967967e+00  0.000000e+00
     vertex -6.136989e+00 -8.172060e+00  0.000000e+00
     vertex -6.588028e+00 -7.809219e+00  0.000000e+00
   endloop
 endfacet
 facet normal  0.000000e+00  0.000000e+00 -1.000000e+00
   outer loop
     vertex -2.163247e+00 -9.967967e+00  0.000000e+00
     vertex -5.669631e+00 -8.505889e+00  0.000000e+00
     vertex -6.136989e+00 -8.172060e+00  0.000000e+00
   endloop
 endfacet
 facet normal  0.000000e+00  0.000000e+00 -1.000000e+00
   outer loop
     vertex -2.163247e+00 -9.967967e+00  0.000000e+00
     vertex -5.187344e+00 -8.810023e+00  0.000000e+00
     vertex -5.669631e+00 -8.505889e+00  0.000000e+00
   endloop
 endfacet
 facet normal  0.000000e+00  0.000000e+00 -1.000000e+00
   outer loop
     vertex -2.163247e+00 -9.967967e+00  0.000000e+00
     vertex -2.653181e+00 -9.856584e+00  0.000000e+00
     vertex -5.187344e+00 -8.810023e+00  0.000000e+00
   endloop
 endfacet
 facet normal  0.000000e+00 -0.000000e+00 -1.000000e+00
   outer loop
     vertex -1.012999e+01 -1.192988e+00  0.000000e+00
     vertex -1.006974e+01 -1.787025e+00  0.000000e+00
     vertex -1.013379e+01 -1.251953e+00  0.000000e+00
   endloop
 endfacet
 facet normal  0.000000e+00  0.000000e+00 -1.000000e+00
   outer loop
     vertex -1.012999e+01 -1.192988e+00  0.000000e+00
     vertex -9.964825e+00 -2.333543e+00  0.000000e+00
     vertex -1.006974e+01 -1.787025e+00  0.000000e+00
   endloop
 endfacet
 facet normal  0.000000e+00  0.000000e+00 -1.000000e+00
   outer loop
     vertex -1.012999e+01 -1.192988e+00  0.000000e+00
     vertex -9.814369e+00 -2.905334e+00  0.000000e+00
     vertex -9.964825e+00 -2.333543e+00  0.000000e+00
   endloop
 endfacet
 facet normal  0.000000e+00  0.000000e+00 -1.000000e+00
   outer loop
     vertex -1.012999e+01 -1.192988e+00  0.000000e+00
     vertex -9.619698e+00 -3.486563e+00  0.000000e+00
     vertex -9.814369e+00 -2.905334e+00  0.000000e+00
   endloop
 endfacet
 facet normal  0.000000e+00  0.000000e+00 -1.000000e+00
   outer loop
     vertex -1.012999e+01 -1.192988e+00  0.000000e+00
     vertex -9.381515e+00 -4.070499e+00  0.000000e+00
     vertex -9.619698e+00 -3.486563e+00  0.000000e+00
   endloop
 endfacet
 facet normal  0.000000e+00  0.000000e+00 -1.000000e+00
   outer loop
     vertex -1.012999e+01 -1.192988e+00  0.000000e+00
     vertex -9.131225e+00 -4.592651e+00  0.000000e+00
     vertex -9.381515e+00 -4.070499e+00  0.000000e+00
   endloop
 endfacet
 facet normal  0.000000e+00  0.000000e+00 -1.000000e+00
   outer loop
     vertex -1.012999e+01 -1.192988e+00  0.000000e+00
     vertex -8.848532e+00 -5.106648e+00  0.000000e+00
     vertex -9.131225e+00 -4.592651e+00  0.000000e+00
   endloop
 endfacet
 facet normal  0.000000e+00  0.000000e+00 -1.000000e+00
   outer loop
     vertex -1.012999e+01 -1.192988e+00  0.000000e+00
     vertex -8.535345e+00 -5.608103e+00  0.000000e+00
     vertex -8.848532e+00 -5.106648e+00  0.000000e+00
   endloop
 endfacet
 facet normal  0.000000e+00  0.000000e+00 -1.000000e+00
   outer loop
     vertex -1.012999e+01 -1.192988e+00  0.000000e+00
     vertex -8.193792e+00 -6.093097e+00  0.000000e+00
     vertex -8.535345e+00 -5.608103e+00  0.000000e+00
   endloop
 endfacet
 facet normal  0.000000e+00  0.000000e+00 -1.000000e+00
   outer loop
     vertex -1.012999e+01 -1.192988e+00  0.000000e+00
     vertex -7.826099e+00 -6.558255e+00  0.000000e+00
     vertex -8.193792e+00 -6.093097e+00  0.000000e+00
   endloop
 endfacet
 facet normal  0.000000e+00  0.000000e+00 -1.000000e+00
   outer loop
     vertex -1.012999e+01 -1.192988e+00  0.000000e+00
     vertex -2.163247e+00 -9.967967e+00  0.000000e+00
     vertex -7.826099e+00 -6.558255e+00  0.000000e+00
   endloop
 endfacet
 facet normal  0.000000e+00  0.000000e+00 -1.000000e+00
   outer loop
     vertex -9.042744e-01 -1.015984e+01  0.000000e+00
     vertex -1.536758e+00 -1.008357e+01  0.000000e+00
     vertex -2.163247e+00 -9.967967e+00  0.000000e+00
   endloop
 endfacet
 facet normal  0.000000e+00  0.000000e+00 -1.000000e+00
   outer loop
     vertex -9.042744e-01 -1.015984e+01  0.000000e+00
     vertex -2.163247e+00 -9.967967e+00  0.000000e+00
     vertex -1.012999e+01 -1.192988e+00  0.000000e+00
   endloop
 endfacet
 facet normal  0.000000e+00  0.000000e+00 -1.000000e+00
   outer loop
     vertex -1.019999e+01  1.032024e-02  0.000000e+00
     vertex -1.012999e+01 -1.192988e+00  0.000000e+00
     vertex -1.018278e+01 -5.923688e-01  0.000000e+00
   endloop
 endfacet
 facet normal  0.000000e+00 -0.000000e+00 -1.000000e+00
   outer loop
     vertex -1.018156e+01  6.129732e-01  0.000000e+00
     vertex -1.012999e+01 -1.192988e+00  0.000000e+00
     vertex -1.019999e+01  1.032024e-02  0.000000e+00
   endloop
 endfacet
 facet normal  0.000000e+00  0.000000e+00 -1.000000e+00
   outer loop
     vertex  1.004414e+00 -1.015043e+01  0.000000e+00
     vertex -2.682632e-01 -1.019647e+01  0.000000e+00
     vertex -9.042744e-01 -1.015984e+01  0.000000e+00
   endloop
 endfacet
 facet normal  0.000000e+00  0.000000e+00 -1.000000e+00
   outer loop
     vertex  1.004414e+00 -1.015043e+01  0.000000e+00
     vertex  3.687946e-01 -1.019333e+01  0.000000e+00
     vertex -2.682632e-01 -1.019647e+01  0.000000e+00
   endloop
 endfacet
 facet normal -0.000000e+00  0.000000e+00 -1.000000e+00
   outer loop
     vertex  1.004414e+00 -1.015043e+01  0.000000e+00
     vertex -9.042744e-01 -1.015984e+01  0.000000e+00
     vertex -1.012999e+01 -1.192988e+00  0.000000e+00
   endloop
 endfacet
 facet normal  0.000000e+00  0.000000e+00 -1.000000e+00
   outer loop
     vertex -1.012756e+01  1.213484e+00  0.000000e+00
     vertex -1.012999e+01 -1.192988e+00  0.000000e+00
     vertex -1.018156e+01  6.129732e-01  0.000000e+00
   endloop
 endfacet
 facet normal  0.000000e+00  0.000000e+00 -1.000000e+00
   outer loop
     vertex -1.003475e+01  1.849239e+00  0.000000e+00
     vertex -1.012756e+01  1.213484e+00  0.000000e+00
     vertex -1.013184e+01  1.294922e+00  0.000000e+00
   endloop
 endfacet
 facet normal  0.000000e+00  0.000000e+00 -1.000000e+00
   outer loop
     vertex  2.261433e+00 -9.946151e+00  0.000000e+00
     vertex  1.636115e+00 -1.006793e+01  0.000000e+00
     vertex  1.004414e+00 -1.015043e+01  0.000000e+00
   endloop
 endfacet
 facet normal  0.000000e+00  0.000000e+00 -1.000000e+00
   outer loop
     vertex -9.918070e+00  2.381572e+00  0.000000e+00
     vertex -1.012999e+01 -1.192988e+00  0.000000e+00
     vertex -1.012756e+01  1.213484e+00  0.000000e+00
   endloop
 endfacet
 facet normal  0.000000e+00  0.000000e+00 -1.000000e+00
   outer loop
     vertex -9.918070e+00  2.381572e+00  0.000000e+00
     vertex -1.012756e+01  1.213484e+00  0.000000e+00
     vertex -1.003475e+01  1.849239e+00  0.000000e+00
   endloop
 endfacet
 facet normal  0.000000e+00  0.000000e+00 -1.000000e+00
   outer loop
     vertex -9.878358e+00  2.541267e+00  0.000000e+00
     vertex -1.012999e+01 -1.192988e+00  0.000000e+00
     vertex -9.918070e+00  2.381572e+00  0.000000e+00
   endloop
 endfacet
 facet normal  0.000000e+00  0.000000e+00 -1.000000e+00
   outer loop
     vertex -9.878358e+00  2.541267e+00  0.000000e+00
     vertex -9.918070e+00  2.381572e+00  0.000000e+00
     vertex -9.898536e+00  2.461500e+00  0.000000e+00
   endloop
 endfacet
 facet normal -0.000000e+00  0.000000e+00 -1.000000e+00
   outer loop
     vertex  2.877930e+00 -9.785577e+00  0.000000e+00
     vertex  1.004414e+00 -1.015043e+01  0.000000e+00
     vertex -1.012999e+01 -1.192988e+00  0.000000e+00
   endloop
 endfacet
 facet normal  0.000000e+00  0.000000e+00 -1.000000e+00
   outer loop
     vertex  2.877930e+00 -9.785577e+00  0.000000e+00
     vertex  2.261433e+00 -9.946151e+00  0.000000e+00
     vertex  1.004414e+00 -1.015043e+01  0.000000e+00
   endloop
 endfacet
 facet normal  0.000000e+00  0.000000e+00 -1.000000e+00
   outer loop
     vertex  4.650670e+00 -9.078065e+00  0.000000e+00
     vertex  4.074883e+00 -9.350686e+00  0.000000e+00
     vertex  3.483200e+00 -9.586830e+00  0.000000e+00
   endloop
 endfacet
 facet normal -0.000000e+00  0.000000e+00 -1.000000e+00
   outer loop
     vertex  5.745642e+00 -8.427787e+00  0.000000e+00
     vertex  2.877930e+00 -9.785577e+00  0.000000e+00
     vertex -1.012999e+01 -1.192988e+00  0.000000e+00
   endloop
 endfacet
 facet normal  0.000000e+00  0.000000e+00 -1.000000e+00
   outer loop
     vertex  5.745642e+00 -8.427787e+00  0.000000e+00
     vertex  4.650670e+00 -9.078065e+00  0.000000e+00
     vertex  3.483200e+00 -9.586830e+00  0.000000e+00
   endloop
 endfacet
 facet normal  0.000000e+00  0.000000e+00 -1.000000e+00
   outer loop
     vertex  5.745642e+00 -8.427787e+00  0.000000e+00
     vertex  3.483200e+00 -9.586830e+00  0.000000e+00
     vertex  2.877930e+00 -9.785577e+00  0.000000e+00
   endloop
 endfacet
 facet normal  0.000000e+00  0.000000e+00 -1.000000e+00
   outer loop
     vertex  5.745642e+00 -8.427787e+00  0.000000e+00
     vertex  5.208315e+00 -8.770032e+00  0.000000e+00
     vertex  4.650670e+00 -9.078065e+00  0.000000e+00
   endloop
 endfacet
 facet normal -0.000000e+00  0.000000e+00 -1.000000e+00
   outer loop
     vertex  6.751049e+00 -7.646132e+00  0.000000e+00
     vertex  5.745642e+00 -8.427787e+00  0.000000e+00
     vertex -1.012999e+01 -1.192988e+00  0.000000e+00
   endloop
 endfacet
 facet normal  0.000000e+00  0.000000e+00 -1.000000e+00
   outer loop
     vertex  6.751049e+00 -7.646132e+00  0.000000e+00
     vertex  6.260556e+00 -8.052666e+00  0.000000e+00
     vertex  5.745642e+00 -8.427787e+00  0.000000e+00
   endloop
 endfacet
 facet normal  0.000000e+00  0.000000e+00 -1.000000e+00
   outer loop
     vertex -7.572475e+00  6.833566e+00  0.000000e+00
     vertex -7.663086e+00  6.775391e+00  0.000000e+00
     vertex -7.621769e+00  6.810691e+00  0.000000e+00
   endloop
 endfacet
 facet normal  0.000000e+00  0.000000e+00 -1.000000e+00
   outer loop
     vertex -7.572475e+00  6.833566e+00  0.000000e+00
     vertex -8.026366e+00  6.345096e+00  0.000000e+00
     vertex -7.663086e+00  6.775391e+00  0.000000e+00
   endloop
 endfacet
 facet normal  0.000000e+00  0.000000e+00 -1.000000e+00
   outer loop
     vertex -7.572475e+00  6.833566e+00  0.000000e+00
     vertex -8.367349e+00  5.888661e+00  0.000000e+00
     vertex -8.026366e+00  6.345096e+00  0.000000e+00
   endloop
 endfacet
 facet normal  0.000000e+00  0.000000e+00 -1.000000e+00
   outer loop
     vertex -7.572475e+00  6.833566e+00  0.000000e+00
     vertex -8.673758e+00  5.422983e+00  0.000000e+00
     vertex -8.367349e+00  5.888661e+00  0.000000e+00
   endloop
 endfacet
 facet normal  0.000000e+00  0.000000e+00 -1.000000e+00
   outer loop
     vertex -7.572475e+00  6.833566e+00  0.000000e+00
     vertex -8.953654e+00  4.937738e+00  0.000000e+00
     vertex -8.673758e+00  5.422983e+00  0.000000e+00
   endloop
 endfacet
 facet normal  0.000000e+00  0.000000e+00 -1.000000e+00
   outer loop
     vertex -7.572475e+00  6.833566e+00  0.000000e+00
     vertex -9.207701e+00  4.431429e+00  0.000000e+00
     vertex -8.953654e+00  4.937738e+00  0.000000e+00
   endloop
 endfacet
 facet normal  0.000000e+00  0.000000e+00 -1.000000e+00
   outer loop
     vertex -7.572475e+00  6.833566e+00  0.000000e+00
     vertex -9.436283e+00  3.902449e+00  0.000000e+00
     vertex -9.207701e+00  4.431429e+00  0.000000e+00
   endloop
 endfacet
 facet normal  0.000000e+00  0.000000e+00 -1.000000e+00
   outer loop
     vertex -7.572475e+00  6.833566e+00  0.000000e+00
     vertex -9.639516e+00  3.349088e+00  0.000000e+00
     vertex -9.436283e+00  3.902449e+00  0.000000e+00
   endloop
 endfacet
 facet normal  0.000000e+00  0.000000e+00 -1.000000e+00
   outer loop
     vertex -7.572475e+00  6.833566e+00  0.000000e+00
     vertex -9.753464e+00  2.990557e+00  0.000000e+00
     vertex -9.639516e+00  3.349088e+00  0.000000e+00
   endloop
 endfacet
 facet normal  0.000000e+00  0.000000e+00 -1.000000e+00
   outer loop
     vertex -7.572475e+00  6.833566e+00  0.000000e+00
     vertex -9.857538e+00  2.620869e+00  0.000000e+00
     vertex -9.753464e+00  2.990557e+00  0.000000e+00
   endloop
 endfacet
 facet normal  0.000000e+00  0.000000e+00 -1.000000e+00
   outer loop
     vertex -7.482888e+00  6.931551e+00  0.000000e+00
     vertex -1.012999e+01 -1.192988e+00  0.000000e+00
     vertex -9.878358e+00  2.541267e+00  0.000000e+00
   endloop
 endfacet
 facet normal  0.000000e+00  0.000000e+00 -1.000000e+00
   outer loop
     vertex -7.482888e+00  6.931551e+00  0.000000e+00
     vertex -9.878358e+00  2.541267e+00  0.000000e+00
     vertex -9.857538e+00  2.620869e+00  0.000000e+00
   endloop
 endfacet
 facet normal  0.000000e+00  0.000000e+00 -1.000000e+00
   outer loop
     vertex -7.482888e+00  6.931551e+00  0.000000e+00
     vertex -9.857538e+00  2.620869e+00  0.000000e+00
     vertex -7.572475e+00  6.833566e+00  0.000000e+00
   endloop
 endfacet
 facet normal  0.000000e+00  0.000000e+00 -1.000000e+00
   outer loop
     vertex -7.299925e+00  7.123980e+00  0.000000e+00
     vertex -7.482888e+00  6.931551e+00  0.000000e+00
     vertex -7.392032e+00  7.028361e+00  0.000000e+00
   endloop
 endfacet
 facet normal  0.000000e+00  0.000000e+00 -1.000000e+00
   outer loop
     vertex -6.933452e+00  7.505821e+00  0.000000e+00
     vertex -7.299925e+00  7.123980e+00  0.000000e+00
     vertex -7.254883e+00  7.194336e+00  0.000000e+00
   endloop
 endfacet
 facet normal  0.000000e+00  0.000000e+00 -1.000000e+00
   outer loop
     vertex -6.603949e+00  7.799062e+00  0.000000e+00
     vertex -7.299925e+00  7.123980e+00  0.000000e+00
     vertex -6.933452e+00  7.505821e+00  0.000000e+00
   endloop
 endfacet
 facet normal -0.000000e+00  0.000000e+00 -1.000000e+00
   outer loop
     vertex  8.057381e+00 -6.254488e+00  0.000000e+00
     vertex  6.751049e+00 -7.646132e+00  0.000000e+00
     vertex -1.012999e+01 -1.192988e+00  0.000000e+00
   endloop
 endfacet
 facet normal  0.000000e+00  0.000000e+00 -1.000000e+00
   outer loop
     vertex  8.057381e+00 -6.254488e+00  0.000000e+00
     vertex  7.215206e+00 -7.209772e+00  0.000000e+00
     vertex  6.751049e+00 -7.646132e+00  0.000000e+00
   endloop
 endfacet
 facet normal  0.000000e+00  0.000000e+00 -1.000000e+00
   outer loop
     vertex  8.057381e+00 -6.254488e+00  0.000000e+00
     vertex  7.651217e+00 -6.745286e+00  0.000000e+00
     vertex  7.215206e+00 -7.209772e+00  0.000000e+00
   endloop
 endfacet
 facet normal  0.000000e+00  0.000000e+00 -1.000000e+00
   outer loop
     vertex -6.157714e+00  8.158087e+00  0.000000e+00
     vertex -7.299925e+00  7.123980e+00  0.000000e+00
     vertex -6.603949e+00  7.799062e+00  0.000000e+00
   endloop
 endfacet
 facet normal -0.000000e+00  0.000000e+00 -1.000000e+00
   outer loop
     vertex  8.432114e+00 -5.739291e+00  0.000000e+00
     vertex  8.057381e+00 -6.254488e+00  0.000000e+00
     vertex -1.012999e+01 -1.192988e+00  0.000000e+00
   endloop
 endfacet
 facet normal  0.000000e+00  0.000000e+00 -1.000000e+00
   outer loop
     vertex -5.695545e+00  8.488307e+00  0.000000e+00
     vertex -7.299925e+00  7.123980e+00  0.000000e+00
     vertex -6.157714e+00  8.158087e+00  0.000000e+00
   endloop
 endfacet
 facet normal  0.000000e+00  0.000000e+00 -1.000000e+00
   outer loop
     vertex -5.216681e+00  8.790423e+00  0.000000e+00
     vertex -7.299925e+00  7.123980e+00  0.000000e+00
     vertex -5.695545e+00  8.488307e+00  0.000000e+00
   endloop
 endfacet
 facet normal  0.000000e+00  0.000000e+00 -1.000000e+00
   outer loop
     vertex -4.720230e+00  9.064948e+00  0.000000e+00
     vertex -7.299925e+00  7.123980e+00  0.000000e+00
     vertex -5.216681e+00  8.790423e+00  0.000000e+00
   endloop
 endfacet
 facet normal -0.000000e+00  0.000000e+00 -1.000000e+00
   outer loop
     vertex  9.081567e+00 -4.643829e+00  0.000000e+00
     vertex  8.432114e+00 -5.739291e+00  0.000000e+00
     vertex -1.012999e+01 -1.192988e+00  0.000000e+00
   endloop
 endfacet
 facet normal  0.000000e+00  0.000000e+00 -1.000000e+00
   outer loop
     vertex  9.081567e+00 -4.643829e+00  0.000000e+00
     vertex  8.773954e+00 -5.201705e+00  0.000000e+00
     vertex  8.432114e+00 -5.739291e+00  0.000000e+00
   endloop
 endfacet
 facet normal  0.000000e+00  0.000000e+00 -1.000000e+00
   outer loop
     vertex -4.205180e+00  9.312199e+00  0.000000e+00
     vertex -7.299925e+00  7.123980e+00  0.000000e+00
     vertex -4.720230e+00  9.064948e+00  0.000000e+00
   endloop
 endfacet
 facet normal  0.000000e+00  0.000000e+00 -1.000000e+00
   outer loop
     vertex -3.670401e+00  9.532300e+00  0.000000e+00
     vertex -7.299925e+00  7.123980e+00  0.000000e+00
     vertex -4.205180e+00  9.312199e+00  0.000000e+00
   endloop
 endfacet
 facet normal  0.000000e+00  0.000000e+00 -1.000000e+00
   outer loop
     vertex -3.114648e+00  9.725174e+00  0.000000e+00
     vertex -7.299925e+00  7.123980e+00  0.000000e+00
     vertex -3.670401e+00  9.532300e+00  0.000000e+00
   endloop
 endfacet
 facet normal  0.000000e+00  0.000000e+00 -1.000000e+00
   outer loop
     vertex  1.002940e+01 -1.857697e+00  0.000000e+00
     vertex  9.330876e+00 -4.136097e+00  0.000000e+00
     vertex  9.081567e+00 -4.643829e+00  0.000000e+00
   endloop
 endfacet
 facet normal  0.000000e+00  0.000000e+00 -1.000000e+00
   outer loop
     vertex  1.002940e+01 -1.857697e+00  0.000000e+00
     vertex  9.548812e+00 -3.617723e+00  0.000000e+00
     vertex  9.330876e+00 -4.136097e+00  0.000000e+00
   endloop
 endfacet
 facet normal  0.000000e+00  0.000000e+00 -1.000000e+00
   outer loop
     vertex  1.002940e+01 -1.857697e+00  0.000000e+00
     vertex  9.731021e+00 -3.100221e+00  0.000000e+00
     vertex  9.548812e+00 -3.617723e+00  0.000000e+00
   endloop
 endfacet
 facet normal  0.000000e+00  0.000000e+00 -1.000000e+00
   outer loop
     vertex  1.002940e+01 -1.857697e+00  0.000000e+00
     vertex  9.879214e+00 -2.581526e+00  0.000000e+00
     vertex  9.731021e+00 -3.100221e+00  0.000000e+00
   endloop
 endfacet
 facet normal  0.000000e+00  0.000000e+00 -1.000000e+00
   outer loop
     vertex  1.002940e+01 -1.857697e+00  0.000000e+00
     vertex  9.962291e+00 -2.220702e+00  0.000000e+00
     vertex  9.879214e+00 -2.581526e+00  0.000000e+00
   endloop
 endfacet
 facet normal  0.000000e+00  0.000000e+00 -1.000000e+00
   outer loop
     vertex -1.197821e+00  1.012942e+01  0.000000e+00
     vertex -1.293945e+00  1.013867e+01  0.000000e+00
     vertex -1.245317e+00  1.013994e+01  0.000000e+00
   endloop
 endfacet
 facet normal -0.000000e+00  0.000000e+00 -1.000000e+00
   outer loop
     vertex -1.197821e+00  1.012942e+01  0.000000e+00
     vertex -1.921708e+00  1.003054e+01  0.000000e+00
     vertex -1.293945e+00  1.013867e+01  0.000000e+00
   endloop
 endfacet
 facet normal  0.000000e+00  0.000000e+00 -1.000000e+00
   outer loop
     vertex -1.197821e+00  1.012942e+01  0.000000e+00
     vertex -2.536568e+00  9.890547e+00  0.000000e+00
     vertex -1.921708e+00  1.003054e+01  0.000000e+00
   endloop
 endfacet
 facet normal  0.000000e+00  0.000000e+00 -1.000000e+00
   outer loop
     vertex -1.197821e+00  1.012942e+01  0.000000e+00
     vertex -3.114648e+00  9.725174e+00  0.000000e+00
     vertex -2.536568e+00  9.890547e+00  0.000000e+00
   endloop
 endfacet
 facet normal  0.000000e+00  0.000000e+00 -1.000000e+00
   outer loop
     vertex -1.197821e+00  1.012942e+01  0.000000e+00
     vertex -7.299925e+00  7.123980e+00  0.000000e+00
     vertex -3.114648e+00  9.725174e+00  0.000000e+00
   endloop
 endfacet
 facet normal  0.000000e+00  0.000000e+00 -1.000000e+00
   outer loop
     vertex  1.018202e+01 -6.054398e-01  0.000000e+00
     vertex  1.002940e+01 -1.857697e+00  0.000000e+00
     vertex  9.081567e+00 -4.643829e+00  0.000000e+00
   endloop
 endfacet
 facet normal  0.000000e+00  0.000000e+00 -1.000000e+00
   outer loop
     vertex  1.018202e+01 -6.054398e-01  0.000000e+00
     vertex  1.012509e+01 -1.233930e+00  0.000000e+00
     vertex  1.002940e+01 -1.857697e+00  0.000000e+00
   endloop
 endfacet
 facet normal  0.000000e+00  0.000000e+00 -1.000000e+00
   outer loop
     vertex -1.500522e-03  1.020000e+01  0.000000e+00
     vertex -7.482888e+00  6.931551e+00  0.000000e+00
     vertex -7.299925e+00  7.123980e+00  0.000000e+00
   endloop
 endfacet
 facet normal  0.000000e+00  0.000000e+00 -1.000000e+00
   outer loop
     vertex -1.500522e-03  1.020000e+01  0.000000e+00
     vertex -1.197821e+00  1.012942e+01  0.000000e+00
     vertex -6.006983e-01  1.018230e+01  0.000000e+00
   endloop
 endfacet
 facet normal  0.000000e+00  0.000000e+00 -1.000000e+00
   outer loop
     vertex -1.500522e-03  1.020000e+01  0.000000e+00
     vertex -1.012999e+01 -1.192988e+00  0.000000e+00
     vertex -7.482888e+00  6.931551e+00  0.000000e+00
   endloop
 endfacet
 facet normal  0.000000e+00  0.000000e+00 -1.000000e+00
   outer loop
     vertex -1.500522e-03  1.020000e+01  0.000000e+00
     vertex -7.299925e+00  7.123980e+00  0.000000e+00
     vertex -1.197821e+00  1.012942e+01  0.000000e+00
   endloop
 endfacet
 facet normal  0.000000e+00  0.000000e+00 -1.000000e+00
   outer loop
     vertex  1.019997e+01  2.536787e-02  0.000000e+00
     vertex  1.018202e+01 -6.054398e-01  0.000000e+00
     vertex  9.081567e+00 -4.643829e+00  0.000000e+00
   endloop
 endfacet
 facet normal -0.000000e+00  0.000000e+00 -1.000000e+00
   outer loop
     vertex  5.977024e-01  1.018247e+01  0.000000e+00
     vertex -1.012999e+01 -1.192988e+00  0.000000e+00
     vertex -1.500522e-03  1.020000e+01  0.000000e+00
   endloop
 endfacet
 facet normal  0.000000e+00  0.000000e+00 -1.000000e+00
   outer loop
     vertex  1.017888e+01  6.560785e-01  0.000000e+00
     vertex  9.081567e+00 -4.643829e+00  0.000000e+00
     vertex -1.012999e+01 -1.192988e+00  0.000000e+00
   endloop
 endfacet
 facet normal  0.000000e+00 -0.000000e+00 -1.000000e+00
   outer loop
     vertex  1.017888e+01  6.560785e-01  0.000000e+00
     vertex  1.019997e+01  2.536787e-02  0.000000e+00
     vertex  9.081567e+00 -4.643829e+00  0.000000e+00
   endloop
 endfacet
 facet normal  0.000000e+00  0.000000e+00 -1.000000e+00
   outer loop
     vertex  1.759162e+00  1.006753e+01  0.000000e+00
     vertex  1.194841e+00  1.012978e+01  0.000000e+00
     vertex  1.255859e+00  1.013281e+01  0.000000e+00
   endloop
 endfacet
 facet normal  0.000000e+00  0.000000e+00 -1.000000e+00
   outer loop
     vertex  2.256315e+00  9.974276e+00  0.000000e+00
     vertex  1.194841e+00  1.012978e+01  0.000000e+00
     vertex  1.759162e+00  1.006753e+01  0.000000e+00
   endloop
 endfacet
 facet normal  0.000000e+00  0.000000e+00 -1.000000e+00
   outer loop
     vertex  9.882901e+00  2.523543e+00  0.000000e+00
     vertex  1.002004e+01  1.907561e+00  0.000000e+00
     vertex  1.011883e+01  1.284278e+00  0.000000e+00
   endloop
 endfacet
 facet normal  0.000000e+00  0.000000e+00 -1.000000e+00
   outer loop
     vertex  9.882901e+00  2.523543e+00  0.000000e+00
     vertex  1.011883e+01  1.284278e+00  0.000000e+00
     vertex  1.017888e+01  6.560785e-01  0.000000e+00
   endloop
 endfacet
 facet normal  0.000000e+00  0.000000e+00 -1.000000e+00
   outer loop
     vertex  2.789471e+00  9.841973e+00  0.000000e+00
     vertex  1.194841e+00  1.012978e+01  0.000000e+00
     vertex  2.256315e+00  9.974276e+00  0.000000e+00
   endloop
 endfacet
 facet normal  0.000000e+00  0.000000e+00 -1.000000e+00
   outer loop
     vertex  3.318978e+00  9.676672e+00  0.000000e+00
     vertex  1.194841e+00  1.012978e+01  0.000000e+00
     vertex  2.789471e+00  9.841973e+00  0.000000e+00
   endloop
 endfacet
 facet normal  0.000000e+00  0.000000e+00 -1.000000e+00
   outer loop
     vertex  9.513576e+00  3.688157e+00  0.000000e+00
     vertex  9.716679e+00  3.112253e+00  0.000000e+00
     vertex  9.882901e+00  2.523543e+00  0.000000e+00
   endloop
 endfacet
 facet normal  0.000000e+00  0.000000e+00 -1.000000e+00
   outer loop
     vertex  3.843064e+00  9.478608e+00  0.000000e+00
     vertex  1.194841e+00  1.012978e+01  0.000000e+00
     vertex  3.318978e+00  9.676672e+00  0.000000e+00
   endloop
 endfacet
 facet normal  0.000000e+00  0.000000e+00 -1.000000e+00
   outer loop
     vertex  9.268949e+00  4.263087e+00  0.000000e+00
     vertex  9.513576e+00  3.688157e+00  0.000000e+00
     vertex  9.882901e+00  2.523543e+00  0.000000e+00
   endloop
 endfacet
 facet normal  0.000000e+00  0.000000e+00 -1.000000e+00
   outer loop
     vertex  4.359778e+00  9.248202e+00  0.000000e+00
     vertex  1.194841e+00  1.012978e+01  0.000000e+00
     vertex  3.843064e+00  9.478608e+00  0.000000e+00
   endloop
 endfacet
 facet normal  0.000000e+00  0.000000e+00 -1.000000e+00
   outer loop
     vertex  9.115850e+00  4.578918e+00  0.000000e+00
     vertex  9.268949e+00  4.263087e+00  0.000000e+00
     vertex  9.882901e+00  2.523543e+00  0.000000e+00
   endloop
 endfacet
 facet normal  0.000000e+00  0.000000e+00 -1.000000e+00
   outer loop
     vertex  8.951858e+00  4.889197e+00  0.000000e+00
     vertex  9.882901e+00  2.523543e+00  0.000000e+00
     vertex  1.017888e+01  6.560785e-01  0.000000e+00
   endloop
 endfacet
 facet normal  0.000000e+00  0.000000e+00 -1.000000e+00
   outer loop
     vertex  8.951858e+00  4.889197e+00  0.000000e+00
     vertex  9.115850e+00  4.578918e+00  0.000000e+00
     vertex  9.882901e+00  2.523543e+00  0.000000e+00
   endloop
 endfacet
 facet normal  0.000000e+00  0.000000e+00 -1.000000e+00
   outer loop
     vertex  4.867015e+00  8.986092e+00  0.000000e+00
     vertex  1.194841e+00  1.012978e+01  0.000000e+00
     vertex  4.359778e+00  9.248202e+00  0.000000e+00
   endloop
 endfacet
 facet normal  0.000000e+00  0.000000e+00 -1.000000e+00
   outer loop
     vertex  8.654454e+00  5.398188e+00  0.000000e+00
     vertex  8.951858e+00  4.889197e+00  0.000000e+00
     vertex  1.017888e+01  6.560785e-01  0.000000e+00
   endloop
 endfacet
 facet normal  0.000000e+00  0.000000e+00 -1.000000e+00
   outer loop
     vertex  5.362551e+00  8.693155e+00  0.000000e+00
     vertex  1.194841e+00  1.012978e+01  0.000000e+00
     vertex  4.867015e+00  8.986092e+00  0.000000e+00
   endloop
 endfacet
 facet normal  0.000000e+00  0.000000e+00 -1.000000e+00
   outer loop
     vertex  5.844079e+00  8.370521e+00  0.000000e+00
     vertex  1.194841e+00  1.012978e+01  0.000000e+00
     vertex  5.362551e+00  8.693155e+00  0.000000e+00
   endloop
 endfacet
 facet normal  0.000000e+00  0.000000e+00 -1.000000e+00
   outer loop
     vertex  6.310510e+00  8.018581e+00  0.000000e+00
     vertex  1.194841e+00  1.012978e+01  0.000000e+00
     vertex  5.844079e+00  8.370521e+00  0.000000e+00
   endloop
 endfacet
 facet normal  0.000000e+00  0.000000e+00 -1.000000e+00
   outer loop
     vertex  6.756981e+00  7.640891e+00  0.000000e+00
     vertex  1.194841e+00  1.012978e+01  0.000000e+00
     vertex  6.310510e+00  8.018581e+00  0.000000e+00
   endloop
 endfacet
 facet normal  0.000000e+00  0.000000e+00 -1.000000e+00
   outer loop
     vertex  7.593245e+00  6.810479e+00  0.000000e+00
     vertex  8.328141e+00  5.889148e+00  0.000000e+00
     vertex  8.654454e+00  5.398188e+00  0.000000e+00
   endloop
 endfacet
 facet normal  0.000000e+00  0.000000e+00 -1.000000e+00
   outer loop
     vertex  7.593245e+00  6.810479e+00  0.000000e+00
     vertex  7.974011e+00  6.360436e+00  0.000000e+00
     vertex  8.328141e+00  5.889148e+00  0.000000e+00
   endloop
 endfacet
 facet normal  0.000000e+00  0.000000e+00 -1.000000e+00
   outer loop
     vertex  7.593245e+00  6.810479e+00  0.000000e+00
     vertex  8.654454e+00  5.398188e+00  0.000000e+00
     vertex  1.017888e+01  6.560785e-01  0.000000e+00
   endloop
 endfacet
 facet normal -0.000000e+00  0.000000e+00 -1.000000e+00
   outer loop
     vertex  7.187116e+00  7.237773e+00  0.000000e+00
     vertex -1.012999e+01 -1.192988e+00  0.000000e+00
     vertex  5.977024e-01  1.018247e+01  0.000000e+00
   endloop
 endfacet
 facet normal  0.000000e+00 -0.000000e+00 -1.000000e+00
   outer loop
     vertex  7.187116e+00  7.237773e+00  0.000000e+00
     vertex  1.017888e+01  6.560785e-01  0.000000e+00
     vertex -1.012999e+01 -1.192988e+00  0.000000e+00
   endloop
 endfacet
 facet normal  0.000000e+00  0.000000e+00 -1.000000e+00
   outer loop
     vertex  7.187116e+00  7.237773e+00  0.000000e+00
     vertex  5.977024e-01  1.018247e+01  0.000000e+00
     vertex  1.194841e+00  1.012978e+01  0.000000e+00
   endloop
 endfacet
 facet normal  0.000000e+00  0.000000e+00 -1.000000e+00
   outer loop
     vertex  7.187116e+00  7.237773e+00  0.000000e+00
     vertex  7.593245e+00  6.810479e+00  0.000000e+00
     vertex  1.017888e+01  6.560785e-01  0.000000e+00
   endloop
 endfacet
 facet normal  0.000000e+00  0.000000e+00 -1.000000e+00
   outer loop
     vertex  7.187116e+00  7.237773e+00  0.000000e+00
     vertex  1.194841e+00  1.012978e+01  0.000000e+00
     vertex  6.756981e+00  7.640891e+00  0.000000e+00
   endloop
 endfacet
 facet normal  9.793675e-01  2.020873e-01  0.000000e+00
   outer loop
     vertex -1.080951e+00  1.002038e+01  2.000000e-01
     vertex -1.064453e+00  9.940430e+00  2.000000e+00
     vertex -1.064453e+00  9.940430e+00  2.000000e-01
   endloop
 endfacet
 facet normal  9.755540e-01  2.197585e-01  8.198803e-04
   outer loop
     vertex -1.080951e+00  1.002038e+01  2.000000e-01
     vertex -1.083947e+00  1.002696e+01  2.000000e+00
     vertex -1.064453e+00  9.940430e+00  2.000000e+00
   endloop
 endfacet
 facet normal  7.845913e-01  6.200115e-01  1.497047e-03
   outer loop
     vertex -1.128021e+00  1.008708e+01  2.000000e-01
     vertex -1.138944e+00  1.009656e+01  2.000000e+00
     vertex -1.083947e+00  1.002696e+01  2.000000e+00
   endloop
 endfacet
 facet normal  8.170480e-01  5.765691e-01 -7.486484e-04
   outer loop
     vertex -1.128021e+00  1.008708e+01  2.000000e-01
     vertex -1.083947e+00  1.002696e+01  2.000000e+00
     vertex -1.080951e+00  1.002038e+01  2.000000e-01
   endloop
 endfacet
 facet normal  4.545436e-01  8.907234e-01  1.393984e-03
   outer loop
     vertex -1.197821e+00  1.012942e+01  2.000000e-01
     vertex -1.212032e+00  1.013386e+01  2.000000e+00
     vertex -1.138944e+00  1.009656e+01  2.000000e+00
   endloop
 endfacet
 facet normal  5.866193e-02  9.982759e-01 -1.996419e-03
   outer loop
     vertex -1.197821e+00  1.012942e+01  2.000000e-01
     vertex -1.293945e+00  1.013867e+01  2.000000e+00
     vertex -1.212032e+00  1.013386e+01  2.000000e+00
   endloop
 endfacet
 facet normal  5.186212e-01  8.550031e-01 -1.354117e-03
   outer loop
     vertex -1.197821e+00  1.012942e+01  2.000000e-01
     vertex -1.138944e+00  1.009656e+01  2.000000e+00
     vertex -1.128021e+00  1.008708e+01  2.000000e-01
   endloop
 endfacet
 facet normal  2.161006e-01  9.763711e-01  7.485454e-14
   outer loop
     vertex -1.245317e+00  1.013994e+01  0.000000e+00
     vertex -1.197821e+00  1.012942e+01  2.000000e-01
     vertex -1.197821e+00  1.012942e+01  0.000000e+00
   endloop
 endfacet
 facet normal -2.593709e-02  9.979438e-01  5.861240e-02
   outer loop
     vertex -1.293945e+00  1.013867e+01  0.000000e+00
     vertex -1.197821e+00  1.012942e+01  2.000000e-01
     vertex -1.245317e+00  1.013994e+01  0.000000e+00
   endloop
 endfacet
 facet normal  9.577014e-02  9.954035e-01  0.000000e+00
   outer loop
     vertex -1.293945e+00  1.013867e+01  2.000000e+00
     vertex -1.197821e+00  1.012942e+01  2.000000e-01
     vertex -1.293945e+00  1.013867e+01  0.000000e+00
   endloop
 endfacet
 facet normal  8.790774e-02  9.961286e-01 -2.933170e-13
   outer loop
     vertex  5.977024e-01  1.018247e+01  2.000000e-01
     vertex  1.194841e+00  1.012978e+01  2.000000e-01
     vertex  1.194841e+00  1.012978e+01  0.000000e+00
   endloop
 endfacet
 facet normal  8.790774e-02  9.961286e-01 -4.967483e-14
   outer loop
     vertex  5.977024e-01  1.018247e+01  2.000000e-01
     vertex  1.194841e+00  1.012978e+01  0.000000e+00
     vertex  5.977024e-01  1.018247e+01  0.000000e+00
   endloop
 endfacet
 facet normal  2.923821e-02  9.995725e-01 -2.483262e-14
   outer loop
     vertex -1.500522e-03  1.020000e+01  2.000000e-01
     vertex  5.977024e-01  1.018247e+01  0.000000e+00
     vertex -1.500522e-03  1.020000e+01  0.000000e+00
   endloop
 endfacet
 facet normal  2.923821e-02  9.995725e-01  4.282844e-14
   outer loop
     vertex -1.500522e-03  1.020000e+01  2.000000e-01
     vertex  5.977024e-01  1.018247e+01  2.000000e-01
     vertex  5.977024e-01  1.018247e+01  0.000000e+00
   endloop
 endfacet
 facet normal -2.953230e-02  9.995638e-01  3.688587e-15
   outer loop
     vertex -6.006983e-01  1.018230e+01  2.000000e-01
     vertex -1.500522e-03  1.020000e+01  0.000000e+00
     vertex -6.006983e-01  1.018230e+01  0.000000e+00
   endloop
 endfacet
 facet normal -2.953230e-02  9.995638e-01  2.507490e-14
   outer loop
     vertex -6.006983e-01  1.018230e+01  2.000000e-01
     vertex -1.500522e-03  1.020000e+01  2.000000e-01
     vertex -1.500522e-03  1.020000e+01  0.000000e+00
   endloop
 endfacet
 facet normal -8.820081e-02  9.961027e-01 -1.172564e-13
   outer loop
     vertex -1.197821e+00  1.012942e+01  2.000000e-01
     vertex -6.006983e-01  1.018230e+01  0.000000e+00
     vertex -1.197821e+00  1.012942e+01  0.000000e+00
   endloop
 endfacet
 facet normal -8.820081e-02  9.961027e-01  1.105437e-14
   outer loop
     vertex -1.197821e+00  1.012942e+01  2.000000e-01
     vertex -6.006983e-01  1.018230e+01  2.000000e-01
     vertex -6.006983e-01  1.018230e+01  0.000000e+00
   endloop
 endfacet
 facet normal -1.697487e-01  9.854874e-01  0.000000e+00
   outer loop
     vertex -1.921708e+00  1.003054e+01  0.000000e+00
     vertex -1.293945e+00  1.013867e+01  2.000000e+00
     vertex -1.293945e+00  1.013867e+01  0.000000e+00
   endloop
 endfacet
 facet normal -1.697487e-01  9.854874e-01  0.000000e+00
   outer loop
     vertex -1.921708e+00  1.003054e+01  0.000000e+00
     vertex -1.921708e+00  1.003054e+01  2.000000e+00
     vertex -1.293945e+00  1.013867e+01  2.000000e+00
   endloop
 endfacet
 facet normal -2.220030e-01  9.750460e-01  0.000000e+00
   outer loop
     vertex -2.536568e+00  9.890547e+00  0.000000e+00
     vertex -2.536568e+00  9.890547e+00  2.000000e+00
     vertex -1.921708e+00  1.003054e+01  2.000000e+00
   endloop
 endfacet
 facet normal -2.220030e-01  9.750460e-01  0.000000e+00
   outer loop
     vertex -2.536568e+00  9.890547e+00  0.000000e+00
     vertex -1.921708e+00  1.003054e+01  2.000000e+00
     vertex -1.921708e+00  1.003054e+01  0.000000e+00
   endloop
 endfacet
 facet normal -2.750389e-01  9.614331e-01  0.000000e+00
   outer loop
     vertex -3.114648e+00  9.725174e+00  0.000000e+00
     vertex -3.114648e+00  9.725174e+00  2.000000e+00
     vertex -2.536568e+00  9.890547e+00  2.000000e+00
   endloop
 endfacet
 facet normal -2.750389e-01  9.614331e-01  0.000000e+00
   outer loop
     vertex -3.114648e+00  9.725174e+00  0.000000e+00
     vertex -2.536568e+00  9.890547e+00  2.000000e+00
     vertex -2.536568e+00  9.890547e+00  0.000000e+00
   endloop
 endfacet
 facet normal -3.278671e-01  9.447239e-01  0.000000e+00
   outer loop
     vertex -3.670401e+00  9.532300e+00  0.000000e+00
     vertex -3.670401e+00  9.532300e+00  2.000000e+00
     vertex -3.114648e+00  9.725174e+00  2.000000e+00
   endloop
 endfacet
 facet normal -3.805986e-01  9.247403e-01  0.000000e+00
   outer loop
     vertex -3.670401e+00  9.532300e+00  0.000000e+00
     vertex -4.205180e+00  9.312199e+00  2.000000e+00
     vertex -3.670401e+00  9.532300e+00  2.000000e+00
   endloop
 endfacet
 facet normal -3.278671e-01  9.447239e-01  0.000000e+00
   outer loop
     vertex -3.670401e+00  9.532300e+00  0.000000e+00
     vertex -3.114648e+00  9.725174e+00  2.000000e+00
     vertex -3.114648e+00  9.725174e+00  0.000000e+00
   endloop
 endfacet
 facet normal -3.805986e-01  9.247403e-01  0.000000e+00
   outer loop
     vertex -4.205180e+00  9.312199e+00  0.000000e+00
     vertex -4.205180e+00  9.312199e+00  2.000000e+00
     vertex -3.670401e+00  9.532300e+00  0.000000e+00
   endloop
 endfacet
 facet normal -4.327702e-01  9.015043e-01  0.000000e+00
   outer loop
     vertex -4.720230e+00  9.064948e+00  0.000000e+00
     vertex -4.720230e+00  9.064948e+00  2.000000e+00
     vertex -4.205180e+00  9.312199e+00  2.000000e+00
   endloop
 endfacet
 facet normal -4.327702e-01  9.015043e-01  0.000000e+00
   outer loop
     vertex -4.720230e+00  9.064948e+00  0.000000e+00
     vertex -4.205180e+00  9.312199e+00  2.000000e+00
     vertex -4.205180e+00  9.312199e+00  0.000000e+00
   endloop
 endfacet
 facet normal -4.839153e-01  8.751148e-01  0.000000e+00
   outer loop
     vertex -5.216681e+00  8.790423e+00  0.000000e+00
     vertex -5.216681e+00  8.790423e+00  2.000000e+00
     vertex -4.720230e+00  9.064948e+00  2.000000e+00
   endloop
 endfacet
 facet normal -4.839153e-01  8.751148e-01  0.000000e+00
   outer loop
     vertex -5.216681e+00  8.790423e+00  0.000000e+00
     vertex -4.720230e+00  9.064948e+00  2.000000e+00
     vertex -4.720230e+00  9.064948e+00  0.000000e+00
   endloop
 endfacet
 facet normal -5.335830e-01  8.457477e-01  0.000000e+00
   outer loop
     vertex -5.695545e+00  8.488307e+00  0.000000e+00
     vertex -5.695545e+00  8.488307e+00  2.000000e+00
     vertex -5.216681e+00  8.790423e+00  2.000000e+00
   endloop
 endfacet
 facet normal -5.335830e-01  8.457477e-01  0.000000e+00
   outer loop
     vertex -5.695545e+00  8.488307e+00  0.000000e+00
     vertex -5.216681e+00  8.790423e+00  2.000000e+00
     vertex -5.216681e+00  8.790423e+00  0.000000e+00
   endloop
 endfacet
 facet normal -5.813548e-01  8.136502e-01  0.000000e+00
   outer loop
     vertex -6.157714e+00  8.158087e+00  0.000000e+00
     vertex -6.157714e+00  8.158087e+00  2.000000e+00
     vertex -5.695545e+00  8.488307e+00  2.000000e+00
   endloop
 endfacet
 facet normal -5.813548e-01  8.136502e-01  0.000000e+00
   outer loop
     vertex -6.157714e+00  8.158087e+00  0.000000e+00
     vertex -5.695545e+00  8.488307e+00  2.000000e+00
     vertex -5.695545e+00  8.488307e+00  0.000000e+00
   endloop
 endfacet
 facet normal -6.268610e-01  7.791311e-01  0.000000e+00
   outer loop
     vertex -6.603949e+00  7.799062e+00  0.000000e+00
     vertex -6.603949e+00  7.799062e+00  2.000000e+00
     vertex -6.157714e+00  8.158087e+00  2.000000e+00
   endloop
 endfacet
 facet normal -6.648068e-01  7.470154e-01  0.000000e+00
   outer loop
     vertex -6.603949e+00  7.799062e+00  0.000000e+00
     vertex -6.933452e+00  7.505821e+00  2.000000e+00
     vertex -6.603949e+00  7.799062e+00  2.000000e+00
   endloop
 endfacet
 facet normal -6.268610e-01  7.791311e-01  0.000000e+00
   outer loop
     vertex -6.603949e+00  7.799062e+00  0.000000e+00
     vertex -6.157714e+00  8.158087e+00  2.000000e+00
     vertex -6.157714e+00  8.158087e+00  0.000000e+00
   endloop
 endfacet
 facet normal -6.648068e-01  7.470154e-01  0.000000e+00
   outer loop
     vertex -6.933452e+00  7.505821e+00  0.000000e+00
     vertex -6.933452e+00  7.505821e+00  2.000000e+00
     vertex -6.603949e+00  7.799062e+00  0.000000e+00
   endloop
 endfacet
 facet normal -6.959085e-01  7.181304e-01  0.000000e+00
   outer loop
     vertex -7.254883e+00  7.194336e+00  0.000000e+00
     vertex -7.254883e+00  7.194336e+00  2.000000e+00
     vertex -6.933452e+00  7.505821e+00  2.000000e+00
   endloop
 endfacet
 facet normal -6.959085e-01  7.181304e-01  0.000000e+00
   outer loop
     vertex -7.254883e+00  7.194336e+00  0.000000e+00
     vertex -6.933452e+00  7.505821e+00  2.000000e+00
     vertex -6.933452e+00  7.505821e+00  0.000000e+00
   endloop
 endfacet
 facet normal -1.197160e-01  9.928053e-01  2.383275e-03
   outer loop
     vertex  1.194841e+00  1.012978e+01  2.000000e-01
     vertex  1.167794e+00  1.012219e+01  2.000000e+00
     vertex  1.255859e+00  1.013281e+01  2.000000e+00
   endloop
 endfacet
 facet normal -3.162034e-01  9.486911e-01 -7.550353e-04
   outer loop
     vertex  1.149907e+00  1.011480e+01  2.000000e-01
     vertex  1.167794e+00  1.012219e+01  2.000000e+00
     vertex  1.194841e+00  1.012978e+01  2.000000e-01
   endloop
 endfacet
 facet normal -5.372675e-01  8.434093e-01  2.087727e-03
   outer loop
     vertex  1.109754e+00  1.008968e+01  2.000000e-01
     vertex  1.092980e+00  1.007454e+01  2.000000e+00
     vertex  1.167794e+00  1.012219e+01  2.000000e+00
   endloop
 endfacet
 facet normal -5.304057e-01  8.477420e-01  1.788202e-03
   outer loop
     vertex  1.109754e+00  1.008968e+01  2.000000e-01
     vertex  1.167794e+00  1.012219e+01  2.000000e+00
     vertex  1.149907e+00  1.011480e+01  2.000000e-01
   endloop
 endfacet
 facet normal -8.338966e-01  5.519197e-01  1.044302e-03
   outer loop
     vertex  1.054708e+00  1.002012e+01  2.000000e-01
     vertex  1.050124e+00  1.000979e+01  2.000000e+00
     vertex  1.092980e+00  1.007454e+01  2.000000e+00
   endloop
 endfacet
 facet normal -7.841678e-01  6.205454e-01 -2.087763e-03
   outer loop
     vertex  1.054708e+00  1.002012e+01  2.000000e-01
     vertex  1.092980e+00  1.007454e+01  2.000000e+00
     vertex  1.109754e+00  1.008968e+01  2.000000e-01
   endloop
 endfacet
 facet normal -4.970760e-02  9.987638e-01  2.712847e-14
   outer loop
     vertex  1.194841e+00  1.012978e+01  0.000000e+00
     vertex  1.194841e+00  1.012978e+01  2.000000e-01
     vertex  1.255859e+00  1.013281e+01  0.000000e+00
   endloop
 endfacet
 facet normal -9.812440e-01  1.927699e-01  0.000000e+00
   outer loop
     vertex  1.035156e+00  9.933594e+00  2.000000e-01
     vertex  1.035156e+00  9.933594e+00  2.000000e+00
     vertex  1.050124e+00  1.000979e+01  2.000000e+00
   endloop
 endfacet
 facet normal -9.754049e-01  2.204173e-01 -1.218835e-03
   outer loop
     vertex  1.035156e+00  9.933594e+00  2.000000e-01
     vertex  1.050124e+00  1.000979e+01  2.000000e+00
     vertex  1.054708e+00  1.002012e+01  2.000000e-01
   endloop
 endfacet
 facet normal -4.970760e-02  9.987638e-01  0.000000e+00
   outer loop
     vertex  1.255859e+00  1.013281e+01  0.000000e+00
     vertex  1.194841e+00  1.012978e+01  2.000000e-01
     vertex  1.255859e+00  1.013281e+01  2.000000e+00
   endloop
 endfacet
 facet normal -8.492485e-01  5.279930e-01  6.136080e-04
   outer loop
     vertex -7.299925e+00  7.123980e+00  2.000000e-01
     vertex -7.301718e+00  7.119004e+00  2.000000e+00
     vertex -7.254883e+00  7.194336e+00  2.000000e+00
   endloop
 endfacet
 facet normal -9.940588e-01  1.088283e-01  1.868174e-03
   outer loop
     vertex -7.312649e+00  7.050055e+00  2.000000e-01
     vertex -7.311371e+00  7.030828e+00  2.000000e+00
     vertex -7.301718e+00  7.119004e+00  2.000000e+00
   endloop
 endfacet
 facet normal -9.855078e-01  1.696296e-01 -5.127759e-04
   outer loop
     vertex -7.312649e+00  7.050055e+00  2.000000e-01
     vertex -7.301718e+00  7.119004e+00  2.000000e+00
     vertex -7.299925e+00  7.123980e+00  2.000000e-01
   endloop
 endfacet
 facet normal -9.613070e-01 -2.754782e-01  7.494848e-04
   outer loop
     vertex -7.297247e+00  6.976640e+00  2.000000e-01
     vertex -7.293321e+00  6.967838e+00  2.000000e+00
     vertex -7.311371e+00  7.030828e+00  2.000000e+00
   endloop
 endfacet
 facet normal -9.786907e-01 -2.053347e-01 -1.498535e-03
   outer loop
     vertex -7.297247e+00  6.976640e+00  2.000000e-01
     vertex -7.311371e+00  7.030828e+00  2.000000e+00
     vertex -7.312649e+00  7.050055e+00  2.000000e-01
   endloop
 endfacet
 facet normal -8.421936e-01  5.391752e-01 -1.105809e-15
   outer loop
     vertex -7.299925e+00  7.123980e+00  0.000000e+00
     vertex -7.299925e+00  7.123980e+00  2.000000e-01
     vertex -7.254883e+00  7.194336e+00  0.000000e+00
   endloop
 endfacet
 facet normal -8.207011e-01 -5.713578e-01  0.000000e+00
   outer loop
     vertex -7.255883e+00  6.914062e+00  2.000000e-01
     vertex -7.255883e+00  6.914062e+00  2.000000e+00
     vertex -7.293321e+00  6.967838e+00  2.000000e+00
   endloop
 endfacet
 facet normal -8.342274e-01 -5.514199e-01 -8.769870e-04
   outer loop
     vertex -7.255883e+00  6.914062e+00  2.000000e-01
     vertex -7.293321e+00  6.967838e+00  2.000000e+00
     vertex -7.297247e+00  6.976640e+00  2.000000e-01
   endloop
 endfacet
 facet normal -8.421936e-01  5.391752e-01  0.000000e+00
   outer loop
     vertex -7.254883e+00  7.194336e+00  0.000000e+00
     vertex -7.299925e+00  7.123980e+00  2.000000e-01
     vertex -7.254883e+00  7.194336e+00  2.000000e+00
   endloop
 endfacet
 facet normal  9.921426e-01  1.251123e-01  0.000000e+00
   outer loop
     vertex  1.005786e+01  1.632696e+00  2.000000e-01
     vertex  1.010156e+01  1.286133e+00  2.000000e+00
     vertex  1.010156e+01  1.286133e+00  2.000000e-01
   endloop
 endfacet
 facet normal  9.903256e-01  1.387378e-01  2.667508e-03
   outer loop
     vertex  1.005786e+01  1.632696e+00  2.000000e-01
     vertex  1.001831e+01  1.880428e+00  2.000000e+00
     vertex  1.010156e+01  1.286133e+00  2.000000e+00
   endloop
 endfacet
 facet normal  9.792002e-01  2.028911e-01  1.474349e-03
   outer loop
     vertex  1.000094e+01  1.977329e+00  2.000000e-01
     vertex  9.897064e+00  2.465569e+00  2.000000e+00
     vertex  1.001831e+01  1.880428e+00  2.000000e+00
   endloop
 endfacet
 facet normal  9.866327e-01  1.629584e-01 -7.470927e-04
   outer loop
     vertex  1.000094e+01  1.977329e+00  2.000000e-01
     vertex  1.001831e+01  1.880428e+00  2.000000e+00
     vertex  1.005786e+01  1.632696e+00  2.000000e-01
   endloop
 endfacet
 facet normal  9.640768e-01  2.656219e-01  9.693153e-04
   outer loop
     vertex  9.882901e+00  2.523543e+00  2.000000e-01
     vertex  9.734740e+00  3.054727e+00  2.000000e+00
     vertex  9.897064e+00  2.465569e+00  2.000000e+00
   endloop
 endfacet
 facet normal  9.774371e-01  2.112246e-01 -8.878223e-04
   outer loop
     vertex  9.882901e+00  2.523543e+00  2.000000e-01
     vertex  9.897064e+00  2.465569e+00  2.000000e+00
     vertex  1.000094e+01  1.977329e+00  2.000000e-01
   endloop
 endfacet
 facet normal  9.450115e-01  3.270361e-01  8.727676e-04
   outer loop
     vertex  9.716679e+00  3.112253e+00  0.000000e+00
     vertex  9.532770e+00  3.638344e+00  2.000000e+00
     vertex  9.734740e+00  3.054727e+00  2.000000e+00
   endloop
 endfacet
 facet normal  9.623746e-01  2.717260e-01  4.344415e-14
   outer loop
     vertex  9.716679e+00  3.112253e+00  0.000000e+00
     vertex  9.882901e+00  2.523543e+00  2.000000e-01
     vertex  9.882901e+00  2.523543e+00  0.000000e+00
   endloop
 endfacet
 facet normal  9.624527e-01  2.714479e-01 -8.836331e-04
   outer loop
     vertex  9.716679e+00  3.112253e+00  0.000000e+00
     vertex  9.734740e+00  3.054727e+00  2.000000e+00
     vertex  9.882901e+00  2.523543e+00  2.000000e-01
   endloop
 endfacet
 facet normal  9.222857e-01  3.865081e-01  7.754236e-04
   outer loop
     vertex  9.513576e+00  3.688157e+00  0.000000e+00
     vertex  9.291497e+00  4.214070e+00  2.000000e+00
     vertex  9.532770e+00  3.638344e+00  2.000000e+00
   endloop
 endfacet
 facet normal  9.430708e-01  3.325912e-01 -7.669477e-04
   outer loop
     vertex  9.513576e+00  3.688157e+00  0.000000e+00
     vertex  9.532770e+00  3.638344e+00  2.000000e+00
     vertex  9.716679e+00  3.112253e+00  0.000000e+00
   endloop
 endfacet
 facet normal  9.201686e-01  3.915216e-01 -7.779871e-04
   outer loop
     vertex  9.268949e+00  4.263087e+00  0.000000e+00
     vertex  9.291497e+00  4.214070e+00  2.000000e+00
     vertex  9.513576e+00  3.688157e+00  0.000000e+00
   endloop
 endfacet
 facet normal  8.960901e-01  4.438646e-01 -2.601233e-03
   outer loop
     vertex  8.951858e+00  4.889197e+00  2.000000e-01
     vertex  9.011521e+00  4.779295e+00  2.000000e+00
     vertex  9.291497e+00  4.214070e+00  2.000000e+00
   endloop
 endfacet
 facet normal  8.666113e-01  4.989807e-01  1.741102e-03
   outer loop
     vertex  8.951858e+00  4.889197e+00  2.000000e-01
     vertex  8.693756e+00  5.331178e+00  2.000000e+00
     vertex  9.011521e+00  4.779295e+00  2.000000e+00
   endloop
 endfacet
 facet normal  8.981721e-01  4.353914e-01  6.100112e-02
   outer loop
     vertex  8.951858e+00  4.889197e+00  2.000000e-01
     vertex  9.268949e+00  4.263087e+00  0.000000e+00
     vertex  9.115850e+00  4.578918e+00  0.000000e+00
   endloop
 endfacet
 facet normal  8.922439e-01  4.515528e-01  1.008106e-03
   outer loop
     vertex  8.951858e+00  4.889197e+00  2.000000e-01
     vertex  9.291497e+00  4.214070e+00  2.000000e+00
     vertex  9.268949e+00  4.263087e+00  0.000000e+00
   endloop
 endfacet
 facet normal  8.841098e-01  4.672792e-01 -4.142711e-14
   outer loop
     vertex  8.951858e+00  4.889197e+00  0.000000e+00
     vertex  8.951858e+00  4.889197e+00  2.000000e-01
     vertex  9.115850e+00  4.578918e+00  0.000000e+00
   endloop
 endfacet
 facet normal  8.630118e-01  5.051836e-01 -2.981152e-04
   outer loop
     vertex  8.682418e+00  5.349484e+00  2.000000e-01
     vertex  8.693756e+00  5.331178e+00  2.000000e+00
     vertex  8.951858e+00  4.889197e+00  2.000000e-01
   endloop
 endfacet
 facet normal  8.340017e-01  5.517603e-01  1.293643e-03
   outer loop
     vertex  8.389542e+00  5.795225e+00  2.000000e-01
     vertex  8.339464e+00  5.866701e+00  2.000000e+00
     vertex  8.693756e+00  5.331178e+00  2.000000e+00
   endloop
 endfacet
 facet normal  8.357400e-01  5.491253e-01  3.205430e-04
   outer loop
     vertex  8.389542e+00  5.795225e+00  2.000000e-01
     vertex  8.693756e+00  5.331178e+00  2.000000e+00
     vertex  8.682418e+00  5.349484e+00  2.000000e-01
   endloop
 endfacet
 facet normal  8.051433e-01  5.930792e-01 -1.149958e-03
   outer loop
     vertex  8.043253e+00  6.265335e+00  2.000000e-01
     vertex  8.339464e+00  5.866701e+00  2.000000e+00
     vertex  8.389542e+00  5.795225e+00  2.000000e-01
   endloop
 endfacet
 facet normal  7.983931e-01  6.021333e-01  1.966014e-03
   outer loop
     vertex  8.043253e+00  6.265335e+00  2.000000e-01
     vertex  7.950283e+00  6.382731e+00  2.000000e+00
     vertex  8.339464e+00  5.866701e+00  2.000000e+00
   endloop
 endfacet
 facet normal  7.709556e-01  6.368866e-01 -1.717730e-03
   outer loop
     vertex  7.670366e+00  6.716717e+00  2.000000e-01
     vertex  7.950283e+00  6.382731e+00  2.000000e+00
     vertex  8.043253e+00  6.265335e+00  2.000000e-01
   endloop
 endfacet
 facet normal  7.598921e-01  6.500446e-01  2.444189e-03
   outer loop
     vertex  7.670366e+00  6.716717e+00  2.000000e-01
     vertex  7.528231e+00  6.876103e+00  2.000000e+00
     vertex  7.950283e+00  6.382731e+00  2.000000e+00
   endloop
 endfacet
 facet normal  7.324707e-01  6.807942e-01 -2.443928e-03
   outer loop
     vertex  7.227852e+00  7.192822e+00  2.000000e-01
     vertex  7.528231e+00  6.876103e+00  2.000000e+00
     vertex  7.670366e+00  6.716717e+00  2.000000e-01
   endloop
 endfacet
 facet normal  7.185789e-01  6.954411e-01  2.451509e-03
   outer loop
     vertex  7.227852e+00  7.192822e+00  2.000000e-01
     vertex  7.075682e+00  7.343708e+00  2.000000e+00
     vertex  7.528231e+00  6.876103e+00  2.000000e+00
   endloop
 endfacet
 facet normal  6.893469e-01  7.244272e-01 -2.449508e-03
   outer loop
     vertex  6.756981e+00  7.640891e+00  2.000000e-01
     vertex  7.075682e+00  7.343708e+00  2.000000e+00
     vertex  7.227852e+00  7.192822e+00  2.000000e-01
   endloop
 endfacet
 facet normal  6.767807e-01  7.361827e-01  1.716258e-03
   outer loop
     vertex  6.756981e+00  7.640891e+00  2.000000e-01
     vertex  6.644554e+00  7.740049e+00  2.000000e+00
     vertex  7.075682e+00  7.343708e+00  2.000000e+00
   endloop
 endfacet
 facet normal  6.349212e-01  7.725714e-01 -2.902833e-03
   outer loop
     vertex  6.756981e+00  7.640891e+00  2.000000e-01
     vertex  6.193087e+00  8.111078e+00  2.000000e+00
     vertex  6.644554e+00  7.740049e+00  2.000000e+00
   endloop
 endfacet
 facet normal  6.451834e-01  7.640235e-01  2.544877e-03
   outer loop
     vertex  6.310510e+00  8.018581e+00  0.000000e+00
     vertex  6.193087e+00  8.111078e+00  2.000000e+00
     vertex  6.756981e+00  7.640891e+00  2.000000e-01
   endloop
 endfacet
 facet normal  6.458502e-01  7.634642e-01  0.000000e+00
   outer loop
     vertex  6.310510e+00  8.018581e+00  0.000000e+00
     vertex  6.756981e+00  7.640891e+00  2.000000e-01
     vertex  6.756981e+00  7.640891e+00  0.000000e+00
   endloop
 endfacet
 facet normal  6.023152e-01  7.982568e-01 -1.555206e-03
   outer loop
     vertex  5.844079e+00  8.370521e+00  0.000000e+00
     vertex  6.193087e+00  8.111078e+00  2.000000e+00
     vertex  6.310510e+00  8.018581e+00  0.000000e+00
   endloop
 endfacet
 facet normal  5.908971e-01  8.067455e-01  1.538466e-03
   outer loop
     vertex  5.844079e+00  8.370521e+00  0.000000e+00
     vertex  5.723542e+00  8.454994e+00  2.000000e+00
     vertex  6.193087e+00  8.111078e+00  2.000000e+00
   endloop
 endfacet
 facet normal  5.447304e-01  8.386098e-01  1.540642e-03
   outer loop
     vertex  5.362551e+00  8.693155e+00  0.000000e+00
     vertex  5.238245e+00  8.770225e+00  2.000000e+00
     vertex  5.723542e+00  8.454994e+00  2.000000e+00
   endloop
 endfacet
 facet normal  5.566270e-01  8.307611e-01 -1.541278e-03
   outer loop
     vertex  5.362551e+00  8.693155e+00  0.000000e+00
     vertex  5.723542e+00  8.454994e+00  2.000000e+00
     vertex  5.844079e+00  8.370521e+00  0.000000e+00
   endloop
 endfacet
 facet normal  4.964580e-01  8.680594e-01  1.542633e-03
   outer loop
     vertex  4.867015e+00  8.986092e+00  0.000000e+00
     vertex  4.739529e+00  9.055450e+00  2.000000e+00
     vertex  5.238245e+00  8.770225e+00  2.000000e+00
   endloop
 endfacet
 facet normal  5.088841e-01  8.608337e-01 -1.543725e-03
   outer loop
     vertex  4.867015e+00  8.986092e+00  0.000000e+00
     vertex  5.238245e+00  8.770225e+00  2.000000e+00
     vertex  5.362551e+00  8.693155e+00  0.000000e+00
   endloop
 endfacet
 facet normal  4.461296e-01  8.949671e-01  1.544400e-03
   outer loop
     vertex  4.359778e+00  9.248202e+00  0.000000e+00
     vertex  4.229684e+00  9.309601e+00  2.000000e+00
     vertex  4.739529e+00  9.055450e+00  2.000000e+00
   endloop
 endfacet
 facet normal  4.590708e-01  8.883983e-01 -1.545890e-03
   outer loop
     vertex  4.359778e+00  9.248202e+00  0.000000e+00
     vertex  4.739529e+00  9.055450e+00  2.000000e+00
     vertex  4.867015e+00  8.986092e+00  0.000000e+00
   endloop
 endfacet
 facet normal  3.938160e-01  9.191880e-01  1.545914e-03
   outer loop
     vertex  3.843064e+00  9.478608e+00  0.000000e+00
     vertex  3.710909e+00  9.531864e+00  2.000000e+00
     vertex  4.229684e+00  9.309601e+00  2.000000e+00
   endloop
 endfacet
 facet normal  4.072520e-01  9.133145e-01 -1.547725e-03
   outer loop
     vertex  3.843064e+00  9.478608e+00  0.000000e+00
     vertex  4.229684e+00  9.309601e+00  2.000000e+00
     vertex  4.359778e+00  9.248202e+00  0.000000e+00
   endloop
 endfacet
 facet normal  3.396165e-01  9.405627e-01  1.547153e-03
   outer loop
     vertex  3.318978e+00  9.676672e+00  0.000000e+00
     vertex  3.185272e+00  9.721660e+00  2.000000e+00
     vertex  3.710909e+00  9.531864e+00  2.000000e+00
   endloop
 endfacet
 facet normal  3.535191e-01  9.354260e-01 -1.549196e-03
   outer loop
     vertex  3.318978e+00  9.676672e+00  0.000000e+00
     vertex  3.710909e+00  9.531864e+00  2.000000e+00
     vertex  3.843064e+00  9.478608e+00  0.000000e+00
   endloop
 endfacet
 facet normal  2.836642e-01  9.589224e-01  1.548106e-03
   outer loop
     vertex  2.789471e+00  9.841973e+00  0.000000e+00
     vertex  2.654680e+00  9.878618e+00  2.000000e+00
     vertex  3.185272e+00  9.721660e+00  2.000000e+00
   endloop
 endfacet
 facet normal  2.979962e-01  9.545658e-01 -1.550280e-03
   outer loop
     vertex  2.789471e+00  9.841973e+00  0.000000e+00
     vertex  3.185272e+00  9.721660e+00  2.000000e+00
     vertex  3.318978e+00  9.676672e+00  0.000000e+00
   endloop
 endfacet
 facet normal  2.261313e-01  9.740956e-01  1.548773e-03
   outer loop
     vertex  2.256315e+00  9.974276e+00  0.000000e+00
     vertex  2.120858e+00  1.000254e+01  2.000000e+00
     vertex  2.654680e+00  9.878618e+00  2.000000e+00
   endloop
 endfacet
 facet normal  2.408452e-01  9.705623e-01 -1.550969e-03
   outer loop
     vertex  2.256315e+00  9.974276e+00  0.000000e+00
     vertex  2.654680e+00  9.878618e+00  2.000000e+00
     vertex  2.789471e+00  9.841973e+00  0.000000e+00
   endloop
 endfacet
 facet normal  1.843695e-01  9.828560e-01 -1.403494e-03
   outer loop
     vertex  1.759162e+00  1.006753e+01  0.000000e+00
     vertex  2.120858e+00  1.000254e+01  2.000000e+00
     vertex  2.256315e+00  9.974276e+00  0.000000e+00
   endloop
 endfacet
 facet normal  1.730635e-01  9.849104e-01  7.079370e-04
   outer loop
     vertex  1.759162e+00  1.006753e+01  0.000000e+00
     vertex  1.690605e+00  1.007814e+01  2.000000e+00
     vertex  2.120858e+00  1.000254e+01  2.000000e+00
   endloop
 endfacet
 facet normal  1.247669e-01  9.921861e-01 -0.000000e+00
   outer loop
     vertex  1.255859e+00  1.013281e+01  0.000000e+00
     vertex  1.255859e+00  1.013281e+01  2.000000e+00
     vertex  1.690605e+00  1.007814e+01  2.000000e+00
   endloop
 endfacet
 facet normal  1.286219e-01  9.916933e-01 -8.514400e-04
   outer loop
     vertex  1.255859e+00  1.013281e+01  0.000000e+00
     vertex  1.690605e+00  1.007814e+01  2.000000e+00
     vertex  1.759162e+00  1.006753e+01  0.000000e+00
   endloop
 endfacet
 facet normal -7.202092e-01  6.937569e-01 -8.048655e-14
   outer loop
     vertex -7.392032e+00  7.028361e+00  2.000000e-01
     vertex -7.299925e+00  7.123980e+00  2.000000e-01
     vertex -7.299925e+00  7.123980e+00  0.000000e+00
   endloop
 endfacet
 facet normal -7.202092e-01  6.937569e-01 -3.892247e-15
   outer loop
     vertex -7.392032e+00  7.028361e+00  2.000000e-01
     vertex -7.299925e+00  7.123980e+00  0.000000e+00
     vertex -7.392032e+00  7.028361e+00  0.000000e+00
   endloop
 endfacet
 facet normal -7.291782e-01  6.843239e-01 -9.577030e-15
   outer loop
     vertex -7.482888e+00  6.931551e+00  2.000000e-01
     vertex -7.392032e+00  7.028361e+00  0.000000e+00
     vertex -7.482888e+00  6.931551e+00  0.000000e+00
   endloop
 endfacet
 facet normal -7.291782e-01  6.843239e-01  4.311780e-15
   outer loop
     vertex -7.482888e+00  6.931551e+00  2.000000e-01
     vertex -7.392032e+00  7.028361e+00  2.000000e-01
     vertex -7.392032e+00  7.028361e+00  0.000000e+00
   endloop
 endfacet
 facet normal -7.380236e-01  6.747749e-01  2.876624e-13
   outer loop
     vertex -7.572475e+00  6.833566e+00  2.000000e-01
     vertex -7.482888e+00  6.931551e+00  0.000000e+00
     vertex -7.572475e+00  6.833566e+00  0.000000e+00
   endloop
 endfacet
 facet normal -7.380236e-01  6.747749e-01  1.959900e-15
   outer loop
     vertex -7.572475e+00  6.833566e+00  2.000000e-01
     vertex -7.482888e+00  6.931551e+00  2.000000e-01
     vertex -7.482888e+00  6.931551e+00  0.000000e+00
   endloop
 endfacet
 facet normal  8.634150e-01  5.044943e-01  7.909863e-14
   outer loop
     vertex  8.654454e+00  5.398188e+00  2.000000e-01
     vertex  8.951858e+00  4.889197e+00  2.000000e-01
     vertex  8.951858e+00  4.889197e+00  0.000000e+00
   endloop
 endfacet
 facet normal  8.634150e-01  5.044943e-01 -6.000294e-14
   outer loop
     vertex  8.654454e+00  5.398188e+00  2.000000e-01
     vertex  8.951858e+00  4.889197e+00  0.000000e+00
     vertex  8.654454e+00  5.398188e+00  0.000000e+00
   endloop
 endfacet
 facet normal  8.328280e-01  5.535319e-01 -5.434073e-14
   outer loop
     vertex  8.328141e+00  5.889148e+00  2.000000e-01
     vertex  8.654454e+00  5.398188e+00  0.000000e+00
     vertex  8.328141e+00  5.889148e+00  0.000000e+00
   endloop
 endfacet
 facet normal  8.328280e-01  5.535319e-01  7.556744e-14
   outer loop
     vertex  8.328141e+00  5.889148e+00  2.000000e-01
     vertex  8.654454e+00  5.398188e+00  2.000000e-01
     vertex  8.654454e+00  5.398188e+00  0.000000e+00
   endloop
 endfacet
 facet normal  7.994590e-01  6.007207e-01 -3.606771e-14
   outer loop
     vertex  7.974011e+00  6.360436e+00  2.000000e-01
     vertex  8.328141e+00  5.889148e+00  0.000000e+00
     vertex  7.974011e+00  6.360436e+00  0.000000e+00
   endloop
 endfacet
 facet normal  7.994590e-01  6.007207e-01  5.320325e-14
   outer loop
     vertex  7.974011e+00  6.360436e+00  2.000000e-01
     vertex  8.328141e+00  5.889148e+00  2.000000e-01
     vertex  8.328141e+00  5.889148e+00  0.000000e+00
   endloop
 endfacet
 facet normal  7.634196e-01  6.459028e-01 -2.690608e-14
   outer loop
     vertex  7.593245e+00  6.810479e+00  2.000000e-01
     vertex  7.974011e+00  6.360436e+00  0.000000e+00
     vertex  7.593245e+00  6.810479e+00  0.000000e+00
   endloop
 endfacet
 facet normal  7.634196e-01  6.459028e-01  4.308051e-14
   outer loop
     vertex  7.593245e+00  6.810479e+00  2.000000e-01
     vertex  7.974011e+00  6.360436e+00  2.000000e-01
     vertex  7.974011e+00  6.360436e+00  0.000000e+00
   endloop
 endfacet
 facet normal  7.248302e-01  6.889275e-01 -6.985280e-15
   outer loop
     vertex  7.187116e+00  7.237773e+00  2.000000e-01
     vertex  7.593245e+00  6.810479e+00  0.000000e+00
     vertex  7.187116e+00  7.237773e+00  0.000000e+00
   endloop
 endfacet
 facet normal  6.838197e-01  7.296510e-01  1.606279e-14
   outer loop
     vertex  7.187116e+00  7.237773e+00  2.000000e-01
     vertex  7.187116e+00  7.237773e+00  0.000000e+00
     vertex  6.756981e+00  7.640891e+00  0.000000e+00
   endloop
 endfacet
 facet normal  7.248302e-01  6.889275e-01  2.448291e-14
   outer loop
     vertex  7.187116e+00  7.237773e+00  2.000000e-01
     vertex  7.593245e+00  6.810479e+00  2.000000e-01
     vertex  7.593245e+00  6.810479e+00  0.000000e+00
   endloop
 endfacet
 facet normal  6.838197e-01  7.296510e-01  3.834692e-15
   outer loop
     vertex  6.756981e+00  7.640891e+00  2.000000e-01
     vertex  7.187116e+00  7.237773e+00  2.000000e-01
     vertex  6.756981e+00  7.640891e+00  0.000000e+00
   endloop
 endfacet
 facet normal  5.322046e-01  8.466158e-01  0.000000e+00
   outer loop
     vertex -7.437803e+00  6.827426e+00  2.000000e-01
     vertex -7.379883e+00  6.791016e+00  2.000000e+00
     vertex -7.379883e+00  6.791016e+00  2.000000e-01
   endloop
 endfacet
 facet normal  4.877183e-01  8.729988e-01  1.965148e-03
   outer loop
     vertex -7.437803e+00  6.827426e+00  2.000000e-01
     vertex -7.457317e+00  6.834276e+00  2.000000e+00
     vertex -7.379883e+00  6.791016e+00  2.000000e+00
   endloop
 endfacet
 facet normal  6.222125e-02  9.980586e-01  2.750722e-03
   outer loop
     vertex -7.504606e+00  6.842185e+00  2.000000e-01
     vertex -7.545845e+00  6.839795e+00  2.000000e+00
     vertex -7.457317e+00  6.834276e+00  2.000000e+00
   endloop
 endfacet
 facet normal  2.157334e-01  9.764513e-01 -1.377207e-03
   outer loop
     vertex -7.504606e+00  6.842185e+00  2.000000e-01
     vertex -7.457317e+00  6.834276e+00  2.000000e+00
     vertex -7.437803e+00  6.827426e+00  2.000000e-01
   endloop
 endfacet
 facet normal -3.257806e-01  9.454441e-01  1.548092e-03
   outer loop
     vertex -7.572475e+00  6.833566e+00  2.000000e-01
     vertex -7.610009e+00  6.817685e+00  2.000000e+00
     vertex -7.545845e+00  6.839795e+00  2.000000e+00
   endloop
 endfacet
 facet normal -6.231844e-01  7.820512e-01 -6.095121e-03
   outer loop
     vertex -7.572475e+00  6.833566e+00  2.000000e-01
     vertex -7.663086e+00  6.775391e+00  2.000000e+00
     vertex -7.610009e+00  6.817685e+00  2.000000e+00
   endloop
 endfacet
 facet normal -1.259804e-01  9.920315e-01 -1.569056e-03
   outer loop
     vertex -7.572475e+00  6.833566e+00  2.000000e-01
     vertex -7.545845e+00  6.839795e+00  2.000000e+00
     vertex -7.504606e+00  6.842185e+00  2.000000e-01
   endloop
 endfacet
 facet normal -4.209348e-01  9.070909e-01 -1.814939e-13
   outer loop
     vertex -7.621769e+00  6.810691e+00  0.000000e+00
     vertex -7.572475e+00  6.833566e+00  2.000000e-01
     vertex -7.572475e+00  6.833566e+00  0.000000e+00
   endloop
 endfacet
 facet normal -6.478519e-01  7.582652e-01  7.295061e-02
   outer loop
     vertex -7.663086e+00  6.775391e+00  0.000000e+00
     vertex -7.572475e+00  6.833566e+00  2.000000e-01
     vertex -7.621769e+00  6.810691e+00  0.000000e+00
   endloop
 endfacet
 facet normal -5.402679e-01  8.414930e-01  0.000000e+00
   outer loop
     vertex -7.663086e+00  6.775391e+00  2.000000e+00
     vertex -7.572475e+00  6.833566e+00  2.000000e-01
     vertex -7.663086e+00  6.775391e+00  0.000000e+00
   endloop
 endfacet
 facet normal -7.640999e-01  6.450979e-01  0.000000e+00
   outer loop
     vertex -8.026366e+00  6.345096e+00  0.000000e+00
     vertex -7.663086e+00  6.775391e+00  2.000000e+00
     vertex -7.663086e+00  6.775391e+00  0.000000e+00
   endloop
 endfacet
 facet normal -7.640999e-01  6.450979e-01  0.000000e+00
   outer loop
     vertex -8.026366e+00  6.345096e+00  0.000000e+00
     vertex -8.026366e+00  6.345096e+00  2.000000e+00
     vertex -7.663086e+00  6.775391e+00  2.000000e+00
   endloop
 endfacet
 facet normal -8.011297e-01  5.984907e-01  0.000000e+00
   outer loop
     vertex -8.367349e+00  5.888661e+00  0.000000e+00
     vertex -8.367349e+00  5.888661e+00  2.000000e+00
     vertex -8.026366e+00  6.345096e+00  2.000000e+00
   endloop
 endfacet
 facet normal -8.011297e-01  5.984907e-01  0.000000e+00
   outer loop
     vertex -8.367349e+00  5.888661e+00  0.000000e+00
     vertex -8.026366e+00  6.345096e+00  2.000000e+00
     vertex -8.026366e+00  6.345096e+00  0.000000e+00
   endloop
 endfacet
 facet normal -8.353825e-01  5.496691e-01  0.000000e+00
   outer loop
     vertex -8.673758e+00  5.422983e+00  0.000000e+00
     vertex -8.673758e+00  5.422983e+00  2.000000e+00
     vertex -8.367349e+00  5.888661e+00  2.000000e+00
   endloop
 endfacet
 facet normal -8.353825e-01  5.496691e-01  0.000000e+00
   outer loop
     vertex -8.673758e+00  5.422983e+00  0.000000e+00
     vertex -8.367349e+00  5.888661e+00  2.000000e+00
     vertex -8.367349e+00  5.888661e+00  0.000000e+00
   endloop
 endfacet
 facet normal -8.662269e-01  4.996508e-01  0.000000e+00
   outer loop
     vertex -8.953654e+00  4.937738e+00  0.000000e+00
     vertex -8.953654e+00  4.937738e+00  2.000000e+00
     vertex -8.673758e+00  5.422983e+00  2.000000e+00
   endloop
 endfacet
 facet normal -8.937960e-01  4.484737e-01  0.000000e+00
   outer loop
     vertex -8.953654e+00  4.937738e+00  0.000000e+00
     vertex -9.207701e+00  4.431429e+00  2.000000e+00
     vertex -8.953654e+00  4.937738e+00  2.000000e+00
   endloop
 endfacet
 facet normal -8.662269e-01  4.996508e-01  0.000000e+00
   outer loop
     vertex -8.953654e+00  4.937738e+00  0.000000e+00
     vertex -8.673758e+00  5.422983e+00  2.000000e+00
     vertex -8.673758e+00  5.422983e+00  0.000000e+00
   endloop
 endfacet
 facet normal -8.937960e-01  4.484737e-01  0.000000e+00
   outer loop
     vertex -9.207701e+00  4.431429e+00  0.000000e+00
     vertex -9.207701e+00  4.431429e+00  2.000000e+00
     vertex -8.953654e+00  4.937738e+00  0.000000e+00
   endloop
 endfacet
 facet normal -9.179619e-01  3.966686e-01  0.000000e+00
   outer loop
     vertex -9.436283e+00  3.902449e+00  0.000000e+00
     vertex -9.436283e+00  3.902449e+00  2.000000e+00
     vertex -9.207701e+00  4.431429e+00  2.000000e+00
   endloop
 endfacet
 facet normal -9.179619e-01  3.966686e-01  0.000000e+00
   outer loop
     vertex -9.436283e+00  3.902449e+00  0.000000e+00
     vertex -9.207701e+00  4.431429e+00  2.000000e+00
     vertex -9.207701e+00  4.431429e+00  0.000000e+00
   endloop
 endfacet
 facet normal -9.386930e-01  3.447541e-01  0.000000e+00
   outer loop
     vertex -9.639516e+00  3.349088e+00  0.000000e+00
     vertex -9.639516e+00  3.349088e+00  2.000000e+00
     vertex -9.436283e+00  3.902449e+00  2.000000e+00
   endloop
 endfacet
 facet normal -9.386930e-01  3.447541e-01  0.000000e+00
   outer loop
     vertex -9.639516e+00  3.349088e+00  0.000000e+00
     vertex -9.436283e+00  3.902449e+00  2.000000e+00
     vertex -9.436283e+00  3.902449e+00  0.000000e+00
   endloop
 endfacet
 facet normal -9.510837e-01  3.022706e-01  6.381447e-02
   outer loop
     vertex -9.857538e+00  2.620869e+00  2.000000e-01
     vertex -9.639516e+00  3.349088e+00  0.000000e+00
     vertex -9.753464e+00  2.990557e+00  0.000000e+00
   endloop
 endfacet
 facet normal -9.560424e-01  2.932149e-01 -2.826287e-03
   outer loop
     vertex -9.857538e+00  2.620869e+00  2.000000e-01
     vertex -9.817264e+00  2.769531e+00  2.000000e+00
     vertex -9.639516e+00  3.349088e+00  2.000000e+00
   endloop
 endfacet
 facet normal -9.579871e-01  2.868112e-01  0.000000e+00
   outer loop
     vertex -9.857538e+00  2.620869e+00  2.000000e-01
     vertex -9.639516e+00  3.349088e+00  2.000000e+00
     vertex -9.639516e+00  3.349088e+00  0.000000e+00
   endloop
 endfacet
 facet normal -9.625837e-01  2.709846e-01  1.091432e-08
   outer loop
     vertex -9.857538e+00  2.620869e+00  0.000000e+00
     vertex -9.857538e+00  2.620869e+00  2.000000e-01
     vertex -9.753464e+00  2.990557e+00  0.000000e+00
   endloop
 endfacet
 facet normal -9.708461e-01  2.396884e-01  2.709658e-03
   outer loop
     vertex -9.918070e+00  2.381572e+00  2.000000e-01
     vertex -9.984409e+00  2.092521e+00  2.000000e+00
     vertex -9.817264e+00  2.769531e+00  2.000000e+00
   endloop
 endfacet
 facet normal -9.804141e-01  1.968954e-01 -4.514827e-03
   outer loop
     vertex -9.918070e+00  2.381572e+00  2.000000e-01
     vertex -1.006333e+01  1.699556e+00  2.000000e+00
     vertex -9.984409e+00  2.092521e+00  2.000000e+00
   endloop
 endfacet
 facet normal -9.694625e-01  2.452354e-01  1.436618e-03
   outer loop
     vertex -9.918070e+00  2.381572e+00  2.000000e-01
     vertex -9.817264e+00  2.769531e+00  2.000000e+00
     vertex -9.857538e+00  2.620869e+00  2.000000e-01
   endloop
 endfacet
 facet normal -9.768105e-01  2.141055e-01 -1.047894e-13
   outer loop
     vertex -1.003475e+01  1.849239e+00  0.000000e+00
     vertex -9.918070e+00  2.381572e+00  2.000000e-01
     vertex -9.918070e+00  2.381572e+00  0.000000e+00
   endloop
 endfacet
 facet normal -9.769663e-01  2.133842e-01  2.010952e-03
   outer loop
     vertex -1.003475e+01  1.849239e+00  0.000000e+00
     vertex -1.006333e+01  1.699556e+00  2.000000e+00
     vertex -9.918070e+00  2.381572e+00  2.000000e-01
   endloop
 endfacet
 facet normal -9.859681e-01  1.669337e-01  0.000000e+00
   outer loop
     vertex -1.013184e+01  1.294922e+00  0.000000e+00
     vertex -1.013184e+01  1.294922e+00  2.000000e+00
     vertex -1.006333e+01  1.699556e+00  2.000000e+00
   endloop
 endfacet
 facet normal -9.850059e-01  1.725167e-01 -1.162502e-03
   outer loop
     vertex -1.013184e+01  1.294922e+00  0.000000e+00
     vertex -1.006333e+01  1.699556e+00  2.000000e+00
     vertex -1.003475e+01  1.849239e+00  0.000000e+00
   endloop
 endfacet
 facet normal  9.884384e-01 -1.516229e-01 -9.048042e-14
   outer loop
     vertex  1.002940e+01 -1.857697e+00  2.000000e-01
     vertex  1.002940e+01 -1.857697e+00  0.000000e+00
     vertex  1.012509e+01 -1.233930e+00  0.000000e+00
   endloop
 endfacet
 facet normal  9.959229e-01 -9.020836e-02 -1.054406e-13
   outer loop
     vertex  1.012509e+01 -1.233930e+00  2.000000e-01
     vertex  1.012509e+01 -1.233930e+00  0.000000e+00
     vertex  1.018202e+01 -6.054398e-01  0.000000e+00
   endloop
 endfacet
 facet normal  9.884384e-01 -1.516229e-01  1.028507e-13
   outer loop
     vertex  1.012509e+01 -1.233930e+00  2.000000e-01
     vertex  1.002940e+01 -1.857697e+00  2.000000e-01
     vertex  1.012509e+01 -1.233930e+00  0.000000e+00
   endloop
 endfacet
 facet normal  9.995953e-01 -2.844852e-02 -7.054441e-14
   outer loop
     vertex  1.018202e+01 -6.054398e-01  2.000000e-01
     vertex  1.018202e+01 -6.054398e-01  0.000000e+00
     vertex  1.019997e+01  2.536787e-02  0.000000e+00
   endloop
 endfacet
 facet normal  9.959229e-01 -9.020836e-02  8.521361e-14
   outer loop
     vertex  1.018202e+01 -6.054398e-01  2.000000e-01
     vertex  1.012509e+01 -1.233930e+00  2.000000e-01
     vertex  1.018202e+01 -6.054398e-01  0.000000e+00
   endloop
 endfacet
 facet normal  9.994414e-01  3.342023e-02 -4.700166e-14
   outer loop
     vertex  1.019997e+01  2.536787e-02  2.000000e-01
     vertex  1.019997e+01  2.536787e-02  0.000000e+00
     vertex  1.017888e+01  6.560785e-01  0.000000e+00
   endloop
 endfacet
 facet normal  9.995953e-01 -2.844852e-02  5.644399e-14
   outer loop
     vertex  1.019997e+01  2.536787e-02  2.000000e-01
     vertex  1.018202e+01 -6.054398e-01  2.000000e-01
     vertex  1.019997e+01  2.536787e-02  0.000000e+00
   endloop
 endfacet
 facet normal  9.954619e-01  9.516104e-02 -1.639629e-14
   outer loop
     vertex  1.017888e+01  6.560785e-01  2.000000e-01
     vertex  1.017888e+01  6.560785e-01  0.000000e+00
     vertex  1.011883e+01  1.284278e+00  0.000000e+00
   endloop
 endfacet
 facet normal  9.994414e-01  3.342023e-02  3.464377e-14
   outer loop
     vertex  1.017888e+01  6.560785e-01  2.000000e-01
     vertex  1.019997e+01  2.536787e-02  2.000000e-01
     vertex  1.017888e+01  6.560785e-01  0.000000e+00
   endloop
 endfacet
 facet normal  9.954619e-01  9.516104e-02 -6.411528e-15
   outer loop
     vertex  1.011883e+01  1.284278e+00  2.000000e-01
     vertex  1.017888e+01  6.560785e-01  2.000000e-01
     vertex  1.011883e+01  1.284278e+00  0.000000e+00
   endloop
 endfacet
 facet normal  9.876720e-01  1.565376e-01 -1.461418e-14
   outer loop
     vertex  1.002004e+01  1.907561e+00  2.000000e-01
     vertex  1.011883e+01  1.284278e+00  0.000000e+00
     vertex  1.002004e+01  1.907561e+00  0.000000e+00
   endloop
 endfacet
 facet normal  9.876720e-01  1.565376e-01 -4.783070e-15
   outer loop
     vertex  1.002004e+01  1.907561e+00  2.000000e-01
     vertex  1.011883e+01  1.284278e+00  2.000000e-01
     vertex  1.011883e+01  1.284278e+00  0.000000e+00
   endloop
 endfacet
 facet normal  9.761015e-01  2.173150e-01 -5.326990e-14
   outer loop
     vertex  9.882901e+00  2.523543e+00  2.000000e-01
     vertex  1.002004e+01  1.907561e+00  0.000000e+00
     vertex  9.882901e+00  2.523543e+00  0.000000e+00
   endloop
 endfacet
 facet normal  9.761015e-01  2.173150e-01  3.936411e-14
   outer loop
     vertex  9.882901e+00  2.523543e+00  2.000000e-01
     vertex  1.002004e+01  1.907561e+00  2.000000e-01
     vertex  1.002004e+01  1.907561e+00  0.000000e+00
   endloop
 endfacet
 facet normal -9.674537e-01  2.530479e-01 -3.024981e-09
   outer loop
     vertex -9.857538e+00  2.620869e+00  2.000000e-01
     vertex -9.857538e+00  2.620869e+00  0.000000e+00
     vertex -9.878358e+00  2.541267e+00  0.000000e+00
   endloop
 endfacet
 facet normal -9.694635e-01  2.452356e-01 -2.016663e-09
   outer loop
     vertex -9.878358e+00  2.541267e+00  2.000000e-01
     vertex -9.878358e+00  2.541267e+00  0.000000e+00
     vertex -9.898536e+00  2.461500e+00  0.000000e+00
   endloop
 endfacet
 facet normal -9.674537e-01  2.530479e-01  2.016655e-09
   outer loop
     vertex -9.878358e+00  2.541267e+00  2.000000e-01
     vertex -9.857538e+00  2.620869e+00  2.000000e-01
     vertex -9.878358e+00  2.541267e+00  0.000000e+00
   endloop
 endfacet
 facet normal -9.714102e-01  2.374074e-01 -1.008335e-09
   outer loop
     vertex -9.898536e+00  2.461499e+00  2.000000e-01
     vertex -9.898536e+00  2.461500e+00  0.000000e+00
     vertex -9.918070e+00  2.381572e+00  0.000000e+00
   endloop
 endfacet
 facet normal -9.694635e-01  2.452356e-01  1.008347e-09
   outer loop
     vertex -9.898536e+00  2.461499e+00  2.000000e-01
     vertex -9.878358e+00  2.541267e+00  2.000000e-01
     vertex -9.898536e+00  2.461500e+00  0.000000e+00
   endloop
 endfacet
 facet normal -9.714102e-01  2.374074e-01  2.471788e-14
   outer loop
     vertex -9.918070e+00  2.381572e+00  2.000000e-01
     vertex -9.898536e+00  2.461499e+00  2.000000e-01
     vertex -9.918070e+00  2.381572e+00  0.000000e+00
   endloop
 endfacet
 facet normal  1.360137e-01 -9.907070e-01  0.000000e+00
   outer loop
     vertex  1.723794e+00 -1.003368e+01  2.000000e-01
     vertex  1.257812e+00 -1.009766e+01  2.000000e+00
     vertex  1.257812e+00 -1.009766e+01  2.000000e-01
   endloop
 endfacet
 facet normal  1.431816e-01 -9.896946e-01  1.891587e-03
   outer loop
     vertex  1.723794e+00 -1.003368e+01  2.000000e-01
     vertex  1.856181e+00 -1.001109e+01  2.000000e+00
     vertex  1.257812e+00 -1.009766e+01  2.000000e+00
   endloop
 endfacet
 facet normal  2.067870e-01 -9.783825e-01  2.626610e-03
   outer loop
     vertex  2.185928e+00 -9.946227e+00  2.000000e-01
     vertex  2.443423e+00 -9.886971e+00  2.000000e+00
     vertex  1.856181e+00 -1.001109e+01  2.000000e+00
   endloop
 endfacet
 facet normal  1.859407e-01 -9.825600e-01 -1.342826e-03
   outer loop
     vertex  2.185928e+00 -9.946227e+00  2.000000e-01
     vertex  1.856181e+00 -1.001109e+01  2.000000e+00
     vertex  1.723794e+00 -1.003368e+01  2.000000e-01
   endloop
 endfacet
 facet normal  2.690633e-01 -9.631186e-01  2.732546e-03
   outer loop
     vertex  2.725627e+00 -9.813240e+00  2.000000e-01
     vertex  3.034202e+00 -9.721928e+00  2.000000e+00
     vertex  2.443423e+00 -9.886971e+00  2.000000e+00
   endloop
 endfacet
 facet normal  2.392524e-01 -9.709548e-01 -2.262180e-03
   outer loop
     vertex  2.725627e+00 -9.813240e+00  2.000000e-01
     vertex  2.443423e+00 -9.886971e+00  2.000000e+00
     vertex  2.185928e+00 -9.946227e+00  2.000000e-01
   endloop
 endfacet
 facet normal  3.301079e-01 -9.439396e-01  2.597841e-03
   outer loop
     vertex  3.261160e+00 -9.647511e+00  2.000000e-01
     vertex  3.618724e+00 -9.517513e+00  2.000000e+00
     vertex  3.034202e+00 -9.721928e+00  2.000000e+00
   endloop
 endfacet
 facet normal  2.956320e-01 -9.552993e-01 -2.218796e-03
   outer loop
     vertex  3.261160e+00 -9.647511e+00  2.000000e-01
     vertex  3.034202e+00 -9.721928e+00  2.000000e+00
     vertex  2.725627e+00 -9.813240e+00  2.000000e-01
   endloop
 endfacet
 facet normal  3.892376e-01 -9.211346e-01  2.287933e-03
   outer loop
     vertex  3.790958e+00 -9.449203e+00  2.000000e-01
     vertex  4.194974e+00 -9.274010e+00  2.000000e+00
     vertex  3.618724e+00 -9.517513e+00  2.000000e+00
   endloop
 endfacet
 facet normal  3.505543e-01 -9.365403e-01 -1.998154e-03
   outer loop
     vertex  3.790958e+00 -9.449203e+00  2.000000e-01
     vertex  3.618724e+00 -9.517513e+00  2.000000e+00
     vertex  3.261160e+00 -9.647511e+00  2.000000e-01
   endloop
 endfacet
 facet normal  4.462542e-01 -8.949044e-01  1.801293e-03
   outer loop
     vertex  4.313248e+00 -9.218655e+00  2.000000e-01
     vertex  4.760642e+00 -8.991934e+00  2.000000e+00
     vertex  4.194974e+00 -9.274010e+00  2.000000e+00
   endloop
 endfacet
 facet normal  4.038254e-01 -9.148347e-01 -1.599519e-03
   outer loop
     vertex  4.313248e+00 -9.218655e+00  2.000000e-01
     vertex  4.194974e+00 -9.274010e+00  2.000000e+00
     vertex  3.790958e+00 -9.449203e+00  2.000000e-01
   endloop
 endfacet
 facet normal  5.010117e-01 -8.654398e-01  1.132898e-03
   outer loop
     vertex  4.826014e+00 -8.956445e+00  2.000000e-01
     vertex  5.313133e+00 -8.672091e+00  2.000000e+00
     vertex  4.760642e+00 -8.991934e+00  2.000000e+00
   endloop
 endfacet
 facet normal  4.552884e-01 -8.903434e-01 -1.018672e-03
   outer loop
     vertex  4.826014e+00 -8.956445e+00  2.000000e-01
     vertex  4.760642e+00 -8.991934e+00  2.000000e+00
     vertex  4.313248e+00 -9.218655e+00  2.000000e-01
   endloop
 endfacet
 facet normal  5.048252e-01 -8.632216e-01 -2.495310e-04
   outer loop
     vertex  5.327131e+00 -8.663385e+00  2.000000e-01
     vertex  5.313133e+00 -8.672091e+00  2.000000e+00
     vertex  4.826014e+00 -8.956445e+00  2.000000e-01
   endloop
 endfacet
 facet normal  5.534080e-01 -8.329100e-01  6.862618e-04
   outer loop
     vertex  5.814336e+00 -8.340561e+00  2.000000e-01
     vertex  5.849603e+00 -8.315646e+00  2.000000e+00
     vertex  5.313133e+00 -8.672091e+00  2.000000e+00
   endloop
 endfacet
 facet normal  5.523524e-01 -8.336107e-01  2.632877e-04
   outer loop
     vertex  5.814336e+00 -8.340561e+00  2.000000e-01
     vertex  5.313133e+00 -8.672091e+00  2.000000e+00
     vertex  5.327131e+00 -8.663385e+00  2.000000e-01
   endloop
 endfacet
 facet normal  6.033754e-01 -7.974559e-01  1.487191e-03
   outer loop
     vertex  6.285268e+00 -7.989368e+00  2.000000e-01
     vertex  6.367003e+00 -7.924168e+00  2.000000e+00
     vertex  5.849603e+00 -8.315646e+00  2.000000e+00
   endloop
 endfacet
 facet normal  5.978132e-01 -8.016352e-01 -6.166383e-04
   outer loop
     vertex  6.285268e+00 -7.989368e+00  2.000000e-01
     vertex  5.849603e+00 -8.315646e+00  2.000000e+00
     vertex  5.814336e+00 -8.340561e+00  2.000000e-01
   endloop
 endfacet
 facet normal  6.508703e-01 -7.591860e-01  2.105324e-03
   outer loop
     vertex  6.737520e+00 -7.611506e+00  2.000000e-01
     vertex  6.862153e+00 -7.499663e+00  2.000000e+00
     vertex  6.367003e+00 -7.924168e+00  2.000000e+00
   endloop
 endfacet
 facet normal  6.411701e-01 -7.673977e-01 -1.317766e-03
   outer loop
     vertex  6.737520e+00 -7.611506e+00  2.000000e-01
     vertex  6.367003e+00 -7.924168e+00  2.000000e+00
     vertex  6.285268e+00 -7.989368e+00  2.000000e-01
   endloop
 endfacet
 facet normal  6.823992e-01 -7.309774e-01 -1.830498e-03
   outer loop
     vertex  7.168718e+00 -7.208963e+00  2.000000e-01
     vertex  6.862153e+00 -7.499663e+00  2.000000e+00
     vertex  6.737520e+00 -7.611506e+00  2.000000e-01
   endloop
 endfacet
 facet normal  6.958602e-01 -7.181728e-01  2.530055e-03
   outer loop
     vertex  7.168718e+00 -7.208963e+00  2.000000e-01
     vertex  7.331827e+00 -7.044581e+00  2.000000e+00
     vertex  6.862153e+00 -7.499663e+00  2.000000e+00
   endloop
 endfacet
 facet normal  7.235843e-01 -6.902314e-01 -2.533904e-03
   outer loop
     vertex  7.620312e+00 -6.735548e+00  2.000000e-01
     vertex  7.331827e+00 -7.044581e+00  2.000000e+00
     vertex  7.168718e+00 -7.208963e+00  2.000000e-01
   endloop
 endfacet
 facet normal  7.383123e-01 -6.744543e-01  2.535226e-03
   outer loop
     vertex  7.620312e+00 -6.735548e+00  2.000000e-01
     vertex  7.772853e+00 -6.561798e+00  2.000000e+00
     vertex  7.331827e+00 -7.044581e+00  2.000000e+00
   endloop
 endfacet
 facet normal  7.643243e-01 -6.448271e-01 -2.529021e-03
   outer loop
     vertex  8.040147e+00 -6.237911e+00  2.000000e-01
     vertex  7.772853e+00 -6.561798e+00  2.000000e+00
     vertex  7.620312e+00 -6.735548e+00  2.000000e-01
   endloop
 endfacet
 facet normal  7.762500e-01 -6.304225e-01  1.833826e-03
   outer loop
     vertex  8.040147e+00 -6.237911e+00  2.000000e-01
     vertex  8.142783e+00 -6.106297e+00  2.000000e+00
     vertex  7.772853e+00 -6.561798e+00  2.000000e+00
   endloop
 endfacet
 facet normal  8.023419e-01 -5.968610e-01 -2.107921e-03
   outer loop
     vertex  8.425656e+00 -5.719682e+00  2.000000e-01
     vertex  8.142783e+00 -6.106297e+00  2.000000e+00
     vertex  8.040147e+00 -6.237911e+00  2.000000e-01
   endloop
 endfacet
 facet normal  8.099836e-01 -5.864510e-01  1.328907e-03
   outer loop
     vertex  8.425656e+00 -5.719682e+00  2.000000e-01
     vertex  8.485012e+00 -5.633623e+00  2.000000e+00
     vertex  8.142783e+00 -6.106297e+00  2.000000e+00
   endloop
 endfacet
 facet normal  8.373453e-01 -5.466723e-01 -1.475199e-03
   outer loop
     vertex  8.770239e+00 -5.191880e+00  2.000000e-01
     vertex  8.485012e+00 -5.633623e+00  2.000000e+00
     vertex  8.425656e+00 -5.719682e+00  2.000000e-01
   endloop
 endfacet
 facet normal  8.414950e-01 -5.402645e-01  7.549114e-04
   outer loop
     vertex  8.770239e+00 -5.191880e+00  2.000000e-01
     vertex  8.797760e+00 -5.146499e+00  2.000000e+00
     vertex  8.485012e+00 -5.633623e+00  2.000000e+00
   endloop
 endfacet
 facet normal  8.695005e-01 -4.939313e-01 -8.414159e-04
   outer loop
     vertex  9.081567e+00 -4.643829e+00  2.000000e-01
     vertex  8.797760e+00 -5.146499e+00  2.000000e+00
     vertex  8.770239e+00 -5.191880e+00  2.000000e-01
   endloop
 endfacet
 facet normal  8.706861e-01 -4.918390e-01 -7.019170e-05
   outer loop
     vertex  9.081567e+00 -4.643829e+00  2.000000e-01
     vertex  9.079520e+00 -4.647709e+00  2.000000e+00
     vertex  8.797760e+00 -5.146499e+00  2.000000e+00
   endloop
 endfacet
 facet normal  8.974302e-01 -4.411565e-01  6.949199e-05
   outer loop
     vertex  9.081567e+00 -4.643829e+00  2.000000e-01
     vertex  9.329081e+00 -4.140035e+00  2.000000e+00
     vertex  9.079520e+00 -4.647709e+00  2.000000e+00
   endloop
 endfacet
 facet normal  8.976166e-01 -4.407771e-01 -6.234738e-05
   outer loop
     vertex  9.330876e+00 -4.136097e+00  0.000000e+00
     vertex  9.329081e+00 -4.140035e+00  2.000000e+00
     vertex  9.081567e+00 -4.643829e+00  2.000000e-01
   endloop
 endfacet
 facet normal  9.215693e-01 -3.882138e-01  6.266222e-05
   outer loop
     vertex  9.330876e+00 -4.136097e+00  0.000000e+00
     vertex  9.545543e+00 -3.626183e+00  2.000000e+00
     vertex  9.329081e+00 -4.140035e+00  2.000000e+00
   endloop
 endfacet
 facet normal  8.976263e-01 -4.407573e-01 -1.030459e-14
   outer loop
     vertex  9.330876e+00 -4.136097e+00  0.000000e+00
     vertex  9.081567e+00 -4.643829e+00  2.000000e-01
     vertex  9.081567e+00 -4.643829e+00  0.000000e+00
   endloop
 endfacet
 facet normal  9.218433e-01 -3.875627e-01 -1.327279e-04
   outer loop
     vertex  9.548812e+00 -3.617723e+00  0.000000e+00
     vertex  9.545543e+00 -3.626183e+00  2.000000e+00
     vertex  9.330876e+00 -4.136097e+00  0.000000e+00
   endloop
 endfacet
 facet normal  9.429153e-01 -3.330325e-01  1.323664e-04
   outer loop
     vertex  9.548812e+00 -3.617723e+00  0.000000e+00
     vertex  9.728308e+00 -3.108719e+00  2.000000e+00
     vertex  9.545543e+00 -3.626183e+00  2.000000e+00
   endloop
 endfacet
 facet normal  9.432408e-01 -3.321096e-01 -1.317200e-04
   outer loop
     vertex  9.731021e+00 -3.100221e+00  0.000000e+00
     vertex  9.728308e+00 -3.108719e+00  2.000000e+00
     vertex  9.548812e+00 -3.617723e+00  0.000000e+00
   endloop
 endfacet
 facet normal  9.612523e-01 -2.756702e-01  1.325376e-04
   outer loop
     vertex  9.731021e+00 -3.100221e+00  0.000000e+00
     vertex  9.877060e+00 -2.590026e+00  2.000000e+00
     vertex  9.728308e+00 -3.108719e+00  2.000000e+00
   endloop
 endfacet
 facet normal  9.615265e-01 -2.747123e-01 -1.318475e-04
   outer loop
     vertex  9.879214e+00 -2.581526e+00  0.000000e+00
     vertex  9.877060e+00 -2.590026e+00  2.000000e+00
     vertex  9.731021e+00 -3.100221e+00  0.000000e+00
   endloop
 endfacet
 facet normal  9.763285e-01 -2.162270e-01 -5.339315e-03
   outer loop
     vertex  1.002940e+01 -1.857697e+00  2.000000e-01
     vertex  9.991730e+00 -2.072257e+00  2.000000e+00
     vertex  9.877060e+00 -2.590026e+00  2.000000e+00
   endloop
 endfacet
 facet normal  9.869071e-01 -1.612834e-01  1.431375e-03
   outer loop
     vertex  1.002940e+01 -1.857697e+00  2.000000e-01
     vertex  1.005853e+01 -1.663508e+00  2.000000e+00
     vertex  9.991730e+00 -2.072257e+00  2.000000e+00
   endloop
 endfacet
 facet normal  9.791336e-01 -2.032176e-01  1.909722e-04
   outer loop
     vertex  1.002940e+01 -1.857697e+00  2.000000e-01
     vertex  9.877060e+00 -2.590026e+00  2.000000e+00
     vertex  9.879214e+00 -2.581526e+00  0.000000e+00
   endloop
 endfacet
 facet normal  9.713831e-01 -2.236521e-01  7.996684e-02
   outer loop
     vertex  1.002940e+01 -1.857697e+00  2.000000e-01
     vertex  9.879214e+00 -2.581526e+00  0.000000e+00
     vertex  9.962291e+00 -2.220702e+00  0.000000e+00
   endloop
 endfacet
 facet normal  9.833349e-01 -1.818035e-01  3.851990e-14
   outer loop
     vertex  1.002940e+01 -1.857697e+00  0.000000e+00
     vertex  1.002940e+01 -1.857697e+00  2.000000e-01
     vertex  9.962291e+00 -2.220702e+00  0.000000e+00
   endloop
 endfacet
 facet normal  9.899067e-01 -1.417185e-01 -7.278733e-04
   outer loop
     vertex  1.007275e+01 -1.554930e+00  2.000000e-01
     vertex  1.005853e+01 -1.663508e+00  2.000000e+00
     vertex  1.002940e+01 -1.857697e+00  2.000000e-01
   endloop
 endfacet
 facet normal  9.937916e-01 -1.112516e-01  1.140614e-03
   outer loop
     vertex  1.007275e+01 -1.554930e+00  2.000000e-01
     vertex  1.010449e+01 -1.252930e+00  2.000000e+00
     vertex  1.005853e+01 -1.663508e+00  2.000000e+00
   endloop
 endfacet
 facet normal  9.945217e-01 -1.045300e-01  0.000000e+00
   outer loop
     vertex  1.010449e+01 -1.252930e+00  2.000000e-01
     vertex  1.010449e+01 -1.252930e+00  2.000000e+00
     vertex  1.007275e+01 -1.554930e+00  2.000000e-01
   endloop
 endfacet
 facet normal -1.814613e-01 -9.833981e-01  4.531057e-14
   outer loop
     vertex -1.536758e+00 -1.008357e+01  2.000000e-01
     vertex -2.163247e+00 -9.967967e+00  2.000000e-01
     vertex -2.163247e+00 -9.967967e+00  0.000000e+00
   endloop
 endfacet
 facet normal -1.814613e-01 -9.833981e-01 -5.372048e-14
   outer loop
     vertex -1.536758e+00 -1.008357e+01  2.000000e-01
     vertex -2.163247e+00 -9.967967e+00  0.000000e+00
     vertex -1.536758e+00 -1.008357e+01  0.000000e+00
   endloop
 endfacet
 facet normal -1.197168e-01 -9.928081e-01 -6.082819e-14
   outer loop
     vertex -9.042744e-01 -1.015984e+01  2.000000e-01
     vertex -1.536758e+00 -1.008357e+01  0.000000e+00
     vertex -9.042744e-01 -1.015984e+01  0.000000e+00
   endloop
 endfacet
 facet normal -1.197168e-01 -9.928081e-01  6.235649e-14
   outer loop
     vertex -9.042744e-01 -1.015984e+01  2.000000e-01
     vertex -1.536758e+00 -1.008357e+01  2.000000e-01
     vertex -1.536758e+00 -1.008357e+01  0.000000e+00
   endloop
 endfacet
 facet normal -5.750538e-02 -9.983452e-01 -5.202082e-14
   outer loop
     vertex -2.682632e-01 -1.019647e+01  2.000000e-01
     vertex -9.042744e-01 -1.015984e+01  0.000000e+00
     vertex -2.682632e-01 -1.019647e+01  0.000000e+00
   endloop
 endfacet
 facet normal -5.750538e-02 -9.983452e-01  4.950397e-14
   outer loop
     vertex -2.682632e-01 -1.019647e+01  2.000000e-01
     vertex -9.042744e-01 -1.015984e+01  2.000000e-01
     vertex -9.042744e-01 -1.015984e+01  0.000000e+00
   endloop
 endfacet
 facet normal  4.930415e-03 -9.999878e-01 -4.547886e-14
   outer loop
     vertex  3.687946e-01 -1.019333e+01  2.000000e-01
     vertex -2.682632e-01 -1.019647e+01  0.000000e+00
     vertex  3.687946e-01 -1.019333e+01  0.000000e+00
   endloop
 endfacet
 facet normal  4.930415e-03 -9.999878e-01  5.267285e-14
   outer loop
     vertex  3.687946e-01 -1.019333e+01  2.000000e-01
     vertex -2.682632e-01 -1.019647e+01  2.000000e-01
     vertex -2.682632e-01 -1.019647e+01  0.000000e+00
   endloop
 endfacet
 facet normal  6.734698e-02 -9.977296e-01 -5.045550e-14
   outer loop
     vertex  1.004414e+00 -1.015043e+01  2.000000e-01
     vertex  3.687946e-01 -1.019333e+01  0.000000e+00
     vertex  1.004414e+00 -1.015043e+01  0.000000e+00
   endloop
 endfacet
 facet normal  6.734698e-02 -9.977296e-01  5.353400e-14
   outer loop
     vertex  1.004414e+00 -1.015043e+01  2.000000e-01
     vertex  3.687946e-01 -1.019333e+01  2.000000e-01
     vertex  3.687946e-01 -1.019333e+01  0.000000e+00
   endloop
 endfacet
 facet normal  1.295008e-01 -9.915793e-01 -3.179312e-14
   outer loop
     vertex  1.636115e+00 -1.006793e+01  2.000000e-01
     vertex  1.004414e+00 -1.015043e+01  0.000000e+00
     vertex  1.636115e+00 -1.006793e+01  0.000000e+00
   endloop
 endfacet
 facet normal  1.295008e-01 -9.915793e-01  4.291434e-14
   outer loop
     vertex  1.636115e+00 -1.006793e+01  2.000000e-01
     vertex  1.004414e+00 -1.015043e+01  2.000000e-01
     vertex  1.004414e+00 -1.015043e+01  0.000000e+00
   endloop
 endfacet
 facet normal  1.911495e-01 -9.815609e-01 -4.279418e-14
   outer loop
     vertex  2.261433e+00 -9.946151e+00  2.000000e-01
     vertex  1.636115e+00 -1.006793e+01  0.000000e+00
     vertex  2.261433e+00 -9.946151e+00  0.000000e+00
   endloop
 endfacet
 facet normal  1.911495e-01 -9.815609e-01  5.587577e-14
   outer loop
     vertex  2.261433e+00 -9.946151e+00  2.000000e-01
     vertex  1.636115e+00 -1.006793e+01  2.000000e-01
     vertex  1.636115e+00 -1.006793e+01  0.000000e+00
   endloop
 endfacet
 facet normal  2.520525e-01 -9.677136e-01 -3.970067e-14
   outer loop
     vertex  2.877930e+00 -9.785577e+00  2.000000e-01
     vertex  2.261433e+00 -9.946151e+00  0.000000e+00
     vertex  2.877930e+00 -9.785577e+00  0.000000e+00
   endloop
 endfacet
 facet normal  2.520525e-01 -9.677136e-01  3.931999e-14
   outer loop
     vertex  2.877930e+00 -9.785577e+00  2.000000e-01
     vertex  2.261433e+00 -9.946151e+00  2.000000e-01
     vertex  2.261433e+00 -9.946151e+00  0.000000e+00
   endloop
 endfacet
 facet normal  3.119723e-01 -9.500912e-01 -4.017520e-14
   outer loop
     vertex  3.483200e+00 -9.586830e+00  2.000000e-01
     vertex  2.877930e+00 -9.785577e+00  0.000000e+00
     vertex  3.483200e+00 -9.586830e+00  0.000000e+00
   endloop
 endfacet
 facet normal  3.119723e-01 -9.500912e-01  3.659700e-14
   outer loop
     vertex  3.483200e+00 -9.586830e+00  2.000000e-01
     vertex  2.877930e+00 -9.785577e+00  2.000000e-01
     vertex  2.877930e+00 -9.785577e+00  0.000000e+00
   endloop
 endfacet
 facet normal  3.706751e-01 -9.287626e-01 -2.553966e-14
   outer loop
     vertex  4.074883e+00 -9.350686e+00  2.000000e-01
     vertex  3.483200e+00 -9.586830e+00  0.000000e+00
     vertex  4.074883e+00 -9.350686e+00  0.000000e+00
   endloop
 endfacet
 facet normal  3.706751e-01 -9.287626e-01  3.049750e-14
   outer loop
     vertex  4.074883e+00 -9.350686e+00  2.000000e-01
     vertex  3.483200e+00 -9.586830e+00  2.000000e-01
     vertex  3.483200e+00 -9.586830e+00  0.000000e+00
   endloop
 endfacet
 facet normal  4.279319e-01 -9.038110e-01 -3.226937e-14
   outer loop
     vertex  4.650670e+00 -9.078065e+00  2.000000e-01
     vertex  4.074883e+00 -9.350686e+00  0.000000e+00
     vertex  4.650670e+00 -9.078065e+00  0.000000e+00
   endloop
 endfacet
 facet normal  4.279319e-01 -9.038110e-01  3.921107e-14
   outer loop
     vertex  4.650670e+00 -9.078065e+00  2.000000e-01
     vertex  4.074883e+00 -9.350686e+00  2.000000e-01
     vertex  4.074883e+00 -9.350686e+00  0.000000e+00
   endloop
 endfacet
 facet normal  4.835194e-01 -8.753337e-01 -3.013425e-14
   outer loop
     vertex  5.208315e+00 -8.770032e+00  2.000000e-01
     vertex  4.650670e+00 -9.078065e+00  0.000000e+00
     vertex  5.208315e+00 -8.770032e+00  0.000000e+00
   endloop
 endfacet
 facet normal  4.835194e-01 -8.753337e-01  2.701207e-14
   outer loop
     vertex  5.208315e+00 -8.770032e+00  2.000000e-01
     vertex  4.650670e+00 -9.078065e+00  2.000000e-01
     vertex  4.650670e+00 -9.078065e+00  0.000000e+00
   endloop
 endfacet
 facet normal  5.372207e-01 -8.434417e-01 -2.591140e-14
   outer loop
     vertex  5.745642e+00 -8.427787e+00  2.000000e-01
     vertex  5.208315e+00 -8.770032e+00  0.000000e+00
     vertex  5.745642e+00 -8.427787e+00  0.000000e+00
   endloop
 endfacet
 facet normal  5.372207e-01 -8.434417e-01  2.374448e-14
   outer loop
     vertex  5.745642e+00 -8.427787e+00  2.000000e-01
     vertex  5.208315e+00 -8.770032e+00  2.000000e-01
     vertex  5.208315e+00 -8.770032e+00  0.000000e+00
   endloop
 endfacet
 facet normal  5.888263e-01 -8.082596e-01  2.200177e-14
   outer loop
     vertex  6.260556e+00 -8.052666e+00  2.000000e-01
     vertex  5.745642e+00 -8.427787e+00  2.000000e-01
     vertex  5.745642e+00 -8.427787e+00  0.000000e+00
   endloop
 endfacet
 facet normal  5.888263e-01 -8.082596e-01 -2.099837e-14
   outer loop
     vertex  6.260556e+00 -8.052666e+00  2.000000e-01
     vertex  5.745642e+00 -8.427787e+00  0.000000e+00
     vertex  6.260556e+00 -8.052666e+00  0.000000e+00
   endloop
 endfacet
 facet normal  6.381350e-01 -7.699245e-01  2.134825e-14
   outer loop
     vertex  6.751049e+00 -7.646132e+00  2.000000e-01
     vertex  6.260556e+00 -8.052666e+00  2.000000e-01
     vertex  6.260556e+00 -8.052666e+00  0.000000e+00
   endloop
 endfacet
 facet normal  6.381350e-01 -7.699245e-01 -2.033034e-14
   outer loop
     vertex  6.751049e+00 -7.646132e+00  2.000000e-01
     vertex  6.260556e+00 -8.052666e+00  0.000000e+00
     vertex  6.751049e+00 -7.646132e+00  0.000000e+00
   endloop
 endfacet
 facet normal  6.849544e-01 -7.285859e-01  1.633795e-14
   outer loop
     vertex  7.215206e+00 -7.209772e+00  2.000000e-01
     vertex  6.751049e+00 -7.646132e+00  2.000000e-01
     vertex  6.751049e+00 -7.646132e+00  0.000000e+00
   endloop
 endfacet
 facet normal  6.849544e-01 -7.285859e-01 -1.530728e-14
   outer loop
     vertex  7.215206e+00 -7.209772e+00  2.000000e-01
     vertex  6.751049e+00 -7.646132e+00  0.000000e+00
     vertex  7.215206e+00 -7.209772e+00  0.000000e+00
   endloop
 endfacet
 facet normal  7.291018e-01 -6.844053e-01  1.568443e-14
   outer loop
     vertex  7.651217e+00 -6.745286e+00  2.000000e-01
     vertex  7.215206e+00 -7.209772e+00  2.000000e-01
     vertex  7.215206e+00 -7.209772e+00  0.000000e+00
   endloop
 endfacet
 facet normal  7.291018e-01 -6.844053e-01 -1.544478e-14
   outer loop
     vertex  7.651217e+00 -6.745286e+00  2.000000e-01
     vertex  7.215206e+00 -7.209772e+00  0.000000e+00
     vertex  7.651217e+00 -6.745286e+00  0.000000e+00
   endloop
 endfacet
 facet normal  7.704050e-01 -6.375548e-01  1.002061e-14
   outer loop
     vertex  8.057381e+00 -6.254488e+00  2.000000e-01
     vertex  7.651217e+00 -6.745286e+00  2.000000e-01
     vertex  7.651217e+00 -6.745286e+00  0.000000e+00
   endloop
 endfacet
 facet normal  7.704050e-01 -6.375548e-01 -8.016896e-15
   outer loop
     vertex  8.057381e+00 -6.254488e+00  2.000000e-01
     vertex  7.651217e+00 -6.745286e+00  0.000000e+00
     vertex  8.057381e+00 -6.254488e+00  0.000000e+00
   endloop
 endfacet
 facet normal  8.087030e-01 -5.882172e-01  1.176332e-14
   outer loop
     vertex  8.432114e+00 -5.739291e+00  2.000000e-01
     vertex  8.057381e+00 -6.254488e+00  2.000000e-01
     vertex  8.057381e+00 -6.254488e+00  0.000000e+00
   endloop
 endfacet
 facet normal  8.087030e-01 -5.882172e-01 -1.971902e-15
   outer loop
     vertex  8.432114e+00 -5.739291e+00  2.000000e-01
     vertex  8.057381e+00 -6.254488e+00  0.000000e+00
     vertex  8.432114e+00 -5.739291e+00  0.000000e+00
   endloop
 endfacet
 facet normal  8.438462e-01 -5.365851e-01  1.241684e-14
   outer loop
     vertex  8.773954e+00 -5.201705e+00  2.000000e-01
     vertex  8.432114e+00 -5.739291e+00  2.000000e-01
     vertex  8.432114e+00 -5.739291e+00  0.000000e+00
   endloop
 endfacet
 facet normal  8.438462e-01 -5.365851e-01 -1.996943e-15
   outer loop
     vertex  8.773954e+00 -5.201705e+00  2.000000e-01
     vertex  8.432114e+00 -5.739291e+00  0.000000e+00
     vertex  8.773954e+00 -5.201705e+00  0.000000e+00
   endloop
 endfacet
 facet normal  8.756977e-01 -4.828597e-01  6.469537e-15
   outer loop
     vertex  8.773954e+00 -5.201705e+00  2.000000e-01
     vertex  8.773954e+00 -5.201705e+00  0.000000e+00
     vertex  9.081567e+00 -4.643829e+00  0.000000e+00
   endloop
 endfacet
 facet normal  8.756977e-01 -4.828597e-01  5.015103e-15
   outer loop
     vertex  9.081567e+00 -4.643829e+00  2.000000e-01
     vertex  8.773954e+00 -5.201705e+00  2.000000e-01
     vertex  9.081567e+00 -4.643829e+00  0.000000e+00
   endloop
 endfacet
 facet normal -9.974965e-01 -7.071160e-02  8.291650e-04
   outer loop
     vertex -1.012756e+01  1.213484e+00  2.000000e-01
     vertex -1.012556e+01  1.206440e+00  2.000000e+00
     vertex -1.013184e+01  1.294922e+00  2.000000e+00
   endloop
 endfacet
 facet normal -8.688296e-01 -4.951102e-01  1.034544e-03
   outer loop
     vertex -1.008781e+01  1.136424e+00  2.000000e-01
     vertex -1.008165e+01  1.129372e+00  2.000000e+00
     vertex -1.012556e+01  1.206440e+00  2.000000e+00
   endloop
 endfacet
 facet normal -8.887212e-01 -4.584473e-01 -8.088100e-04
   outer loop
     vertex -1.008781e+01  1.136424e+00  2.000000e-01
     vertex -1.012556e+01  1.206440e+00  2.000000e+00
     vertex -1.012756e+01  1.213484e+00  2.000000e-01
   endloop
 endfacet
 facet normal -5.830339e-01 -8.124476e-01  5.042762e-04
   outer loop
     vertex -1.001918e+01  1.083427e+00  2.000000e-01
     vertex -1.001492e+01  1.081486e+00  2.000000e+00
     vertex -1.008165e+01  1.129372e+00  2.000000e+00
   endloop
 endfacet
 facet normal -6.111996e-01 -7.914759e-01 -1.008480e-03
   outer loop
     vertex -1.001918e+01  1.083427e+00  2.000000e-01
     vertex -1.008165e+01  1.129372e+00  2.000000e+00
     vertex -1.008781e+01  1.136424e+00  2.000000e-01
   endloop
 endfacet
 facet normal -9.986239e-01 -5.244391e-02  1.638098e-14
   outer loop
     vertex -1.012756e+01  1.213484e+00  0.000000e+00
     vertex -1.012756e+01  1.213484e+00  2.000000e-01
     vertex -1.013184e+01  1.294922e+00  0.000000e+00
   endloop
 endfacet
 facet normal -2.073808e-01 -9.782603e-01  0.000000e+00
   outer loop
     vertex -9.934570e+00  1.064453e+00  2.000000e-01
     vertex -9.934570e+00  1.064453e+00  2.000000e+00
     vertex -1.001492e+01  1.081486e+00  2.000000e+00
   endloop
 endfacet
 facet normal -2.188177e-01 -9.757656e-01 -5.341162e-04
   outer loop
     vertex -9.934570e+00  1.064453e+00  2.000000e-01
     vertex -1.001492e+01  1.081486e+00  2.000000e+00
     vertex -1.001918e+01  1.083427e+00  2.000000e-01
   endloop
 endfacet
 facet normal -9.986239e-01 -5.244391e-02  0.000000e+00
   outer loop
     vertex -1.013184e+01  1.294922e+00  0.000000e+00
     vertex -1.012756e+01  1.213484e+00  2.000000e-01
     vertex -1.013184e+01  1.294922e+00  2.000000e+00
   endloop
 endfacet
 facet normal -9.929118e-01 -1.188532e-01  0.000000e+00
   outer loop
     vertex -1.006974e+01 -1.787025e+00  0.000000e+00
     vertex -1.013379e+01 -1.251953e+00  2.000000e+00
     vertex -1.013379e+01 -1.251953e+00  0.000000e+00
   endloop
 endfacet
 facet normal -9.929118e-01 -1.188532e-01  0.000000e+00
   outer loop
     vertex -1.006974e+01 -1.787025e+00  0.000000e+00
     vertex -1.006974e+01 -1.787025e+00  2.000000e+00
     vertex -1.013379e+01 -1.251953e+00  2.000000e+00
   endloop
 endfacet
 facet normal -9.820680e-01 -1.885269e-01  0.000000e+00
   outer loop
     vertex -9.964825e+00 -2.333543e+00  0.000000e+00
     vertex -9.964825e+00 -2.333543e+00  2.000000e+00
     vertex -1.006974e+01 -1.787025e+00  2.000000e+00
   endloop
 endfacet
 facet normal -9.820680e-01 -1.885269e-01  0.000000e+00
   outer loop
     vertex -9.964825e+00 -2.333543e+00  0.000000e+00
     vertex -1.006974e+01 -1.787025e+00  2.000000e+00
     vertex -1.006974e+01 -1.787025e+00  0.000000e+00
   endloop
 endfacet
 facet normal -9.670808e-01 -2.544697e-01  0.000000e+00
   outer loop
     vertex -9.814369e+00 -2.905334e+00  0.000000e+00
     vertex -9.814369e+00 -2.905334e+00  2.000000e+00
     vertex -9.964825e+00 -2.333543e+00  2.000000e+00
   endloop
 endfacet
 facet normal -9.670808e-01 -2.544697e-01  0.000000e+00
   outer loop
     vertex -9.814369e+00 -2.905334e+00  0.000000e+00
     vertex -9.964825e+00 -2.333543e+00  2.000000e+00
     vertex -9.964825e+00 -2.333543e+00  0.000000e+00
   endloop
 endfacet
 facet normal -9.482279e-01 -3.175907e-01  0.000000e+00
   outer loop
     vertex -9.619698e+00 -3.486563e+00  0.000000e+00
     vertex -9.619698e+00 -3.486563e+00  2.000000e+00
     vertex -9.814369e+00 -2.905334e+00  2.000000e+00
   endloop
 endfacet
 facet normal -9.259357e-01 -3.776813e-01  0.000000e+00
   outer loop
     vertex -9.619698e+00 -3.486563e+00  0.000000e+00
     vertex -9.381515e+00 -4.070499e+00  2.000000e+00
     vertex -9.619698e+00 -3.486563e+00  2.000000e+00
   endloop
 endfacet
 facet normal -9.482279e-01 -3.175907e-01  0.000000e+00
   outer loop
     vertex -9.619698e+00 -3.486563e+00  0.000000e+00
     vertex -9.814369e+00 -2.905334e+00  2.000000e+00
     vertex -9.814369e+00 -2.905334e+00  0.000000e+00
   endloop
 endfacet
 facet normal -9.259357e-01 -3.776813e-01  0.000000e+00
   outer loop
     vertex -9.381515e+00 -4.070499e+00  0.000000e+00
     vertex -9.381515e+00 -4.070499e+00  2.000000e+00
     vertex -9.619698e+00 -3.486563e+00  0.000000e+00
   endloop
 endfacet
 facet normal -9.017540e-01 -4.322496e-01  0.000000e+00
   outer loop
     vertex -9.131225e+00 -4.592651e+00  0.000000e+00
     vertex -9.131225e+00 -4.592651e+00  2.000000e+00
     vertex -9.381515e+00 -4.070499e+00  2.000000e+00
   endloop
 endfacet
 facet normal -9.017540e-01 -4.322496e-01  0.000000e+00
   outer loop
     vertex -9.131225e+00 -4.592651e+00  0.000000e+00
     vertex -9.381515e+00 -4.070499e+00  2.000000e+00
     vertex -9.381515e+00 -4.070499e+00  0.000000e+00
   endloop
 endfacet
 facet normal -8.762198e-01 -4.819117e-01  0.000000e+00
   outer loop
     vertex -8.848532e+00 -5.106648e+00  0.000000e+00
     vertex -8.848532e+00 -5.106648e+00  2.000000e+00
     vertex -9.131225e+00 -4.592651e+00  2.000000e+00
   endloop
 endfacet
 facet normal -8.762198e-01 -4.819117e-01  0.000000e+00
   outer loop
     vertex -8.848532e+00 -5.106648e+00  0.000000e+00
     vertex -9.131225e+00 -4.592651e+00  2.000000e+00
     vertex -9.131225e+00 -4.592651e+00  0.000000e+00
   endloop
 endfacet
 facet normal -8.481674e-01 -5.297283e-01  0.000000e+00
   outer loop
     vertex -8.535345e+00 -5.608103e+00  0.000000e+00
     vertex -8.535345e+00 -5.608103e+00  2.000000e+00
     vertex -8.848532e+00 -5.106648e+00  2.000000e+00
   endloop
 endfacet
 facet normal -8.481674e-01 -5.297283e-01  0.000000e+00
   outer loop
     vertex -8.535345e+00 -5.608103e+00  0.000000e+00
     vertex -8.848532e+00 -5.106648e+00  2.000000e+00
     vertex -8.848532e+00 -5.106648e+00  0.000000e+00
   endloop
 endfacet
 facet normal -8.175990e-01 -5.757881e-01  0.000000e+00
   outer loop
     vertex -8.193792e+00 -6.093097e+00  0.000000e+00
     vertex -8.193792e+00 -6.093097e+00  2.000000e+00
     vertex -8.535345e+00 -5.608103e+00  2.000000e+00
   endloop
 endfacet
 facet normal -8.175990e-01 -5.757881e-01  0.000000e+00
   outer loop
     vertex -8.193792e+00 -6.093097e+00  0.000000e+00
     vertex -8.535345e+00 -5.608103e+00  2.000000e+00
     vertex -8.535345e+00 -5.608103e+00  0.000000e+00
   endloop
 endfacet
 facet normal -2.216865e-01 -9.751180e-01 -3.507027e-14
   outer loop
     vertex -2.163247e+00 -9.967967e+00  0.000000e+00
     vertex -2.163247e+00 -9.967967e+00  2.000000e-01
     vertex -2.653181e+00 -9.856584e+00  0.000000e+00
   endloop
 endfacet
 facet normal -3.235376e-01 -9.462125e-01  2.312750e-03
   outer loop
     vertex -3.165596e+00 -9.711056e+00  1.550000e+00
     vertex -3.129066e+00 -9.722447e+00  2.000000e+00
     vertex -3.661500e+00 -9.540392e+00  2.000000e+00
   endloop
 endfacet
 facet normal -2.810408e-01 -9.596470e-01 -9.676402e-03
   outer loop
     vertex -3.332741e+00 -9.656896e+00  1.033333e+00
     vertex -2.653181e+00 -9.856584e+00  1.100000e+00
     vertex -3.165596e+00 -9.711056e+00  1.550000e+00
   endloop
 endfacet
 facet normal -2.115136e-01 -9.773525e-01  6.631774e-03
   outer loop
     vertex -2.164644e+00 -9.967687e+00  1.550000e+00
     vertex -2.031112e+00 -9.993531e+00  2.000000e+00
     vertex -2.585522e+00 -9.873549e+00  2.000000e+00
   endloop
 endfacet
 facet normal -1.647245e-01 -9.863090e-01 -7.766673e-03
   outer loop
     vertex -2.164644e+00 -9.967687e+00  1.550000e+00
     vertex -1.662282e+00 -1.005513e+01  2.000000e+00
     vertex -2.031112e+00 -9.993531e+00  2.000000e+00
   endloop
 endfacet
 facet normal -3.235379e-01 -9.462133e-01 -1.892252e-03
   outer loop
     vertex -3.165596e+00 -9.711056e+00  5.500000e-01
     vertex -3.661500e+00 -9.540392e+00  0.000000e+00
     vertex -3.129066e+00 -9.722447e+00  0.000000e+00
   endloop
 endfacet
 facet normal -2.827889e-01 -9.591333e-01  9.681645e-03
   outer loop
     vertex -3.165596e+00 -9.711056e+00  5.500000e-01
     vertex -2.653181e+00 -9.856584e+00  1.100000e+00
     vertex -3.332741e+00 -9.656896e+00  1.033333e+00
   endloop
 endfacet
 facet normal -1.275683e-01 -9.917178e-01 -1.490457e-02
   outer loop
     vertex -2.020123e+00 -9.995574e+00  1.100000e+00
     vertex -1.286133e+00 -1.010352e+01  2.000000e+00
     vertex -1.662282e+00 -1.005513e+01  2.000000e+00
   endloop
 endfacet
 facet normal -1.454970e-01 -9.893587e-01  0.000000e+00
   outer loop
     vertex -2.020123e+00 -9.995574e+00  1.100000e+00
     vertex -1.286133e+00 -1.010352e+01  2.000000e-01
     vertex -1.286133e+00 -1.010352e+01  2.000000e+00
   endloop
 endfacet
 facet normal -1.308254e-01 -9.913303e-01  1.220177e-02
   outer loop
     vertex -2.020123e+00 -9.995574e+00  1.100000e+00
     vertex -1.727594e+00 -1.004526e+01  2.000000e-01
     vertex -1.286133e+00 -1.010352e+01  2.000000e-01
   endloop
 endfacet
 facet normal -2.144380e-01 -9.767020e-01 -8.341220e-03
   outer loop
     vertex -2.020123e+00 -9.995574e+00  1.100000e+00
     vertex -2.164644e+00 -9.967687e+00  1.550000e+00
     vertex -2.653181e+00 -9.856584e+00  1.100000e+00
   endloop
 endfacet
 facet normal -1.755169e-01 -9.844655e-01  4.639728e-03
   outer loop
     vertex -2.020123e+00 -9.995574e+00  1.100000e+00
     vertex -1.662282e+00 -1.005513e+01  2.000000e+00
     vertex -2.164644e+00 -9.967687e+00  1.550000e+00
   endloop
 endfacet
 facet normal -1.803988e-01 -9.835840e-01 -4.338739e-03
   outer loop
     vertex -2.196445e+00 -9.961249e+00  6.500000e-01
     vertex -1.727594e+00 -1.004526e+01  2.000000e-01
     vertex -2.020123e+00 -9.995574e+00  1.100000e+00
   endloop
 endfacet
 facet normal -2.144357e-01 -9.766917e-01  9.523565e-03
   outer loop
     vertex -2.196445e+00 -9.961249e+00  6.500000e-01
     vertex -2.020123e+00 -9.995574e+00  1.100000e+00
     vertex -2.653181e+00 -9.856584e+00  1.100000e+00
   endloop
 endfacet
 facet normal -1.746822e-01 -9.846232e-01  1.811310e-03
   outer loop
     vertex -2.196445e+00 -9.961249e+00  6.500000e-01
     vertex -2.163247e+00 -9.967967e+00  2.000000e-01
     vertex -1.727594e+00 -1.004526e+01  2.000000e-01
   endloop
 endfacet
 facet normal -3.304814e-01 -9.437918e-01 -6.257405e-03
   outer loop
     vertex -3.764031e+00 -9.501285e+00  1.516667e+00
     vertex -3.165596e+00 -9.711056e+00  1.550000e+00
     vertex -3.661500e+00 -9.540392e+00  2.000000e+00
   endloop
 endfacet
 facet normal -3.311957e-01 -9.435261e-01  8.238897e-03
   outer loop
     vertex -3.764031e+00 -9.501285e+00  1.516667e+00
     vertex -3.332741e+00 -9.656896e+00  1.033333e+00
     vertex -3.165596e+00 -9.711056e+00  1.550000e+00
   endloop
 endfacet
 facet normal -2.741966e-01 -9.616714e-01 -2.083972e-03
   outer loop
     vertex -2.672686e+00 -9.851597e+00  1.550000e+00
     vertex -3.129066e+00 -9.722447e+00  2.000000e+00
     vertex -3.165596e+00 -9.711056e+00  1.550000e+00
   endloop
 endfacet
 facet normal -2.741970e-01 -9.616728e-01 -1.228281e-03
   outer loop
     vertex -2.672686e+00 -9.851597e+00  1.550000e+00
     vertex -3.165596e+00 -9.711056e+00  1.550000e+00
     vertex -2.653181e+00 -9.856584e+00  1.100000e+00
   endloop
 endfacet
 facet normal -2.678341e-01 -9.634527e-01  4.879969e-03
   outer loop
     vertex -2.672686e+00 -9.851597e+00  1.550000e+00
     vertex -2.585522e+00 -9.873549e+00  2.000000e+00
     vertex -3.129066e+00 -9.722447e+00  2.000000e+00
   endloop
 endfacet
 facet normal -2.227620e-01 -9.748722e-01  1.147387e-03
   outer loop
     vertex -2.672686e+00 -9.851597e+00  1.550000e+00
     vertex -2.653181e+00 -9.856584e+00  1.100000e+00
     vertex -2.164644e+00 -9.967687e+00  1.550000e+00
   endloop
 endfacet
 facet normal -2.227600e-01 -9.748634e-01 -4.407461e-03
   outer loop
     vertex -2.672686e+00 -9.851597e+00  1.550000e+00
     vertex -2.164644e+00 -9.967687e+00  1.550000e+00
     vertex -2.585522e+00 -9.873549e+00  2.000000e+00
   endloop
 endfacet
 facet normal -3.310766e-01 -9.435865e-01  5.720048e-03
   outer loop
     vertex -3.764031e+00 -9.501285e+00  5.166667e-01
     vertex -3.661500e+00 -9.540392e+00  0.000000e+00
     vertex -3.165596e+00 -9.711056e+00  5.500000e-01
   endloop
 endfacet
 facet normal -3.303653e-01 -9.438150e-01 -8.487555e-03
   outer loop
     vertex -3.764031e+00 -9.501285e+00  5.166667e-01
     vertex -3.165596e+00 -9.711056e+00  5.500000e-01
     vertex -3.332741e+00 -9.656896e+00  1.033333e+00
   endloop
 endfacet
 facet normal -2.751804e-01 -9.613905e-01  1.995781e-03
   outer loop
     vertex -2.688129e+00 -9.847618e+00  6.000000e-01
     vertex -2.653181e+00 -9.856584e+00  1.100000e+00
     vertex -3.165596e+00 -9.711056e+00  5.500000e-01
   endloop
 endfacet
 facet normal -2.712966e-01 -9.624947e-01 -1.420438e-03
   outer loop
     vertex -2.688129e+00 -9.847618e+00  6.000000e-01
     vertex -3.129066e+00 -9.722447e+00  0.000000e+00
     vertex -2.653181e+00 -9.856584e+00  0.000000e+00
   endloop
 endfacet
 facet normal -2.223146e-01 -9.749736e-01  1.619031e-03
   outer loop
     vertex -2.688129e+00 -9.847618e+00  6.000000e-01
     vertex -2.653181e+00 -9.856584e+00  0.000000e+00
     vertex -2.163247e+00 -9.967967e+00  2.000000e-01
   endloop
 endfacet
 facet normal -2.250020e-01 -9.743567e-01 -1.743944e-03
   outer loop
     vertex -2.688129e+00 -9.847618e+00  6.000000e-01
     vertex -2.196445e+00 -9.961249e+00  6.500000e-01
     vertex -2.653181e+00 -9.856584e+00  1.100000e+00
   endloop
 endfacet
 facet normal -2.249721e-01 -9.743630e-01 -2.051838e-03
   outer loop
     vertex -2.688129e+00 -9.847618e+00  6.000000e-01
     vertex -2.163247e+00 -9.967967e+00  2.000000e-01
     vertex -2.196445e+00 -9.961249e+00  6.500000e-01
   endloop
 endfacet
 facet normal -2.751458e-01 -9.614011e-01  1.636430e-03
   outer loop
     vertex -2.688129e+00 -9.847618e+00  6.000000e-01
     vertex -3.165596e+00 -9.711056e+00  5.500000e-01
     vertex -3.129066e+00 -9.722447e+00  0.000000e+00
   endloop
 endfacet
 facet normal -4.316691e-01 -9.020097e-01  6.351709e-03
   outer loop
     vertex -4.235988e+00 -9.303598e+00  1.758333e+00
     vertex -4.182429e+00 -9.327527e+00  2.000000e+00
     vertex -4.691293e+00 -9.084004e+00  2.000000e+00
   endloop
 endfacet
 facet normal -3.782519e-01 -9.256696e-01 -7.829468e-03
   outer loop
     vertex -4.235988e+00 -9.303598e+00  1.758333e+00
     vertex -3.661500e+00 -9.540392e+00  2.000000e+00
     vertex -4.182429e+00 -9.327527e+00  2.000000e+00
   endloop
 endfacet
 facet normal -3.834507e-01 -9.235376e-01  6.618010e-03
   outer loop
     vertex -4.235988e+00 -9.303598e+00  1.758333e+00
     vertex -3.764031e+00 -9.501285e+00  1.516667e+00
     vertex -3.661500e+00 -9.540392e+00  2.000000e+00
   endloop
 endfacet
 facet normal -3.984225e-01 -9.171571e-01 -9.071524e-03
   outer loop
     vertex -4.080510e+00 -9.371991e+00  1.344444e+00
     vertex -4.235988e+00 -9.303598e+00  1.258333e+00
     vertex -3.764031e+00 -9.501285e+00  5.166667e-01
   endloop
 endfacet
 facet normal -4.026530e-01 -9.153527e-01  0.000000e+00
   outer loop
     vertex -4.080510e+00 -9.371991e+00  1.344444e+00
     vertex -4.235988e+00 -9.303598e+00  1.758333e+00
     vertex -4.235988e+00 -9.303598e+00  1.258333e+00
   endloop
 endfacet
 facet normal -3.823893e-01 -9.239571e-01  9.033904e-03
   outer loop
     vertex -4.080510e+00 -9.371991e+00  1.344444e+00
     vertex -3.764031e+00 -9.501285e+00  1.516667e+00
     vertex -4.235988e+00 -9.303598e+00  1.758333e+00
   endloop
 endfacet
 facet normal -3.517557e-01 -9.360185e-01  1.171635e-02
   outer loop
     vertex -4.080510e+00 -9.371991e+00  1.344444e+00
     vertex -3.764031e+00 -9.501285e+00  5.166667e-01
     vertex -3.332741e+00 -9.656896e+00  1.033333e+00
   endloop
 endfacet
 facet normal -3.655865e-01 -9.303950e-01 -2.667649e-02
   outer loop
     vertex -4.080510e+00 -9.371991e+00  1.344444e+00
     vertex -3.332741e+00 -9.656896e+00  1.033333e+00
     vertex -3.764031e+00 -9.501285e+00  1.516667e+00
   endloop
 endfacet
 facet normal -3.983144e-01 -9.172049e-01 -8.989964e-03
   outer loop
     vertex -4.389615e+00 -9.232771e+00  8.388889e-01
     vertex -3.764031e+00 -9.501285e+00  5.166667e-01
     vertex -4.235988e+00 -9.303598e+00  1.258333e+00
   endloop
 endfacet
 facet normal -4.316702e-01 -9.020119e-01 -5.941936e-03
   outer loop
     vertex -4.235988e+00 -9.303598e+00  2.583333e-01
     vertex -4.691293e+00 -9.084004e+00  0.000000e+00
     vertex -4.182429e+00 -9.327527e+00  0.000000e+00
   endloop
 endfacet
 facet normal -3.782534e-01 -9.256731e-01  7.324369e-03
   outer loop
     vertex -4.235988e+00 -9.303598e+00  2.583333e-01
     vertex -4.182429e+00 -9.327527e+00  0.000000e+00
     vertex -3.661500e+00 -9.540392e+00  0.000000e+00
   endloop
 endfacet
 facet normal -3.905022e-01 -9.205583e-01  8.971513e-03
   outer loop
     vertex -4.235988e+00 -9.303598e+00  2.583333e-01
     vertex -3.764031e+00 -9.501285e+00  5.166667e-01
     vertex -4.389615e+00 -9.232771e+00  8.388889e-01
   endloop
 endfacet
 facet normal -3.834518e-01 -9.235402e-01 -6.191058e-03
   outer loop
     vertex -4.235988e+00 -9.303598e+00  2.583333e-01
     vertex -3.661500e+00 -9.540392e+00  0.000000e+00
     vertex -3.764031e+00 -9.501285e+00  5.166667e-01
   endloop
 endfacet
 facet normal -4.834780e-01 -8.753530e-01  2.490555e-03
   outer loop
     vertex -4.721256e+00 -9.068509e+00  1.629167e+00
     vertex -4.691293e+00 -9.084004e+00  2.000000e+00
     vertex -5.187344e+00 -8.810023e+00  2.000000e+00
   endloop
 endfacet
 facet normal -4.354589e-01 -9.002054e-01 -2.427737e-03
   outer loop
     vertex -4.721256e+00 -9.068509e+00  1.629167e+00
     vertex -4.235988e+00 -9.303598e+00  1.758333e+00
     vertex -4.691293e+00 -9.084004e+00  2.000000e+00
   endloop
 endfacet
 facet normal -4.302539e-01 -9.027079e-01  0.000000e+00
   outer loop
     vertex -4.611713e+00 -9.124517e+00  1.365741e+00
     vertex -4.235988e+00 -9.303598e+00  1.258333e+00
     vertex -4.235988e+00 -9.303598e+00  1.758333e+00
   endloop
 endfacet
 facet normal -4.379121e-01 -8.989724e-01  9.033123e-03
   outer loop
     vertex -4.611713e+00 -9.124517e+00  1.365741e+00
     vertex -4.235988e+00 -9.303598e+00  1.758333e+00
     vertex -4.721256e+00 -9.068509e+00  1.629167e+00
   endloop
 endfacet
 facet normal -4.291610e-01 -9.032159e-01  4.670218e-03
   outer loop
     vertex -4.611713e+00 -9.124517e+00  1.365741e+00
     vertex -4.389615e+00 -9.232771e+00  8.388889e-01
     vertex -4.235988e+00 -9.303598e+00  1.258333e+00
   endloop
 endfacet
 facet normal -4.595973e-01 -8.881245e-01 -2.290841e-03
   outer loop
     vertex -4.611713e+00 -9.124517e+00  1.365741e+00
     vertex -4.721256e+00 -9.068509e+00  1.629167e+00
     vertex -4.795320e+00 -9.029641e+00  1.419444e+00
   endloop
 endfacet
 facet normal -4.415698e-01 -8.971965e-01 -7.392164e-03
   outer loop
     vertex -4.795320e+00 -9.029641e+00  4.194444e-01
     vertex -4.235988e+00 -9.303598e+00  2.583333e-01
     vertex -4.389615e+00 -9.232771e+00  8.388889e-01
   endloop
 endfacet
 facet normal -4.834694e-01 -8.753374e-01 -6.456643e-03
   outer loop
     vertex -4.795320e+00 -9.029641e+00  4.194444e-01
     vertex -5.187344e+00 -8.810023e+00  0.000000e+00
     vertex -4.691293e+00 -9.084004e+00  0.000000e+00
   endloop
 endfacet
 facet normal -4.380219e-01 -8.989298e-01  7.872613e-03
   outer loop
     vertex -4.795320e+00 -9.029641e+00  4.194444e-01
     vertex -4.691293e+00 -9.084004e+00  0.000000e+00
     vertex -4.235988e+00 -9.303598e+00  2.583333e-01
   endloop
 endfacet
 facet normal -4.884830e-01 -8.725545e-01 -5.750683e-03
   outer loop
     vertex -5.241478e+00 -8.777804e+00  1.709722e+00
     vertex -4.721256e+00 -9.068509e+00  1.629167e+00
     vertex -5.187344e+00 -8.810023e+00  2.000000e+00
   endloop
 endfacet
 facet normal -5.333979e-01 -8.458460e-01  5.590022e-03
   outer loop
     vertex -5.241478e+00 -8.777804e+00  1.709722e+00
     vertex -5.187344e+00 -8.810023e+00  2.000000e+00
     vertex -5.669631e+00 -8.505889e+00  2.000000e+00
   endloop
 endfacet
 facet normal -4.866140e-01 -8.735605e-01  9.949384e-03
   outer loop
     vertex -5.241478e+00 -8.777804e+00  1.709722e+00
     vertex -4.795320e+00 -9.029641e+00  1.419444e+00
     vertex -4.721256e+00 -9.068509e+00  1.629167e+00
   endloop
 endfacet
 facet normal -4.959061e-01 -8.683309e-01 -8.869611e-03
   outer loop
     vertex -5.386206e+00 -8.689328e+00  1.139815e+00
     vertex -4.795320e+00 -9.029641e+00  1.419444e+00
     vertex -5.241478e+00 -8.777804e+00  1.709722e+00
   endloop
 endfacet
 facet normal -5.022145e-01 -8.646975e-01  8.882690e-03
   outer loop
     vertex -5.241478e+00 -8.777804e+00  7.097222e-01
     vertex -4.795320e+00 -9.029641e+00  1.419444e+00
     vertex -5.386206e+00 -8.689328e+00  1.139815e+00
   endloop
 endfacet
 facet normal -4.701071e-01 -8.821814e-01  2.748196e-02
   outer loop
     vertex -5.094749e+00 -8.864049e+00  6.129630e-01
     vertex -4.795320e+00 -9.029641e+00  4.194444e-01
     vertex -4.389615e+00 -9.232771e+00  8.388889e-01
   endloop
 endfacet
 facet normal -4.604031e-01 -8.876328e-01 -1.170201e-02
   outer loop
     vertex -5.094749e+00 -8.864049e+00  6.129630e-01
     vertex -4.389615e+00 -9.232771e+00  8.388889e-01
     vertex -4.611713e+00 -9.124517e+00  1.365741e+00
   endloop
 endfacet
 facet normal -4.615300e-01 -8.870591e-01 -1.078044e-02
   outer loop
     vertex -5.094749e+00 -8.864049e+00  6.129630e-01
     vertex -4.611713e+00 -9.124517e+00  1.365741e+00
     vertex -4.795320e+00 -9.029641e+00  1.419444e+00
   endloop
 endfacet
 facet normal -5.023118e-01 -8.646401e-01  8.964169e-03
   outer loop
     vertex -5.094749e+00 -8.864049e+00  6.129630e-01
     vertex -4.795320e+00 -9.029641e+00  1.419444e+00
     vertex -5.241478e+00 -8.777804e+00  7.097222e-01
   endloop
 endfacet
 facet normal -5.333903e-01 -8.458339e-01 -7.737072e-03
   outer loop
     vertex -5.241478e+00 -8.777804e+00  2.097222e-01
     vertex -5.669631e+00 -8.505889e+00  0.000000e+00
     vertex -5.187344e+00 -8.810023e+00  0.000000e+00
   endloop
 endfacet
 facet normal -4.883469e-01 -8.726038e-01 -8.935695e-03
   outer loop
     vertex -5.241478e+00 -8.777804e+00  2.097222e-01
     vertex -4.795320e+00 -9.029641e+00  4.194444e-01
     vertex -5.094749e+00 -8.864049e+00  6.129630e-01
   endloop
 endfacet
 facet normal -4.937361e-01 -8.695900e-01  6.148175e-03
   outer loop
     vertex -5.241478e+00 -8.777804e+00  2.097222e-01
     vertex -5.187344e+00 -8.810023e+00  0.000000e+00
     vertex -4.795320e+00 -9.029641e+00  4.194444e-01
   endloop
 endfacet
 facet normal -5.067322e-01 -8.621035e-01  0.000000e+00
   outer loop
     vertex -5.241478e+00 -8.777804e+00  2.097222e-01
     vertex -5.094749e+00 -8.864049e+00  6.129630e-01
     vertex -5.241478e+00 -8.777804e+00  7.097222e-01
   endloop
 endfacet
 facet normal -5.812284e-01 -8.137156e-01  6.356625e-03
   outer loop
     vertex -5.769072e+00 -8.438218e+00  1.569907e+00
     vertex -5.669631e+00 -8.505889e+00  2.000000e+00
     vertex -6.136989e+00 -8.172060e+00  2.000000e+00
   endloop
 endfacet
 facet normal -5.397803e-01 -8.417713e-01 -7.640811e-03
   outer loop
     vertex -5.769072e+00 -8.438218e+00  1.569907e+00
     vertex -5.241478e+00 -8.777804e+00  1.709722e+00
     vertex -5.669631e+00 -8.505889e+00  2.000000e+00
   endloop
 endfacet
 facet normal -5.425982e-01 -8.399598e-01  7.392345e-03
   outer loop
     vertex -5.769072e+00 -8.438218e+00  1.569907e+00
     vertex -5.386206e+00 -8.689328e+00  1.139815e+00
     vertex -5.241478e+00 -8.777804e+00  1.709722e+00
   endloop
 endfacet
 facet normal -5.396332e-01 -8.418583e-01 -8.407181e-03
   outer loop
     vertex -5.769072e+00 -8.438218e+00  5.699074e-01
     vertex -5.241478e+00 -8.777804e+00  7.097222e-01
     vertex -5.386206e+00 -8.689328e+00  1.139815e+00
   endloop
 endfacet
 facet normal -5.382452e-01 -8.427658e-01  6.152248e-03
   outer loop
     vertex -5.769072e+00 -8.438218e+00  5.699074e-01
     vertex -5.669631e+00 -8.505889e+00  0.000000e+00
     vertex -5.241478e+00 -8.777804e+00  2.097222e-01
   endloop
 endfacet
 facet normal -5.412286e-01 -8.408755e-01  0.000000e+00
   outer loop
     vertex -5.769072e+00 -8.438218e+00  5.699074e-01
     vertex -5.241478e+00 -8.777804e+00  2.097222e-01
     vertex -5.241478e+00 -8.777804e+00  7.097222e-01
   endloop
 endfacet
 facet normal -6.267910e-01 -7.791501e-01  7.629318e-03
   outer loop
     vertex -6.188427e+00 -8.132785e+00  1.784954e+00
     vertex -6.136989e+00 -8.172060e+00  2.000000e+00
     vertex -6.588028e+00 -7.809219e+00  2.000000e+00
   endloop
 endfacet
 facet normal -5.907493e-01 -8.068325e-01 -6.047508e-03
   outer loop
     vertex -6.188427e+00 -8.132785e+00  1.784954e+00
     vertex -5.769072e+00 -8.438218e+00  1.569907e+00
     vertex -6.136989e+00 -8.172060e+00  2.000000e+00
   endloop
 endfacet
 facet normal -5.986340e-01 -8.009727e-01 -8.945933e-03
   outer loop
     vertex -6.050827e+00 -8.236687e+00  1.379938e+00
     vertex -6.188427e+00 -8.132785e+00  1.284954e+00
     vertex -5.769072e+00 -8.438218e+00  5.699074e-01
   endloop
 endfacet
 facet normal -5.600819e-01 -8.283605e-01  1.127767e-02
   outer loop
     vertex -6.050827e+00 -8.236687e+00  1.379938e+00
     vertex -5.769072e+00 -8.438218e+00  5.699074e-01
     vertex -5.386206e+00 -8.689328e+00  1.139815e+00
   endloop
 endfacet
 facet normal -5.857192e-01 -8.104649e-01  8.920838e-03
   outer loop
     vertex -6.050827e+00 -8.236687e+00  1.379938e+00
     vertex -5.769072e+00 -8.438218e+00  1.569907e+00
     vertex -6.188427e+00 -8.132785e+00  1.784954e+00
   endloop
 endfacet
 facet normal -6.025984e-01 -7.980446e-01  0.000000e+00
   outer loop
     vertex -6.050827e+00 -8.236687e+00  1.379938e+00
     vertex -6.188427e+00 -8.132785e+00  1.784954e+00
     vertex -6.188427e+00 -8.132785e+00  1.284954e+00
   endloop
 endfacet
 facet normal -5.693800e-01 -8.216259e-01 -2.715300e-02
   outer loop
     vertex -6.050827e+00 -8.236687e+00  1.379938e+00
     vertex -5.386206e+00 -8.689328e+00  1.139815e+00
     vertex -5.769072e+00 -8.438218e+00  1.569907e+00
   endloop
 endfacet
 facet normal -5.985445e-01 -8.010405e-01 -8.864469e-03
   outer loop
     vertex -6.323833e+00 -8.026869e+00  8.566358e-01
     vertex -5.769072e+00 -8.438218e+00  5.699074e-01
     vertex -6.188427e+00 -8.132785e+00  1.284954e+00
   endloop
 endfacet
 facet normal -6.267989e-01 -7.791598e-01 -5.757697e-03
   outer loop
     vertex -6.188427e+00 -8.132785e+00  2.849537e-01
     vertex -6.588028e+00 -7.809219e+00  0.000000e+00
     vertex -6.136989e+00 -8.172060e+00  0.000000e+00
   endloop
 endfacet
 facet normal -5.812249e-01 -8.137108e-01  7.231212e-03
   outer loop
     vertex -6.188427e+00 -8.132785e+00  2.849537e-01
     vertex -6.136989e+00 -8.172060e+00  0.000000e+00
     vertex -5.669631e+00 -8.505889e+00  0.000000e+00
   endloop
 endfacet
 facet normal -5.860372e-01 -8.102616e-01 -6.046365e-03
   outer loop
     vertex -6.188427e+00 -8.132785e+00  2.849537e-01
     vertex -5.669631e+00 -8.505889e+00  0.000000e+00
     vertex -5.769072e+00 -8.438218e+00  5.699074e-01
   endloop
 endfacet
 facet normal -5.926361e-01 -8.054217e-01  8.852638e-03
   outer loop
     vertex -6.188427e+00 -8.132785e+00  2.849537e-01
     vertex -5.769072e+00 -8.438218e+00  5.699074e-01
     vertex -6.323833e+00 -8.026869e+00  8.566358e-01
   endloop
 endfacet
 facet normal -6.312701e-01 -7.755388e-01 -6.127388e-03
   outer loop
     vertex -6.680703e+00 -7.729267e+00  1.428318e+00
     vertex -6.188427e+00 -8.132785e+00  1.784954e+00
     vertex -6.588028e+00 -7.809219e+00  2.000000e+00
   endloop
 endfacet
 facet normal -6.324532e-01 -7.745529e-01  8.405189e-03
   outer loop
     vertex -6.680703e+00 -7.729267e+00  1.428318e+00
     vertex -6.323833e+00 -8.026869e+00  8.566358e-01
     vertex -6.188427e+00 -8.132785e+00  1.284954e+00
   endloop
 endfacet
 facet normal -6.339409e-01 -7.733815e-01  0.000000e+00
   outer loop
     vertex -6.680703e+00 -7.729267e+00  1.428318e+00
     vertex -6.188427e+00 -8.132785e+00  1.284954e+00
     vertex -6.188427e+00 -8.132785e+00  1.784954e+00
   endloop
 endfacet
 facet normal -6.699733e-01 -7.423577e-01 -6.389636e-03
   outer loop
     vertex -6.680703e+00 -7.729267e+00  4.283179e-01
     vertex -7.021139e+00 -7.418339e+00  0.000000e+00
     vertex -6.588028e+00 -7.809219e+00  0.000000e+00
   endloop
 endfacet
 facet normal -6.325812e-01 -7.744558e-01  7.692480e-03
   outer loop
     vertex -6.680703e+00 -7.729267e+00  4.283179e-01
     vertex -6.588028e+00 -7.809219e+00  0.000000e+00
     vertex -6.188427e+00 -8.132785e+00  2.849537e-01
   endloop
 endfacet
 facet normal -6.352057e-01 -7.723079e-01 -7.365261e-03
   outer loop
     vertex -6.680703e+00 -7.729267e+00  4.283179e-01
     vertex -6.188427e+00 -8.132785e+00  2.849537e-01
     vertex -6.323833e+00 -8.026869e+00  8.566358e-01
   endloop
 endfacet
 facet normal -7.106772e-01 -7.034949e-01  5.727742e-03
   outer loop
     vertex -7.068456e+00 -7.372867e+00  1.714159e+00
     vertex -7.021139e+00 -7.418339e+00  2.000000e+00
     vertex -7.434498e+00 -7.000760e+00  2.000000e+00
   endloop
 endfacet
 facet normal -6.699697e-01 -7.423536e-01 -7.192542e-03
   outer loop
     vertex -7.068456e+00 -7.372867e+00  1.714159e+00
     vertex -6.588028e+00 -7.809219e+00  2.000000e+00
     vertex -7.021139e+00 -7.418339e+00  2.000000e+00
   endloop
 endfacet
 facet normal -6.742880e-01 -7.384438e-01  6.034090e-03
   outer loop
     vertex -7.068456e+00 -7.372867e+00  1.714159e+00
     vertex -6.680703e+00 -7.729267e+00  1.428318e+00
     vertex -6.588028e+00 -7.809219e+00  2.000000e+00
   endloop
 endfacet
 facet normal -6.802133e-01 -7.329609e-01 -8.840134e-03
   outer loop
     vertex -7.192894e+00 -7.250492e+00  1.142773e+00
     vertex -6.680703e+00 -7.729267e+00  1.428318e+00
     vertex -7.068456e+00 -7.372867e+00  1.714159e+00
   endloop
 endfacet
 facet normal -6.854771e-01 -7.280404e-01  8.851749e-03
   outer loop
     vertex -7.068456e+00 -7.372867e+00  7.141590e-01
     vertex -6.680703e+00 -7.729267e+00  1.428318e+00
     vertex -7.192894e+00 -7.250492e+00  1.142773e+00
   endloop
 endfacet
 facet normal -6.855553e-01 -7.279658e-01  8.931428e-03
   outer loop
     vertex -6.941605e+00 -7.493496e+00  6.188786e-01
     vertex -6.680703e+00 -7.729267e+00  1.428318e+00
     vertex -7.068456e+00 -7.372867e+00  7.141590e-01
   endloop
 endfacet
 facet normal -6.509833e-01 -7.590087e-01 -1.125403e-02
   outer loop
     vertex -6.941605e+00 -7.493496e+00  6.188786e-01
     vertex -6.323833e+00 -8.026869e+00  8.566358e-01
     vertex -6.680703e+00 -7.729267e+00  1.428318e+00
   endloop
 endfacet
 facet normal -6.592348e-01 -7.514468e-01  2.715011e-02
   outer loop
     vertex -6.941605e+00 -7.493496e+00  6.188786e-01
     vertex -6.680703e+00 -7.729267e+00  4.283179e-01
     vertex -6.323833e+00 -8.026869e+00  8.566358e-01
   endloop
 endfacet
 facet normal -6.891137e-01 -7.246532e-01  0.000000e+00
   outer loop
     vertex -7.068456e+00 -7.372867e+00  2.141590e-01
     vertex -6.941605e+00 -7.493496e+00  6.188786e-01
     vertex -7.068456e+00 -7.372867e+00  7.141590e-01
   endloop
 endfacet
 facet normal -6.740173e-01 -7.386619e-01 -8.907040e-03
   outer loop
     vertex -7.068456e+00 -7.372867e+00  2.141590e-01
     vertex -6.680703e+00 -7.729267e+00  4.283179e-01
     vertex -6.941605e+00 -7.493496e+00  6.188786e-01
   endloop
 endfacet
 facet normal -7.106681e-01 -7.034859e-01 -7.644802e-03
   outer loop
     vertex -7.068456e+00 -7.372867e+00  2.141590e-01
     vertex -7.434498e+00 -7.000760e+00  0.000000e+00
     vertex -7.021139e+00 -7.418339e+00  0.000000e+00
   endloop
 endfacet
 facet normal -6.785143e-01 -7.345622e-01  6.057786e-03
   outer loop
     vertex -7.068456e+00 -7.372867e+00  2.141590e-01
     vertex -7.021139e+00 -7.418339e+00  0.000000e+00
     vertex -6.680703e+00 -7.729267e+00  4.283179e-01
   endloop
 endfacet
 facet normal -7.181173e-01 -6.958832e-01  7.355673e-03
   outer loop
     vertex -7.518509e+00 -6.909943e+00  1.571386e+00
     vertex -7.192894e+00 -7.250492e+00  1.142773e+00
     vertex -7.068456e+00 -7.372867e+00  1.714159e+00
   endloop
 endfacet
 facet normal -7.833549e-01 -6.192174e-01 -5.408330e-02
   outer loop
     vertex -7.518509e+00 -6.909943e+00  1.571386e+00
     vertex -7.826099e+00 -6.558255e+00  2.000000e+00
     vertex -8.193792e+00 -6.093097e+00  2.000000e+00
   endloop
 endfacet
 facet normal -7.488519e-01 -6.627068e-01  6.361608e-03
   outer loop
     vertex -7.518509e+00 -6.909943e+00  1.571386e+00
     vertex -7.434498e+00 -7.000760e+00  2.000000e+00
     vertex -7.826099e+00 -6.558255e+00  2.000000e+00
   endloop
 endfacet
 facet normal -7.158026e-01 -6.982607e-01 -7.649544e-03
   outer loop
     vertex -7.518509e+00 -6.909943e+00  1.571386e+00
     vertex -7.068456e+00 -7.372867e+00  1.714159e+00
     vertex -7.434498e+00 -7.000760e+00  2.000000e+00
   endloop
 endfacet
 facet normal -7.227773e-01 -6.910810e-01  0.000000e+00
   outer loop
     vertex -7.518509e+00 -6.909943e+00  5.713863e-01
     vertex -7.192894e+00 -7.250492e+00  1.142773e+00
     vertex -7.518509e+00 -6.909943e+00  1.571386e+00
   endloop
 endfacet
 facet normal -7.156843e-01 -6.983736e-01 -8.388472e-03
   outer loop
     vertex -7.518509e+00 -6.909943e+00  5.713863e-01
     vertex -7.068456e+00 -7.372867e+00  7.141590e-01
     vertex -7.192894e+00 -7.250492e+00  1.142773e+00
   endloop
 endfacet
 facet normal -7.146325e-01 -6.994734e-01  6.102933e-03
   outer loop
     vertex -7.518509e+00 -6.909943e+00  5.713863e-01
     vertex -7.434498e+00 -7.000760e+00  0.000000e+00
     vertex -7.068456e+00 -7.372867e+00  2.141590e-01
   endloop
 endfacet
 facet normal -7.170038e-01 -6.970693e-01  0.000000e+00
   outer loop
     vertex -7.518509e+00 -6.909943e+00  5.713863e-01
     vertex -7.068456e+00 -7.372867e+00  2.141590e-01
     vertex -7.068456e+00 -7.372867e+00  7.141590e-01
   endloop
 endfacet
 facet normal -7.838563e-01 -6.196138e-01  4.059545e-02
   outer loop
     vertex -7.518509e+00 -6.909943e+00  5.713863e-01
     vertex -8.193792e+00 -6.093097e+00  0.000000e+00
     vertex -7.826099e+00 -6.558255e+00  0.000000e+00
   endloop
 endfacet
 facet normal -7.488585e-01 -6.627127e-01 -4.772072e-03
   outer loop
     vertex -7.518509e+00 -6.909943e+00  5.713863e-01
     vertex -7.826099e+00 -6.558255e+00  0.000000e+00
     vertex -7.434498e+00 -7.000760e+00  0.000000e+00
   endloop
 endfacet
 facet normal -7.707314e-01 -6.371601e-01  0.000000e+00
   outer loop
     vertex -7.518509e+00 -6.909943e+00  5.713863e-01
     vertex -7.518509e+00 -6.909943e+00  1.571386e+00
     vertex -8.193792e+00 -6.093097e+00  2.000000e+00
   endloop
 endfacet
 facet normal -7.707314e-01 -6.371601e-01  0.000000e+00
   outer loop
     vertex -7.518509e+00 -6.909943e+00  5.713863e-01
     vertex -8.193792e+00 -6.093097e+00  2.000000e+00
     vertex -8.193792e+00 -6.093097e+00  0.000000e+00
   endloop
 endfacet
 facet normal -9.959804e-01  8.957137e-02  2.839548e-13
   outer loop
     vertex -1.012756e+01  1.213484e+00  2.000000e-01
     vertex -1.012756e+01  1.213484e+00  0.000000e+00
     vertex -1.018156e+01  6.129732e-01  0.000000e+00
   endloop
 endfacet
 facet normal -9.995327e-01  3.056695e-02 -5.804020e-14
   outer loop
     vertex -1.018156e+01  6.129732e-01  2.000000e-01
     vertex -1.018156e+01  6.129732e-01  0.000000e+00
     vertex -1.019999e+01  1.032024e-02  0.000000e+00
   endloop
 endfacet
 facet normal -9.959804e-01  8.957137e-02  5.311133e-14
   outer loop
     vertex -1.018156e+01  6.129732e-01  2.000000e-01
     vertex -1.012756e+01  1.213484e+00  2.000000e-01
     vertex -1.018156e+01  6.129732e-01  0.000000e+00
   endloop
 endfacet
 facet normal -9.995925e-01 -2.854426e-02 -5.430489e-14
   outer loop
     vertex -1.019999e+01  1.032024e-02  2.000000e-01
     vertex -1.019999e+01  1.032024e-02  0.000000e+00
     vertex -1.018278e+01 -5.923688e-01  0.000000e+00
   endloop
 endfacet
 facet normal -9.995327e-01  3.056695e-02  5.815302e-14
   outer loop
     vertex -1.019999e+01  1.032024e-02  2.000000e-01
     vertex -1.018156e+01  6.129732e-01  2.000000e-01
     vertex -1.019999e+01  1.032024e-02  0.000000e+00
   endloop
 endfacet
 facet normal -9.961596e-01 -8.755574e-02 -6.209218e-14
   outer loop
     vertex -1.018278e+01 -5.923688e-01  2.000000e-01
     vertex -1.018278e+01 -5.923688e-01  0.000000e+00
     vertex -1.012999e+01 -1.192988e+00  0.000000e+00
   endloop
 endfacet
 facet normal -9.995925e-01 -2.854426e-02  5.168173e-14
   outer loop
     vertex -1.018278e+01 -5.923688e-01  2.000000e-01
     vertex -1.019999e+01  1.032024e-02  2.000000e-01
     vertex -1.018278e+01 -5.923688e-01  0.000000e+00
   endloop
 endfacet
 facet normal -9.961596e-01 -8.755574e-02 -2.672393e-13
   outer loop
     vertex -1.012999e+01 -1.192988e+00  2.000000e-01
     vertex -1.018278e+01 -5.923688e-01  2.000000e-01
     vertex -1.012999e+01 -1.192988e+00  0.000000e+00
   endloop
 endfacet
 facet normal -1.160748e-01  9.932405e-01  0.000000e+00
   outer loop
     vertex -9.980500e+00 -1.040524e+00  2.000000e-01
     vertex -9.934570e+00 -1.035156e+00  2.000000e+00
     vertex -9.934570e+00 -1.035156e+00  2.000000e-01
   endloop
 endfacet
 facet normal -2.222076e-01  9.749955e-01  2.762558e-03
   outer loop
     vertex -9.980500e+00 -1.040524e+00  2.000000e-01
     vertex -1.002106e+01 -1.054867e+00  2.000000e+00
     vertex -9.934570e+00 -1.035156e+00  2.000000e+00
   endloop
 endfacet
 facet normal -6.219810e-01  7.830322e-01  3.854539e-04
   outer loop
     vertex -1.002397e+01 -1.056295e+00  2.000000e-01
     vertex -1.009051e+01 -1.110039e+00  2.000000e+00
     vertex -1.002106e+01 -1.054867e+00  2.000000e+00
   endloop
 endfacet
 facet normal -3.410598e-01  9.400416e-01 -1.938507e-04
   outer loop
     vertex -1.002397e+01 -1.056295e+00  2.000000e-01
     vertex -1.002106e+01 -1.054867e+00  2.000000e+00
     vertex -9.980500e+00 -1.040524e+00  2.000000e-01
   endloop
 endfacet
 facet normal -8.842296e-01  4.670523e-01  3.260477e-04
   outer loop
     vertex -1.009252e+01 -1.112587e+00  2.000000e-01
     vertex -1.012580e+01 -1.176835e+00  2.000000e+00
     vertex -1.009051e+01 -1.110039e+00  2.000000e+00
   endloop
 endfacet
 facet normal -6.346017e-01  7.728393e-01 -3.854587e-04
   outer loop
     vertex -1.009252e+01 -1.112587e+00  2.000000e-01
     vertex -1.009051e+01 -1.110039e+00  2.000000e+00
     vertex -1.002397e+01 -1.056295e+00  2.000000e-01
   endloop
 endfacet
 facet normal -9.943862e-01  1.058030e-01  1.369469e-03
   outer loop
     vertex -1.012999e+01 -1.192988e+00  2.000000e-01
     vertex -1.013379e+01 -1.251953e+00  2.000000e+00
     vertex -1.012580e+01 -1.176835e+00  2.000000e+00
   endloop
 endfacet
 facet normal -9.063997e-01  4.224177e-01 -1.676929e-03
   outer loop
     vertex -1.012999e+01 -1.192988e+00  2.000000e-01
     vertex -1.012580e+01 -1.176835e+00  2.000000e+00
     vertex -1.009252e+01 -1.112587e+00  2.000000e-01
   endloop
 endfacet
 facet normal -9.979354e-01  6.422629e-02  4.249679e-14
   outer loop
     vertex -1.013379e+01 -1.251953e+00  0.000000e+00
     vertex -1.012999e+01 -1.192988e+00  2.000000e-01
     vertex -1.012999e+01 -1.192988e+00  0.000000e+00
   endloop
 endfacet
 facet normal -9.979354e-01  6.422629e-02  0.000000e+00
   outer loop
     vertex -1.013379e+01 -1.251953e+00  2.000000e+00
     vertex -1.012999e+01 -1.192988e+00  2.000000e-01
     vertex -1.013379e+01 -1.251953e+00  0.000000e+00
   endloop
 endfacet
 facet normal  0.000000e+00  0.000000e+00  1.000000e+00
   outer loop
     vertex -6.006983e-01  1.018230e+01  2.000000e-01
     vertex -1.197821e+00  1.012942e+01  2.000000e-01
     vertex -1.128021e+00  1.008708e+01  2.000000e-01
   endloop
 endfacet
 facet normal  0.000000e+00  0.000000e+00  1.000000e+00
   outer loop
     vertex -6.006983e-01  1.018230e+01  2.000000e-01
     vertex -1.128021e+00  1.008708e+01  2.000000e-01
     vertex -1.080951e+00  1.002038e+01  2.000000e-01
   endloop
 endfacet
 facet normal  0.000000e+00  0.000000e+00  1.000000e+00
   outer loop
     vertex -6.006983e-01  1.018230e+01  2.000000e-01
     vertex -1.080951e+00  1.002038e+01  2.000000e-01
     vertex -1.064453e+00  9.940430e+00  2.000000e-01
   endloop
 endfacet
 facet normal  0.000000e+00  0.000000e+00  1.000000e+00
   outer loop
     vertex -6.006983e-01  1.018230e+01  2.000000e-01
     vertex -1.064453e+00  9.940430e+00  2.000000e-01
     vertex -1.064453e+00  9.464844e+00  2.000000e-01
   endloop
 endfacet
 facet normal  0.000000e+00  0.000000e+00  1.000000e+00
   outer loop
     vertex -1.500522e-03  1.020000e+01  2.000000e-01
     vertex -6.006983e-01  1.018230e+01  2.000000e-01
     vertex -1.064453e+00  9.464844e+00  2.000000e-01
   endloop
 endfacet
 facet normal  0.000000e+00  0.000000e+00  1.000000e+00
   outer loop
     vertex  1.035156e+00  9.464844e+00  2.000000e-01
     vertex -1.500522e-03  1.020000e+01  2.000000e-01
     vertex -1.064453e+00  9.464844e+00  2.000000e-01
   endloop
 endfacet
 facet normal  0.000000e+00  0.000000e+00  1.000000e+00
   outer loop
     vertex  5.977024e-01  1.018247e+01  2.000000e-01
     vertex -1.500522e-03  1.020000e+01  2.000000e-01
     vertex  1.035156e+00  9.464844e+00  2.000000e-01
   endloop
 endfacet
 facet normal  0.000000e+00  0.000000e+00  1.000000e+00
   outer loop
     vertex  1.035156e+00  9.933594e+00  2.000000e-01
     vertex  5.977024e-01  1.018247e+01  2.000000e-01
     vertex  1.035156e+00  9.464844e+00  2.000000e-01
   endloop
 endfacet
 facet normal  0.000000e+00  0.000000e+00  1.000000e+00
   outer loop
     vertex  1.054708e+00  1.002012e+01  2.000000e-01
     vertex  5.977024e-01  1.018247e+01  2.000000e-01
     vertex  1.035156e+00  9.933594e+00  2.000000e-01
   endloop
 endfacet
 facet normal  0.000000e+00  0.000000e+00  1.000000e+00
   outer loop
     vertex  1.109754e+00  1.008968e+01  2.000000e-01
     vertex  5.977024e-01  1.018247e+01  2.000000e-01
     vertex  1.054708e+00  1.002012e+01  2.000000e-01
   endloop
 endfacet
 facet normal  0.000000e+00  0.000000e+00  1.000000e+00
   outer loop
     vertex  1.149907e+00  1.011480e+01  2.000000e-01
     vertex  5.977024e-01  1.018247e+01  2.000000e-01
     vertex  1.109754e+00  1.008968e+01  2.000000e-01
   endloop
 endfacet
 facet normal  0.000000e+00  0.000000e+00  1.000000e+00
   outer loop
     vertex  1.194841e+00  1.012978e+01  2.000000e-01
     vertex  5.977024e-01  1.018247e+01  2.000000e-01
     vertex  1.149907e+00  1.011480e+01  2.000000e-01
   endloop
 endfacet
 facet normal  0.000000e+00  0.000000e+00  1.000000e+00
   outer loop
     vertex -6.824935e+00 -7.011131e+00  2.000000e+00
     vertex -7.434498e+00 -7.000760e+00  2.000000e+00
     vertex -7.021139e+00 -7.418339e+00  2.000000e+00
   endloop
 endfacet
 facet normal  0.000000e+00  0.000000e+00  1.000000e+00
   outer loop
     vertex -7.259110e+00 -6.555753e+00  2.000000e+00
     vertex -7.826099e+00 -6.558255e+00  2.000000e+00
     vertex -7.434498e+00 -7.000760e+00  2.000000e+00
   endloop
 endfacet
 facet normal  0.000000e+00  0.000000e+00  1.000000e+00
   outer loop
     vertex -6.367169e+00 -7.434750e+00  2.000000e+00
     vertex -7.021139e+00 -7.418339e+00  2.000000e+00
     vertex -6.588028e+00 -7.809219e+00  2.000000e+00
   endloop
 endfacet
 facet normal  0.000000e+00  0.000000e+00  1.000000e+00
   outer loop
     vertex -7.667093e+00 -6.070846e+00  2.000000e+00
     vertex -8.193792e+00 -6.093097e+00  2.000000e+00
     vertex -7.826099e+00 -6.558255e+00  2.000000e+00
   endloop
 endfacet
 facet normal  0.000000e+00  0.000000e+00  1.000000e+00
   outer loop
     vertex -5.888104e+00 -7.824987e+00  2.000000e+00
     vertex -6.588028e+00 -7.809219e+00  2.000000e+00
     vertex -6.136989e+00 -8.172060e+00  2.000000e+00
   endloop
 endfacet
 facet normal  0.000000e+00  0.000000e+00  1.000000e+00
   outer loop
     vertex -8.046020e+00 -5.559376e+00  2.000000e+00
     vertex -8.535345e+00 -5.608103e+00  2.000000e+00
     vertex -8.193792e+00 -6.093097e+00  2.000000e+00
   endloop
 endfacet
 facet normal  0.000000e+00  0.000000e+00  1.000000e+00
   outer loop
     vertex -5.389696e+00 -8.180707e+00  2.000000e+00
     vertex -5.669631e+00 -8.505889e+00  2.000000e+00
     vertex -5.187344e+00 -8.810023e+00  2.000000e+00
   endloop
 endfacet
 facet normal  0.000000e+00  0.000000e+00  1.000000e+00
   outer loop
     vertex -8.392854e+00 -5.025141e+00  2.000000e+00
     vertex -8.848532e+00 -5.106648e+00  2.000000e+00
     vertex -8.535345e+00 -5.608103e+00  2.000000e+00
   endloop
 endfacet
 facet normal  0.000000e+00  0.000000e+00  1.000000e+00
   outer loop
     vertex -4.873565e+00 -8.501134e+00  2.000000e+00
     vertex -5.187344e+00 -8.810023e+00  2.000000e+00
     vertex -4.691293e+00 -9.084004e+00  2.000000e+00
   endloop
 endfacet
 facet normal  0.000000e+00  0.000000e+00  1.000000e+00
   outer loop
     vertex -8.704507e+00 -4.472834e+00  2.000000e+00
     vertex -9.131225e+00 -4.592651e+00  2.000000e+00
     vertex -8.848532e+00 -5.106648e+00  2.000000e+00
   endloop
 endfacet
 facet normal  0.000000e+00  0.000000e+00  1.000000e+00
   outer loop
     vertex -4.341005e+00 -8.785750e+00  2.000000e+00
     vertex -4.691293e+00 -9.084004e+00  2.000000e+00
     vertex -4.182429e+00 -9.327527e+00  2.000000e+00
   endloop
 endfacet
 facet normal  0.000000e+00  0.000000e+00  1.000000e+00
   outer loop
     vertex -4.341005e+00 -8.785750e+00  2.000000e+00
     vertex -4.873565e+00 -8.501134e+00  2.000000e+00
     vertex -4.691293e+00 -9.084004e+00  2.000000e+00
   endloop
 endfacet
 facet normal  0.000000e+00  0.000000e+00  1.000000e+00
   outer loop
     vertex -6.771456e+00 -6.241982e+00  2.000000e+00
     vertex -6.963717e+00 -6.720493e+00  2.000000e+00
     vertex -6.345054e+00 -6.682729e+00  2.000000e+00
   endloop
 endfacet
 facet normal  0.000000e+00  0.000000e+00  1.000000e+00
   outer loop
     vertex -5.895939e+00 -7.090746e+00  2.000000e+00
     vertex -6.345054e+00 -6.682729e+00  2.000000e+00
     vertex -6.554238e+00 -7.121310e+00  2.000000e+00
   endloop
 endfacet
 facet normal  0.000000e+00  0.000000e+00  1.000000e+00
   outer loop
     vertex -7.170966e+00 -5.772199e+00  2.000000e+00
     vertex -7.350545e+00 -6.296070e+00  2.000000e+00
     vertex -6.771456e+00 -6.241982e+00  2.000000e+00
   endloop
 endfacet
 facet normal  0.000000e+00  0.000000e+00  1.000000e+00
   outer loop
     vertex -5.428018e+00 -7.463265e+00  2.000000e+00
     vertex -5.679706e+00 -7.840804e+00  2.000000e+00
     vertex -5.220559e+00 -8.155264e+00  2.000000e+00
   endloop
 endfacet
 facet normal  0.000000e+00  0.000000e+00  1.000000e+00
   outer loop
     vertex -5.428018e+00 -7.463265e+00  2.000000e+00
     vertex -5.895939e+00 -7.090746e+00  2.000000e+00
     vertex -6.125221e+00 -7.495545e+00  2.000000e+00
   endloop
 endfacet
 facet normal  0.000000e+00  0.000000e+00  1.000000e+00
   outer loop
     vertex -8.978008e+00 -3.908040e+00  2.000000e+00
     vertex -9.381515e+00 -4.070499e+00  2.000000e+00
     vertex -9.131225e+00 -4.592651e+00  2.000000e+00
   endloop
 endfacet
 facet normal  0.000000e+00  0.000000e+00  1.000000e+00
   outer loop
     vertex -3.793008e+00 -9.034189e+00  2.000000e+00
     vertex -4.341005e+00 -8.785750e+00  2.000000e+00
     vertex -4.182429e+00 -9.327527e+00  2.000000e+00
   endloop
 endfacet
 facet normal  0.000000e+00  0.000000e+00  1.000000e+00
   outer loop
     vertex -3.793008e+00 -9.034189e+00  2.000000e+00
     vertex -4.182429e+00 -9.327527e+00  2.000000e+00
     vertex -3.661500e+00 -9.540392e+00  2.000000e+00
   endloop
 endfacet
 facet normal  0.000000e+00  0.000000e+00  1.000000e+00
   outer loop
     vertex -7.539312e+00 -5.278026e+00  2.000000e+00
     vertex -7.711654e+00 -5.851572e+00  2.000000e+00
     vertex -7.170966e+00 -5.772199e+00  2.000000e+00
   endloop
 endfacet
 facet normal  0.000000e+00  0.000000e+00  1.000000e+00
   outer loop
     vertex -4.944813e+00 -7.798348e+00  2.000000e+00
     vertex -5.428018e+00 -7.463265e+00  2.000000e+00
     vertex -5.220559e+00 -8.155264e+00  2.000000e+00
   endloop
 endfacet
 facet normal  0.000000e+00  0.000000e+00  1.000000e+00
   outer loop
     vertex -4.944813e+00 -7.798348e+00  2.000000e+00
     vertex -5.220559e+00 -8.155264e+00  2.000000e+00
     vertex -4.750393e+00 -8.437622e+00  2.000000e+00
   endloop
 endfacet
 facet normal  0.000000e+00  0.000000e+00  1.000000e+00
   outer loop
     vertex -7.872353e+00 -4.765008e+00  2.000000e+00
     vertex -8.044161e+00 -5.391004e+00  2.000000e+00
     vertex -7.539312e+00 -5.278026e+00  2.000000e+00
   endloop
 endfacet
 facet normal  0.000000e+00  0.000000e+00  1.000000e+00
   outer loop
     vertex -9.210709e+00 -3.337137e+00  2.000000e+00
     vertex -9.381515e+00 -4.070499e+00  2.000000e+00
     vertex -8.978008e+00 -3.908040e+00  2.000000e+00
   endloop
 endfacet
 facet normal  0.000000e+00  0.000000e+00  1.000000e+00
   outer loop
     vertex -9.210709e+00 -3.337137e+00  2.000000e+00
     vertex -9.619698e+00 -3.486563e+00  2.000000e+00
     vertex -9.381515e+00 -4.070499e+00  2.000000e+00
   endloop
 endfacet
 facet normal  0.000000e+00  0.000000e+00  1.000000e+00
   outer loop
     vertex -4.449384e+00 -8.094757e+00  2.000000e+00
     vertex -4.944813e+00 -7.798348e+00  2.000000e+00
     vertex -4.750393e+00 -8.437622e+00  2.000000e+00
   endloop
 endfacet
 facet normal  0.000000e+00  0.000000e+00  1.000000e+00
   outer loop
     vertex -4.449384e+00 -8.094757e+00  2.000000e+00
     vertex -4.750393e+00 -8.437622e+00  2.000000e+00
     vertex -4.271528e+00 -8.687033e+00  2.000000e+00
   endloop
 endfacet
 facet normal  0.000000e+00  0.000000e+00  1.000000e+00
   outer loop
     vertex -3.230288e+00 -9.246162e+00  2.000000e+00
     vertex -3.661500e+00 -9.540392e+00  2.000000e+00
     vertex -3.129066e+00 -9.722447e+00  2.000000e+00
   endloop
 endfacet
 facet normal  0.000000e+00  0.000000e+00  1.000000e+00
   outer loop
     vertex -8.138772e+00 -4.292390e+00  2.000000e+00
     vertex -8.376919e+00 -4.865802e+00  2.000000e+00
     vertex -7.872353e+00 -4.765008e+00  2.000000e+00
   endloop
 endfacet
 facet normal  0.000000e+00  0.000000e+00  1.000000e+00
   outer loop
     vertex -3.944309e+00 -8.351807e+00  2.000000e+00
     vertex -4.449384e+00 -8.094757e+00  2.000000e+00
     vertex -4.271528e+00 -8.687033e+00  2.000000e+00
   endloop
 endfacet
 facet normal  0.000000e+00  0.000000e+00  1.000000e+00
   outer loop
     vertex -3.944309e+00 -8.351807e+00  2.000000e+00
     vertex -4.271528e+00 -8.687033e+00  2.000000e+00
     vertex -3.785964e+00 -8.903020e+00  2.000000e+00
   endloop
 endfacet
 facet normal  0.000000e+00  0.000000e+00  1.000000e+00
   outer loop
     vertex -9.383479e+00 -2.823906e+00  2.000000e+00
     vertex -9.619698e+00 -3.486563e+00  2.000000e+00
     vertex -9.210709e+00 -3.337137e+00  2.000000e+00
   endloop
 endfacet
 facet normal  0.000000e+00  0.000000e+00  1.000000e+00
   outer loop
     vertex -9.383479e+00 -2.823906e+00  2.000000e+00
     vertex -9.814369e+00 -2.905334e+00  2.000000e+00
     vertex -9.619698e+00 -3.486563e+00  2.000000e+00
   endloop
 endfacet
 facet normal  0.000000e+00  0.000000e+00  1.000000e+00
   outer loop
     vertex -8.371206e+00 -3.814605e+00  2.000000e+00
     vertex -8.668304e+00 -4.332510e+00  2.000000e+00
     vertex -8.138772e+00 -4.292390e+00  2.000000e+00
   endloop
 endfacet
 facet normal  0.000000e+00  0.000000e+00  1.000000e+00
   outer loop
     vertex -8.371206e+00 -3.814605e+00  2.000000e+00
     vertex -8.916312e+00 -3.797341e+00  2.000000e+00
     vertex -8.668304e+00 -4.332510e+00  2.000000e+00
   endloop
 endfacet
 facet normal  0.000000e+00  0.000000e+00  1.000000e+00
   outer loop
     vertex -2.653315e+00 -9.421386e+00  2.000000e+00
     vertex -3.129066e+00 -9.722447e+00  2.000000e+00
     vertex -2.585522e+00 -9.873549e+00  2.000000e+00
   endloop
 endfacet
 facet normal  0.000000e+00  0.000000e+00  1.000000e+00
   outer loop
     vertex -3.431687e+00 -8.569213e+00  2.000000e+00
     vertex -3.944309e+00 -8.351807e+00  2.000000e+00
     vertex -3.785964e+00 -8.903020e+00  2.000000e+00
   endloop
 endfacet
 facet normal  0.000000e+00  0.000000e+00  1.000000e+00
   outer loop
     vertex -3.431687e+00 -8.569213e+00  2.000000e+00
     vertex -3.785964e+00 -8.903020e+00  2.000000e+00
     vertex -3.295378e+00 -9.085395e+00  2.000000e+00
   endloop
 endfacet
 facet normal  0.000000e+00  0.000000e+00  1.000000e+00
   outer loop
     vertex -8.567944e+00 -3.336658e+00  2.000000e+00
     vertex -9.119839e+00 -3.266175e+00  2.000000e+00
     vertex -8.916312e+00 -3.797341e+00  2.000000e+00
   endloop
 endfacet
 facet normal  0.000000e+00  0.000000e+00  1.000000e+00
   outer loop
     vertex -8.567944e+00 -3.336658e+00  2.000000e+00
     vertex -8.916312e+00 -3.797341e+00  2.000000e+00
     vertex -8.371206e+00 -3.814605e+00  2.000000e+00
   endloop
 endfacet
 facet normal  0.000000e+00  0.000000e+00  1.000000e+00
   outer loop
     vertex -9.520429e+00 -2.316785e+00  2.000000e+00
     vertex -9.964825e+00 -2.333543e+00  2.000000e+00
     vertex -9.814369e+00 -2.905334e+00  2.000000e+00
   endloop
 endfacet
 facet normal  0.000000e+00  0.000000e+00  1.000000e+00
   outer loop
     vertex -9.520429e+00 -2.316785e+00  2.000000e+00
     vertex -9.814369e+00 -2.905334e+00  2.000000e+00
     vertex -9.383479e+00 -2.823906e+00  2.000000e+00
   endloop
 endfacet
 facet normal  0.000000e+00  0.000000e+00  1.000000e+00
   outer loop
     vertex -2.923492e+00 -8.743820e+00  2.000000e+00
     vertex -3.295378e+00 -9.085395e+00  2.000000e+00
     vertex -2.801136e+00 -9.234172e+00  2.000000e+00
   endloop
 endfacet
 facet normal  0.000000e+00  0.000000e+00  1.000000e+00
   outer loop
     vertex -2.923492e+00 -8.743820e+00  2.000000e+00
     vertex -3.431687e+00 -8.569213e+00  2.000000e+00
     vertex -3.295378e+00 -9.085395e+00  2.000000e+00
   endloop
 endfacet
 facet normal  0.000000e+00  0.000000e+00  1.000000e+00
   outer loop
     vertex -2.069574e+00 -9.558082e+00  2.000000e+00
     vertex -2.585522e+00 -9.873549e+00  2.000000e+00
     vertex -2.031112e+00 -9.993531e+00  2.000000e+00
   endloop
 endfacet
 facet normal  0.000000e+00  0.000000e+00  1.000000e+00
   outer loop
     vertex -8.720269e+00 -2.888653e+00  2.000000e+00
     vertex -9.278663e+00 -2.744294e+00  2.000000e+00
     vertex -9.119839e+00 -3.266175e+00  2.000000e+00
   endloop
 endfacet
 facet normal  0.000000e+00  0.000000e+00  1.000000e+00
   outer loop
     vertex -8.720269e+00 -2.888653e+00  2.000000e+00
     vertex -9.119839e+00 -3.266175e+00  2.000000e+00
     vertex -8.567944e+00 -3.336658e+00  2.000000e+00
   endloop
 endfacet
 facet normal  0.000000e+00  0.000000e+00  1.000000e+00
   outer loop
     vertex -9.612322e+00 -1.872071e+00  2.000000e+00
     vertex -1.006974e+01 -1.787025e+00  2.000000e+00
     vertex -9.964825e+00 -2.333543e+00  2.000000e+00
   endloop
 endfacet
 facet normal  0.000000e+00  0.000000e+00  1.000000e+00
   outer loop
     vertex -9.612322e+00 -1.872071e+00  2.000000e+00
     vertex -9.964825e+00 -2.333543e+00  2.000000e+00
     vertex -9.520429e+00 -2.316785e+00  2.000000e+00
   endloop
 endfacet
 facet normal  0.000000e+00  0.000000e+00  1.000000e+00
   outer loop
     vertex -8.840820e+00 -2.442383e+00  2.000000e+00
     vertex -9.391144e+00 -2.247974e+00  2.000000e+00
     vertex -9.278663e+00 -2.744294e+00  2.000000e+00
   endloop
 endfacet
 facet normal  0.000000e+00  0.000000e+00  1.000000e+00
   outer loop
     vertex -8.840820e+00 -2.442383e+00  2.000000e+00
     vertex -9.278663e+00 -2.744294e+00  2.000000e+00
     vertex -8.720269e+00 -2.888653e+00  2.000000e+00
   endloop
 endfacet
 facet normal  0.000000e+00  0.000000e+00  1.000000e+00
   outer loop
     vertex -2.400391e+00 -8.882812e+00  2.000000e+00
     vertex -2.923492e+00 -8.743820e+00  2.000000e+00
     vertex -2.801136e+00 -9.234172e+00  2.000000e+00
   endloop
 endfacet
 facet normal  0.000000e+00  0.000000e+00  1.000000e+00
   outer loop
     vertex -2.400391e+00 -8.882812e+00  2.000000e+00
     vertex -2.801136e+00 -9.234172e+00  2.000000e+00
     vertex -2.301007e+00 -9.350146e+00  2.000000e+00
   endloop
 endfacet
 facet normal  0.000000e+00  0.000000e+00  1.000000e+00
   outer loop
     vertex -8.264648e+00 -2.935547e+00  2.000000e+00
     vertex -8.406250e+00 -2.876953e+00  2.000000e+00
     vertex -8.349281e+00 -2.916833e+00  2.000000e+00
   endloop
 endfacet
 facet normal  0.000000e+00  0.000000e+00  1.000000e+00
   outer loop
     vertex -8.264648e+00 -2.935547e+00  2.000000e+00
     vertex -8.349281e+00 -2.916833e+00  2.000000e+00
     vertex -8.307991e+00 -2.930829e+00  2.000000e+00
   endloop
 endfacet
 facet normal  0.000000e+00  0.000000e+00  1.000000e+00
   outer loop
     vertex -2.964844e+00 -8.235352e+00  2.000000e+00
     vertex -2.952809e+00 -8.303843e+00  2.000000e+00
     vertex -2.933537e+00 -8.342950e+00  2.000000e+00
   endloop
 endfacet
 facet normal  0.000000e+00  0.000000e+00  1.000000e+00
   outer loop
     vertex -2.964844e+00 -8.235352e+00  2.000000e+00
     vertex -2.933537e+00 -8.342950e+00  2.000000e+00
     vertex -2.906250e+00 -8.376953e+00  2.000000e+00
   endloop
 endfacet
 facet normal  0.000000e+00  0.000000e+00  1.000000e+00
   outer loop
     vertex -1.464844e+00 -9.659179e+00  2.000000e+00
     vertex -1.662282e+00 -1.005513e+01  2.000000e+00
     vertex -1.286133e+00 -1.010352e+01  2.000000e+00
   endloop
 endfacet
 facet normal  0.000000e+00  0.000000e+00  1.000000e+00
   outer loop
     vertex -9.675781e+00 -1.435547e+00  2.000000e+00
     vertex -1.013379e+01 -1.251953e+00  2.000000e+00
     vertex -1.006974e+01 -1.787025e+00  2.000000e+00
   endloop
 endfacet
 facet normal  0.000000e+00  0.000000e+00  1.000000e+00
   outer loop
     vertex -9.675781e+00 -1.435547e+00  2.000000e+00
     vertex -1.006974e+01 -1.787025e+00  2.000000e+00
     vertex -9.612322e+00 -1.872071e+00  2.000000e+00
   endloop
 endfacet
 facet normal  0.000000e+00  0.000000e+00  1.000000e+00
   outer loop
     vertex -9.433299e+00 -1.626347e+00  2.000000e+00
     vertex -9.459837e+00 -1.688955e+00  2.000000e+00
     vertex -9.463867e+00 -1.756836e+00  2.000000e+00
   endloop
 endfacet
 facet normal  0.000000e+00  0.000000e+00  1.000000e+00
   outer loop
     vertex -1.625771e+00 -9.379355e+00  2.000000e+00
     vertex -1.790039e+00 -9.433594e+00  2.000000e+00
     vertex -1.701738e+00 -9.425151e+00  2.000000e+00
   endloop
 endfacet
 facet normal  0.000000e+00  0.000000e+00  1.000000e+00
   outer loop
     vertex -9.934570e+00 -1.035156e+00  2.000000e+00
     vertex -1.002106e+01 -1.054867e+00  2.000000e+00
     vertex -1.009051e+01 -1.110039e+00  2.000000e+00
   endloop
 endfacet
 facet normal  0.000000e+00  0.000000e+00  1.000000e+00
   outer loop
     vertex -9.934570e+00 -1.035156e+00  2.000000e+00
     vertex -1.009051e+01 -1.110039e+00  2.000000e+00
     vertex -1.012580e+01 -1.176835e+00  2.000000e+00
   endloop
 endfacet
 facet normal  0.000000e+00  0.000000e+00  1.000000e+00
   outer loop
     vertex -9.934570e+00 -1.035156e+00  2.000000e+00
     vertex -1.012580e+01 -1.176835e+00  2.000000e+00
     vertex -1.013379e+01 -1.251953e+00  2.000000e+00
   endloop
 endfacet
 facet normal  0.000000e+00  0.000000e+00  1.000000e+00
   outer loop
     vertex -9.934570e+00 -1.035156e+00  2.000000e+00
     vertex -1.013379e+01 -1.251953e+00  2.000000e+00
     vertex -9.675781e+00 -1.435547e+00  2.000000e+00
   endloop
 endfacet
 facet normal  0.000000e+00  0.000000e+00  1.000000e+00
   outer loop
     vertex -1.064453e+00 -9.905273e+00  2.000000e+00
     vertex -1.286133e+00 -1.010352e+01  2.000000e+00
     vertex -1.198016e+00 -1.009333e+01  2.000000e+00
   endloop
 endfacet
 facet normal  0.000000e+00  0.000000e+00  1.000000e+00
   outer loop
     vertex -1.064453e+00 -9.905273e+00  2.000000e+00
     vertex -1.198016e+00 -1.009333e+01  2.000000e+00
     vertex -1.122969e+00 -1.004604e+01  2.000000e+00
   endloop
 endfacet
 facet normal  0.000000e+00  0.000000e+00  1.000000e+00
   outer loop
     vertex -1.064453e+00 -9.905273e+00  2.000000e+00
     vertex -1.122969e+00 -1.004604e+01  2.000000e+00
     vertex -1.079775e+00 -9.981450e+00  2.000000e+00
   endloop
 endfacet
 facet normal  0.000000e+00  0.000000e+00  1.000000e+00
   outer loop
     vertex -1.064453e+00 -9.905273e+00  2.000000e+00
     vertex -1.464844e+00 -9.659179e+00  2.000000e+00
     vertex -1.286133e+00 -1.010352e+01  2.000000e+00
   endloop
 endfacet
 facet normal  0.000000e+00  0.000000e+00  1.000000e+00
   outer loop
     vertex -1.577077e+00 -9.305211e+00  2.000000e+00
     vertex -1.790039e+00 -9.433594e+00  2.000000e+00
     vertex -1.625771e+00 -9.379355e+00  2.000000e+00
   endloop
 endfacet
 facet normal  0.000000e+00  0.000000e+00  1.000000e+00
   outer loop
     vertex -9.285990e+00 -1.535651e+00  2.000000e+00
     vertex -9.369957e+00 -1.564250e+00  2.000000e+00
     vertex -9.433299e+00 -1.626347e+00  2.000000e+00
   endloop
 endfacet
 facet normal  0.000000e+00  0.000000e+00  1.000000e+00
   outer loop
     vertex -1.583283e+00 -9.150445e+00  2.000000e+00
     vertex -1.790039e+00 -9.433594e+00  2.000000e+00
     vertex -1.577077e+00 -9.305211e+00  2.000000e+00
   endloop
 endfacet
 facet normal  0.000000e+00  0.000000e+00  1.000000e+00
   outer loop
     vertex -1.583283e+00 -9.150445e+00  2.000000e+00
     vertex -1.577077e+00 -9.305211e+00  2.000000e+00
     vertex -1.565235e+00 -9.217301e+00  2.000000e+00
   endloop
 endfacet
 facet normal  0.000000e+00  0.000000e+00  1.000000e+00
   outer loop
     vertex -9.123047e+00 -1.593750e+00  2.000000e+00
     vertex -9.285990e+00 -1.535651e+00  2.000000e+00
     vertex -9.433299e+00 -1.626347e+00  2.000000e+00
   endloop
 endfacet
 facet normal  0.000000e+00  0.000000e+00  1.000000e+00
   outer loop
     vertex -9.123047e+00 -1.593750e+00  2.000000e+00
     vertex -9.197913e+00 -1.546174e+00  2.000000e+00
     vertex -9.285990e+00 -1.535651e+00  2.000000e+00
   endloop
 endfacet
 facet normal  0.000000e+00  0.000000e+00  1.000000e+00
   outer loop
     vertex -9.123047e+00 -1.593750e+00  2.000000e+00
     vertex -9.463867e+00 -1.756836e+00  2.000000e+00
     vertex -9.391144e+00 -2.247974e+00  2.000000e+00
   endloop
 endfacet
 facet normal  0.000000e+00  0.000000e+00  1.000000e+00
   outer loop
     vertex -9.123047e+00 -1.593750e+00  2.000000e+00
     vertex -9.391144e+00 -2.247974e+00  2.000000e+00
     vertex -8.840820e+00 -2.442383e+00  2.000000e+00
   endloop
 endfacet
 facet normal  0.000000e+00  0.000000e+00  1.000000e+00
   outer loop
     vertex -9.123047e+00 -1.593750e+00  2.000000e+00
     vertex -9.433299e+00 -1.626347e+00  2.000000e+00
     vertex -9.463867e+00 -1.756836e+00  2.000000e+00
   endloop
 endfacet
 facet normal  0.000000e+00  0.000000e+00  1.000000e+00
   outer loop
     vertex -1.623047e+00 -9.093750e+00  2.000000e+00
     vertex -1.790039e+00 -9.433594e+00  2.000000e+00
     vertex -1.583283e+00 -9.150445e+00  2.000000e+00
   endloop
 endfacet
 facet normal  0.000000e+00  0.000000e+00  1.000000e+00
   outer loop
     vertex -1.623047e+00 -9.093750e+00  2.000000e+00
     vertex -2.400391e+00 -8.882812e+00  2.000000e+00
     vertex -2.301007e+00 -9.350146e+00  2.000000e+00
   endloop
 endfacet
 facet normal  0.000000e+00  0.000000e+00  1.000000e+00
   outer loop
     vertex -1.623047e+00 -9.093750e+00  2.000000e+00
     vertex -2.301007e+00 -9.350146e+00  2.000000e+00
     vertex -1.790039e+00 -9.433594e+00  2.000000e+00
   endloop
 endfacet
 facet normal  0.000000e+00  0.000000e+00  1.000000e+00
   outer loop
     vertex -8.181641e+00 -2.535156e+00  2.000000e+00
     vertex -8.406250e+00 -2.876953e+00  2.000000e+00
     vertex -8.264648e+00 -2.935547e+00  2.000000e+00
   endloop
 endfacet
 facet normal  0.000000e+00  0.000000e+00  1.000000e+00
   outer loop
     vertex -8.181641e+00 -2.535156e+00  2.000000e+00
     vertex -8.840820e+00 -2.442383e+00  2.000000e+00
     vertex -8.406250e+00 -2.876953e+00  2.000000e+00
   endloop
 endfacet
 facet normal  0.000000e+00  0.000000e+00  1.000000e+00
   outer loop
     vertex -8.181641e+00 -2.535156e+00  2.000000e+00
     vertex -9.123047e+00 -1.593750e+00  2.000000e+00
     vertex -8.840820e+00 -2.442383e+00  2.000000e+00
   endloop
 endfacet
 facet normal  0.000000e+00  0.000000e+00  1.000000e+00
   outer loop
     vertex -2.564453e+00 -8.152344e+00  2.000000e+00
     vertex -2.906250e+00 -8.376953e+00  2.000000e+00
     vertex -2.400391e+00 -8.882812e+00  2.000000e+00
   endloop
 endfacet
 facet normal  0.000000e+00  0.000000e+00  1.000000e+00
   outer loop
     vertex -2.564453e+00 -8.152344e+00  2.000000e+00
     vertex -2.400391e+00 -8.882812e+00  2.000000e+00
     vertex -1.623047e+00 -9.093750e+00  2.000000e+00
   endloop
 endfacet
 facet normal  0.000000e+00  0.000000e+00  1.000000e+00
   outer loop
     vertex -2.564453e+00 -8.152344e+00  2.000000e+00
     vertex -2.964844e+00 -8.235352e+00  2.000000e+00
     vertex -2.906250e+00 -8.376953e+00  2.000000e+00
   endloop
 endfacet
 facet normal  0.000000e+00  0.000000e+00  1.000000e+00
   outer loop
     vertex -1.420694e+00 -9.109827e+00  2.000000e+00
     vertex -1.453513e+00 -9.168810e+00  2.000000e+00
     vertex -1.464844e+00 -9.235351e+00  2.000000e+00
   endloop
 endfacet
 facet normal  0.000000e+00  0.000000e+00  1.000000e+00
   outer loop
     vertex -1.064453e+00 -9.435547e+00  2.000000e+00
     vertex -1.464844e+00 -9.659179e+00  2.000000e+00
     vertex -1.064453e+00 -9.905273e+00  2.000000e+00
   endloop
 endfacet
 facet normal  0.000000e+00  0.000000e+00  1.000000e+00
   outer loop
     vertex -1.064453e+00 -9.435547e+00  2.000000e+00
     vertex -1.464844e+00 -9.235351e+00  2.000000e+00
     vertex -1.464844e+00 -9.659179e+00  2.000000e+00
   endloop
 endfacet
 facet normal  0.000000e+00  0.000000e+00  1.000000e+00
   outer loop
     vertex -1.264648e+00 -9.035156e+00  2.000000e+00
     vertex -1.351161e+00 -9.054749e+00  2.000000e+00
     vertex -1.420694e+00 -9.109827e+00  2.000000e+00
   endloop
 endfacet
 facet normal  0.000000e+00  0.000000e+00  1.000000e+00
   outer loop
     vertex -1.264648e+00 -9.035156e+00  2.000000e+00
     vertex -1.420694e+00 -9.109827e+00  2.000000e+00
     vertex -1.464844e+00 -9.235351e+00  2.000000e+00
   endloop
 endfacet
 facet normal  0.000000e+00  0.000000e+00  1.000000e+00
   outer loop
     vertex -1.264648e+00 -9.035156e+00  2.000000e+00
     vertex -1.464844e+00 -9.235351e+00  2.000000e+00
     vertex -1.064453e+00 -9.435547e+00  2.000000e+00
   endloop
 endfacet
 facet normal  0.000000e+00  0.000000e+00  1.000000e+00
   outer loop
     vertex -8.764648e+00 -9.355468e-01  2.000000e+00
     vertex -8.906250e+00 -8.769531e-01  2.000000e+00
     vertex -8.849281e+00 -9.168329e-01  2.000000e+00
   endloop
 endfacet
 facet normal  0.000000e+00  0.000000e+00  1.000000e+00
   outer loop
     vertex -8.764648e+00 -9.355468e-01  2.000000e+00
     vertex -8.849281e+00 -9.168329e-01  2.000000e+00
     vertex -8.807991e+00 -9.308293e-01  2.000000e+00
   endloop
 endfacet
 facet normal  0.000000e+00  0.000000e+00  1.000000e+00
   outer loop
     vertex -9.464844e+00 -2.353516e-01  2.000000e+00
     vertex -9.452809e+00 -3.038428e-01  2.000000e+00
     vertex -9.433537e+00 -3.429503e-01  2.000000e+00
   endloop
 endfacet
 facet normal  0.000000e+00  0.000000e+00  1.000000e+00
   outer loop
     vertex -9.464844e+00 -2.353516e-01  2.000000e+00
     vertex -9.433537e+00 -3.429503e-01  2.000000e+00
     vertex -9.406250e+00 -3.769531e-01  2.000000e+00
   endloop
 endfacet
 facet normal  0.000000e+00  0.000000e+00  1.000000e+00
   outer loop
     vertex -4.648438e-01 -9.035156e+00  2.000000e+00
     vertex -1.264648e+00 -9.035156e+00  2.000000e+00
     vertex -1.064453e+00 -9.435547e+00  2.000000e+00
   endloop
 endfacet
 facet normal  0.000000e+00  0.000000e+00  1.000000e+00
   outer loop
     vertex -4.648438e-01 -9.035156e+00  2.000000e+00
     vertex -1.064453e+00 -9.435547e+00  2.000000e+00
     vertex -2.646484e-01 -9.435547e+00  2.000000e+00
   endloop
 endfacet
 facet normal  0.000000e+00  0.000000e+00  1.000000e+00
   outer loop
     vertex -1.086028e-01 -9.360876e+00  2.000000e+00
     vertex -2.646484e-01 -9.435547e+00  2.000000e+00
     vertex -1.781356e-01 -9.415954e+00  2.000000e+00
   endloop
 endfacet
 facet normal  0.000000e+00  0.000000e+00  1.000000e+00
   outer loop
     vertex -7.578393e-02 -9.301893e+00  2.000000e+00
     vertex -2.646484e-01 -9.435547e+00  2.000000e+00
     vertex -1.086028e-01 -9.360876e+00  2.000000e+00
   endloop
 endfacet
 facet normal  0.000000e+00  0.000000e+00  1.000000e+00
   outer loop
     vertex -6.445313e-02 -9.235352e+00  2.000000e+00
     vertex -4.648438e-01 -9.035156e+00  2.000000e+00
     vertex -2.646484e-01 -9.435547e+00  2.000000e+00
   endloop
 endfacet
 facet normal  0.000000e+00  0.000000e+00  1.000000e+00
   outer loop
     vertex -6.445313e-02 -9.235352e+00  2.000000e+00
     vertex -2.646484e-01 -9.435547e+00  2.000000e+00
     vertex -7.578393e-02 -9.301893e+00  2.000000e+00
   endloop
 endfacet
 facet normal  0.000000e+00  0.000000e+00  1.000000e+00
   outer loop
     vertex -8.681641e+00 -5.351563e-01  2.000000e+00
     vertex -8.906250e+00 -8.769531e-01  2.000000e+00
     vertex -8.764648e+00 -9.355468e-01  2.000000e+00
   endloop
 endfacet
 facet normal  0.000000e+00  0.000000e+00  1.000000e+00
   outer loop
     vertex -9.064453e+00 -1.523438e-01  2.000000e+00
     vertex -9.406250e+00 -3.769531e-01  2.000000e+00
     vertex -8.906250e+00 -8.769531e-01  2.000000e+00
   endloop
 endfacet
 facet normal  0.000000e+00  0.000000e+00  1.000000e+00
   outer loop
     vertex -9.064453e+00 -1.523438e-01  2.000000e+00
     vertex -9.464844e+00 -2.353516e-01  2.000000e+00
     vertex -9.406250e+00 -3.769531e-01  2.000000e+00
   endloop
 endfacet
 facet normal  0.000000e+00  0.000000e+00  1.000000e+00
   outer loop
     vertex -9.064453e+00 -1.523438e-01  2.000000e+00
     vertex -8.906250e+00 -8.769531e-01  2.000000e+00
     vertex -8.681641e+00 -5.351563e-01  2.000000e+00
   endloop
 endfacet
 facet normal  0.000000e+00  0.000000e+00  1.000000e+00
   outer loop
     vertex  3.515625e-02 -9.235352e+00  2.000000e+00
     vertex  5.474923e-02 -9.321864e+00  2.000000e+00
     vertex  1.098267e-01 -9.391397e+00  2.000000e+00
   endloop
 endfacet
 facet normal  0.000000e+00  0.000000e+00  1.000000e+00
   outer loop
     vertex  3.515625e-02 -9.235352e+00  2.000000e+00
     vertex  1.098267e-01 -9.391397e+00  2.000000e+00
     vertex  1.688102e-01 -9.424216e+00  2.000000e+00
   endloop
 endfacet
 facet normal  0.000000e+00  0.000000e+00  1.000000e+00
   outer loop
     vertex  3.515625e-02 -9.235352e+00  2.000000e+00
     vertex  1.688102e-01 -9.424216e+00  2.000000e+00
     vertex  2.353516e-01 -9.435547e+00  2.000000e+00
   endloop
 endfacet
 facet normal  0.000000e+00  0.000000e+00  1.000000e+00
   outer loop
     vertex  1.035156e+00 -9.898438e+00  2.000000e+00
     vertex  1.054616e+00 -9.984980e+00  2.000000e+00
     vertex  1.109586e+00 -1.005460e+01  2.000000e+00
   endloop
 endfacet
 facet normal  0.000000e+00  0.000000e+00  1.000000e+00
   outer loop
     vertex  1.257812e+00 -1.009766e+01  2.000000e+00
     vertex  1.035156e+00 -9.898438e+00  2.000000e+00
     vertex  1.109586e+00 -1.005460e+01  2.000000e+00
   endloop
 endfacet
 facet normal  0.000000e+00  0.000000e+00  1.000000e+00
   outer loop
     vertex  1.257812e+00 -1.009766e+01  2.000000e+00
     vertex  1.109586e+00 -1.005460e+01  2.000000e+00
     vertex  1.179379e+00 -1.009100e+01  2.000000e+00
   endloop
 endfacet
 facet normal  0.000000e+00  0.000000e+00  1.000000e+00
   outer loop
     vertex -1.013184e+01  1.294922e+00  2.000000e+00
     vertex -1.012556e+01  1.206440e+00  2.000000e+00
     vertex -1.008165e+01  1.129372e+00  2.000000e+00
   endloop
 endfacet
 facet normal  0.000000e+00  0.000000e+00  1.000000e+00
   outer loop
     vertex -1.013184e+01  1.294922e+00  2.000000e+00
     vertex -1.008165e+01  1.129372e+00  2.000000e+00
     vertex -1.001492e+01  1.081486e+00  2.000000e+00
   endloop
 endfacet
 facet normal  0.000000e+00  0.000000e+00  1.000000e+00
   outer loop
     vertex -1.013184e+01  1.294922e+00  2.000000e+00
     vertex -1.001492e+01  1.081486e+00  2.000000e+00
     vertex -9.934570e+00  1.064453e+00  2.000000e+00
   endloop
 endfacet
 facet normal  0.000000e+00  0.000000e+00  1.000000e+00
   outer loop
     vertex -9.648438e-01 -7.735352e+00  2.000000e+00
     vertex -9.528089e-01 -7.803843e+00  2.000000e+00
     vertex -9.335372e-01 -7.842950e+00  2.000000e+00
   endloop
 endfacet
 facet normal  0.000000e+00  0.000000e+00  1.000000e+00
   outer loop
     vertex -9.648438e-01 -7.735352e+00  2.000000e+00
     vertex -9.335372e-01 -7.842950e+00  2.000000e+00
     vertex -9.062500e-01 -7.876953e+00  2.000000e+00
   endloop
 endfacet
 facet normal  0.000000e+00  0.000000e+00  1.000000e+00
   outer loop
     vertex  4.355469e-01 -9.035156e+00  2.000000e+00
     vertex  3.515625e-02 -9.235352e+00  2.000000e+00
     vertex  2.353516e-01 -9.435547e+00  2.000000e+00
   endloop
 endfacet
 facet normal  0.000000e+00  0.000000e+00  1.000000e+00
   outer loop
     vertex  1.035156e+00 -9.435547e+00  2.000000e+00
     vertex  4.355469e-01 -9.035156e+00  2.000000e+00
     vertex  2.353516e-01 -9.435547e+00  2.000000e+00
   endloop
 endfacet
 facet normal  0.000000e+00  0.000000e+00  1.000000e+00
   outer loop
     vertex -9.464844e+00  1.064453e+00  2.000000e+00
     vertex -9.464844e+00 -2.353516e-01  2.000000e+00
     vertex -9.064453e+00 -1.523438e-01  2.000000e+00
   endloop
 endfacet
 facet normal  0.000000e+00  0.000000e+00  1.000000e+00
   outer loop
     vertex -6.445313e-02 -8.235352e+00  2.000000e+00
     vertex -4.648438e-01 -8.318359e+00  2.000000e+00
     vertex -4.648438e-01 -9.035156e+00  2.000000e+00
   endloop
 endfacet
 facet normal  0.000000e+00  0.000000e+00  1.000000e+00
   outer loop
     vertex -6.445313e-02 -8.235352e+00  2.000000e+00
     vertex -4.648438e-01 -9.035156e+00  2.000000e+00
     vertex -6.445313e-02 -9.235352e+00  2.000000e+00
   endloop
 endfacet
 facet normal  0.000000e+00  0.000000e+00  1.000000e+00
   outer loop
     vertex  1.435547e+00 -9.653320e+00  2.000000e+00
     vertex  1.035156e+00 -9.898438e+00  2.000000e+00
     vertex  1.257812e+00 -1.009766e+01  2.000000e+00
   endloop
 endfacet
 facet normal  0.000000e+00  0.000000e+00  1.000000e+00
   outer loop
     vertex  1.435547e+00 -9.653320e+00  2.000000e+00
     vertex  1.035156e+00 -9.435547e+00  2.000000e+00
     vertex  1.035156e+00 -9.898438e+00  2.000000e+00
   endloop
 endfacet
 facet normal  0.000000e+00  0.000000e+00  1.000000e+00
   outer loop
     vertex -5.644531e-01 -7.652344e+00  2.000000e+00
     vertex -9.648438e-01 -7.735352e+00  2.000000e+00
     vertex -9.062500e-01 -7.876953e+00  2.000000e+00
   endloop
 endfacet
 facet normal  0.000000e+00  0.000000e+00  1.000000e+00
   outer loop
     vertex -5.644531e-01 -7.652344e+00  2.000000e+00
     vertex -9.062500e-01 -7.876953e+00  2.000000e+00
     vertex -4.648438e-01 -8.318359e+00  2.000000e+00
   endloop
 endfacet
 facet normal  0.000000e+00  0.000000e+00  1.000000e+00
   outer loop
     vertex -1.230469e-01 -8.093750e+00  2.000000e+00
     vertex -4.648438e-01 -8.318359e+00  2.000000e+00
     vertex -6.445313e-02 -8.235352e+00  2.000000e+00
   endloop
 endfacet
 facet normal  0.000000e+00  0.000000e+00  1.000000e+00
   outer loop
     vertex -1.230469e-01 -8.093750e+00  2.000000e+00
     vertex -5.644531e-01 -7.652344e+00  2.000000e+00
     vertex -4.648438e-01 -8.318359e+00  2.000000e+00
   endloop
 endfacet
 facet normal  0.000000e+00  0.000000e+00  1.000000e+00
   outer loop
     vertex -1.230469e-01 -8.093750e+00  2.000000e+00
     vertex -6.445313e-02 -8.235352e+00  2.000000e+00
     vertex -7.648799e-02 -8.166860e+00  2.000000e+00
   endloop
 endfacet
 facet normal  0.000000e+00  0.000000e+00  1.000000e+00
   outer loop
     vertex -1.230469e-01 -8.093750e+00  2.000000e+00
     vertex -7.648799e-02 -8.166860e+00  2.000000e+00
     vertex -9.575963e-02 -8.127753e+00  2.000000e+00
   endloop
 endfacet
 facet normal  0.000000e+00  0.000000e+00  1.000000e+00
   outer loop
     vertex -9.668945e+00  1.464844e+00  2.000000e+00
     vertex -1.013184e+01  1.294922e+00  2.000000e+00
     vertex -9.934570e+00  1.064453e+00  2.000000e+00
   endloop
 endfacet
 facet normal  0.000000e+00  0.000000e+00  1.000000e+00
   outer loop
     vertex -9.668945e+00  1.464844e+00  2.000000e+00
     vertex -1.006333e+01  1.699556e+00  2.000000e+00
     vertex -1.013184e+01  1.294922e+00  2.000000e+00
   endloop
 endfacet
 facet normal  0.000000e+00  0.000000e+00  1.000000e+00
   outer loop
     vertex -9.668945e+00  1.464844e+00  2.000000e+00
     vertex -9.934570e+00  1.064453e+00  2.000000e+00
     vertex -9.464844e+00  1.064453e+00  2.000000e+00
   endloop
 endfacet
 facet normal  0.000000e+00  0.000000e+00  1.000000e+00
   outer loop
     vertex  3.515625e-02 -8.235352e+00  2.000000e+00
     vertex  3.515625e-02 -9.235352e+00  2.000000e+00
     vertex  4.355469e-01 -9.035156e+00  2.000000e+00
   endloop
 endfacet
 facet normal  0.000000e+00  0.000000e+00  1.000000e+00
   outer loop
     vertex  1.856181e+00 -1.001109e+01  2.000000e+00
     vertex  1.435547e+00 -9.653320e+00  2.000000e+00
     vertex  1.257812e+00 -1.009766e+01  2.000000e+00
   endloop
 endfacet
 facet normal  0.000000e+00  0.000000e+00  1.000000e+00
   outer loop
     vertex -5.644531e-01 -7.435547e+00  2.000000e+00
     vertex -9.648437e-01 -7.235352e+00  2.000000e+00
     vertex -9.648438e-01 -7.735352e+00  2.000000e+00
   endloop
 endfacet
 facet normal  0.000000e+00  0.000000e+00  1.000000e+00
   outer loop
     vertex -5.644531e-01 -7.435547e+00  2.000000e+00
     vertex -9.648438e-01 -7.735352e+00  2.000000e+00
     vertex -5.644531e-01 -7.652344e+00  2.000000e+00
   endloop
 endfacet
 facet normal  0.000000e+00  0.000000e+00  1.000000e+00
   outer loop
     vertex  9.375000e-02 -8.093750e+00  2.000000e+00
     vertex  5.387017e-02 -8.150719e+00  2.000000e+00
     vertex  3.987379e-02 -8.192009e+00  2.000000e+00
   endloop
 endfacet
 facet normal  0.000000e+00  0.000000e+00  1.000000e+00
   outer loop
     vertex  9.375000e-02 -8.093750e+00  2.000000e+00
     vertex  3.987379e-02 -8.192009e+00  2.000000e+00
     vertex  3.515625e-02 -8.235352e+00  2.000000e+00
   endloop
 endfacet
 facet normal  0.000000e+00  0.000000e+00  1.000000e+00
   outer loop
     vertex  4.355469e-01 -8.318359e+00  2.000000e+00
     vertex  9.375000e-02 -8.093750e+00  2.000000e+00
     vertex  3.515625e-02 -8.235352e+00  2.000000e+00
   endloop
 endfacet
 facet normal  0.000000e+00  0.000000e+00  1.000000e+00
   outer loop
     vertex  4.355469e-01 -8.318359e+00  2.000000e+00
     vertex  3.515625e-02 -8.235352e+00  2.000000e+00
     vertex  4.355469e-01 -9.035156e+00  2.000000e+00
   endloop
 endfacet
 facet normal  0.000000e+00  0.000000e+00  1.000000e+00
   outer loop
     vertex -7.646484e-01 -7.035157e+00  2.000000e+00
     vertex -8.511612e-01 -7.054750e+00  2.000000e+00
     vertex -9.206941e-01 -7.109827e+00  2.000000e+00
   endloop
 endfacet
 facet normal  0.000000e+00  0.000000e+00  1.000000e+00
   outer loop
     vertex -7.646484e-01 -7.035157e+00  2.000000e+00
     vertex -9.206941e-01 -7.109827e+00  2.000000e+00
     vertex -9.535129e-01 -7.168810e+00  2.000000e+00
   endloop
 endfacet
 facet normal  0.000000e+00  0.000000e+00  1.000000e+00
   outer loop
     vertex -7.646484e-01 -7.035157e+00  2.000000e+00
     vertex -9.535129e-01 -7.168810e+00  2.000000e+00
     vertex -9.648437e-01 -7.235352e+00  2.000000e+00
   endloop
 endfacet
 facet normal  0.000000e+00  0.000000e+00  1.000000e+00
   outer loop
     vertex -7.646484e-01 -7.035157e+00  2.000000e+00
     vertex -9.648437e-01 -7.235352e+00  2.000000e+00
     vertex -5.644531e-01 -7.435547e+00  2.000000e+00
   endloop
 endfacet
 facet normal  0.000000e+00  0.000000e+00  1.000000e+00
   outer loop
     vertex -9.264649e+00  1.464844e+00  2.000000e+00
     vertex -9.668945e+00  1.464844e+00  2.000000e+00
     vertex -9.464844e+00  1.064453e+00  2.000000e+00
   endloop
 endfacet
 facet normal  0.000000e+00  0.000000e+00  1.000000e+00
   outer loop
     vertex  1.435547e+00 -9.235351e+00  2.000000e+00
     vertex  1.035156e+00 -9.435547e+00  2.000000e+00
     vertex  1.435547e+00 -9.653320e+00  2.000000e+00
   endloop
 endfacet
 facet normal  0.000000e+00  0.000000e+00  1.000000e+00
   outer loop
     vertex -9.064453e+00  1.264648e+00  2.000000e+00
     vertex -9.464844e+00  1.064453e+00  2.000000e+00
     vertex -9.064453e+00 -1.523438e-01  2.000000e+00
   endloop
 endfacet
 facet normal  0.000000e+00  0.000000e+00  1.000000e+00
   outer loop
     vertex -9.064453e+00  1.264648e+00  2.000000e+00
     vertex -9.264649e+00  1.464844e+00  2.000000e+00
     vertex -9.464844e+00  1.064453e+00  2.000000e+00
   endloop
 endfacet
 facet normal  0.000000e+00  0.000000e+00  1.000000e+00
   outer loop
     vertex  1.235352e+00 -9.035156e+00  2.000000e+00
     vertex  4.355469e-01 -9.035156e+00  2.000000e+00
     vertex  1.035156e+00 -9.435547e+00  2.000000e+00
   endloop
 endfacet
 facet normal  0.000000e+00  0.000000e+00  1.000000e+00
   outer loop
     vertex  1.235352e+00 -9.035156e+00  2.000000e+00
     vertex  1.035156e+00 -9.435547e+00  2.000000e+00
     vertex  1.435547e+00 -9.235351e+00  2.000000e+00
   endloop
 endfacet
 facet normal  0.000000e+00  0.000000e+00  1.000000e+00
   outer loop
     vertex  1.836933e+00 -9.588375e+00  2.000000e+00
     vertex  1.435547e+00 -9.653320e+00  2.000000e+00
     vertex  1.856181e+00 -1.001109e+01  2.000000e+00
   endloop
 endfacet
 facet normal  0.000000e+00  0.000000e+00  1.000000e+00
   outer loop
     vertex -9.139124e+00  1.420694e+00  2.000000e+00
     vertex -9.264649e+00  1.464844e+00  2.000000e+00
     vertex -9.064453e+00  1.264648e+00  2.000000e+00
   endloop
 endfacet
 facet normal  0.000000e+00  0.000000e+00  1.000000e+00
   outer loop
     vertex -9.139124e+00  1.420694e+00  2.000000e+00
     vertex -9.064453e+00  1.264648e+00  2.000000e+00
     vertex -9.084046e+00  1.351161e+00  2.000000e+00
   endloop
 endfacet
 facet normal  0.000000e+00  0.000000e+00  1.000000e+00
   outer loop
     vertex -9.139124e+00  1.420694e+00  2.000000e+00
     vertex -9.198107e+00  1.453513e+00  2.000000e+00
     vertex -9.264649e+00  1.464844e+00  2.000000e+00
   endloop
 endfacet
 facet normal  0.000000e+00  0.000000e+00  1.000000e+00
   outer loop
     vertex  1.360876e+00 -9.079306e+00  2.000000e+00
     vertex  1.435547e+00 -9.235351e+00  2.000000e+00
     vertex  1.415954e+00 -9.148839e+00  2.000000e+00
   endloop
 endfacet
 facet normal  0.000000e+00  0.000000e+00  1.000000e+00
   outer loop
     vertex  1.360876e+00 -9.079306e+00  2.000000e+00
     vertex  1.301893e+00 -9.046487e+00  2.000000e+00
     vertex  1.235352e+00 -9.035156e+00  2.000000e+00
   endloop
 endfacet
 facet normal  0.000000e+00  0.000000e+00  1.000000e+00
   outer loop
     vertex  1.360876e+00 -9.079306e+00  2.000000e+00
     vertex  1.235352e+00 -9.035156e+00  2.000000e+00
     vertex  1.435547e+00 -9.235351e+00  2.000000e+00
   endloop
 endfacet
 facet normal  0.000000e+00  0.000000e+00  1.000000e+00
   outer loop
     vertex -2.964844e+00 -4.735352e+00  2.000000e+00
     vertex -2.964844e+00 -8.235352e+00  2.000000e+00
     vertex -2.564453e+00 -8.152344e+00  2.000000e+00
   endloop
 endfacet
 facet normal  0.000000e+00  0.000000e+00  1.000000e+00
   outer loop
     vertex -4.764648e+00 -2.935547e+00  2.000000e+00
     vertex -8.181641e+00 -2.535156e+00  2.000000e+00
     vertex -8.264648e+00 -2.935547e+00  2.000000e+00
   endloop
 endfacet
 facet normal  0.000000e+00  0.000000e+00  1.000000e+00
   outer loop
     vertex -9.462889e+00  1.791992e+00  2.000000e+00
     vertex -9.455453e+00  1.703601e+00  2.000000e+00
     vertex -9.410525e+00  1.627116e+00  2.000000e+00
   endloop
 endfacet
 facet normal  0.000000e+00  0.000000e+00  1.000000e+00
   outer loop
     vertex -9.462889e+00  1.791992e+00  2.000000e+00
     vertex -9.410525e+00  1.627116e+00  2.000000e+00
     vertex -9.336941e+00  1.577582e+00  2.000000e+00
   endloop
 endfacet
 facet normal  0.000000e+00  0.000000e+00  1.000000e+00
   outer loop
     vertex  1.763672e+00 -9.433594e+00  2.000000e+00
     vertex  1.535775e+00 -9.256737e+00  2.000000e+00
     vertex  1.564438e+00 -9.340682e+00  2.000000e+00
   endloop
 endfacet
 facet normal  0.000000e+00  0.000000e+00  1.000000e+00
   outer loop
     vertex  1.763672e+00 -9.433594e+00  2.000000e+00
     vertex  1.564438e+00 -9.340682e+00  2.000000e+00
     vertex  1.626584e+00 -9.403978e+00  2.000000e+00
   endloop
 endfacet
 facet normal  0.000000e+00  0.000000e+00  1.000000e+00
   outer loop
     vertex  1.763672e+00 -9.433594e+00  2.000000e+00
     vertex  1.626584e+00 -9.403978e+00  2.000000e+00
     vertex  1.692447e+00 -9.431195e+00  2.000000e+00
   endloop
 endfacet
 facet normal  0.000000e+00  0.000000e+00  1.000000e+00
   outer loop
     vertex  1.546231e+00 -9.168652e+00  2.000000e+00
     vertex  1.535775e+00 -9.256737e+00  2.000000e+00
     vertex  1.763672e+00 -9.433594e+00  2.000000e+00
   endloop
 endfacet
 facet normal  0.000000e+00  0.000000e+00  1.000000e+00
   outer loop
     vertex -9.180883e+00  1.582588e+00  2.000000e+00
     vertex -9.336941e+00  1.577582e+00  2.000000e+00
     vertex -9.249172e+00  1.564739e+00  2.000000e+00
   endloop
 endfacet
 facet normal  0.000000e+00  0.000000e+00  1.000000e+00
   outer loop
     vertex -4.657050e+00 -2.904240e+00  2.000000e+00
     vertex -4.764648e+00 -2.935547e+00  2.000000e+00
     vertex -4.696157e+00 -2.923512e+00  2.000000e+00
   endloop
 endfacet
 facet normal  0.000000e+00  0.000000e+00  1.000000e+00
   outer loop
     vertex -2.906250e+00 -4.593750e+00  2.000000e+00
     vertex -2.946130e+00 -4.650719e+00  2.000000e+00
     vertex -2.960126e+00 -4.692010e+00  2.000000e+00
   endloop
 endfacet
 facet normal  0.000000e+00  0.000000e+00  1.000000e+00
   outer loop
     vertex -2.906250e+00 -4.593750e+00  2.000000e+00
     vertex -2.960126e+00 -4.692010e+00  2.000000e+00
     vertex -2.964844e+00 -4.735352e+00  2.000000e+00
   endloop
 endfacet
 facet normal  0.000000e+00  0.000000e+00  1.000000e+00
   outer loop
     vertex -4.623047e+00 -2.876953e+00  2.000000e+00
     vertex -4.764648e+00 -2.935547e+00  2.000000e+00
     vertex -4.657050e+00 -2.904240e+00  2.000000e+00
   endloop
 endfacet
 facet normal  0.000000e+00  0.000000e+00  1.000000e+00
   outer loop
     vertex  1.593750e+00 -9.093750e+00  2.000000e+00
     vertex  1.546231e+00 -9.168652e+00  2.000000e+00
     vertex  1.763672e+00 -9.433594e+00  2.000000e+00
   endloop
 endfacet
 facet normal  0.000000e+00  0.000000e+00  1.000000e+00
   outer loop
     vertex -9.123045e+00  1.623047e+00  2.000000e+00
     vertex -9.336941e+00  1.577582e+00  2.000000e+00
     vertex -9.180883e+00  1.582588e+00  2.000000e+00
   endloop
 endfacet
 facet normal  0.000000e+00  0.000000e+00  1.000000e+00
   outer loop
     vertex -9.123045e+00  1.623047e+00  2.000000e+00
     vertex -9.462889e+00  1.791992e+00  2.000000e+00
     vertex -9.336941e+00  1.577582e+00  2.000000e+00
   endloop
 endfacet
 facet normal  0.000000e+00  0.000000e+00  1.000000e+00
   outer loop
     vertex -2.564453e+00 -4.818359e+00  2.000000e+00
     vertex -2.964844e+00 -4.735352e+00  2.000000e+00
     vertex -2.564453e+00 -8.152344e+00  2.000000e+00
   endloop
 endfacet
 facet normal  0.000000e+00  0.000000e+00  1.000000e+00
   outer loop
     vertex -2.564453e+00 -4.818359e+00  2.000000e+00
     vertex -2.906250e+00 -4.593750e+00  2.000000e+00
     vertex -2.964844e+00 -4.735352e+00  2.000000e+00
   endloop
 endfacet
 facet normal  0.000000e+00  0.000000e+00  1.000000e+00
   outer loop
     vertex -4.847656e+00 -2.535156e+00  2.000000e+00
     vertex -8.181641e+00 -2.535156e+00  2.000000e+00
     vertex -4.764648e+00 -2.935547e+00  2.000000e+00
   endloop
 endfacet
 facet normal  0.000000e+00  0.000000e+00  1.000000e+00
   outer loop
     vertex -4.847656e+00 -2.535156e+00  2.000000e+00
     vertex -4.764648e+00 -2.935547e+00  2.000000e+00
     vertex -4.623047e+00 -2.876953e+00  2.000000e+00
   endloop
 endfacet
 facet normal  0.000000e+00  0.000000e+00  1.000000e+00
   outer loop
     vertex  2.233084e+00 -9.505537e+00  2.000000e+00
     vertex  1.856181e+00 -1.001109e+01  2.000000e+00
     vertex  2.443423e+00 -9.886971e+00  2.000000e+00
   endloop
 endfacet
 facet normal  0.000000e+00  0.000000e+00  1.000000e+00
   outer loop
     vertex  2.233084e+00 -9.505537e+00  2.000000e+00
     vertex  1.836933e+00 -9.588375e+00  2.000000e+00
     vertex  1.856181e+00 -1.001109e+01  2.000000e+00
   endloop
 endfacet
 facet normal  0.000000e+00  0.000000e+00  1.000000e+00
   outer loop
     vertex -1.331190e+00 -5.924216e+00  2.000000e+00
     vertex -1.445251e+00 -5.821864e+00  2.000000e+00
     vertex -1.390173e+00 -5.891397e+00  2.000000e+00
   endloop
 endfacet
 facet normal  0.000000e+00  0.000000e+00  1.000000e+00
   outer loop
     vertex -1.264648e+00 -5.935547e+00  2.000000e+00
     vertex -1.445251e+00 -5.821864e+00  2.000000e+00
     vertex -1.331190e+00 -5.924216e+00  2.000000e+00
   endloop
 endfacet
 facet normal  0.000000e+00  0.000000e+00  1.000000e+00
   outer loop
     vertex -1.464844e+00 -5.735351e+00  2.000000e+00
     vertex -1.445251e+00 -5.821864e+00  2.000000e+00
     vertex -1.264648e+00 -5.935547e+00  2.000000e+00
   endloop
 endfacet
 facet normal  0.000000e+00  0.000000e+00  1.000000e+00
   outer loop
     vertex -9.384736e+00  2.261137e+00  2.000000e+00
     vertex -9.462889e+00  1.791992e+00  2.000000e+00
     vertex -9.123045e+00  1.623047e+00  2.000000e+00
   endloop
 endfacet
 facet normal  0.000000e+00  0.000000e+00  1.000000e+00
   outer loop
     vertex  5.351562e-01 -7.652344e+00  2.000000e+00
     vertex  9.375000e-02 -8.093750e+00  2.000000e+00
     vertex  4.355469e-01 -8.318359e+00  2.000000e+00
   endloop
 endfacet
 facet normal  0.000000e+00  0.000000e+00  1.000000e+00
   outer loop
     vertex -9.817264e+00  2.769531e+00  2.000000e+00
     vertex -9.984409e+00  2.092521e+00  2.000000e+00
     vertex -9.539926e+00  2.112363e+00  2.000000e+00
   endloop
 endfacet
 facet normal  0.000000e+00  0.000000e+00  1.000000e+00
   outer loop
     vertex  2.292583e+00 -9.337819e+00  2.000000e+00
     vertex  1.593750e+00 -9.093750e+00  2.000000e+00
     vertex  1.763672e+00 -9.433594e+00  2.000000e+00
   endloop
 endfacet
 facet normal  0.000000e+00  0.000000e+00  1.000000e+00
   outer loop
     vertex  8.769531e-01 -7.876953e+00  2.000000e+00
     vertex  5.351562e-01 -7.652344e+00  2.000000e+00
     vertex  4.355469e-01 -8.318359e+00  2.000000e+00
   endloop
 endfacet
 facet normal  0.000000e+00  0.000000e+00  1.000000e+00
   outer loop
     vertex  9.355468e-01 -7.735352e+00  2.000000e+00
     vertex  8.769531e-01 -7.876953e+00  2.000000e+00
     vertex  9.168329e-01 -7.819984e+00  2.000000e+00
   endloop
 endfacet
 facet normal  0.000000e+00  0.000000e+00  1.000000e+00
   outer loop
     vertex  9.355468e-01 -7.735352e+00  2.000000e+00
     vertex  9.168329e-01 -7.819984e+00  2.000000e+00
     vertex  9.308293e-01 -7.778694e+00  2.000000e+00
   endloop
 endfacet
 facet normal  0.000000e+00  0.000000e+00  1.000000e+00
   outer loop
     vertex  9.355468e-01 -7.735352e+00  2.000000e+00
     vertex  5.351562e-01 -7.435547e+00  2.000000e+00
     vertex  5.351562e-01 -7.652344e+00  2.000000e+00
   endloop
 endfacet
 facet normal  0.000000e+00  0.000000e+00  1.000000e+00
   outer loop
     vertex  9.355468e-01 -7.735352e+00  2.000000e+00
     vertex  5.351562e-01 -7.652344e+00  2.000000e+00
     vertex  8.769531e-01 -7.876953e+00  2.000000e+00
   endloop
 endfacet
 facet normal  0.000000e+00  0.000000e+00  1.000000e+00
   outer loop
     vertex -7.264648e+00  5.644531e-01  2.000000e+00
     vertex -7.464844e+00  7.646484e-01  2.000000e+00
     vertex -7.445251e+00  6.781356e-01  2.000000e+00
   endloop
 endfacet
 facet normal  0.000000e+00  0.000000e+00  1.000000e+00
   outer loop
     vertex -7.264648e+00  5.644531e-01  2.000000e+00
     vertex -7.445251e+00  6.781356e-01  2.000000e+00
     vertex -7.390173e+00  6.086028e-01  2.000000e+00
   endloop
 endfacet
 facet normal  0.000000e+00  0.000000e+00  1.000000e+00
   outer loop
     vertex -7.264648e+00  5.644531e-01  2.000000e+00
     vertex -7.390173e+00  6.086028e-01  2.000000e+00
     vertex -7.331190e+00  5.757839e-01  2.000000e+00
   endloop
 endfacet
 facet normal  0.000000e+00  0.000000e+00  1.000000e+00
   outer loop
     vertex  2.760288e+00 -9.365867e+00  2.000000e+00
     vertex  2.443423e+00 -9.886971e+00  2.000000e+00
     vertex  3.034202e+00 -9.721928e+00  2.000000e+00
   endloop
 endfacet
 facet normal  0.000000e+00  0.000000e+00  1.000000e+00
   outer loop
     vertex  2.760288e+00 -9.365867e+00  2.000000e+00
     vertex  2.233084e+00 -9.505537e+00  2.000000e+00
     vertex  2.443423e+00 -9.886971e+00  2.000000e+00
   endloop
 endfacet
 facet normal  0.000000e+00  0.000000e+00  1.000000e+00
   outer loop
     vertex -1.064453e+00 -5.535157e+00  2.000000e+00
     vertex -1.464844e+00 -5.735351e+00  2.000000e+00
     vertex -1.264648e+00 -5.935547e+00  2.000000e+00
   endloop
 endfacet
 facet normal  0.000000e+00  0.000000e+00  1.000000e+00
   outer loop
     vertex -1.420694e+00 -5.109827e+00  2.000000e+00
     vertex -1.453513e+00 -5.168810e+00  2.000000e+00
     vertex -1.464844e+00 -5.235352e+00  2.000000e+00
   endloop
 endfacet
 facet normal  0.000000e+00  0.000000e+00  1.000000e+00
   outer loop
     vertex -1.064453e+00 -5.435547e+00  2.000000e+00
     vertex -1.464844e+00 -5.735351e+00  2.000000e+00
     vertex -1.064453e+00 -5.535157e+00  2.000000e+00
   endloop
 endfacet
 facet normal  0.000000e+00  0.000000e+00  1.000000e+00
   outer loop
     vertex -1.064453e+00 -5.435547e+00  2.000000e+00
     vertex -1.464844e+00 -5.235352e+00  2.000000e+00
     vertex -1.464844e+00 -5.735351e+00  2.000000e+00
   endloop
 endfacet
 facet normal  0.000000e+00  0.000000e+00  1.000000e+00
   outer loop
     vertex  2.390625e+00 -8.863281e+00  2.000000e+00
     vertex  1.593750e+00 -9.093750e+00  2.000000e+00
     vertex  2.292583e+00 -9.337819e+00  2.000000e+00
   endloop
 endfacet
 facet normal  0.000000e+00  0.000000e+00  1.000000e+00
   outer loop
     vertex -5.108603e+00 -1.360876e+00  2.000000e+00
     vertex -5.264648e+00 -1.435547e+00  2.000000e+00
     vertex -5.178136e+00 -1.415954e+00  2.000000e+00
   endloop
 endfacet
 facet normal  0.000000e+00  0.000000e+00  1.000000e+00
   outer loop
     vertex -8.858398e+00  2.454102e+00  2.000000e+00
     vertex -9.384736e+00  2.261137e+00  2.000000e+00
     vertex -9.123045e+00  1.623047e+00  2.000000e+00
   endloop
 endfacet
 facet normal  0.000000e+00  0.000000e+00  1.000000e+00
   outer loop
     vertex -8.858398e+00  2.454102e+00  2.000000e+00
     vertex -9.278204e+00  2.734483e+00  2.000000e+00
     vertex -9.384736e+00  2.261137e+00  2.000000e+00
   endloop
 endfacet
 facet normal  0.000000e+00  0.000000e+00  1.000000e+00
   outer loop
     vertex  2.810277e+00 -9.205443e+00  2.000000e+00
     vertex  2.390625e+00 -8.863281e+00  2.000000e+00
     vertex  2.292583e+00 -9.337819e+00  2.000000e+00
   endloop
 endfacet
 facet normal  0.000000e+00  0.000000e+00  1.000000e+00
   outer loop
     vertex -5.075784e+00 -1.301893e+00  2.000000e+00
     vertex -5.264648e+00 -1.435547e+00  2.000000e+00
     vertex -5.108603e+00 -1.360876e+00  2.000000e+00
   endloop
 endfacet
 facet normal  0.000000e+00  0.000000e+00  1.000000e+00
   outer loop
     vertex -1.264648e+00 -5.035157e+00  2.000000e+00
     vertex -1.420694e+00 -5.109827e+00  2.000000e+00
     vertex -1.464844e+00 -5.235352e+00  2.000000e+00
   endloop
 endfacet
 facet normal  0.000000e+00  0.000000e+00  1.000000e+00
   outer loop
     vertex -1.264648e+00 -5.035157e+00  2.000000e+00
     vertex -1.464844e+00 -5.235352e+00  2.000000e+00
     vertex -1.064453e+00 -5.435547e+00  2.000000e+00
   endloop
 endfacet
 facet normal  0.000000e+00  0.000000e+00  1.000000e+00
   outer loop
     vertex -1.264648e+00 -5.035157e+00  2.000000e+00
     vertex -1.351161e+00 -5.054750e+00  2.000000e+00
     vertex -1.420694e+00 -5.109827e+00  2.000000e+00
   endloop
 endfacet
 facet normal  0.000000e+00  0.000000e+00  1.000000e+00
   outer loop
     vertex  7.353515e-01 -7.035157e+00  2.000000e+00
     vertex -5.644531e-01 -7.435547e+00  2.000000e+00
     vertex  5.351562e-01 -7.435547e+00  2.000000e+00
   endloop
 endfacet
 facet normal  0.000000e+00  0.000000e+00  1.000000e+00
   outer loop
     vertex  7.353515e-01 -7.035157e+00  2.000000e+00
     vertex -7.646484e-01 -7.035157e+00  2.000000e+00
     vertex -5.644531e-01 -7.435547e+00  2.000000e+00
   endloop
 endfacet
 facet normal  0.000000e+00  0.000000e+00  1.000000e+00
   outer loop
     vertex  9.355468e-01 -7.235351e+00  2.000000e+00
     vertex  5.351562e-01 -7.435547e+00  2.000000e+00
     vertex  9.355468e-01 -7.735352e+00  2.000000e+00
   endloop
 endfacet
 facet normal  0.000000e+00  0.000000e+00  1.000000e+00
   outer loop
     vertex  9.355468e-01 -7.235351e+00  2.000000e+00
     vertex  7.353515e-01 -7.035157e+00  2.000000e+00
     vertex  5.351562e-01 -7.435547e+00  2.000000e+00
   endloop
 endfacet
 facet normal  0.000000e+00  0.000000e+00  1.000000e+00
   outer loop
     vertex -5.064453e+00 -1.235352e+00  2.000000e+00
     vertex -5.264648e+00 -1.435547e+00  2.000000e+00
     vertex -5.075784e+00 -1.301893e+00  2.000000e+00
   endloop
 endfacet
 facet normal  0.000000e+00  0.000000e+00  1.000000e+00
   outer loop
     vertex -5.064453e+00 -1.235352e+00  2.000000e+00
     vertex -5.464844e+00 -1.035156e+00  2.000000e+00
     vertex -5.264648e+00 -1.435547e+00  2.000000e+00
   endloop
 endfacet
 facet normal  0.000000e+00  0.000000e+00  1.000000e+00
   outer loop
     vertex -5.064453e+00 -1.235352e+00  2.000000e+00
     vertex -5.464844e+00 -9.355468e-01  2.000000e+00
     vertex -5.464844e+00 -1.035156e+00  2.000000e+00
   endloop
 endfacet
 facet normal  0.000000e+00  0.000000e+00  1.000000e+00
   outer loop
     vertex -9.639516e+00  3.349088e+00  2.000000e+00
     vertex -9.817264e+00  2.769531e+00  2.000000e+00
     vertex -9.384410e+00  2.727960e+00  2.000000e+00
   endloop
 endfacet
 facet normal  0.000000e+00  0.000000e+00  1.000000e+00
   outer loop
     vertex  8.608760e-01 -7.079306e+00  2.000000e+00
     vertex  9.355468e-01 -7.235351e+00  2.000000e+00
     vertex  9.159537e-01 -7.148839e+00  2.000000e+00
   endloop
 endfacet
 facet normal  0.000000e+00  0.000000e+00  1.000000e+00
   outer loop
     vertex  8.608760e-01 -7.079306e+00  2.000000e+00
     vertex  8.018926e-01 -7.046487e+00  2.000000e+00
     vertex  7.353515e-01 -7.035157e+00  2.000000e+00
   endloop
 endfacet
 facet normal  0.000000e+00  0.000000e+00  1.000000e+00
   outer loop
     vertex  8.608760e-01 -7.079306e+00  2.000000e+00
     vertex  7.353515e-01 -7.035157e+00  2.000000e+00
     vertex  9.355468e-01 -7.235351e+00  2.000000e+00
   endloop
 endfacet
 facet normal  0.000000e+00  0.000000e+00  1.000000e+00
   outer loop
     vertex -7.064453e+00  9.648438e-01  2.000000e+00
     vertex -7.464844e+00  7.646484e-01  2.000000e+00
     vertex -7.264648e+00  5.644531e-01  2.000000e+00
   endloop
 endfacet
 facet normal  0.000000e+00  0.000000e+00  1.000000e+00
   outer loop
     vertex -7.064453e+00  9.648438e-01  2.000000e+00
     vertex -7.464844e+00  1.264648e+00  2.000000e+00
     vertex -7.464844e+00  7.646484e-01  2.000000e+00
   endloop
 endfacet
 facet normal  0.000000e+00  0.000000e+00  1.000000e+00
   outer loop
     vertex -7.406250e+00  1.406250e+00  2.000000e+00
     vertex -7.446130e+00  1.349281e+00  2.000000e+00
     vertex -7.460126e+00  1.307991e+00  2.000000e+00
   endloop
 endfacet
 facet normal  0.000000e+00  0.000000e+00  1.000000e+00
   outer loop
     vertex -7.406250e+00  1.406250e+00  2.000000e+00
     vertex -7.460126e+00  1.307991e+00  2.000000e+00
     vertex -7.464844e+00  1.264648e+00  2.000000e+00
   endloop
 endfacet
 facet normal  0.000000e+00  0.000000e+00  1.000000e+00
   outer loop
     vertex  2.805646e+00 -8.747774e+00  2.000000e+00
     vertex  2.390625e+00 -8.863281e+00  2.000000e+00
     vertex  2.810277e+00 -9.205443e+00  2.000000e+00
   endloop
 endfacet
 facet normal  0.000000e+00  0.000000e+00  1.000000e+00
   outer loop
     vertex  3.283140e+00 -9.193231e+00  2.000000e+00
     vertex  2.760288e+00 -9.365867e+00  2.000000e+00
     vertex  3.034202e+00 -9.721928e+00  2.000000e+00
   endloop
 endfacet
 facet normal  0.000000e+00  0.000000e+00  1.000000e+00
   outer loop
     vertex -9.205545e+00  3.305290e+00  2.000000e+00
     vertex -9.639516e+00  3.349088e+00  2.000000e+00
     vertex -9.384410e+00  2.727960e+00  2.000000e+00
   endloop
 endfacet
 facet normal  0.000000e+00  0.000000e+00  1.000000e+00
   outer loop
     vertex  3.618724e+00 -9.517513e+00  2.000000e+00
     vertex  3.283140e+00 -9.193231e+00  2.000000e+00
     vertex  3.034202e+00 -9.721928e+00  2.000000e+00
   endloop
 endfacet
 facet normal  0.000000e+00  0.000000e+00  1.000000e+00
   outer loop
     vertex -7.064453e+00  1.181641e+00  2.000000e+00
     vertex -7.406250e+00  1.406250e+00  2.000000e+00
     vertex -7.464844e+00  1.264648e+00  2.000000e+00
   endloop
 endfacet
 facet normal  0.000000e+00  0.000000e+00  1.000000e+00
   outer loop
     vertex -7.064453e+00  1.181641e+00  2.000000e+00
     vertex -7.464844e+00  1.264648e+00  2.000000e+00
     vertex -7.064453e+00  9.648438e-01  2.000000e+00
   endloop
 endfacet
 facet normal  0.000000e+00  0.000000e+00  1.000000e+00
   outer loop
     vertex -5.064453e+00 -7.353515e-01  2.000000e+00
     vertex -5.464844e+00 -9.355468e-01  2.000000e+00
     vertex -5.064453e+00 -1.235352e+00  2.000000e+00
   endloop
 endfacet
 facet normal  0.000000e+00  0.000000e+00  1.000000e+00
   outer loop
     vertex -5.064453e+00 -7.353515e-01  2.000000e+00
     vertex -5.264649e+00 -5.351563e-01  2.000000e+00
     vertex -5.464844e+00 -9.355468e-01  2.000000e+00
   endloop
 endfacet
 facet normal  0.000000e+00  0.000000e+00  1.000000e+00
   outer loop
     vertex -5.139124e+00 -5.793059e-01  2.000000e+00
     vertex -5.064453e+00 -7.353515e-01  2.000000e+00
     vertex -5.084046e+00 -6.488388e-01  2.000000e+00
   endloop
 endfacet
 facet normal  0.000000e+00  0.000000e+00  1.000000e+00
   outer loop
     vertex -5.139124e+00 -5.793059e-01  2.000000e+00
     vertex -5.198107e+00 -5.464871e-01  2.000000e+00
     vertex -5.264649e+00 -5.351563e-01  2.000000e+00
   endloop
 endfacet
 facet normal  0.000000e+00  0.000000e+00  1.000000e+00
   outer loop
     vertex -5.139124e+00 -5.793059e-01  2.000000e+00
     vertex -5.264649e+00 -5.351563e-01  2.000000e+00
     vertex -5.064453e+00 -7.353515e-01  2.000000e+00
   endloop
 endfacet
 facet normal  0.000000e+00  0.000000e+00  1.000000e+00
   outer loop
     vertex  3.340572e+00 -9.029675e+00  2.000000e+00
     vertex  2.805646e+00 -8.747774e+00  2.000000e+00
     vertex  2.810277e+00 -9.205443e+00  2.000000e+00
   endloop
 endfacet
 facet normal  0.000000e+00  0.000000e+00  1.000000e+00
   outer loop
     vertex -8.708465e+00  3.029304e+00  2.000000e+00
     vertex -9.278204e+00  2.734483e+00  2.000000e+00
     vertex -8.858398e+00  2.454102e+00  2.000000e+00
   endloop
 endfacet
 facet normal  0.000000e+00  0.000000e+00  1.000000e+00
   outer loop
     vertex -8.708465e+00  3.029304e+00  2.000000e+00
     vertex -9.115278e+00  3.294150e+00  2.000000e+00
     vertex -9.278204e+00  2.734483e+00  2.000000e+00
   endloop
 endfacet
 facet normal  0.000000e+00  0.000000e+00  1.000000e+00
   outer loop
     vertex -1.681641e+00 -3.935547e+00  2.000000e+00
     vertex -2.906250e+00 -4.593750e+00  2.000000e+00
     vertex -2.564453e+00 -4.818359e+00  2.000000e+00
   endloop
 endfacet
 facet normal  0.000000e+00  0.000000e+00  1.000000e+00
   outer loop
     vertex -3.964844e+00 -1.652344e+00  2.000000e+00
     vertex -4.847656e+00 -2.535156e+00  2.000000e+00
     vertex -4.623047e+00 -2.876953e+00  2.000000e+00
   endloop
 endfacet
 facet normal  0.000000e+00  0.000000e+00  1.000000e+00
   outer loop
     vertex  2.535156e+00 -8.152344e+00  2.000000e+00
     vertex  1.593750e+00 -9.093750e+00  2.000000e+00
     vertex  2.390625e+00 -8.863281e+00  2.000000e+00
   endloop
 endfacet
 facet normal  0.000000e+00  0.000000e+00  1.000000e+00
   outer loop
     vertex -8.181639e+00  2.564453e+00  2.000000e+00
     vertex -8.858398e+00  2.454102e+00  2.000000e+00
     vertex -9.123045e+00  1.623047e+00  2.000000e+00
   endloop
 endfacet
 facet normal  0.000000e+00  0.000000e+00  1.000000e+00
   outer loop
     vertex -9.436283e+00  3.902449e+00  2.000000e+00
     vertex -9.639516e+00  3.349088e+00  2.000000e+00
     vertex -9.205545e+00  3.305290e+00  2.000000e+00
   endloop
 endfacet
 facet normal  0.000000e+00  0.000000e+00  1.000000e+00
   outer loop
     vertex -3.623047e+00 -1.876953e+00  2.000000e+00
     vertex -3.964844e+00 -1.652344e+00  2.000000e+00
     vertex -4.623047e+00 -2.876953e+00  2.000000e+00
   endloop
 endfacet
 facet normal  0.000000e+00  0.000000e+00  1.000000e+00
   outer loop
     vertex -1.906250e+00 -3.593750e+00  2.000000e+00
     vertex -2.906250e+00 -4.593750e+00  2.000000e+00
     vertex -1.681641e+00 -3.935547e+00  2.000000e+00
   endloop
 endfacet
 facet normal  0.000000e+00  0.000000e+00  1.000000e+00
   outer loop
     vertex -8.406250e+00  2.906250e+00  2.000000e+00
     vertex -8.858398e+00  2.454102e+00  2.000000e+00
     vertex -8.181639e+00  2.564453e+00  2.000000e+00
   endloop
 endfacet
 facet normal  0.000000e+00  0.000000e+00  1.000000e+00
   outer loop
     vertex  3.213320e+00 -8.610083e+00  2.000000e+00
     vertex  2.805646e+00 -8.747774e+00  2.000000e+00
     vertex  3.340572e+00 -9.029675e+00  2.000000e+00
   endloop
 endfacet
 facet normal  0.000000e+00  0.000000e+00  1.000000e+00
   outer loop
     vertex -1.833140e+00 -3.547191e+00  2.000000e+00
     vertex -1.872247e+00 -3.566463e+00  2.000000e+00
     vertex -1.906250e+00 -3.593750e+00  2.000000e+00
   endloop
 endfacet
 facet normal  0.000000e+00  0.000000e+00  1.000000e+00
   outer loop
     vertex -8.264648e+00  2.964844e+00  2.000000e+00
     vertex -8.406250e+00  2.906250e+00  2.000000e+00
     vertex -8.181639e+00  2.564453e+00  2.000000e+00
   endloop
 endfacet
 facet normal  0.000000e+00  0.000000e+00  1.000000e+00
   outer loop
     vertex -8.264648e+00  2.964844e+00  2.000000e+00
     vertex -8.333140e+00  2.952809e+00  2.000000e+00
     vertex -8.372247e+00  2.933537e+00  2.000000e+00
   endloop
 endfacet
 facet normal  0.000000e+00  0.000000e+00  1.000000e+00
   outer loop
     vertex -8.264648e+00  2.964844e+00  2.000000e+00
     vertex -8.372247e+00  2.933537e+00  2.000000e+00
     vertex -8.406250e+00  2.906250e+00  2.000000e+00
   endloop
 endfacet
 facet normal  0.000000e+00  0.000000e+00  1.000000e+00
   outer loop
     vertex -1.764648e+00 -3.535156e+00  2.000000e+00
     vertex -1.906250e+00 -3.593750e+00  2.000000e+00
     vertex -1.681641e+00 -3.935547e+00  2.000000e+00
   endloop
 endfacet
 facet normal  0.000000e+00  0.000000e+00  1.000000e+00
   outer loop
     vertex -1.764648e+00 -3.535156e+00  2.000000e+00
     vertex -1.833140e+00 -3.547191e+00  2.000000e+00
     vertex -1.906250e+00 -3.593750e+00  2.000000e+00
   endloop
 endfacet
 facet normal  0.000000e+00  0.000000e+00  1.000000e+00
   outer loop
     vertex  2.935547e+00 -8.235352e+00  2.000000e+00
     vertex  2.535156e+00 -8.152344e+00  2.000000e+00
     vertex  2.876953e+00 -8.376953e+00  2.000000e+00
   endloop
 endfacet
 facet normal  0.000000e+00  0.000000e+00  1.000000e+00
   outer loop
     vertex  2.935547e+00 -8.235352e+00  2.000000e+00
     vertex  2.876953e+00 -8.376953e+00  2.000000e+00
     vertex  2.916833e+00 -8.319984e+00  2.000000e+00
   endloop
 endfacet
 facet normal  0.000000e+00  0.000000e+00  1.000000e+00
   outer loop
     vertex  2.935547e+00 -8.235352e+00  2.000000e+00
     vertex  2.916833e+00 -8.319984e+00  2.000000e+00
     vertex  2.930829e+00 -8.278694e+00  2.000000e+00
   endloop
 endfacet
 facet normal  0.000000e+00  0.000000e+00  1.000000e+00
   outer loop
     vertex -3.564453e+00 -1.735352e+00  2.000000e+00
     vertex -3.964844e+00 -1.652344e+00  2.000000e+00
     vertex -3.623047e+00 -1.876953e+00  2.000000e+00
   endloop
 endfacet
 facet normal  0.000000e+00  0.000000e+00  1.000000e+00
   outer loop
     vertex -3.564453e+00 -1.735352e+00  2.000000e+00
     vertex -3.623047e+00 -1.876953e+00  2.000000e+00
     vertex -3.583167e+00 -1.819984e+00  2.000000e+00
   endloop
 endfacet
 facet normal  0.000000e+00  0.000000e+00  1.000000e+00
   outer loop
     vertex -3.564453e+00 -1.735352e+00  2.000000e+00
     vertex -3.583167e+00 -1.819984e+00  2.000000e+00
     vertex -3.569171e+00 -1.778694e+00  2.000000e+00
   endloop
 endfacet
 facet normal  0.000000e+00  0.000000e+00  1.000000e+00
   outer loop
     vertex  3.799997e+00 -8.987843e+00  2.000000e+00
     vertex  3.283140e+00 -9.193231e+00  2.000000e+00
     vertex  3.618724e+00 -9.517513e+00  2.000000e+00
   endloop
 endfacet
 facet normal  0.000000e+00  0.000000e+00  1.000000e+00
   outer loop
     vertex -9.002984e+00  3.851266e+00  2.000000e+00
     vertex -9.436283e+00  3.902449e+00  2.000000e+00
     vertex -9.205545e+00  3.305290e+00  2.000000e+00
   endloop
 endfacet
 facet normal  0.000000e+00  0.000000e+00  1.000000e+00
   outer loop
     vertex -6.964843e+00  1.847656e+00  2.000000e+00
     vertex -7.406250e+00  1.406250e+00  2.000000e+00
     vertex -7.064453e+00  1.181641e+00  2.000000e+00
   endloop
 endfacet
 facet normal  0.000000e+00  0.000000e+00  1.000000e+00
   outer loop
     vertex  4.194974e+00 -9.274010e+00  2.000000e+00
     vertex  3.799997e+00 -8.987843e+00  2.000000e+00
     vertex  3.618724e+00 -9.517513e+00  2.000000e+00
   endloop
 endfacet
 facet normal  0.000000e+00  0.000000e+00  1.000000e+00
   outer loop
     vertex -5.964844e+00  9.648438e-01  2.000000e+00
     vertex -7.064453e+00  9.648438e-01  2.000000e+00
     vertex -7.264648e+00  5.644531e-01  2.000000e+00
   endloop
 endfacet
 facet normal  0.000000e+00  0.000000e+00  1.000000e+00
   outer loop
     vertex -5.964844e+00  9.648438e-01  2.000000e+00
     vertex -7.264648e+00  5.644531e-01  2.000000e+00
     vertex -5.764648e+00  5.644531e-01  2.000000e+00
   endloop
 endfacet
 facet normal  0.000000e+00  0.000000e+00  1.000000e+00
   outer loop
     vertex -6.623047e+00  1.623047e+00  2.000000e+00
     vertex -6.964843e+00  1.847656e+00  2.000000e+00
     vertex -7.064453e+00  1.181641e+00  2.000000e+00
   endloop
 endfacet
 facet normal  0.000000e+00  0.000000e+00  1.000000e+00
   outer loop
     vertex  3.870183e+00 -8.812653e+00  2.000000e+00
     vertex  3.213320e+00 -8.610083e+00  2.000000e+00
     vertex  3.340572e+00 -9.029675e+00  2.000000e+00
   endloop
 endfacet
 facet normal  0.000000e+00  0.000000e+00  1.000000e+00
   outer loop
     vertex -8.519464e+00  3.604875e+00  2.000000e+00
     vertex -9.115278e+00  3.294150e+00  2.000000e+00
     vertex -8.708465e+00  3.029304e+00  2.000000e+00
   endloop
 endfacet
 facet normal  0.000000e+00  0.000000e+00  1.000000e+00
   outer loop
     vertex -8.519464e+00  3.604875e+00  2.000000e+00
     vertex -8.914772e+00  3.842588e+00  2.000000e+00
     vertex -9.115278e+00  3.294150e+00  2.000000e+00
   endloop
 endfacet
 facet normal  0.000000e+00  0.000000e+00  1.000000e+00
   outer loop
     vertex -5.575784e+00  6.981071e-01  2.000000e+00
     vertex -5.764648e+00  5.644531e-01  2.000000e+00
     vertex -5.678136e+00  5.840461e-01  2.000000e+00
   endloop
 endfacet
 facet normal  0.000000e+00  0.000000e+00  1.000000e+00
   outer loop
     vertex -5.575784e+00  6.981071e-01  2.000000e+00
     vertex -5.678136e+00  5.840461e-01  2.000000e+00
     vertex -5.608603e+00  6.391235e-01  2.000000e+00
   endloop
 endfacet
 facet normal  0.000000e+00  0.000000e+00  1.000000e+00
   outer loop
     vertex -6.564453e+00  1.764648e+00  2.000000e+00
     vertex -6.623047e+00  1.623047e+00  2.000000e+00
     vertex -6.583167e+00  1.680016e+00  2.000000e+00
   endloop
 endfacet
 facet normal  0.000000e+00  0.000000e+00  1.000000e+00
   outer loop
     vertex -6.564453e+00  1.764648e+00  2.000000e+00
     vertex -6.583167e+00  1.680016e+00  2.000000e+00
     vertex -6.569171e+00  1.721306e+00  2.000000e+00
   endloop
 endfacet
 facet normal  0.000000e+00  0.000000e+00  1.000000e+00
   outer loop
     vertex -6.564453e+00  1.764648e+00  2.000000e+00
     vertex -6.964843e+00  1.847656e+00  2.000000e+00
     vertex -6.623047e+00  1.623047e+00  2.000000e+00
   endloop
 endfacet
 facet normal  0.000000e+00  0.000000e+00  1.000000e+00
   outer loop
     vertex -5.564453e+00  7.646484e-01  2.000000e+00
     vertex -5.764648e+00  5.644531e-01  2.000000e+00
     vertex -5.575784e+00  6.981071e-01  2.000000e+00
   endloop
 endfacet
 facet normal  0.000000e+00  0.000000e+00  1.000000e+00
   outer loop
     vertex -5.564453e+00  7.646484e-01  2.000000e+00
     vertex -5.964844e+00  9.648438e-01  2.000000e+00
     vertex -5.764648e+00  5.644531e-01  2.000000e+00
   endloop
 endfacet
 facet normal  0.000000e+00  0.000000e+00  1.000000e+00
   outer loop
     vertex -9.207701e+00  4.431429e+00  2.000000e+00
     vertex -9.436283e+00  3.902449e+00  2.000000e+00
     vertex -9.002984e+00  3.851266e+00  2.000000e+00
   endloop
 endfacet
 facet normal  0.000000e+00  0.000000e+00  1.000000e+00
   outer loop
     vertex  3.701203e+00 -8.413015e+00  2.000000e+00
     vertex  3.213320e+00 -8.610083e+00  2.000000e+00
     vertex  3.870183e+00 -8.812653e+00  2.000000e+00
   endloop
 endfacet
 facet normal  0.000000e+00  0.000000e+00  1.000000e+00
   outer loop
     vertex -6.464844e+00  1.764648e+00  2.000000e+00
     vertex -6.452809e+00  1.696157e+00  2.000000e+00
     vertex -6.433537e+00  1.657050e+00  2.000000e+00
   endloop
 endfacet
 facet normal  0.000000e+00  0.000000e+00  1.000000e+00
   outer loop
     vertex -6.464844e+00  1.764648e+00  2.000000e+00
     vertex -6.433537e+00  1.657050e+00  2.000000e+00
     vertex -6.406250e+00  1.623047e+00  2.000000e+00
   endloop
 endfacet
 facet normal  0.000000e+00  0.000000e+00  1.000000e+00
   outer loop
     vertex -8.777175e+00  4.368101e+00  2.000000e+00
     vertex -9.207701e+00  4.431429e+00  2.000000e+00
     vertex -9.002984e+00  3.851266e+00  2.000000e+00
   endloop
 endfacet
 facet normal  0.000000e+00  0.000000e+00  1.000000e+00
   outer loop
     vertex -6.964843e+00  2.564453e+00  2.000000e+00
     vertex -8.264648e+00  2.964844e+00  2.000000e+00
     vertex -8.181639e+00  2.564453e+00  2.000000e+00
   endloop
 endfacet
 facet normal  0.000000e+00  0.000000e+00  1.000000e+00
   outer loop
     vertex -6.964843e+00  2.564453e+00  2.000000e+00
     vertex -6.964843e+00  1.847656e+00  2.000000e+00
     vertex -6.564453e+00  1.764648e+00  2.000000e+00
   endloop
 endfacet
 facet normal  0.000000e+00  0.000000e+00  1.000000e+00
   outer loop
     vertex -5.564453e+00  1.264648e+00  2.000000e+00
     vertex -5.964844e+00  1.181641e+00  2.000000e+00
     vertex -5.964844e+00  9.648438e-01  2.000000e+00
   endloop
 endfacet
 facet normal  0.000000e+00  0.000000e+00  1.000000e+00
   outer loop
     vertex -5.564453e+00  1.264648e+00  2.000000e+00
     vertex -5.964844e+00  9.648438e-01  2.000000e+00
     vertex -5.564453e+00  7.646484e-01  2.000000e+00
   endloop
 endfacet
 facet normal  0.000000e+00  0.000000e+00  1.000000e+00
   outer loop
     vertex  4.760642e+00 -8.991934e+00  2.000000e+00
     vertex  4.308996e+00 -8.750112e+00  2.000000e+00
     vertex  4.194974e+00 -9.274010e+00  2.000000e+00
   endloop
 endfacet
 facet normal  0.000000e+00  0.000000e+00  1.000000e+00
   outer loop
     vertex -5.623047e+00  1.406250e+00  2.000000e+00
     vertex -5.564453e+00  1.264648e+00  2.000000e+00
     vertex -5.576488e+00  1.333140e+00  2.000000e+00
   endloop
 endfacet
 facet normal  0.000000e+00  0.000000e+00  1.000000e+00
   outer loop
     vertex -5.623047e+00  1.406250e+00  2.000000e+00
     vertex -5.576488e+00  1.333140e+00  2.000000e+00
     vertex -5.595760e+00  1.372247e+00  2.000000e+00
   endloop
 endfacet
 facet normal  0.000000e+00  0.000000e+00  1.000000e+00
   outer loop
     vertex -5.623047e+00  1.406250e+00  2.000000e+00
     vertex -5.964844e+00  1.181641e+00  2.000000e+00
     vertex -5.564453e+00  1.264648e+00  2.000000e+00
   endloop
 endfacet
 facet normal  0.000000e+00  0.000000e+00  1.000000e+00
   outer loop
     vertex -6.064453e+00  1.847656e+00  2.000000e+00
     vertex -5.964844e+00  1.181641e+00  2.000000e+00
     vertex -5.623047e+00  1.406250e+00  2.000000e+00
   endloop
 endfacet
 facet normal  0.000000e+00  0.000000e+00  1.000000e+00
   outer loop
     vertex -6.064453e+00  1.847656e+00  2.000000e+00
     vertex -6.406250e+00  1.623047e+00  2.000000e+00
     vertex -5.964844e+00  1.181641e+00  2.000000e+00
   endloop
 endfacet
 facet normal  0.000000e+00  0.000000e+00  1.000000e+00
   outer loop
     vertex -6.064453e+00  1.847656e+00  2.000000e+00
     vertex -6.464844e+00  1.764648e+00  2.000000e+00
     vertex -6.406250e+00  1.623047e+00  2.000000e+00
   endloop
 endfacet
 facet normal  0.000000e+00  0.000000e+00  1.000000e+00
   outer loop
     vertex -8.318548e+00  4.105047e+00  2.000000e+00
     vertex -8.914772e+00  3.842588e+00  2.000000e+00
     vertex -8.519464e+00  3.604875e+00  2.000000e+00
   endloop
 endfacet
 facet normal  0.000000e+00  0.000000e+00  1.000000e+00
   outer loop
     vertex -8.318548e+00  4.105047e+00  2.000000e+00
     vertex -8.677769e+00  4.376737e+00  2.000000e+00
     vertex -8.914772e+00  3.842588e+00  2.000000e+00
   endloop
 endfacet
 facet normal  0.000000e+00  0.000000e+00  1.000000e+00
   outer loop
     vertex -8.953654e+00  4.937738e+00  2.000000e+00
     vertex -9.207701e+00  4.431429e+00  2.000000e+00
     vertex -8.777175e+00  4.368101e+00  2.000000e+00
   endloop
 endfacet
 facet normal  0.000000e+00  0.000000e+00  1.000000e+00
   outer loop
     vertex  4.185276e+00 -8.181504e+00  2.000000e+00
     vertex  3.701203e+00 -8.413015e+00  2.000000e+00
     vertex  3.870183e+00 -8.812653e+00  2.000000e+00
   endloop
 endfacet
 facet normal  0.000000e+00  0.000000e+00  1.000000e+00
   outer loop
     vertex  4.185276e+00 -8.181504e+00  2.000000e+00
     vertex  3.870183e+00 -8.812653e+00  2.000000e+00
     vertex  4.397562e+00 -8.554001e+00  2.000000e+00
   endloop
 endfacet
 facet normal  0.000000e+00  0.000000e+00  1.000000e+00
   outer loop
     vertex -6.764649e+00  2.964844e+00  2.000000e+00
     vertex -8.264648e+00  2.964844e+00  2.000000e+00
     vertex -6.964843e+00  2.564453e+00  2.000000e+00
   endloop
 endfacet
 facet normal  0.000000e+00  0.000000e+00  1.000000e+00
   outer loop
     vertex -6.564453e+00  2.764648e+00  2.000000e+00
     vertex -6.964843e+00  2.564453e+00  2.000000e+00
     vertex -6.564453e+00  1.764648e+00  2.000000e+00
   endloop
 endfacet
 facet normal  0.000000e+00  0.000000e+00  1.000000e+00
   outer loop
     vertex -6.564453e+00  2.764648e+00  2.000000e+00
     vertex -6.764649e+00  2.964844e+00  2.000000e+00
     vertex -6.964843e+00  2.564453e+00  2.000000e+00
   endloop
 endfacet
 facet normal  0.000000e+00  0.000000e+00  1.000000e+00
   outer loop
     vertex  2.535156e+00 -6.318360e+00  2.000000e+00
     vertex  2.535156e+00 -8.152344e+00  2.000000e+00
     vertex  2.935547e+00 -8.235352e+00  2.000000e+00
   endloop
 endfacet
 facet normal  0.000000e+00  0.000000e+00  1.000000e+00
   outer loop
     vertex -6.639124e+00  2.920694e+00  2.000000e+00
     vertex -6.764649e+00  2.964844e+00  2.000000e+00
     vertex -6.564453e+00  2.764648e+00  2.000000e+00
   endloop
 endfacet
 facet normal  0.000000e+00  0.000000e+00  1.000000e+00
   outer loop
     vertex -6.639124e+00  2.920694e+00  2.000000e+00
     vertex -6.564453e+00  2.764648e+00  2.000000e+00
     vertex -6.584046e+00  2.851161e+00  2.000000e+00
   endloop
 endfacet
 facet normal  0.000000e+00  0.000000e+00  1.000000e+00
   outer loop
     vertex -6.639124e+00  2.920694e+00  2.000000e+00
     vertex -6.698107e+00  2.953513e+00  2.000000e+00
     vertex -6.764649e+00  2.964844e+00  2.000000e+00
   endloop
 endfacet
 facet normal  0.000000e+00  0.000000e+00  1.000000e+00
   outer loop
     vertex -8.093215e+00  4.576291e+00  2.000000e+00
     vertex -8.677769e+00  4.376737e+00  2.000000e+00
     vertex -8.318548e+00  4.105047e+00  2.000000e+00
   endloop
 endfacet
 facet normal  0.000000e+00  0.000000e+00  1.000000e+00
   outer loop
     vertex -8.405310e+00  4.894173e+00  2.000000e+00
     vertex -8.677769e+00  4.376737e+00  2.000000e+00
     vertex -8.093215e+00  4.576291e+00  2.000000e+00
   endloop
 endfacet
 facet normal  0.000000e+00  0.000000e+00  1.000000e+00
   outer loop
     vertex -6.064453e+00  2.564453e+00  2.000000e+00
     vertex -6.464844e+00  1.764648e+00  2.000000e+00
     vertex -6.064453e+00  1.847656e+00  2.000000e+00
   endloop
 endfacet
 facet normal  0.000000e+00  0.000000e+00  1.000000e+00
   outer loop
     vertex -6.064453e+00  2.564453e+00  2.000000e+00
     vertex -6.464844e+00  2.764648e+00  2.000000e+00
     vertex -6.464844e+00  1.764648e+00  2.000000e+00
   endloop
 endfacet
 facet normal  0.000000e+00  0.000000e+00  1.000000e+00
   outer loop
     vertex  5.313133e+00 -8.672091e+00  2.000000e+00
     vertex  4.808061e+00 -8.480687e+00  2.000000e+00
     vertex  4.760642e+00 -8.991934e+00  2.000000e+00
   endloop
 endfacet
 facet normal  0.000000e+00  0.000000e+00  1.000000e+00
   outer loop
     vertex -6.264648e+00  2.964844e+00  2.000000e+00
     vertex -6.464844e+00  2.764648e+00  2.000000e+00
     vertex -6.064453e+00  2.564453e+00  2.000000e+00
   endloop
 endfacet
 facet normal  0.000000e+00  0.000000e+00  1.000000e+00
   outer loop
     vertex -6.264648e+00  2.964844e+00  2.000000e+00
     vertex -6.351161e+00  2.945251e+00  2.000000e+00
     vertex -6.420694e+00  2.890173e+00  2.000000e+00
   endloop
 endfacet
 facet normal  0.000000e+00  0.000000e+00  1.000000e+00
   outer loop
     vertex -6.264648e+00  2.964844e+00  2.000000e+00
     vertex -6.420694e+00  2.890173e+00  2.000000e+00
     vertex -6.453513e+00  2.831190e+00  2.000000e+00
   endloop
 endfacet
 facet normal  0.000000e+00  0.000000e+00  1.000000e+00
   outer loop
     vertex -6.264648e+00  2.964844e+00  2.000000e+00
     vertex -6.453513e+00  2.831190e+00  2.000000e+00
     vertex -6.464844e+00  2.764648e+00  2.000000e+00
   endloop
 endfacet
 facet normal  0.000000e+00  0.000000e+00  1.000000e+00
   outer loop
     vertex  2.935547e+00 -6.235351e+00  2.000000e+00
     vertex  2.535156e+00 -6.318360e+00  2.000000e+00
     vertex  2.935547e+00 -8.235352e+00  2.000000e+00
   endloop
 endfacet
 facet normal  0.000000e+00  0.000000e+00  1.000000e+00
   outer loop
     vertex  4.662921e+00 -7.916154e+00  2.000000e+00
     vertex  4.185276e+00 -8.181504e+00  2.000000e+00
     vertex  4.397562e+00 -8.554001e+00  2.000000e+00
   endloop
 endfacet
 facet normal  0.000000e+00  0.000000e+00  1.000000e+00
   outer loop
     vertex -8.673758e+00  5.422983e+00  2.000000e+00
     vertex -8.953654e+00  4.937738e+00  2.000000e+00
     vertex -8.499284e+00  4.910636e+00  2.000000e+00
   endloop
 endfacet
 facet normal  0.000000e+00  0.000000e+00  1.000000e+00
   outer loop
     vertex  2.904240e+00 -6.127753e+00  2.000000e+00
     vertex  2.935547e+00 -6.235351e+00  2.000000e+00
     vertex  2.923512e+00 -6.166860e+00  2.000000e+00
   endloop
 endfacet
 facet normal  0.000000e+00  0.000000e+00  1.000000e+00
   outer loop
     vertex  2.376953e+00 -5.593750e+00  2.000000e+00
     vertex  2.235352e+00 -5.535157e+00  2.000000e+00
     vertex  2.152344e+00 -5.935547e+00  2.000000e+00
   endloop
 endfacet
 facet normal  0.000000e+00  0.000000e+00  1.000000e+00
   outer loop
     vertex  2.376953e+00 -5.593750e+00  2.000000e+00
     vertex  2.319984e+00 -5.553870e+00  2.000000e+00
     vertex  2.278694e+00 -5.539874e+00  2.000000e+00
   endloop
 endfacet
 facet normal  0.000000e+00  0.000000e+00  1.000000e+00
   outer loop
     vertex  2.376953e+00 -5.593750e+00  2.000000e+00
     vertex  2.278694e+00 -5.539874e+00  2.000000e+00
     vertex  2.235352e+00 -5.535157e+00  2.000000e+00
   endloop
 endfacet
 facet normal  0.000000e+00  0.000000e+00  1.000000e+00
   outer loop
     vertex  2.876953e+00 -6.093750e+00  2.000000e+00
     vertex  2.535156e+00 -6.318360e+00  2.000000e+00
     vertex  2.935547e+00 -6.235351e+00  2.000000e+00
   endloop
 endfacet
 facet normal  0.000000e+00  0.000000e+00  1.000000e+00
   outer loop
     vertex  2.876953e+00 -6.093750e+00  2.000000e+00
     vertex  2.376953e+00 -5.593750e+00  2.000000e+00
     vertex  2.152344e+00 -5.935547e+00  2.000000e+00
   endloop
 endfacet
 facet normal  0.000000e+00  0.000000e+00  1.000000e+00
   outer loop
     vertex  2.876953e+00 -6.093750e+00  2.000000e+00
     vertex  2.935547e+00 -6.235351e+00  2.000000e+00
     vertex  2.904240e+00 -6.127753e+00  2.000000e+00
   endloop
 endfacet
 facet normal  0.000000e+00  0.000000e+00  1.000000e+00
   outer loop
     vertex  2.876953e+00 -6.093750e+00  2.000000e+00
     vertex  2.152344e+00 -5.935547e+00  2.000000e+00
     vertex  2.535156e+00 -6.318360e+00  2.000000e+00
   endloop
 endfacet
 facet normal  0.000000e+00  0.000000e+00  1.000000e+00
   outer loop
     vertex -7.843316e+00  5.021594e+00  2.000000e+00
     vertex -8.405310e+00  4.894173e+00  2.000000e+00
     vertex -8.093215e+00  4.576291e+00  2.000000e+00
   endloop
 endfacet
 facet normal  0.000000e+00  0.000000e+00  1.000000e+00
   outer loop
     vertex -8.192923e+00  5.422286e+00  2.000000e+00
     vertex -8.673758e+00  5.422983e+00  2.000000e+00
     vertex -8.499284e+00  4.910636e+00  2.000000e+00
   endloop
 endfacet
 facet normal  0.000000e+00  0.000000e+00  1.000000e+00
   outer loop
     vertex -8.098319e+00  5.392997e+00  2.000000e+00
     vertex -8.405310e+00  4.894173e+00  2.000000e+00
     vertex -7.843316e+00  5.021594e+00  2.000000e+00
   endloop
 endfacet
 facet normal  0.000000e+00  0.000000e+00  1.000000e+00
   outer loop
     vertex  5.131118e+00 -7.618068e+00  2.000000e+00
     vertex  4.662921e+00 -7.916154e+00  2.000000e+00
     vertex  4.920602e+00 -8.253643e+00  2.000000e+00
   endloop
 endfacet
 facet normal  0.000000e+00  0.000000e+00  1.000000e+00
   outer loop
     vertex -8.367349e+00  5.888661e+00  2.000000e+00
     vertex -8.673758e+00  5.422983e+00  2.000000e+00
     vertex -8.192923e+00  5.422286e+00  2.000000e+00
   endloop
 endfacet
 facet normal  0.000000e+00  0.000000e+00  1.000000e+00
   outer loop
     vertex  2.891397e+00 -5.360876e+00  2.000000e+00
     vertex  2.735352e+00 -5.435547e+00  2.000000e+00
     vertex  2.821864e+00 -5.415954e+00  2.000000e+00
   endloop
 endfacet
 facet normal  0.000000e+00  0.000000e+00  1.000000e+00
   outer loop
     vertex  5.849603e+00 -8.315646e+00  2.000000e+00
     vertex  5.294934e+00 -8.180495e+00  2.000000e+00
     vertex  5.313133e+00 -8.672091e+00  2.000000e+00
   endloop
 endfacet
 facet normal  0.000000e+00  0.000000e+00  1.000000e+00
   outer loop
     vertex  2.924216e+00 -5.301893e+00  2.000000e+00
     vertex  2.735352e+00 -5.435547e+00  2.000000e+00
     vertex  2.891397e+00 -5.360876e+00  2.000000e+00
   endloop
 endfacet
 facet normal  0.000000e+00  0.000000e+00  1.000000e+00
   outer loop
     vertex  2.935547e+00 -5.235352e+00  2.000000e+00
     vertex  2.735352e+00 -5.435547e+00  2.000000e+00
     vertex  2.924216e+00 -5.301893e+00  2.000000e+00
   endloop
 endfacet
 facet normal  0.000000e+00  0.000000e+00  1.000000e+00
   outer loop
     vertex  2.935547e+00 -5.235352e+00  2.000000e+00
     vertex  2.535156e+00 -5.035157e+00  2.000000e+00
     vertex  2.735352e+00 -5.435547e+00  2.000000e+00
   endloop
 endfacet
 facet normal  0.000000e+00  0.000000e+00  1.000000e+00
   outer loop
     vertex -3.964844e+00  1.681641e+00  2.000000e+00
     vertex -3.964844e+00 -1.652344e+00  2.000000e+00
     vertex -3.564453e+00 -1.735352e+00  2.000000e+00
   endloop
 endfacet
 facet normal  0.000000e+00  0.000000e+00  1.000000e+00
   outer loop
     vertex -7.568504e+00  5.443259e+00  2.000000e+00
     vertex -8.098319e+00  5.392997e+00  2.000000e+00
     vertex -7.843316e+00  5.021594e+00  2.000000e+00
   endloop
 endfacet
 facet normal  0.000000e+00  0.000000e+00  1.000000e+00
   outer loop
     vertex -7.857638e+00  5.905441e+00  2.000000e+00
     vertex -8.367349e+00  5.888661e+00  2.000000e+00
     vertex -8.192923e+00  5.422286e+00  2.000000e+00
   endloop
 endfacet
 facet normal  0.000000e+00  0.000000e+00  1.000000e+00
   outer loop
     vertex -7.763673e+00  5.863704e+00  2.000000e+00
     vertex -8.098319e+00  5.392997e+00  2.000000e+00
     vertex -7.568504e+00  5.443259e+00  2.000000e+00
   endloop
 endfacet
 facet normal  0.000000e+00  0.000000e+00  1.000000e+00
   outer loop
     vertex -4.764648e+00  2.964844e+00  2.000000e+00
     vertex -6.064453e+00  2.564453e+00  2.000000e+00
     vertex -4.847656e+00  2.564453e+00  2.000000e+00
   endloop
 endfacet
 facet normal  0.000000e+00  0.000000e+00  1.000000e+00
   outer loop
     vertex -4.764648e+00  2.964844e+00  2.000000e+00
     vertex -6.264648e+00  2.964844e+00  2.000000e+00
     vertex -6.064453e+00  2.564453e+00  2.000000e+00
   endloop
 endfacet
 facet normal  0.000000e+00  0.000000e+00  1.000000e+00
   outer loop
     vertex  1.735352e+00 -3.535156e+00  2.000000e+00
     vertex -1.681641e+00 -3.935547e+00  2.000000e+00
     vertex  1.652344e+00 -3.935547e+00  2.000000e+00
   endloop
 endfacet
 facet normal  0.000000e+00  0.000000e+00  1.000000e+00
   outer loop
     vertex  1.735352e+00 -3.535156e+00  2.000000e+00
     vertex -1.764648e+00 -3.535156e+00  2.000000e+00
     vertex -1.681641e+00 -3.935547e+00  2.000000e+00
   endloop
 endfacet
 facet normal  0.000000e+00  0.000000e+00  1.000000e+00
   outer loop
     vertex  2.935547e+00 -4.735352e+00  2.000000e+00
     vertex  2.535156e+00 -5.035157e+00  2.000000e+00
     vertex  2.935547e+00 -5.235352e+00  2.000000e+00
   endloop
 endfacet
 facet normal  0.000000e+00  0.000000e+00  1.000000e+00
   outer loop
     vertex  2.935547e+00 -4.735352e+00  2.000000e+00
     vertex  2.535156e+00 -4.818359e+00  2.000000e+00
     vertex  2.535156e+00 -5.035157e+00  2.000000e+00
   endloop
 endfacet
 facet normal  0.000000e+00  0.000000e+00  1.000000e+00
   outer loop
     vertex -3.564453e+00  1.764648e+00  2.000000e+00
     vertex -3.964844e+00  1.681641e+00  2.000000e+00
     vertex -3.564453e+00 -1.735352e+00  2.000000e+00
   endloop
 endfacet
 facet normal  0.000000e+00  0.000000e+00  1.000000e+00
   outer loop
     vertex  1.819984e+00 -3.553870e+00  2.000000e+00
     vertex  1.778694e+00 -3.539874e+00  2.000000e+00
     vertex  1.735352e+00 -3.535156e+00  2.000000e+00
   endloop
 endfacet
 facet normal  0.000000e+00  0.000000e+00  1.000000e+00
   outer loop
     vertex  2.904240e+00 -4.627753e+00  2.000000e+00
     vertex  2.935547e+00 -4.735352e+00  2.000000e+00
     vertex  2.923512e+00 -4.666860e+00  2.000000e+00
   endloop
 endfacet
 facet normal  0.000000e+00  0.000000e+00  1.000000e+00
   outer loop
     vertex  2.876953e+00 -4.593750e+00  2.000000e+00
     vertex  2.535156e+00 -4.818359e+00  2.000000e+00
     vertex  2.935547e+00 -4.735352e+00  2.000000e+00
   endloop
 endfacet
 facet normal  0.000000e+00  0.000000e+00  1.000000e+00
   outer loop
     vertex  2.876953e+00 -4.593750e+00  2.000000e+00
     vertex  2.935547e+00 -4.735352e+00  2.000000e+00
     vertex  2.904240e+00 -4.627753e+00  2.000000e+00
   endloop
 endfacet
 facet normal  0.000000e+00  0.000000e+00  1.000000e+00
   outer loop
     vertex  2.876953e+00 -4.593750e+00  2.000000e+00
     vertex  1.652344e+00 -3.935547e+00  2.000000e+00
     vertex  2.535156e+00 -4.818359e+00  2.000000e+00
   endloop
 endfacet
 facet normal  0.000000e+00  0.000000e+00  1.000000e+00
   outer loop
     vertex -4.623047e+00  2.906250e+00  2.000000e+00
     vertex -4.764648e+00  2.964844e+00  2.000000e+00
     vertex -4.847656e+00  2.564453e+00  2.000000e+00
   endloop
 endfacet
 facet normal  0.000000e+00  0.000000e+00  1.000000e+00
   outer loop
     vertex -4.623047e+00  2.906250e+00  2.000000e+00
     vertex -4.847656e+00  2.564453e+00  2.000000e+00
     vertex -3.964844e+00  1.681641e+00  2.000000e+00
   endloop
 endfacet
 facet normal  0.000000e+00  0.000000e+00  1.000000e+00
   outer loop
     vertex -4.623047e+00  2.906250e+00  2.000000e+00
     vertex -4.680016e+00  2.946130e+00  2.000000e+00
     vertex -4.721306e+00  2.960126e+00  2.000000e+00
   endloop
 endfacet
 facet normal  0.000000e+00  0.000000e+00  1.000000e+00
   outer loop
     vertex -4.623047e+00  2.906250e+00  2.000000e+00
     vertex -4.721306e+00  2.960126e+00  2.000000e+00
     vertex -4.764648e+00  2.964844e+00  2.000000e+00
   endloop
 endfacet
 facet normal  0.000000e+00  0.000000e+00  1.000000e+00
   outer loop
     vertex  1.876953e+00 -3.593750e+00  2.000000e+00
     vertex  1.819984e+00 -3.553870e+00  2.000000e+00
     vertex  1.735352e+00 -3.535156e+00  2.000000e+00
   endloop
 endfacet
 facet normal  0.000000e+00  0.000000e+00  1.000000e+00
   outer loop
     vertex  1.876953e+00 -3.593750e+00  2.000000e+00
     vertex  1.735352e+00 -3.535156e+00  2.000000e+00
     vertex  1.652344e+00 -3.935547e+00  2.000000e+00
   endloop
 endfacet
 facet normal  0.000000e+00  0.000000e+00  1.000000e+00
   outer loop
     vertex  1.876953e+00 -3.593750e+00  2.000000e+00
     vertex  1.652344e+00 -3.935547e+00  2.000000e+00
     vertex  2.876953e+00 -4.593750e+00  2.000000e+00
   endloop
 endfacet
 facet normal  0.000000e+00  0.000000e+00  1.000000e+00
   outer loop
     vertex -3.623047e+00  1.906250e+00  2.000000e+00
     vertex -3.564453e+00  1.764648e+00  2.000000e+00
     vertex -3.576488e+00  1.833140e+00  2.000000e+00
   endloop
 endfacet
 facet normal  0.000000e+00  0.000000e+00  1.000000e+00
   outer loop
     vertex -3.623047e+00  1.906250e+00  2.000000e+00
     vertex -3.576488e+00  1.833140e+00  2.000000e+00
     vertex -3.595760e+00  1.872247e+00  2.000000e+00
   endloop
 endfacet
 facet normal  0.000000e+00  0.000000e+00  1.000000e+00
   outer loop
     vertex -3.623047e+00  1.906250e+00  2.000000e+00
     vertex -3.964844e+00  1.681641e+00  2.000000e+00
     vertex -3.564453e+00  1.764648e+00  2.000000e+00
   endloop
 endfacet
 facet normal  0.000000e+00  0.000000e+00  1.000000e+00
   outer loop
     vertex -3.623047e+00  1.906250e+00  2.000000e+00
     vertex -4.623047e+00  2.906250e+00  2.000000e+00
     vertex -3.964844e+00  1.681641e+00  2.000000e+00
   endloop
 endfacet
 facet normal  0.000000e+00  0.000000e+00  1.000000e+00
   outer loop
     vertex  5.586496e+00 -7.288935e+00  2.000000e+00
     vertex  5.131118e+00 -7.618068e+00  2.000000e+00
     vertex  5.436557e+00 -7.911987e+00  2.000000e+00
   endloop
 endfacet
 facet normal  0.000000e+00  0.000000e+00  1.000000e+00
   outer loop
     vertex -8.026366e+00  6.345096e+00  2.000000e+00
     vertex -8.367349e+00  5.888661e+00  2.000000e+00
     vertex -7.857638e+00  5.905441e+00  2.000000e+00
   endloop
 endfacet
 facet normal  0.000000e+00  0.000000e+00  1.000000e+00
   outer loop
     vertex  6.367003e+00 -7.924168e+00  2.000000e+00
     vertex  5.767211e+00 -7.850777e+00  2.000000e+00
     vertex  5.849603e+00 -8.315646e+00  2.000000e+00
   endloop
 endfacet
 facet normal  0.000000e+00  0.000000e+00  1.000000e+00
   outer loop
     vertex -7.666423e+00  6.152589e+00  2.000000e+00
     vertex -8.026366e+00  6.345096e+00  2.000000e+00
     vertex -7.857638e+00  5.905441e+00  2.000000e+00
   endloop
 endfacet
 facet normal  0.000000e+00  0.000000e+00  1.000000e+00
   outer loop
     vertex -7.282695e+00  5.825050e+00  2.000000e+00
     vertex -7.763673e+00  5.863704e+00  2.000000e+00
     vertex -7.568504e+00  5.443259e+00  2.000000e+00
   endloop
 endfacet
 facet normal  0.000000e+00  0.000000e+00  1.000000e+00
   outer loop
     vertex -7.467760e+00  6.391113e+00  2.000000e+00
     vertex -8.026366e+00  6.345096e+00  2.000000e+00
     vertex -7.666423e+00  6.152589e+00  2.000000e+00
   endloop
 endfacet
 facet normal  0.000000e+00  0.000000e+00  1.000000e+00
   outer loop
     vertex -7.390278e+00  6.321534e+00  2.000000e+00
     vertex -7.446160e+00  6.363482e+00  2.000000e+00
     vertex -7.420065e+00  6.340049e+00  2.000000e+00
   endloop
 endfacet
 facet normal  0.000000e+00  0.000000e+00  1.000000e+00
   outer loop
     vertex  6.025419e+00 -6.931087e+00  2.000000e+00
     vertex  5.586496e+00 -7.288935e+00  2.000000e+00
     vertex  5.941991e+00 -7.530135e+00  2.000000e+00
   endloop
 endfacet
 facet normal  0.000000e+00  0.000000e+00  1.000000e+00
   outer loop
     vertex -7.663086e+00  6.775391e+00  2.000000e+00
     vertex -8.026366e+00  6.345096e+00  2.000000e+00
     vertex -7.467760e+00  6.391113e+00  2.000000e+00
   endloop
 endfacet
 facet normal  0.000000e+00  0.000000e+00  1.000000e+00
   outer loop
     vertex -6.964844e+00  6.197266e+00  2.000000e+00
     vertex -7.390278e+00  6.321534e+00  2.000000e+00
     vertex -7.282695e+00  5.825050e+00  2.000000e+00
   endloop
 endfacet
 facet normal  0.000000e+00  0.000000e+00  1.000000e+00
   outer loop
     vertex  6.862153e+00 -7.499663e+00  2.000000e+00
     vertex  6.222393e+00 -7.493103e+00  2.000000e+00
     vertex  6.367003e+00 -7.924168e+00  2.000000e+00
   endloop
 endfacet
 facet normal  0.000000e+00  0.000000e+00  1.000000e+00
   outer loop
     vertex -7.321588e+00  6.698831e+00  2.000000e+00
     vertex -7.663086e+00  6.775391e+00  2.000000e+00
     vertex -7.467760e+00  6.391113e+00  2.000000e+00
   endloop
 endfacet
 facet normal  0.000000e+00  0.000000e+00  1.000000e+00
   outer loop
     vertex -7.379883e+00  6.791016e+00  2.000000e+00
     vertex -7.663086e+00  6.775391e+00  2.000000e+00
     vertex -7.321588e+00  6.698831e+00  2.000000e+00
   endloop
 endfacet
 facet normal  0.000000e+00  0.000000e+00  1.000000e+00
   outer loop
     vertex -7.379883e+00  6.791016e+00  2.000000e+00
     vertex -7.321588e+00  6.698831e+00  2.000000e+00
     vertex -7.344330e+00  6.748974e+00  2.000000e+00
   endloop
 endfacet
 facet normal  0.000000e+00  0.000000e+00  1.000000e+00
   outer loop
     vertex -7.379883e+00  6.791016e+00  2.000000e+00
     vertex -7.457317e+00  6.834276e+00  2.000000e+00
     vertex -7.545845e+00  6.839795e+00  2.000000e+00
   endloop
 endfacet
 facet normal  0.000000e+00  0.000000e+00  1.000000e+00
   outer loop
     vertex -7.379883e+00  6.791016e+00  2.000000e+00
     vertex -7.545845e+00  6.839795e+00  2.000000e+00
     vertex -7.610009e+00  6.817685e+00  2.000000e+00
   endloop
 endfacet
 facet normal  0.000000e+00  0.000000e+00  1.000000e+00
   outer loop
     vertex -7.379883e+00  6.791016e+00  2.000000e+00
     vertex -7.610009e+00  6.817685e+00  2.000000e+00
     vertex -7.663086e+00  6.775391e+00  2.000000e+00
   endloop
 endfacet
 facet normal  0.000000e+00  0.000000e+00  1.000000e+00
   outer loop
     vertex -7.102482e+00  6.531410e+00  2.000000e+00
     vertex -7.390278e+00  6.321534e+00  2.000000e+00
     vertex -6.964844e+00  6.197266e+00  2.000000e+00
   endloop
 endfacet
 facet normal  0.000000e+00  0.000000e+00  1.000000e+00
   outer loop
     vertex -7.246238e+00  6.692639e+00  2.000000e+00
     vertex -7.321588e+00  6.698831e+00  2.000000e+00
     vertex -7.467760e+00  6.391113e+00  2.000000e+00
   endloop
 endfacet
 facet normal  0.000000e+00  0.000000e+00  1.000000e+00
   outer loop
     vertex -7.246238e+00  6.692639e+00  2.000000e+00
     vertex -7.467760e+00  6.391113e+00  2.000000e+00
     vertex -7.446160e+00  6.363482e+00  2.000000e+00
   endloop
 endfacet
 facet normal  0.000000e+00  0.000000e+00  1.000000e+00
   outer loop
     vertex -7.246238e+00  6.692639e+00  2.000000e+00
     vertex -7.446160e+00  6.363482e+00  2.000000e+00
     vertex -7.390278e+00  6.321534e+00  2.000000e+00
   endloop
 endfacet
 facet normal  0.000000e+00  0.000000e+00  1.000000e+00
   outer loop
     vertex -6.915582e+00  6.363085e+00  2.000000e+00
     vertex -6.964844e+00  6.197266e+00  2.000000e+00
     vertex -6.921359e+00  6.274574e+00  2.000000e+00
   endloop
 endfacet
 facet normal  0.000000e+00  0.000000e+00  1.000000e+00
   outer loop
     vertex -7.128254e+00  6.602486e+00  2.000000e+00
     vertex -7.390278e+00  6.321534e+00  2.000000e+00
     vertex -7.102482e+00  6.531410e+00  2.000000e+00
   endloop
 endfacet
 facet normal  0.000000e+00  0.000000e+00  1.000000e+00
   outer loop
     vertex -7.178570e+00  6.658917e+00  2.000000e+00
     vertex -7.390278e+00  6.321534e+00  2.000000e+00
     vertex -7.128254e+00  6.602486e+00  2.000000e+00
   endloop
 endfacet
 facet normal  0.000000e+00  0.000000e+00  1.000000e+00
   outer loop
     vertex -7.178570e+00  6.658917e+00  2.000000e+00
     vertex -7.246238e+00  6.692639e+00  2.000000e+00
     vertex -7.390278e+00  6.321534e+00  2.000000e+00
   endloop
 endfacet
 facet normal  0.000000e+00  0.000000e+00  1.000000e+00
   outer loop
     vertex -6.937142e+00  6.426644e+00  2.000000e+00
     vertex -6.964844e+00  6.197266e+00  2.000000e+00
     vertex -6.915582e+00  6.363085e+00  2.000000e+00
   endloop
 endfacet
 facet normal  0.000000e+00  0.000000e+00  1.000000e+00
   outer loop
     vertex -6.978514e+00  6.479492e+00  2.000000e+00
     vertex -7.036006e+00  6.516176e+00  2.000000e+00
     vertex -7.102482e+00  6.531410e+00  2.000000e+00
   endloop
 endfacet
 facet normal  0.000000e+00  0.000000e+00  1.000000e+00
   outer loop
     vertex -6.978514e+00  6.479492e+00  2.000000e+00
     vertex -7.102482e+00  6.531410e+00  2.000000e+00
     vertex -6.964844e+00  6.197266e+00  2.000000e+00
   endloop
 endfacet
 facet normal  0.000000e+00  0.000000e+00  1.000000e+00
   outer loop
     vertex -6.978514e+00  6.479492e+00  2.000000e+00
     vertex -6.964844e+00  6.197266e+00  2.000000e+00
     vertex -6.937142e+00  6.426644e+00  2.000000e+00
   endloop
 endfacet
 facet normal  0.000000e+00  0.000000e+00  1.000000e+00
   outer loop
     vertex -7.301718e+00  7.119004e+00  2.000000e+00
     vertex -7.311371e+00  7.030828e+00  2.000000e+00
     vertex -7.293321e+00  6.967838e+00  2.000000e+00
   endloop
 endfacet
 facet normal  0.000000e+00  0.000000e+00  1.000000e+00
   outer loop
     vertex -7.301718e+00  7.119004e+00  2.000000e+00
     vertex -7.293321e+00  6.967838e+00  2.000000e+00
     vertex -7.255883e+00  6.914062e+00  2.000000e+00
   endloop
 endfacet
 facet normal  0.000000e+00  0.000000e+00  1.000000e+00
   outer loop
     vertex  6.446273e+00 -6.545416e+00  2.000000e+00
     vertex  6.025419e+00 -6.931087e+00  2.000000e+00
     vertex  6.432741e+00 -7.110114e+00  2.000000e+00
   endloop
 endfacet
 facet normal  0.000000e+00  0.000000e+00  1.000000e+00
   outer loop
     vertex -6.626000e+00  6.553717e+00  2.000000e+00
     vertex -6.907250e+00  6.557617e+00  2.000000e+00
     vertex -6.832573e+00  6.509746e+00  2.000000e+00
   endloop
 endfacet
 facet normal  0.000000e+00  0.000000e+00  1.000000e+00
   outer loop
     vertex -6.626000e+00  6.553717e+00  2.000000e+00
     vertex -6.832573e+00  6.509746e+00  2.000000e+00
     vertex -6.744537e+00  6.498875e+00  2.000000e+00
   endloop
 endfacet
 facet normal  0.000000e+00  0.000000e+00  1.000000e+00
   outer loop
     vertex -6.626000e+00  6.553717e+00  2.000000e+00
     vertex -6.744537e+00  6.498875e+00  2.000000e+00
     vertex -6.680666e+00  6.516348e+00  2.000000e+00
   endloop
 endfacet
 facet normal  0.000000e+00  0.000000e+00  1.000000e+00
   outer loop
     vertex -7.254883e+00  7.194336e+00  2.000000e+00
     vertex -7.301718e+00  7.119004e+00  2.000000e+00
     vertex -7.255883e+00  6.914062e+00  2.000000e+00
   endloop
 endfacet
 facet normal  0.000000e+00  0.000000e+00  1.000000e+00
   outer loop
     vertex  6.793862e+00 -6.766341e+00  2.000000e+00
     vertex  6.446273e+00 -6.545416e+00  2.000000e+00
     vertex  6.432741e+00 -7.110114e+00  2.000000e+00
   endloop
 endfacet
 facet normal  0.000000e+00  0.000000e+00  1.000000e+00
   outer loop
     vertex -6.740235e+00  6.958984e+00  2.000000e+00
     vertex -6.907250e+00  6.557617e+00  2.000000e+00
     vertex -6.626000e+00  6.553717e+00  2.000000e+00
   endloop
 endfacet
 facet normal  0.000000e+00  0.000000e+00  1.000000e+00
   outer loop
     vertex -6.821289e+00  7.041015e+00  2.000000e+00
     vertex -7.254883e+00  7.194336e+00  2.000000e+00
     vertex -7.255883e+00  6.914062e+00  2.000000e+00
   endloop
 endfacet
 facet normal  0.000000e+00  0.000000e+00  1.000000e+00
   outer loop
     vertex  7.331827e+00 -7.044581e+00  2.000000e+00
     vertex  6.657955e+00 -7.109376e+00  2.000000e+00
     vertex  6.862153e+00 -7.499663e+00  2.000000e+00
   endloop
 endfacet
 facet normal  0.000000e+00  0.000000e+00  1.000000e+00
   outer loop
     vertex -6.933452e+00  7.505821e+00  2.000000e+00
     vertex -7.254883e+00  7.194336e+00  2.000000e+00
     vertex -6.821289e+00  7.041015e+00  2.000000e+00
   endloop
 endfacet
 facet normal  0.000000e+00  0.000000e+00  1.000000e+00
   outer loop
     vertex  6.840820e+00 -6.139648e+00  2.000000e+00
     vertex  6.446273e+00 -6.545416e+00  2.000000e+00
     vertex  6.793862e+00 -6.766341e+00  2.000000e+00
   endloop
 endfacet
 facet normal  0.000000e+00  0.000000e+00  1.000000e+00
   outer loop
     vertex  7.135742e+00 -6.410157e+00  2.000000e+00
     vertex  6.840820e+00 -6.139648e+00  2.000000e+00
     vertex  6.793862e+00 -6.766341e+00  2.000000e+00
   endloop
 endfacet
 facet normal  0.000000e+00  0.000000e+00  1.000000e+00
   outer loop
     vertex -6.157577e+00  6.979742e+00  2.000000e+00
     vertex -6.740235e+00  6.958984e+00  2.000000e+00
     vertex -6.626000e+00  6.553717e+00  2.000000e+00
   endloop
 endfacet
 facet normal  0.000000e+00  0.000000e+00  1.000000e+00
   outer loop
     vertex -6.400079e+00  7.428016e+00  2.000000e+00
     vertex -6.933452e+00  7.505821e+00  2.000000e+00
     vertex -6.821289e+00  7.041015e+00  2.000000e+00
   endloop
 endfacet
 facet normal  0.000000e+00  0.000000e+00  1.000000e+00
   outer loop
     vertex -6.298374e+00  7.352329e+00  2.000000e+00
     vertex -6.740235e+00  6.958984e+00  2.000000e+00
     vertex -6.157577e+00  6.979742e+00  2.000000e+00
   endloop
 endfacet
 facet normal  0.000000e+00  0.000000e+00  1.000000e+00
   outer loop
     vertex -6.603949e+00  7.799062e+00  2.000000e+00
     vertex -6.933452e+00  7.505821e+00  2.000000e+00
     vertex -6.400079e+00  7.428016e+00  2.000000e+00
   endloop
 endfacet
 facet normal  0.000000e+00  0.000000e+00  1.000000e+00
   outer loop
     vertex  7.077754e+00 -5.871045e+00  2.000000e+00
     vertex  6.840820e+00 -6.139648e+00  2.000000e+00
     vertex  7.135742e+00 -6.410157e+00  2.000000e+00
   endloop
 endfacet
 facet normal  0.000000e+00  0.000000e+00  1.000000e+00
   outer loop
     vertex  7.772853e+00 -6.561798e+00  2.000000e+00
     vertex  7.460386e+00 -6.272907e+00  2.000000e+00
     vertex  7.071410e+00 -6.701812e+00  2.000000e+00
   endloop
 endfacet
 facet normal  0.000000e+00  0.000000e+00  1.000000e+00
   outer loop
     vertex  7.772853e+00 -6.561798e+00  2.000000e+00
     vertex  7.071410e+00 -6.701812e+00  2.000000e+00
     vertex  7.331827e+00 -7.044581e+00  2.000000e+00
   endloop
 endfacet
 facet normal  0.000000e+00  0.000000e+00  1.000000e+00
   outer loop
     vertex -5.685417e+00  7.356876e+00  2.000000e+00
     vertex -6.298374e+00  7.352329e+00  2.000000e+00
     vertex -6.157577e+00  6.979742e+00  2.000000e+00
   endloop
 endfacet
 facet normal  0.000000e+00  0.000000e+00  1.000000e+00
   outer loop
     vertex  7.299626e+00 -5.598583e+00  2.000000e+00
     vertex  7.077754e+00 -5.871045e+00  2.000000e+00
     vertex  7.570706e+00 -5.907030e+00  2.000000e+00
   endloop
 endfacet
 facet normal  0.000000e+00  0.000000e+00  1.000000e+00
   outer loop
     vertex -1.764648e+00  3.564453e+00  2.000000e+00
     vertex -1.906250e+00  3.623047e+00  2.000000e+00
     vertex -1.849281e+00  3.583167e+00  2.000000e+00
   endloop
 endfacet
 facet normal  0.000000e+00  0.000000e+00  1.000000e+00
   outer loop
     vertex -1.764648e+00  3.564453e+00  2.000000e+00
     vertex -1.849281e+00  3.583167e+00  2.000000e+00
     vertex -1.807990e+00  3.569171e+00  2.000000e+00
   endloop
 endfacet
 facet normal  0.000000e+00  0.000000e+00  1.000000e+00
   outer loop
     vertex -2.964844e+00  4.764648e+00  2.000000e+00
     vertex -2.952809e+00  4.696157e+00  2.000000e+00
     vertex -2.933537e+00  4.657050e+00  2.000000e+00
   endloop
 endfacet
 facet normal  0.000000e+00  0.000000e+00  1.000000e+00
   outer loop
     vertex -2.964844e+00  4.764648e+00  2.000000e+00
     vertex -2.933537e+00  4.657050e+00  2.000000e+00
     vertex -2.906250e+00  4.623047e+00  2.000000e+00
   endloop
 endfacet
 facet normal  0.000000e+00  0.000000e+00  1.000000e+00
   outer loop
     vertex  4.735352e+00 -2.935547e+00  2.000000e+00
     vertex  4.593750e+00 -2.876953e+00  2.000000e+00
     vertex  4.650719e+00 -2.916833e+00  2.000000e+00
   endloop
 endfacet
 facet normal  0.000000e+00  0.000000e+00  1.000000e+00
   outer loop
     vertex  4.735352e+00 -2.935547e+00  2.000000e+00
     vertex  4.650719e+00 -2.916833e+00  2.000000e+00
     vertex  4.692010e+00 -2.930829e+00  2.000000e+00
   endloop
 endfacet
 facet normal  0.000000e+00  0.000000e+00  1.000000e+00
   outer loop
     vertex  3.535156e+00 -1.735352e+00  2.000000e+00
     vertex  3.547191e+00 -1.803843e+00  2.000000e+00
     vertex  3.566463e+00 -1.842950e+00  2.000000e+00
   endloop
 endfacet
 facet normal  0.000000e+00  0.000000e+00  1.000000e+00
   outer loop
     vertex  3.535156e+00 -1.735352e+00  2.000000e+00
     vertex  3.566463e+00 -1.842950e+00  2.000000e+00
     vertex  3.593750e+00 -1.876953e+00  2.000000e+00
   endloop
 endfacet
 facet normal  0.000000e+00  0.000000e+00  1.000000e+00
   outer loop
     vertex -5.965655e+00  7.783592e+00  2.000000e+00
     vertex -6.603949e+00  7.799062e+00  2.000000e+00
     vertex -6.400079e+00  7.428016e+00  2.000000e+00
   endloop
 endfacet
 facet normal  0.000000e+00  0.000000e+00  1.000000e+00
   outer loop
     vertex -5.852476e+00  7.711262e+00  2.000000e+00
     vertex -6.298374e+00  7.352329e+00  2.000000e+00
     vertex -5.685417e+00  7.356876e+00  2.000000e+00
   endloop
 endfacet
 facet normal  0.000000e+00  0.000000e+00  1.000000e+00
   outer loop
     vertex -6.157714e+00  8.158087e+00  2.000000e+00
     vertex -6.603949e+00  7.799062e+00  2.000000e+00
     vertex -5.965655e+00  7.783592e+00  2.000000e+00
   endloop
 endfacet
 facet normal  0.000000e+00  0.000000e+00  1.000000e+00
   outer loop
     vertex  8.142783e+00 -6.106297e+00  2.000000e+00
     vertex  7.460386e+00 -6.272907e+00  2.000000e+00
     vertex  7.772853e+00 -6.561798e+00  2.000000e+00
   endloop
 endfacet
 facet normal  0.000000e+00  0.000000e+00  1.000000e+00
   outer loop
     vertex -1.681641e+00  3.964844e+00  2.000000e+00
     vertex -2.906250e+00  4.623047e+00  2.000000e+00
     vertex -1.906250e+00  3.623047e+00  2.000000e+00
   endloop
 endfacet
 facet normal  0.000000e+00  0.000000e+00  1.000000e+00
   outer loop
     vertex -1.681641e+00  3.964844e+00  2.000000e+00
     vertex -1.906250e+00  3.623047e+00  2.000000e+00
     vertex -1.764648e+00  3.564453e+00  2.000000e+00
   endloop
 endfacet
 facet normal  0.000000e+00  0.000000e+00  1.000000e+00
   outer loop
     vertex  3.935547e+00 -1.652344e+00  2.000000e+00
     vertex  3.535156e+00 -1.735352e+00  2.000000e+00
     vertex  3.593750e+00 -1.876953e+00  2.000000e+00
   endloop
 endfacet
 facet normal  0.000000e+00  0.000000e+00  1.000000e+00
   outer loop
     vertex  3.935547e+00 -1.652344e+00  2.000000e+00
     vertex  3.593750e+00 -1.876953e+00  2.000000e+00
     vertex  4.593750e+00 -2.876953e+00  2.000000e+00
   endloop
 endfacet
 facet normal  0.000000e+00  0.000000e+00  1.000000e+00
   outer loop
     vertex -2.564453e+00  4.847656e+00  2.000000e+00
     vertex -2.964844e+00  4.764648e+00  2.000000e+00
     vertex -2.906250e+00  4.623047e+00  2.000000e+00
   endloop
 endfacet
 facet normal  0.000000e+00  0.000000e+00  1.000000e+00
   outer loop
     vertex -2.564453e+00  4.847656e+00  2.000000e+00
     vertex -2.906250e+00  4.623047e+00  2.000000e+00
     vertex -1.681641e+00  3.964844e+00  2.000000e+00
   endloop
 endfacet
 facet normal  0.000000e+00  0.000000e+00  1.000000e+00
   outer loop
     vertex  4.818359e+00 -2.535156e+00  2.000000e+00
     vertex  3.935547e+00 -1.652344e+00  2.000000e+00
     vertex  4.593750e+00 -2.876953e+00  2.000000e+00
   endloop
 endfacet
 facet normal  0.000000e+00  0.000000e+00  1.000000e+00
   outer loop
     vertex  4.818359e+00 -2.535156e+00  2.000000e+00
     vertex  4.593750e+00 -2.876953e+00  2.000000e+00
     vertex  4.735352e+00 -2.935547e+00  2.000000e+00
   endloop
 endfacet
 facet normal  0.000000e+00  0.000000e+00  1.000000e+00
   outer loop
     vertex -5.203070e+00  7.692402e+00  2.000000e+00
     vertex -5.852476e+00  7.711262e+00  2.000000e+00
     vertex -5.685417e+00  7.356876e+00  2.000000e+00
   endloop
 endfacet
 facet normal  0.000000e+00  0.000000e+00  1.000000e+00
   outer loop
     vertex -5.466642e+00  8.143409e+00  2.000000e+00
     vertex -6.157714e+00  8.158087e+00  2.000000e+00
     vertex -5.965655e+00  7.783592e+00  2.000000e+00
   endloop
 endfacet
 facet normal  0.000000e+00  0.000000e+00  1.000000e+00
   outer loop
     vertex -5.330637e+00  8.085001e+00  2.000000e+00
     vertex -5.852476e+00  7.711262e+00  2.000000e+00
     vertex -5.203070e+00  7.692402e+00  2.000000e+00
   endloop
 endfacet
 facet normal  0.000000e+00  0.000000e+00  1.000000e+00
   outer loop
     vertex -5.695545e+00  8.488307e+00  2.000000e+00
     vertex -6.157714e+00  8.158087e+00  2.000000e+00
     vertex -5.466642e+00  8.143409e+00  2.000000e+00
   endloop
 endfacet
 facet normal  0.000000e+00  0.000000e+00  1.000000e+00
   outer loop
     vertex  8.485012e+00 -5.633623e+00  2.000000e+00
     vertex  7.861177e+00 -5.774682e+00  2.000000e+00
     vertex  8.142783e+00 -6.106297e+00  2.000000e+00
   endloop
 endfacet
 facet normal  0.000000e+00  0.000000e+00  1.000000e+00
   outer loop
     vertex  3.935547e+00 -9.355469e-01  2.000000e+00
     vertex  3.535156e+00 -7.353515e-01  2.000000e+00
     vertex  3.535156e+00 -1.735352e+00  2.000000e+00
   endloop
 endfacet
 facet normal  0.000000e+00  0.000000e+00  1.000000e+00
   outer loop
     vertex  3.935547e+00 -9.355469e-01  2.000000e+00
     vertex  3.535156e+00 -1.735352e+00  2.000000e+00
     vertex  3.935547e+00 -1.652344e+00  2.000000e+00
   endloop
 endfacet
 facet normal  0.000000e+00  0.000000e+00  1.000000e+00
   outer loop
     vertex  3.648839e+00 -5.547493e-01  2.000000e+00
     vertex  3.579306e+00 -6.098268e-01  2.000000e+00
     vertex  3.546487e+00 -6.688103e-01  2.000000e+00
   endloop
 endfacet
 facet normal  0.000000e+00  0.000000e+00  1.000000e+00
   outer loop
     vertex  3.648839e+00 -5.547493e-01  2.000000e+00
     vertex  3.546487e+00 -6.688103e-01  2.000000e+00
     vertex  3.535156e+00 -7.353515e-01  2.000000e+00
   endloop
 endfacet
 facet normal  0.000000e+00  0.000000e+00  1.000000e+00
   outer loop
     vertex  7.907142e+00 -4.715479e+00  2.000000e+00
     vertex  7.618811e+00 -5.163740e+00  2.000000e+00
     vertex  7.966466e+00 -5.389568e+00  2.000000e+00
   endloop
 endfacet
 facet normal  0.000000e+00  0.000000e+00  1.000000e+00
   outer loop
     vertex  3.735352e+00 -5.351562e-01  2.000000e+00
     vertex  3.535156e+00 -7.353515e-01  2.000000e+00
     vertex  3.935547e+00 -9.355469e-01  2.000000e+00
   endloop
 endfacet
 facet normal  0.000000e+00  0.000000e+00  1.000000e+00
   outer loop
     vertex  3.735352e+00 -5.351562e-01  2.000000e+00
     vertex  3.648839e+00 -5.547493e-01  2.000000e+00
     vertex  3.535156e+00 -7.353515e-01  2.000000e+00
   endloop
 endfacet
 facet normal  0.000000e+00  0.000000e+00  1.000000e+00
   outer loop
     vertex -4.710280e+00  7.987735e+00  2.000000e+00
     vertex -5.330637e+00  8.085001e+00  2.000000e+00
     vertex -5.203070e+00  7.692402e+00  2.000000e+00
   endloop
 endfacet
 facet normal  0.000000e+00  0.000000e+00  1.000000e+00
   outer loop
     vertex -4.648438e-01  3.964844e+00  2.000000e+00
     vertex -1.681641e+00  3.964844e+00  2.000000e+00
     vertex -1.764648e+00  3.564453e+00  2.000000e+00
   endloop
 endfacet
 facet normal  0.000000e+00  0.000000e+00  1.000000e+00
   outer loop
     vertex -4.648438e-01  3.964844e+00  2.000000e+00
     vertex -1.764648e+00  3.564453e+00  2.000000e+00
     vertex -2.646484e-01  3.564453e+00  2.000000e+00
   endloop
 endfacet
 facet normal  0.000000e+00  0.000000e+00  1.000000e+00
   outer loop
     vertex -5.216681e+00  8.790423e+00  2.000000e+00
     vertex -5.466642e+00  8.143409e+00  2.000000e+00
     vertex -4.949276e+00  8.467597e+00  2.000000e+00
   endloop
 endfacet
 facet normal  0.000000e+00  0.000000e+00  1.000000e+00
   outer loop
     vertex -5.216681e+00  8.790423e+00  2.000000e+00
     vertex -5.695545e+00  8.488307e+00  2.000000e+00
     vertex -5.466642e+00  8.143409e+00  2.000000e+00
   endloop
 endfacet
 facet normal  0.000000e+00  0.000000e+00  1.000000e+00
   outer loop
     vertex -7.578395e-02  3.698107e+00  2.000000e+00
     vertex -2.646484e-01  3.564453e+00  2.000000e+00
     vertex -1.781356e-01  3.584046e+00  2.000000e+00
   endloop
 endfacet
 facet normal  0.000000e+00  0.000000e+00  1.000000e+00
   outer loop
     vertex -7.578395e-02  3.698107e+00  2.000000e+00
     vertex -1.781356e-01  3.584046e+00  2.000000e+00
     vertex -1.086028e-01  3.639124e+00  2.000000e+00
   endloop
 endfacet
 facet normal  0.000000e+00  0.000000e+00  1.000000e+00
   outer loop
     vertex  8.797760e+00 -5.146499e+00  2.000000e+00
     vertex  8.226374e+00 -5.257489e+00  2.000000e+00
     vertex  8.485012e+00 -5.633623e+00  2.000000e+00
   endloop
 endfacet
 facet normal  0.000000e+00  0.000000e+00  1.000000e+00
   outer loop
     vertex -6.445313e-02  3.764648e+00  2.000000e+00
     vertex -4.648438e-01  3.964844e+00  2.000000e+00
     vertex -2.646484e-01  3.564453e+00  2.000000e+00
   endloop
 endfacet
 facet normal  0.000000e+00  0.000000e+00  1.000000e+00
   outer loop
     vertex -6.445313e-02  3.764648e+00  2.000000e+00
     vertex -2.646484e-01  3.564453e+00  2.000000e+00
     vertex -7.578395e-02  3.698107e+00  2.000000e+00
   endloop
 endfacet
 facet normal  0.000000e+00  0.000000e+00  1.000000e+00
   outer loop
     vertex  5.192009e+00 -1.430829e+00  2.000000e+00
     vertex  5.093750e+00 -1.376953e+00  2.000000e+00
     vertex  5.150719e+00 -1.416833e+00  2.000000e+00
   endloop
 endfacet
 facet normal  0.000000e+00  0.000000e+00  1.000000e+00
   outer loop
     vertex  5.235352e+00 -1.435547e+00  2.000000e+00
     vertex  5.093750e+00 -1.376953e+00  2.000000e+00
     vertex  5.192009e+00 -1.430829e+00  2.000000e+00
   endloop
 endfacet
 facet normal  0.000000e+00  0.000000e+00  1.000000e+00
   outer loop
     vertex  2.353516e-01  3.564453e+00  2.000000e+00
     vertex  5.474930e-02  3.678136e+00  2.000000e+00
     vertex  1.098268e-01  3.608603e+00  2.000000e+00
   endloop
 endfacet
 facet normal  0.000000e+00  0.000000e+00  1.000000e+00
   outer loop
     vertex  2.353516e-01  3.564453e+00  2.000000e+00
     vertex  1.098268e-01  3.608603e+00  2.000000e+00
     vertex  1.688103e-01  3.575784e+00  2.000000e+00
   endloop
 endfacet
 facet normal  0.000000e+00  0.000000e+00  1.000000e+00
   outer loop
     vertex  3.515625e-02  3.764648e+00  2.000000e+00
     vertex  5.474930e-02  3.678136e+00  2.000000e+00
     vertex  2.353516e-01  3.564453e+00  2.000000e+00
   endloop
 endfacet
 facet normal  0.000000e+00  0.000000e+00  1.000000e+00
   outer loop
     vertex  8.162983e+00 -4.257264e+00  2.000000e+00
     vertex  7.907142e+00 -4.715479e+00  2.000000e+00
     vertex  8.289374e+00 -4.911984e+00  2.000000e+00
   endloop
 endfacet
 facet normal  0.000000e+00  0.000000e+00  1.000000e+00
   outer loop
     vertex -4.204029e+00  8.245727e+00  2.000000e+00
     vertex -4.806820e+00  8.412195e+00  2.000000e+00
     vertex -4.710280e+00  7.987735e+00  2.000000e+00
   endloop
 endfacet
 facet normal  0.000000e+00  0.000000e+00  1.000000e+00
   outer loop
     vertex  4.735352e+00 -5.351562e-01  2.000000e+00
     vertex  3.935547e+00 -9.355469e-01  2.000000e+00
     vertex  4.652344e+00 -9.355469e-01  2.000000e+00
   endloop
 endfacet
 facet normal  0.000000e+00  0.000000e+00  1.000000e+00
   outer loop
     vertex  4.735352e+00 -5.351562e-01  2.000000e+00
     vertex  3.735352e+00 -5.351562e-01  2.000000e+00
     vertex  3.935547e+00 -9.355469e-01  2.000000e+00
   endloop
 endfacet
 facet normal  0.000000e+00  0.000000e+00  1.000000e+00
   outer loop
     vertex  3.668810e+00  5.757839e-01  2.000000e+00
     vertex  3.554749e+00  6.781356e-01  2.000000e+00
     vertex  3.609827e+00  6.086028e-01  2.000000e+00
   endloop
 endfacet
 facet normal  0.000000e+00  0.000000e+00  1.000000e+00
   outer loop
     vertex  4.819984e+00 -5.538702e-01  2.000000e+00
     vertex  4.778694e+00 -5.398738e-01  2.000000e+00
     vertex  4.735352e+00 -5.351562e-01  2.000000e+00
   endloop
 endfacet
 facet normal  0.000000e+00  0.000000e+00  1.000000e+00
   outer loop
     vertex  4.876953e+00 -5.937500e-01  2.000000e+00
     vertex  4.735352e+00 -5.351562e-01  2.000000e+00
     vertex  4.652344e+00 -9.355469e-01  2.000000e+00
   endloop
 endfacet
 facet normal  0.000000e+00  0.000000e+00  1.000000e+00
   outer loop
     vertex  4.876953e+00 -5.937500e-01  2.000000e+00
     vertex  4.819984e+00 -5.538702e-01  2.000000e+00
     vertex  4.735352e+00 -5.351562e-01  2.000000e+00
   endloop
 endfacet
 facet normal  0.000000e+00  0.000000e+00  1.000000e+00
   outer loop
     vertex  5.318359e+00 -1.035156e+00  2.000000e+00
     vertex  5.093750e+00 -1.376953e+00  2.000000e+00
     vertex  5.235352e+00 -1.435547e+00  2.000000e+00
   endloop
 endfacet
 facet normal  0.000000e+00  0.000000e+00  1.000000e+00
   outer loop
     vertex  5.318359e+00 -1.035156e+00  2.000000e+00
     vertex  4.652344e+00 -9.355469e-01  2.000000e+00
     vertex  5.093750e+00 -1.376953e+00  2.000000e+00
   endloop
 endfacet
 facet normal  0.000000e+00  0.000000e+00  1.000000e+00
   outer loop
     vertex  5.318359e+00 -1.035156e+00  2.000000e+00
     vertex  4.876953e+00 -5.937500e-01  2.000000e+00
     vertex  4.652344e+00 -9.355469e-01  2.000000e+00
   endloop
 endfacet
 facet normal  0.000000e+00  0.000000e+00  1.000000e+00
   outer loop
     vertex  3.535156e+00  7.646484e-01  2.000000e+00
     vertex  3.668810e+00  5.757839e-01  2.000000e+00
     vertex  3.735352e+00  5.644531e-01  2.000000e+00
   endloop
 endfacet
 facet normal  0.000000e+00  0.000000e+00  1.000000e+00
   outer loop
     vertex  3.535156e+00  7.646484e-01  2.000000e+00
     vertex  3.554749e+00  6.781356e-01  2.000000e+00
     vertex  3.668810e+00  5.757839e-01  2.000000e+00
   endloop
 endfacet
 facet normal  0.000000e+00  0.000000e+00  1.000000e+00
   outer loop
     vertex -4.720230e+00  9.064948e+00  2.000000e+00
     vertex -5.216681e+00  8.790423e+00  2.000000e+00
     vertex -4.949276e+00  8.467597e+00  2.000000e+00
   endloop
 endfacet
 facet normal  0.000000e+00  0.000000e+00  1.000000e+00
   outer loop
     vertex  4.355469e-01  3.964844e+00  2.000000e+00
     vertex  3.515625e-02  3.764648e+00  2.000000e+00
     vertex  2.353516e-01  3.564453e+00  2.000000e+00
   endloop
 endfacet
 facet normal  0.000000e+00  0.000000e+00  1.000000e+00
   outer loop
     vertex -4.280255e+00  8.694910e+00  2.000000e+00
     vertex -4.806820e+00  8.412195e+00  2.000000e+00
     vertex -4.204029e+00  8.245727e+00  2.000000e+00
   endloop
 endfacet
 facet normal  0.000000e+00  0.000000e+00  1.000000e+00
   outer loop
     vertex  9.079520e+00 -4.647709e+00  2.000000e+00
     vertex  8.553812e+00 -4.725374e+00  2.000000e+00
     vertex  8.797760e+00 -5.146499e+00  2.000000e+00
   endloop
 endfacet
 facet normal  0.000000e+00  0.000000e+00  1.000000e+00
   outer loop
     vertex  8.384717e+00 -3.793358e+00  2.000000e+00
     vertex  8.162983e+00 -4.257264e+00  2.000000e+00
     vertex  8.574826e+00 -4.432613e+00  2.000000e+00
   endloop
 endfacet
 facet normal  0.000000e+00  0.000000e+00  1.000000e+00
   outer loop
     vertex  5.047191e+00 -3.038428e-01  2.000000e+00
     vertex  5.066463e+00 -3.429503e-01  2.000000e+00
     vertex  5.093750e+00 -3.769531e-01  2.000000e+00
   endloop
 endfacet
 facet normal  0.000000e+00  0.000000e+00  1.000000e+00
   outer loop
     vertex -3.680580e+00  8.468798e+00  2.000000e+00
     vertex -4.280255e+00  8.694910e+00  2.000000e+00
     vertex -4.204029e+00  8.245727e+00  2.000000e+00
   endloop
 endfacet
 facet normal  0.000000e+00  0.000000e+00  1.000000e+00
   outer loop
     vertex  5.735352e+00 -9.355468e-01  2.000000e+00
     vertex  5.593750e+00 -8.769531e-01  2.000000e+00
     vertex  5.650719e+00 -9.168329e-01  2.000000e+00
   endloop
 endfacet
 facet normal  0.000000e+00  0.000000e+00  1.000000e+00
   outer loop
     vertex  5.735352e+00 -9.355468e-01  2.000000e+00
     vertex  5.650719e+00 -9.168329e-01  2.000000e+00
     vertex  5.692009e+00 -9.308293e-01  2.000000e+00
   endloop
 endfacet
 facet normal  0.000000e+00  0.000000e+00  1.000000e+00
   outer loop
     vertex  5.035156e+00 -2.353516e-01  2.000000e+00
     vertex  5.047191e+00 -3.038428e-01  2.000000e+00
     vertex  5.093750e+00 -3.769531e-01  2.000000e+00
   endloop
 endfacet
 facet normal  0.000000e+00  0.000000e+00  1.000000e+00
   outer loop
     vertex  3.935547e+00  9.648438e-01  2.000000e+00
     vertex  3.535156e+00  7.646484e-01  2.000000e+00
     vertex  3.735352e+00  5.644531e-01  2.000000e+00
   endloop
 endfacet
 facet normal  0.000000e+00  0.000000e+00  1.000000e+00
   outer loop
     vertex -4.205180e+00  9.312199e+00  2.000000e+00
     vertex -4.720230e+00  9.064948e+00  2.000000e+00
     vertex -4.412123e+00  8.757368e+00  2.000000e+00
   endloop
 endfacet
 facet normal  0.000000e+00  0.000000e+00  1.000000e+00
   outer loop
     vertex -3.750039e+00  8.934880e+00  2.000000e+00
     vertex -4.280255e+00  8.694910e+00  2.000000e+00
     vertex -3.680580e+00  8.468798e+00  2.000000e+00
   endloop
 endfacet
 facet normal  0.000000e+00  0.000000e+00  1.000000e+00
   outer loop
     vertex  9.329081e+00 -4.140035e+00  2.000000e+00
     vertex  8.841827e+00 -4.182344e+00  2.000000e+00
     vertex  9.079520e+00 -4.647709e+00  2.000000e+00
   endloop
 endfacet
 facet normal  0.000000e+00  0.000000e+00  1.000000e+00
   outer loop
     vertex  8.570892e+00 -3.328853e+00  2.000000e+00
     vertex  8.384717e+00 -3.793358e+00  2.000000e+00
     vertex  8.820324e+00 -3.957689e+00  2.000000e+00
   endloop
 endfacet
 facet normal  0.000000e+00  0.000000e+00  1.000000e+00
   outer loop
     vertex  5.435547e+00 -1.523437e-01  2.000000e+00
     vertex  5.093750e+00 -3.769531e-01  2.000000e+00
     vertex  5.593750e+00 -8.769531e-01  2.000000e+00
   endloop
 endfacet
 facet normal  0.000000e+00  0.000000e+00  1.000000e+00
   outer loop
     vertex  5.435547e+00 -1.523437e-01  2.000000e+00
     vertex  5.035156e+00 -2.353516e-01  2.000000e+00
     vertex  5.093750e+00 -3.769531e-01  2.000000e+00
   endloop
 endfacet
 facet normal  0.000000e+00  0.000000e+00  1.000000e+00
   outer loop
     vertex  5.818359e+00 -5.351562e-01  2.000000e+00
     vertex  5.593750e+00 -8.769531e-01  2.000000e+00
     vertex  5.735352e+00 -9.355468e-01  2.000000e+00
   endloop
 endfacet
 facet normal  0.000000e+00  0.000000e+00  1.000000e+00
   outer loop
     vertex  5.818359e+00 -5.351562e-01  2.000000e+00
     vertex  5.435547e+00 -1.523437e-01  2.000000e+00
     vertex  5.593750e+00 -8.769531e-01  2.000000e+00
   endloop
 endfacet
 facet normal  0.000000e+00  0.000000e+00  1.000000e+00
   outer loop
     vertex  4.735352e+00  5.644531e-01  2.000000e+00
     vertex  3.935547e+00  9.648438e-01  2.000000e+00
     vertex  3.735352e+00  5.644531e-01  2.000000e+00
   endloop
 endfacet
 facet normal  0.000000e+00  0.000000e+00  1.000000e+00
   outer loop
     vertex  1.735352e+00  3.564453e+00  2.000000e+00
     vertex  4.355469e-01  3.964844e+00  2.000000e+00
     vertex  2.353516e-01  3.564453e+00  2.000000e+00
   endloop
 endfacet
 facet normal  0.000000e+00  0.000000e+00  1.000000e+00
   outer loop
     vertex  3.535156e+00  1.764648e+00  2.000000e+00
     vertex  3.535156e+00  7.646484e-01  2.000000e+00
     vertex  3.935547e+00  9.648438e-01  2.000000e+00
   endloop
 endfacet
 facet normal  0.000000e+00  0.000000e+00  1.000000e+00
   outer loop
     vertex -9.648438e-01  6.264648e+00  2.000000e+00
     vertex -9.528089e-01  6.196157e+00  2.000000e+00
     vertex -9.335372e-01  6.157050e+00  2.000000e+00
   endloop
 endfacet
 facet normal  0.000000e+00  0.000000e+00  1.000000e+00
   outer loop
     vertex -9.648438e-01  6.264648e+00  2.000000e+00
     vertex -9.335372e-01  6.157050e+00  2.000000e+00
     vertex -9.062500e-01  6.123047e+00  2.000000e+00
   endloop
 endfacet
 facet normal  0.000000e+00  0.000000e+00  1.000000e+00
   outer loop
     vertex  5.035156e+00  2.646484e-01  2.000000e+00
     vertex  5.035156e+00 -2.353516e-01  2.000000e+00
     vertex  5.435547e+00 -1.523437e-01  2.000000e+00
   endloop
 endfacet
 facet normal  0.000000e+00  0.000000e+00  1.000000e+00
   outer loop
     vertex  3.553870e+00  1.849281e+00  2.000000e+00
     vertex  3.539874e+00  1.807990e+00  2.000000e+00
     vertex  3.535156e+00  1.764648e+00  2.000000e+00
   endloop
 endfacet
 facet normal  0.000000e+00  0.000000e+00  1.000000e+00
   outer loop
     vertex -2.946130e+00  8.349281e+00  2.000000e+00
     vertex -2.960126e+00  8.307991e+00  2.000000e+00
     vertex -2.964844e+00  8.264648e+00  2.000000e+00
   endloop
 endfacet
 facet normal  0.000000e+00  0.000000e+00  1.000000e+00
   outer loop
     vertex  8.342950e+00 -2.904240e+00  2.000000e+00
     vertex  8.235352e+00 -2.935547e+00  2.000000e+00
     vertex  8.303843e+00 -2.923512e+00  2.000000e+00
   endloop
 endfacet
 facet normal  0.000000e+00  0.000000e+00  1.000000e+00
   outer loop
     vertex  4.842950e+00  5.957596e-01  2.000000e+00
     vertex  4.735352e+00  5.644531e-01  2.000000e+00
     vertex  4.803843e+00  5.764879e-01  2.000000e+00
   endloop
 endfacet
 facet normal  0.000000e+00  0.000000e+00  1.000000e+00
   outer loop
     vertex  1.842950e+00  3.595760e+00  2.000000e+00
     vertex  1.735352e+00  3.564453e+00  2.000000e+00
     vertex  1.803843e+00  3.576488e+00  2.000000e+00
   endloop
 endfacet
 facet normal  0.000000e+00  0.000000e+00  1.000000e+00
   outer loop
     vertex  8.376953e+00 -2.876953e+00  2.000000e+00
     vertex  8.235352e+00 -2.935547e+00  2.000000e+00
     vertex  8.342950e+00 -2.904240e+00  2.000000e+00
   endloop
 endfacet
 facet normal  0.000000e+00  0.000000e+00  1.000000e+00
   outer loop
     vertex  4.876953e+00  6.230468e-01  2.000000e+00
     vertex  4.735352e+00  5.644531e-01  2.000000e+00
     vertex  4.842950e+00  5.957596e-01  2.000000e+00
   endloop
 endfacet
 facet normal  0.000000e+00  0.000000e+00  1.000000e+00
   outer loop
     vertex  5.093750e+00  4.062500e-01  2.000000e+00
     vertex  5.053870e+00  3.492808e-01  2.000000e+00
     vertex  5.039874e+00  3.079905e-01  2.000000e+00
   endloop
 endfacet
 facet normal  0.000000e+00  0.000000e+00  1.000000e+00
   outer loop
     vertex  5.093750e+00  4.062500e-01  2.000000e+00
     vertex  5.039874e+00  3.079905e-01  2.000000e+00
     vertex  5.035156e+00  2.646484e-01  2.000000e+00
   endloop
 endfacet
 facet normal  0.000000e+00  0.000000e+00  1.000000e+00
   outer loop
     vertex  3.593750e+00  1.906250e+00  2.000000e+00
     vertex  3.553870e+00  1.849281e+00  2.000000e+00
     vertex  3.535156e+00  1.764648e+00  2.000000e+00
   endloop
 endfacet
 facet normal  0.000000e+00  0.000000e+00  1.000000e+00
   outer loop
     vertex  1.876953e+00  3.623047e+00  2.000000e+00
     vertex  1.735352e+00  3.564453e+00  2.000000e+00
     vertex  1.842950e+00  3.595760e+00  2.000000e+00
   endloop
 endfacet
 facet normal  0.000000e+00  0.000000e+00  1.000000e+00
   outer loop
     vertex -2.906250e+00  8.406250e+00  2.000000e+00
     vertex -2.946130e+00  8.349281e+00  2.000000e+00
     vertex -2.964844e+00  8.264648e+00  2.000000e+00
   endloop
 endfacet
 facet normal  0.000000e+00  0.000000e+00  1.000000e+00
   outer loop
     vertex -3.135207e+00  8.658960e+00  2.000000e+00
     vertex -3.750039e+00  8.934880e+00  2.000000e+00
     vertex -3.680580e+00  8.468798e+00  2.000000e+00
   endloop
 endfacet
 facet normal  0.000000e+00  0.000000e+00  1.000000e+00
   outer loop
     vertex  9.024354e+00 -3.493130e+00  2.000000e+00
     vertex  8.570892e+00 -3.328853e+00  2.000000e+00
     vertex  8.820324e+00 -3.957689e+00  2.000000e+00
   endloop
 endfacet
 facet normal  0.000000e+00  0.000000e+00  1.000000e+00
   outer loop
     vertex  8.152344e+00 -2.535156e+00  2.000000e+00
     vertex  8.235352e+00 -2.935547e+00  2.000000e+00
     vertex  8.376953e+00 -2.876953e+00  2.000000e+00
   endloop
 endfacet
 facet normal  0.000000e+00  0.000000e+00  1.000000e+00
   outer loop
     vertex  8.152344e+00 -2.535156e+00  2.000000e+00
     vertex  4.818359e+00 -2.535156e+00  2.000000e+00
     vertex  4.735352e+00 -2.935547e+00  2.000000e+00
   endloop
 endfacet
 facet normal  0.000000e+00  0.000000e+00  1.000000e+00
   outer loop
     vertex  8.152344e+00 -2.535156e+00  2.000000e+00
     vertex  4.735352e+00 -2.935547e+00  2.000000e+00
     vertex  8.235352e+00 -2.935547e+00  2.000000e+00
   endloop
 endfacet
 facet normal  0.000000e+00  0.000000e+00  1.000000e+00
   outer loop
     vertex -2.564453e+00  8.181640e+00  2.000000e+00
     vertex -2.964844e+00  4.764648e+00  2.000000e+00
     vertex -2.564453e+00  4.847656e+00  2.000000e+00
   endloop
 endfacet
 facet normal  0.000000e+00  0.000000e+00  1.000000e+00
   outer loop
     vertex -2.564453e+00  8.181640e+00  2.000000e+00
     vertex -2.964844e+00  8.264648e+00  2.000000e+00
     vertex -2.964844e+00  4.764648e+00  2.000000e+00
   endloop
 endfacet
 facet normal  0.000000e+00  0.000000e+00  1.000000e+00
   outer loop
     vertex -2.564453e+00  8.181640e+00  2.000000e+00
     vertex -2.906250e+00  8.406250e+00  2.000000e+00
     vertex -2.964844e+00  8.264648e+00  2.000000e+00
   endloop
 endfacet
 facet normal  0.000000e+00  0.000000e+00  1.000000e+00
   outer loop
     vertex  1.652344e+00  3.964844e+00  2.000000e+00
     vertex  1.735352e+00  3.564453e+00  2.000000e+00
     vertex  1.876953e+00  3.623047e+00  2.000000e+00
   endloop
 endfacet
 facet normal  0.000000e+00  0.000000e+00  1.000000e+00
   outer loop
     vertex  1.652344e+00  3.964844e+00  2.000000e+00
     vertex  4.355469e-01  3.964844e+00  2.000000e+00
     vertex  1.735352e+00  3.564453e+00  2.000000e+00
   endloop
 endfacet
 facet normal  0.000000e+00  0.000000e+00  1.000000e+00
   outer loop
     vertex  3.935547e+00  1.681641e+00  2.000000e+00
     vertex  3.535156e+00  1.764648e+00  2.000000e+00
     vertex  3.935547e+00  9.648438e-01  2.000000e+00
   endloop
 endfacet
 facet normal  0.000000e+00  0.000000e+00  1.000000e+00
   outer loop
     vertex  3.935547e+00  1.681641e+00  2.000000e+00
     vertex  3.593750e+00  1.906250e+00  2.000000e+00
     vertex  3.535156e+00  1.764648e+00  2.000000e+00
   endloop
 endfacet
 facet normal  0.000000e+00  0.000000e+00  1.000000e+00
   outer loop
     vertex  4.652344e+00  9.648438e-01  2.000000e+00
     vertex  4.735352e+00  5.644531e-01  2.000000e+00
     vertex  4.876953e+00  6.230468e-01  2.000000e+00
   endloop
 endfacet
 facet normal  0.000000e+00  0.000000e+00  1.000000e+00
   outer loop
     vertex  4.652344e+00  9.648438e-01  2.000000e+00
     vertex  3.935547e+00  9.648438e-01  2.000000e+00
     vertex  4.735352e+00  5.644531e-01  2.000000e+00
   endloop
 endfacet
 facet normal  0.000000e+00  0.000000e+00  1.000000e+00
   outer loop
     vertex  5.435547e+00  1.816406e-01  2.000000e+00
     vertex  5.035156e+00  2.646484e-01  2.000000e+00
     vertex  5.435547e+00 -1.523437e-01  2.000000e+00
   endloop
 endfacet
 facet normal  0.000000e+00  0.000000e+00  1.000000e+00
   outer loop
     vertex  5.435547e+00  1.816406e-01  2.000000e+00
     vertex  5.093750e+00  4.062500e-01  2.000000e+00
     vertex  5.035156e+00  2.646484e-01  2.000000e+00
   endloop
 endfacet
 facet normal  0.000000e+00  0.000000e+00  1.000000e+00
   outer loop
     vertex -6.445313e-02  5.764648e+00  2.000000e+00
     vertex -4.648438e-01  5.681640e+00  2.000000e+00
     vertex -4.648438e-01  3.964844e+00  2.000000e+00
   endloop
 endfacet
 facet normal  0.000000e+00  0.000000e+00  1.000000e+00
   outer loop
     vertex -9.575963e-02  5.872247e+00  2.000000e+00
     vertex -6.445313e-02  5.764648e+00  2.000000e+00
     vertex -7.648799e-02  5.833140e+00  2.000000e+00
   endloop
 endfacet
 facet normal  0.000000e+00  0.000000e+00  1.000000e+00
   outer loop
     vertex -1.230469e-01  5.906250e+00  2.000000e+00
     vertex -4.648438e-01  5.681640e+00  2.000000e+00
     vertex -6.445313e-02  5.764648e+00  2.000000e+00
   endloop
 endfacet
 facet normal  0.000000e+00  0.000000e+00  1.000000e+00
   outer loop
     vertex -1.230469e-01  5.906250e+00  2.000000e+00
     vertex -6.445313e-02  5.764648e+00  2.000000e+00
     vertex -9.575963e-02  5.872247e+00  2.000000e+00
   endloop
 endfacet
 facet normal  0.000000e+00  0.000000e+00  1.000000e+00
   outer loop
     vertex -5.644531e-01  6.347657e+00  2.000000e+00
     vertex -9.062500e-01  6.123047e+00  2.000000e+00
     vertex -4.648438e-01  5.681640e+00  2.000000e+00
   endloop
 endfacet
 facet normal  0.000000e+00  0.000000e+00  1.000000e+00
   outer loop
     vertex -5.644531e-01  6.347657e+00  2.000000e+00
     vertex -9.648438e-01  6.264648e+00  2.000000e+00
     vertex -9.062500e-01  6.123047e+00  2.000000e+00
   endloop
 endfacet
 facet normal  0.000000e+00  0.000000e+00  1.000000e+00
   outer loop
     vertex -5.644531e-01  6.347657e+00  2.000000e+00
     vertex -4.648438e-01  5.681640e+00  2.000000e+00
     vertex -1.230469e-01  5.906250e+00  2.000000e+00
   endloop
 endfacet
 facet normal  0.000000e+00  0.000000e+00  1.000000e+00
   outer loop
     vertex -9.648438e-01  6.764648e+00  2.000000e+00
     vertex -9.648438e-01  6.264648e+00  2.000000e+00
     vertex -5.644531e-01  6.347657e+00  2.000000e+00
   endloop
 endfacet
 facet normal  0.000000e+00  0.000000e+00  1.000000e+00
   outer loop
     vertex -3.268907e+00  9.115447e+00  2.000000e+00
     vertex -3.750039e+00  8.934880e+00  2.000000e+00
     vertex -3.135207e+00  8.658960e+00  2.000000e+00
   endloop
 endfacet
 facet normal  0.000000e+00  0.000000e+00  1.000000e+00
   outer loop
     vertex -3.670401e+00  9.532300e+00  2.000000e+00
     vertex -4.205180e+00  9.312199e+00  2.000000e+00
     vertex -3.853515e+00  9.013603e+00  2.000000e+00
   endloop
 endfacet
 facet normal  0.000000e+00  0.000000e+00  1.000000e+00
   outer loop
     vertex -9.461298e-01  6.849281e+00  2.000000e+00
     vertex -9.601262e-01  6.807991e+00  2.000000e+00
     vertex -9.648438e-01  6.764648e+00  2.000000e+00
   endloop
 endfacet
 facet normal  0.000000e+00  0.000000e+00  1.000000e+00
   outer loop
     vertex  9.545543e+00 -3.626183e+00  2.000000e+00
     vertex  9.089270e+00 -3.632240e+00  2.000000e+00
     vertex  9.329081e+00 -4.140035e+00  2.000000e+00
   endloop
 endfacet
 facet normal  0.000000e+00  0.000000e+00  1.000000e+00
   outer loop
     vertex -2.805024e+00  8.755233e+00  2.000000e+00
     vertex -3.268907e+00  9.115447e+00  2.000000e+00
     vertex -3.135207e+00  8.658960e+00  2.000000e+00
   endloop
 endfacet
 facet normal  0.000000e+00  0.000000e+00  1.000000e+00
   outer loop
     vertex  9.375000e-02  5.906250e+00  2.000000e+00
     vertex  5.387017e-02  5.849281e+00  2.000000e+00
     vertex  3.987379e-02  5.807991e+00  2.000000e+00
   endloop
 endfacet
 facet normal  0.000000e+00  0.000000e+00  1.000000e+00
   outer loop
     vertex  9.375000e-02  5.906250e+00  2.000000e+00
     vertex  3.987379e-02  5.807991e+00  2.000000e+00
     vertex  3.515625e-02  5.764648e+00  2.000000e+00
   endloop
 endfacet
 facet normal  0.000000e+00  0.000000e+00  1.000000e+00
   outer loop
     vertex -9.062500e-01  6.906250e+00  2.000000e+00
     vertex -9.461298e-01  6.849281e+00  2.000000e+00
     vertex -9.648438e-01  6.764648e+00  2.000000e+00
   endloop
 endfacet
 facet normal  0.000000e+00  0.000000e+00  1.000000e+00
   outer loop
     vertex  4.355469e-01  5.681641e+00  2.000000e+00
     vertex  3.515625e-02  5.764648e+00  2.000000e+00
     vertex  4.355469e-01  3.964844e+00  2.000000e+00
   endloop
 endfacet
 facet normal  0.000000e+00  0.000000e+00  1.000000e+00
   outer loop
     vertex  4.355469e-01  5.681641e+00  2.000000e+00
     vertex  9.375000e-02  5.906250e+00  2.000000e+00
     vertex  3.515625e-02  5.764648e+00  2.000000e+00
   endloop
 endfacet
 facet normal  0.000000e+00  0.000000e+00  1.000000e+00
   outer loop
     vertex -5.644531e-01  6.681641e+00  2.000000e+00
     vertex -9.648438e-01  6.764648e+00  2.000000e+00
     vertex -5.644531e-01  6.347657e+00  2.000000e+00
   endloop
 endfacet
 facet normal  0.000000e+00  0.000000e+00  1.000000e+00
   outer loop
     vertex -5.644531e-01  6.681641e+00  2.000000e+00
     vertex -9.062500e-01  6.906250e+00  2.000000e+00
     vertex -9.648438e-01  6.764648e+00  2.000000e+00
   endloop
 endfacet
 facet normal  0.000000e+00  0.000000e+00  1.000000e+00
   outer loop
     vertex  9.186452e+00 -3.044205e+00  2.000000e+00
     vertex  8.720762e+00 -2.868402e+00  2.000000e+00
     vertex  8.570892e+00 -3.328853e+00  2.000000e+00
   endloop
 endfacet
 facet normal  0.000000e+00  0.000000e+00  1.000000e+00
   outer loop
     vertex  9.186452e+00 -3.044205e+00  2.000000e+00
     vertex  8.570892e+00 -3.328853e+00  2.000000e+00
     vertex  9.024354e+00 -3.493130e+00  2.000000e+00
   endloop
 endfacet
 facet normal  0.000000e+00  0.000000e+00  1.000000e+00
   outer loop
     vertex  5.318360e+00  1.064453e+00  2.000000e+00
     vertex  4.652344e+00  9.648438e-01  2.000000e+00
     vertex  4.876953e+00  6.230468e-01  2.000000e+00
   endloop
 endfacet
 facet normal  0.000000e+00  0.000000e+00  1.000000e+00
   outer loop
     vertex  8.833008e+00 -2.420898e+00  2.000000e+00
     vertex  8.152344e+00 -2.535156e+00  2.000000e+00
     vertex  8.376953e+00 -2.876953e+00  2.000000e+00
   endloop
 endfacet
 facet normal  0.000000e+00  0.000000e+00  1.000000e+00
   outer loop
     vertex -2.783206e+00  9.263260e+00  2.000000e+00
     vertex -2.805024e+00  8.755233e+00  2.000000e+00
     vertex -2.473656e+00  8.838873e+00  2.000000e+00
   endloop
 endfacet
 facet normal  0.000000e+00  0.000000e+00  1.000000e+00
   outer loop
     vertex -2.783206e+00  9.263260e+00  2.000000e+00
     vertex -3.268907e+00  9.115447e+00  2.000000e+00
     vertex -2.805024e+00  8.755233e+00  2.000000e+00
   endloop
 endfacet
 facet normal  0.000000e+00  0.000000e+00  1.000000e+00
   outer loop
     vertex  5.093750e+00  1.406250e+00  2.000000e+00
     vertex  4.652344e+00  9.648438e-01  2.000000e+00
     vertex  5.318360e+00  1.064453e+00  2.000000e+00
   endloop
 endfacet
 facet normal  0.000000e+00  0.000000e+00  1.000000e+00
   outer loop
     vertex  5.593750e+00  9.062500e-01  2.000000e+00
     vertex  5.435547e+00  1.816406e-01  2.000000e+00
     vertex  5.818359e+00  5.644531e-01  2.000000e+00
   endloop
 endfacet
 facet normal  0.000000e+00  0.000000e+00  1.000000e+00
   outer loop
     vertex  5.593750e+00  9.062500e-01  2.000000e+00
     vertex  5.093750e+00  4.062500e-01  2.000000e+00
     vertex  5.435547e+00  1.816406e-01  2.000000e+00
   endloop
 endfacet
 facet normal  0.000000e+00  0.000000e+00  1.000000e+00
   outer loop
     vertex  7.891397e+00 -1.360876e+00  2.000000e+00
     vertex  7.735352e+00 -1.435547e+00  2.000000e+00
     vertex  7.821864e+00 -1.415954e+00  2.000000e+00
   endloop
 endfacet
 facet normal  0.000000e+00  0.000000e+00  1.000000e+00
   outer loop
     vertex  7.535157e+00 -9.355468e-01  2.000000e+00
     vertex  5.818359e+00 -5.351562e-01  2.000000e+00
     vertex  5.735352e+00 -9.355468e-01  2.000000e+00
   endloop
 endfacet
 facet normal  0.000000e+00  0.000000e+00  1.000000e+00
   outer loop
     vertex -3.114648e+00  9.725174e+00  2.000000e+00
     vertex -3.670401e+00  9.532300e+00  2.000000e+00
     vertex -3.271541e+00  9.236841e+00  2.000000e+00
   endloop
 endfacet
 facet normal  0.000000e+00  0.000000e+00  1.000000e+00
   outer loop
     vertex  9.728308e+00 -3.108719e+00  2.000000e+00
     vertex  9.295475e+00 -3.078627e+00  2.000000e+00
     vertex  9.545543e+00 -3.626183e+00  2.000000e+00
   endloop
 endfacet
 facet normal  0.000000e+00  0.000000e+00  1.000000e+00
   outer loop
     vertex  5.666860e+00  9.528089e-01  2.000000e+00
     vertex  5.627753e+00  9.335372e-01  2.000000e+00
     vertex  5.593750e+00  9.062500e-01  2.000000e+00
   endloop
 endfacet
 facet normal  0.000000e+00  0.000000e+00  1.000000e+00
   outer loop
     vertex  7.924216e+00 -1.301893e+00  2.000000e+00
     vertex  7.735352e+00 -1.435547e+00  2.000000e+00
     vertex  7.891397e+00 -1.360876e+00  2.000000e+00
   endloop
 endfacet
 facet normal  0.000000e+00  0.000000e+00  1.000000e+00
   outer loop
     vertex  9.307163e+00 -2.615284e+00  2.000000e+00
     vertex  8.720762e+00 -2.868402e+00  2.000000e+00
     vertex  9.186452e+00 -3.044205e+00  2.000000e+00
   endloop
 endfacet
 facet normal  0.000000e+00  0.000000e+00  1.000000e+00
   outer loop
     vertex  9.307163e+00 -2.615284e+00  2.000000e+00
     vertex  8.833008e+00 -2.420898e+00  2.000000e+00
     vertex  8.720762e+00 -2.868402e+00  2.000000e+00
   endloop
 endfacet
 facet normal  0.000000e+00  0.000000e+00  1.000000e+00
   outer loop
     vertex  5.235352e+00  1.464844e+00  2.000000e+00
     vertex  5.166860e+00  1.452809e+00  2.000000e+00
     vertex  5.127753e+00  1.433537e+00  2.000000e+00
   endloop
 endfacet
 facet normal  0.000000e+00  0.000000e+00  1.000000e+00
   outer loop
     vertex  5.235352e+00  1.464844e+00  2.000000e+00
     vertex  5.127753e+00  1.433537e+00  2.000000e+00
     vertex  5.093750e+00  1.406250e+00  2.000000e+00
   endloop
 endfacet
 facet normal  0.000000e+00  0.000000e+00  1.000000e+00
   outer loop
     vertex  5.235352e+00  1.464844e+00  2.000000e+00
     vertex  5.093750e+00  1.406250e+00  2.000000e+00
     vertex  5.318360e+00  1.064453e+00  2.000000e+00
   endloop
 endfacet
 facet normal  0.000000e+00  0.000000e+00  1.000000e+00
   outer loop
     vertex  5.735352e+00  9.648438e-01  2.000000e+00
     vertex  5.593750e+00  9.062500e-01  2.000000e+00
     vertex  5.818359e+00  5.644531e-01  2.000000e+00
   endloop
 endfacet
 facet normal  0.000000e+00  0.000000e+00  1.000000e+00
   outer loop
     vertex  5.735352e+00  9.648438e-01  2.000000e+00
     vertex  5.666860e+00  9.528089e-01  2.000000e+00
     vertex  5.593750e+00  9.062500e-01  2.000000e+00
   endloop
 endfacet
 facet normal  0.000000e+00  0.000000e+00  1.000000e+00
   outer loop
     vertex  7.935547e+00 -1.235352e+00  2.000000e+00
     vertex  7.535157e+00 -9.355468e-01  2.000000e+00
     vertex  7.535157e+00 -1.035156e+00  2.000000e+00
   endloop
 endfacet
 facet normal  0.000000e+00  0.000000e+00  1.000000e+00
   outer loop
     vertex  7.935547e+00 -1.235352e+00  2.000000e+00
     vertex  7.535157e+00 -1.035156e+00  2.000000e+00
     vertex  7.735352e+00 -1.435547e+00  2.000000e+00
   endloop
 endfacet
 facet normal  0.000000e+00  0.000000e+00  1.000000e+00
   outer loop
     vertex  7.935547e+00 -1.235352e+00  2.000000e+00
     vertex  7.735352e+00 -1.435547e+00  2.000000e+00
     vertex  7.924216e+00 -1.301893e+00  2.000000e+00
   endloop
 endfacet
 facet normal  0.000000e+00  0.000000e+00  1.000000e+00
   outer loop
     vertex -1.816406e-01  7.064453e+00  2.000000e+00
     vertex -9.062500e-01  6.906250e+00  2.000000e+00
     vertex -5.644531e-01  6.681641e+00  2.000000e+00
   endloop
 endfacet
 facet normal  0.000000e+00  0.000000e+00  1.000000e+00
   outer loop
     vertex  5.351562e-01  6.347657e+00  2.000000e+00
     vertex  9.375000e-02  5.906250e+00  2.000000e+00
     vertex  4.355469e-01  5.681641e+00  2.000000e+00
   endloop
 endfacet
 facet normal  0.000000e+00  0.000000e+00  1.000000e+00
   outer loop
     vertex -4.062500e-01  7.406250e+00  2.000000e+00
     vertex -9.062500e-01  6.906250e+00  2.000000e+00
     vertex -1.816406e-01  7.064453e+00  2.000000e+00
   endloop
 endfacet
 facet normal  0.000000e+00  0.000000e+00  1.000000e+00
   outer loop
     vertex  8.769531e-01  6.123047e+00  2.000000e+00
     vertex  5.351562e-01  6.347657e+00  2.000000e+00
     vertex  4.355469e-01  5.681641e+00  2.000000e+00
   endloop
 endfacet
 facet normal  0.000000e+00  0.000000e+00  1.000000e+00
   outer loop
     vertex -2.288652e+00  9.379516e+00  2.000000e+00
     vertex -2.783206e+00  9.263260e+00  2.000000e+00
     vertex -2.473656e+00  8.838873e+00  2.000000e+00
   endloop
 endfacet
 facet normal  0.000000e+00  0.000000e+00  1.000000e+00
   outer loop
     vertex -3.331397e-01  7.452809e+00  2.000000e+00
     vertex -3.722472e-01  7.433537e+00  2.000000e+00
     vertex -4.062500e-01  7.406250e+00  2.000000e+00
   endloop
 endfacet
 facet normal  0.000000e+00  0.000000e+00  1.000000e+00
   outer loop
     vertex  9.387898e+00 -2.209681e+00  2.000000e+00
     vertex  8.833008e+00 -2.420898e+00  2.000000e+00
     vertex  9.307163e+00 -2.615284e+00  2.000000e+00
   endloop
 endfacet
 facet normal  0.000000e+00  0.000000e+00  1.000000e+00
   outer loop
     vertex  7.735351e+00 -5.351562e-01  2.000000e+00
     vertex  5.818359e+00 -5.351562e-01  2.000000e+00
     vertex  7.535157e+00 -9.355468e-01  2.000000e+00
   endloop
 endfacet
 facet normal  0.000000e+00  0.000000e+00  1.000000e+00
   outer loop
     vertex  9.355468e-01  6.264649e+00  2.000000e+00
     vertex  5.351562e-01  6.347657e+00  2.000000e+00
     vertex  8.769531e-01  6.123047e+00  2.000000e+00
   endloop
 endfacet
 facet normal  0.000000e+00  0.000000e+00  1.000000e+00
   outer loop
     vertex  9.355468e-01  6.264649e+00  2.000000e+00
     vertex  8.769531e-01  6.123047e+00  2.000000e+00
     vertex  9.168329e-01  6.180016e+00  2.000000e+00
   endloop
 endfacet
 facet normal  0.000000e+00  0.000000e+00  1.000000e+00
   outer loop
     vertex  9.355468e-01  6.264649e+00  2.000000e+00
     vertex  9.168329e-01  6.180016e+00  2.000000e+00
     vertex  9.308293e-01  6.221306e+00  2.000000e+00
   endloop
 endfacet
 facet normal  0.000000e+00  0.000000e+00  1.000000e+00
   outer loop
     vertex  7.935547e+00 -7.353515e-01  2.000000e+00
     vertex  7.735351e+00 -5.351562e-01  2.000000e+00
     vertex  7.535157e+00 -9.355468e-01  2.000000e+00
   endloop
 endfacet
 facet normal  0.000000e+00  0.000000e+00  1.000000e+00
   outer loop
     vertex  7.935547e+00 -7.353515e-01  2.000000e+00
     vertex  7.535157e+00 -9.355468e-01  2.000000e+00
     vertex  7.935547e+00 -1.235352e+00  2.000000e+00
   endloop
 endfacet
 facet normal  0.000000e+00  0.000000e+00  1.000000e+00
   outer loop
     vertex -2.646484e-01  7.464844e+00  2.000000e+00
     vertex -4.062500e-01  7.406250e+00  2.000000e+00
     vertex -1.816406e-01  7.064453e+00  2.000000e+00
   endloop
 endfacet
 facet normal  0.000000e+00  0.000000e+00  1.000000e+00
   outer loop
     vertex -2.646484e-01  7.464844e+00  2.000000e+00
     vertex -3.331397e-01  7.452809e+00  2.000000e+00
     vertex -4.062500e-01  7.406250e+00  2.000000e+00
   endloop
 endfacet
 facet normal  0.000000e+00  0.000000e+00  1.000000e+00
   outer loop
     vertex  1.523438e-01  7.064453e+00  2.000000e+00
     vertex -2.646484e-01  7.464844e+00  2.000000e+00
     vertex -1.816406e-01  7.064453e+00  2.000000e+00
   endloop
 endfacet
 facet normal  0.000000e+00  0.000000e+00  1.000000e+00
   outer loop
     vertex  7.860876e+00 -5.793059e-01  2.000000e+00
     vertex  7.735351e+00 -5.351562e-01  2.000000e+00
     vertex  7.935547e+00 -7.353515e-01  2.000000e+00
   endloop
 endfacet
 facet normal  0.000000e+00  0.000000e+00  1.000000e+00
   outer loop
     vertex  7.860876e+00 -5.793059e-01  2.000000e+00
     vertex  7.935547e+00 -7.353515e-01  2.000000e+00
     vertex  7.915954e+00 -6.488388e-01  2.000000e+00
   endloop
 endfacet
 facet normal  0.000000e+00  0.000000e+00  1.000000e+00
   outer loop
     vertex  7.860876e+00 -5.793059e-01  2.000000e+00
     vertex  7.801893e+00 -5.464871e-01  2.000000e+00
     vertex  7.735351e+00 -5.351562e-01  2.000000e+00
   endloop
 endfacet
 facet normal  0.000000e+00  0.000000e+00  1.000000e+00
   outer loop
     vertex  9.877060e+00 -2.590026e+00  2.000000e+00
     vertex  9.460211e+00 -2.524720e+00  2.000000e+00
     vertex  9.728308e+00 -3.108719e+00  2.000000e+00
   endloop
 endfacet
 facet normal  0.000000e+00  0.000000e+00  1.000000e+00
   outer loop
     vertex -2.536568e+00  9.890547e+00  2.000000e+00
     vertex -3.114648e+00  9.725174e+00  2.000000e+00
     vertex -2.664045e+00  9.427284e+00  2.000000e+00
   endloop
 endfacet
 facet normal  0.000000e+00  0.000000e+00  1.000000e+00
   outer loop
     vertex  9.418411e+00 -1.974395e+00  2.000000e+00
     vertex  8.833008e+00 -2.420898e+00  2.000000e+00
     vertex  9.387898e+00 -2.209681e+00  2.000000e+00
   endloop
 endfacet
 facet normal  0.000000e+00  0.000000e+00  1.000000e+00
   outer loop
     vertex  4.593750e+00  2.906250e+00  2.000000e+00
     vertex  3.935547e+00  1.681641e+00  2.000000e+00
     vertex  4.818359e+00  2.564453e+00  2.000000e+00
   endloop
 endfacet
 facet normal  0.000000e+00  0.000000e+00  1.000000e+00
   outer loop
     vertex  4.593750e+00  2.906250e+00  2.000000e+00
     vertex  3.593750e+00  1.906250e+00  2.000000e+00
     vertex  3.935547e+00  1.681641e+00  2.000000e+00
   endloop
 endfacet
 facet normal  0.000000e+00  0.000000e+00  1.000000e+00
   outer loop
     vertex  9.093750e+00 -1.593750e+00  2.000000e+00
     vertex  8.833008e+00 -2.420898e+00  2.000000e+00
     vertex  9.418411e+00 -1.974395e+00  2.000000e+00
   endloop
 endfacet
 facet normal  0.000000e+00  0.000000e+00  1.000000e+00
   outer loop
     vertex  2.876953e+00  4.623047e+00  2.000000e+00
     vertex  1.652344e+00  3.964844e+00  2.000000e+00
     vertex  1.876953e+00  3.623047e+00  2.000000e+00
   endloop
 endfacet
 facet normal  0.000000e+00  0.000000e+00  1.000000e+00
   outer loop
     vertex  2.876953e+00  4.623047e+00  2.000000e+00
     vertex  2.535156e+00  4.847656e+00  2.000000e+00
     vertex  1.652344e+00  3.964844e+00  2.000000e+00
   endloop
 endfacet
 facet normal  0.000000e+00  0.000000e+00  1.000000e+00
   outer loop
     vertex -1.623047e+00  9.123047e+00  2.000000e+00
     vertex -2.473656e+00  8.838873e+00  2.000000e+00
     vertex -2.564453e+00  8.181640e+00  2.000000e+00
   endloop
 endfacet
 facet normal  0.000000e+00  0.000000e+00  1.000000e+00
   outer loop
     vertex -1.623047e+00  9.123047e+00  2.000000e+00
     vertex -2.288652e+00  9.379516e+00  2.000000e+00
     vertex -2.473656e+00  8.838873e+00  2.000000e+00
   endloop
 endfacet
 facet normal  0.000000e+00  0.000000e+00  1.000000e+00
   outer loop
     vertex -1.791016e+00  9.462890e+00  2.000000e+00
     vertex -2.288652e+00  9.379516e+00  2.000000e+00
     vertex -1.623047e+00  9.123047e+00  2.000000e+00
   endloop
 endfacet
 facet normal  0.000000e+00  0.000000e+00  1.000000e+00
   outer loop
     vertex  9.435547e+00 -1.744141e+00  2.000000e+00
     vertex  9.093750e+00 -1.593750e+00  2.000000e+00
     vertex  9.418411e+00 -1.974395e+00  2.000000e+00
   endloop
 endfacet
 facet normal  0.000000e+00  0.000000e+00  1.000000e+00
   outer loop
     vertex  2.935547e+00  4.764648e+00  2.000000e+00
     vertex  2.535156e+00  4.847656e+00  2.000000e+00
     vertex  2.876953e+00  4.623047e+00  2.000000e+00
   endloop
 endfacet
 facet normal  0.000000e+00  0.000000e+00  1.000000e+00
   outer loop
     vertex  2.935547e+00  4.764648e+00  2.000000e+00
     vertex  2.876953e+00  4.623047e+00  2.000000e+00
     vertex  2.916833e+00  4.680016e+00  2.000000e+00
   endloop
 endfacet
 facet normal  0.000000e+00  0.000000e+00  1.000000e+00
   outer loop
     vertex  2.935547e+00  4.764648e+00  2.000000e+00
     vertex  2.916833e+00  4.680016e+00  2.000000e+00
     vertex  2.930829e+00  4.721306e+00  2.000000e+00
   endloop
 endfacet
 facet normal  0.000000e+00  0.000000e+00  1.000000e+00
   outer loop
     vertex  4.735352e+00  2.964844e+00  2.000000e+00
     vertex  4.666860e+00  2.952809e+00  2.000000e+00
     vertex  4.627753e+00  2.933537e+00  2.000000e+00
   endloop
 endfacet
 facet normal  0.000000e+00  0.000000e+00  1.000000e+00
   outer loop
     vertex  4.735352e+00  2.964844e+00  2.000000e+00
     vertex  4.627753e+00  2.933537e+00  2.000000e+00
     vertex  4.593750e+00  2.906250e+00  2.000000e+00
   endloop
 endfacet
 facet normal  0.000000e+00  0.000000e+00  1.000000e+00
   outer loop
     vertex  4.735352e+00  2.964844e+00  2.000000e+00
     vertex  4.593750e+00  2.906250e+00  2.000000e+00
     vertex  4.818359e+00  2.564453e+00  2.000000e+00
   endloop
 endfacet
 facet normal  0.000000e+00  0.000000e+00  1.000000e+00
   outer loop
     vertex  9.355468e-01  6.764648e+00  2.000000e+00
     vertex  5.351562e-01  6.347657e+00  2.000000e+00
     vertex  9.355468e-01  6.264649e+00  2.000000e+00
   endloop
 endfacet
 facet normal  0.000000e+00  0.000000e+00  1.000000e+00
   outer loop
     vertex  9.355468e-01  6.764648e+00  2.000000e+00
     vertex  5.351562e-01  6.681641e+00  2.000000e+00
     vertex  5.351562e-01  6.347657e+00  2.000000e+00
   endloop
 endfacet
 facet normal  0.000000e+00  0.000000e+00  1.000000e+00
   outer loop
     vertex  2.353516e-01  7.464844e+00  2.000000e+00
     vertex -2.646484e-01  7.464844e+00  2.000000e+00
     vertex  1.523438e-01  7.064453e+00  2.000000e+00
   endloop
 endfacet
 facet normal  0.000000e+00  0.000000e+00  1.000000e+00
   outer loop
     vertex -1.565442e+00  9.286165e+00  2.000000e+00
     vertex -1.623047e+00  9.123047e+00  2.000000e+00
     vertex -1.575698e+00  9.198056e+00  2.000000e+00
   endloop
 endfacet
 facet normal  0.000000e+00  0.000000e+00  1.000000e+00
   outer loop
     vertex  3.199839e-01  7.446130e+00  2.000000e+00
     vertex  2.786936e-01  7.460126e+00  2.000000e+00
     vertex  2.353516e-01  7.464844e+00  2.000000e+00
   endloop
 endfacet
 facet normal  0.000000e+00  0.000000e+00  1.000000e+00
   outer loop
     vertex  9.042403e-01  6.872247e+00  2.000000e+00
     vertex  9.355468e-01  6.764648e+00  2.000000e+00
     vertex  9.235120e-01  6.833140e+00  2.000000e+00
   endloop
 endfacet
 facet normal  0.000000e+00  0.000000e+00  1.000000e+00
   outer loop
     vertex -1.656584e+00  9.433199e+00  2.000000e+00
     vertex -1.565442e+00  9.286165e+00  2.000000e+00
     vertex -1.594295e+00  9.370045e+00  2.000000e+00
   endloop
 endfacet
 facet normal  0.000000e+00  0.000000e+00  1.000000e+00
   outer loop
     vertex -1.656584e+00  9.433199e+00  2.000000e+00
     vertex -1.721165e+00  9.459975e+00  2.000000e+00
     vertex -1.791016e+00  9.462890e+00  2.000000e+00
   endloop
 endfacet
 facet normal  0.000000e+00  0.000000e+00  1.000000e+00
   outer loop
     vertex -1.656584e+00  9.433199e+00  2.000000e+00
     vertex -1.791016e+00  9.462890e+00  2.000000e+00
     vertex -1.623047e+00  9.123047e+00  2.000000e+00
   endloop
 endfacet
 facet normal  0.000000e+00  0.000000e+00  1.000000e+00
   outer loop
     vertex -1.656584e+00  9.433199e+00  2.000000e+00
     vertex -1.623047e+00  9.123047e+00  2.000000e+00
     vertex -1.565442e+00  9.286165e+00  2.000000e+00
   endloop
 endfacet
 facet normal  0.000000e+00  0.000000e+00  1.000000e+00
   outer loop
     vertex  8.769531e-01  6.906250e+00  2.000000e+00
     vertex  1.523438e-01  7.064453e+00  2.000000e+00
     vertex  5.351562e-01  6.681641e+00  2.000000e+00
   endloop
 endfacet
 facet normal  0.000000e+00  0.000000e+00  1.000000e+00
   outer loop
     vertex  8.769531e-01  6.906250e+00  2.000000e+00
     vertex  5.351562e-01  6.681641e+00  2.000000e+00
     vertex  9.355468e-01  6.764648e+00  2.000000e+00
   endloop
 endfacet
 facet normal  0.000000e+00  0.000000e+00  1.000000e+00
   outer loop
     vertex  8.769531e-01  6.906250e+00  2.000000e+00
     vertex  9.355468e-01  6.764648e+00  2.000000e+00
     vertex  9.042403e-01  6.872247e+00  2.000000e+00
   endloop
 endfacet
 facet normal  0.000000e+00  0.000000e+00  1.000000e+00
   outer loop
     vertex  3.769531e-01  7.406250e+00  2.000000e+00
     vertex  1.523438e-01  7.064453e+00  2.000000e+00
     vertex  8.769531e-01  6.906250e+00  2.000000e+00
   endloop
 endfacet
 facet normal  0.000000e+00  0.000000e+00  1.000000e+00
   outer loop
     vertex  3.769531e-01  7.406250e+00  2.000000e+00
     vertex  2.353516e-01  7.464844e+00  2.000000e+00
     vertex  1.523438e-01  7.064453e+00  2.000000e+00
   endloop
 endfacet
 facet normal  0.000000e+00  0.000000e+00  1.000000e+00
   outer loop
     vertex  3.769531e-01  7.406250e+00  2.000000e+00
     vertex  3.199839e-01  7.446130e+00  2.000000e+00
     vertex  2.353516e-01  7.464844e+00  2.000000e+00
   endloop
 endfacet
 facet normal  0.000000e+00  0.000000e+00  1.000000e+00
   outer loop
     vertex  9.368253e+00 -1.584775e+00  2.000000e+00
     vertex  9.435547e+00 -1.744141e+00  2.000000e+00
     vertex  9.420020e+00 -1.656806e+00  2.000000e+00
   endloop
 endfacet
 facet normal  0.000000e+00  0.000000e+00  1.000000e+00
   outer loop
     vertex  9.368253e+00 -1.584775e+00  2.000000e+00
     vertex  9.290428e+00 -1.542212e+00  2.000000e+00
     vertex  9.201850e+00 -1.537489e+00  2.000000e+00
   endloop
 endfacet
 facet normal  0.000000e+00  0.000000e+00  1.000000e+00
   outer loop
     vertex  9.368253e+00 -1.584775e+00  2.000000e+00
     vertex  9.201850e+00 -1.537489e+00  2.000000e+00
     vertex  9.143411e+00 -1.557187e+00  2.000000e+00
   endloop
 endfacet
 facet normal  0.000000e+00  0.000000e+00  1.000000e+00
   outer loop
     vertex  9.368253e+00 -1.584775e+00  2.000000e+00
     vertex  9.143411e+00 -1.557187e+00  2.000000e+00
     vertex  9.093750e+00 -1.593750e+00  2.000000e+00
   endloop
 endfacet
 facet normal  0.000000e+00  0.000000e+00  1.000000e+00
   outer loop
     vertex  9.368253e+00 -1.584775e+00  2.000000e+00
     vertex  9.093750e+00 -1.593750e+00  2.000000e+00
     vertex  9.435547e+00 -1.744141e+00  2.000000e+00
   endloop
 endfacet
 facet normal  0.000000e+00  0.000000e+00  1.000000e+00
   outer loop
     vertex  9.035156e+00 -1.235352e+00  2.000000e+00
     vertex  9.054749e+00 -1.321864e+00  2.000000e+00
     vertex  9.109827e+00 -1.391397e+00  2.000000e+00
   endloop
 endfacet
 facet normal  0.000000e+00  0.000000e+00  1.000000e+00
   outer loop
     vertex  9.035156e+00 -1.235352e+00  2.000000e+00
     vertex  9.109827e+00 -1.391397e+00  2.000000e+00
     vertex  9.168810e+00 -1.424216e+00  2.000000e+00
   endloop
 endfacet
 facet normal  0.000000e+00  0.000000e+00  1.000000e+00
   outer loop
     vertex -1.264648e+00  9.064453e+00  2.000000e+00
     vertex -1.390173e+00  9.108603e+00  2.000000e+00
     vertex -1.331190e+00  9.075784e+00  2.000000e+00
   endloop
 endfacet
 facet normal  0.000000e+00  0.000000e+00  1.000000e+00
   outer loop
     vertex  9.235352e+00 -1.435547e+00  2.000000e+00
     vertex  9.035156e+00 -1.235352e+00  2.000000e+00
     vertex  9.168810e+00 -1.424216e+00  2.000000e+00
   endloop
 endfacet
 facet normal  0.000000e+00  0.000000e+00  1.000000e+00
   outer loop
     vertex -1.464844e+00  9.264649e+00  2.000000e+00
     vertex -1.390173e+00  9.108603e+00  2.000000e+00
     vertex -1.264648e+00  9.064453e+00  2.000000e+00
   endloop
 endfacet
 facet normal  0.000000e+00  0.000000e+00  1.000000e+00
   outer loop
     vertex -1.464844e+00  9.264649e+00  2.000000e+00
     vertex -1.445251e+00  9.178136e+00  2.000000e+00
     vertex -1.390173e+00  9.108603e+00  2.000000e+00
   endloop
 endfacet
 facet normal  0.000000e+00  0.000000e+00  1.000000e+00
   outer loop
     vertex  9.991730e+00 -2.072257e+00  2.000000e+00
     vertex  9.581950e+00 -1.982126e+00  2.000000e+00
     vertex  9.877060e+00 -2.590026e+00  2.000000e+00
   endloop
 endfacet
 facet normal  0.000000e+00  0.000000e+00  1.000000e+00
   outer loop
     vertex -1.921708e+00  1.003054e+01  2.000000e+00
     vertex -2.536568e+00  9.890547e+00  2.000000e+00
     vertex -2.071509e+00  9.575411e+00  2.000000e+00
   endloop
 endfacet
 facet normal  0.000000e+00  0.000000e+00  1.000000e+00
   outer loop
     vertex  8.535156e+00 -2.353516e-01  2.000000e+00
     vertex  8.547191e+00 -3.038429e-01  2.000000e+00
     vertex  8.566463e+00 -3.429503e-01  2.000000e+00
   endloop
 endfacet
 facet normal  0.000000e+00  0.000000e+00  1.000000e+00
   outer loop
     vertex  8.535156e+00 -2.353516e-01  2.000000e+00
     vertex  8.566463e+00 -3.429503e-01  2.000000e+00
     vertex  8.593750e+00 -3.769531e-01  2.000000e+00
   endloop
 endfacet
 facet normal  0.000000e+00  0.000000e+00  1.000000e+00
   outer loop
     vertex  1.005853e+01 -1.663508e+00  2.000000e+00
     vertex  9.665039e+00 -1.435547e+00  2.000000e+00
     vertex  9.581950e+00 -1.982126e+00  2.000000e+00
   endloop
 endfacet
 facet normal  0.000000e+00  0.000000e+00  1.000000e+00
   outer loop
     vertex  1.005853e+01 -1.663508e+00  2.000000e+00
     vertex  9.581950e+00 -1.982126e+00  2.000000e+00
     vertex  9.991730e+00 -2.072257e+00  2.000000e+00
   endloop
 endfacet
 facet normal  0.000000e+00  0.000000e+00  1.000000e+00
   outer loop
     vertex -1.064453e+00  9.464844e+00  2.000000e+00
     vertex -1.464844e+00  9.264649e+00  2.000000e+00
     vertex -1.264648e+00  9.064453e+00  2.000000e+00
   endloop
 endfacet
 facet normal  0.000000e+00  0.000000e+00  1.000000e+00
   outer loop
     vertex -1.064453e+00  9.464844e+00  2.000000e+00
     vertex -1.464844e+00  9.692383e+00  2.000000e+00
     vertex -1.464844e+00  9.264649e+00  2.000000e+00
   endloop
 endfacet
 facet normal  0.000000e+00  0.000000e+00  1.000000e+00
   outer loop
     vertex  9.435547e+00 -1.035156e+00  2.000000e+00
     vertex  9.035156e+00 -8.183593e-01  2.000000e+00
     vertex  9.035156e+00 -1.235352e+00  2.000000e+00
   endloop
 endfacet
 facet normal  0.000000e+00  0.000000e+00  1.000000e+00
   outer loop
     vertex  9.435547e+00 -1.035156e+00  2.000000e+00
     vertex  9.235352e+00 -1.435547e+00  2.000000e+00
     vertex  9.665039e+00 -1.435547e+00  2.000000e+00
   endloop
 endfacet
 facet normal  0.000000e+00  0.000000e+00  1.000000e+00
   outer loop
     vertex  9.435547e+00 -1.035156e+00  2.000000e+00
     vertex  9.035156e+00 -1.235352e+00  2.000000e+00
     vertex  9.235352e+00 -1.435547e+00  2.000000e+00
   endloop
 endfacet
 facet normal  0.000000e+00  0.000000e+00  1.000000e+00
   outer loop
     vertex  7.535157e+00  9.648437e-01  2.000000e+00
     vertex  5.818359e+00  5.644531e-01  2.000000e+00
     vertex  7.735352e+00  5.644531e-01  2.000000e+00
   endloop
 endfacet
 facet normal  0.000000e+00  0.000000e+00  1.000000e+00
   outer loop
     vertex  7.535157e+00  9.648437e-01  2.000000e+00
     vertex  5.735352e+00  9.648438e-01  2.000000e+00
     vertex  5.818359e+00  5.644531e-01  2.000000e+00
   endloop
 endfacet
 facet normal  0.000000e+00  0.000000e+00  1.000000e+00
   outer loop
     vertex  7.891397e+00  6.391235e-01  2.000000e+00
     vertex  7.735352e+00  5.644531e-01  2.000000e+00
     vertex  7.821864e+00  5.840461e-01  2.000000e+00
   endloop
 endfacet
 facet normal  0.000000e+00  0.000000e+00  1.000000e+00
   outer loop
     vertex  7.924216e+00  6.981071e-01  2.000000e+00
     vertex  7.735352e+00  5.644531e-01  2.000000e+00
     vertex  7.891397e+00  6.391235e-01  2.000000e+00
   endloop
 endfacet
 facet normal  0.000000e+00  0.000000e+00  1.000000e+00
   outer loop
     vertex  9.435547e+00 -7.353516e-01  2.000000e+00
     vertex  9.035156e+00 -8.183593e-01  2.000000e+00
     vertex  9.435547e+00 -1.035156e+00  2.000000e+00
   endloop
 endfacet
 facet normal  0.000000e+00  0.000000e+00  1.000000e+00
   outer loop
     vertex  7.935547e+00  7.646484e-01  2.000000e+00
     vertex  7.535157e+00  1.064453e+00  2.000000e+00
     vertex  7.535157e+00  9.648437e-01  2.000000e+00
   endloop
 endfacet
 facet normal  0.000000e+00  0.000000e+00  1.000000e+00
   outer loop
     vertex  7.935547e+00  7.646484e-01  2.000000e+00
     vertex  7.535157e+00  9.648437e-01  2.000000e+00
     vertex  7.735352e+00  5.644531e-01  2.000000e+00
   endloop
 endfacet
 facet normal  0.000000e+00  0.000000e+00  1.000000e+00
   outer loop
     vertex  7.935547e+00  7.646484e-01  2.000000e+00
     vertex  7.735352e+00  5.644531e-01  2.000000e+00
     vertex  7.924216e+00  6.981071e-01  2.000000e+00
   endloop
 endfacet
 facet normal  0.000000e+00  0.000000e+00  1.000000e+00
   outer loop
     vertex  9.376953e+00 -5.937500e-01  2.000000e+00
     vertex  9.435547e+00 -7.353516e-01  2.000000e+00
     vertex  9.423512e+00 -6.668602e-01  2.000000e+00
   endloop
 endfacet
 facet normal  0.000000e+00  0.000000e+00  1.000000e+00
   outer loop
     vertex  9.376953e+00 -5.937500e-01  2.000000e+00
     vertex  9.423512e+00 -6.668602e-01  2.000000e+00
     vertex  9.404240e+00 -6.277528e-01  2.000000e+00
   endloop
 endfacet
 facet normal  0.000000e+00  0.000000e+00  1.000000e+00
   outer loop
     vertex  9.376953e+00 -5.937500e-01  2.000000e+00
     vertex  9.035156e+00 -8.183593e-01  2.000000e+00
     vertex  9.435547e+00 -7.353516e-01  2.000000e+00
   endloop
 endfacet
 facet normal  0.000000e+00  0.000000e+00  1.000000e+00
   outer loop
     vertex  8.935547e+00 -1.523438e-01  2.000000e+00
     vertex  8.535156e+00 -2.353516e-01  2.000000e+00
     vertex  8.593750e+00 -3.769531e-01  2.000000e+00
   endloop
 endfacet
 facet normal  0.000000e+00  0.000000e+00  1.000000e+00
   outer loop
     vertex  8.935547e+00 -1.523438e-01  2.000000e+00
     vertex  9.035156e+00 -8.183593e-01  2.000000e+00
     vertex  9.376953e+00 -5.937500e-01  2.000000e+00
   endloop
 endfacet
 facet normal  0.000000e+00  0.000000e+00  1.000000e+00
   outer loop
     vertex  8.935547e+00 -1.523438e-01  2.000000e+00
     vertex  8.593750e+00 -3.769531e-01  2.000000e+00
     vertex  9.035156e+00 -8.183593e-01  2.000000e+00
   endloop
 endfacet
 facet normal  0.000000e+00  0.000000e+00  1.000000e+00
   outer loop
     vertex  8.535156e+00  2.646484e-01  2.000000e+00
     vertex  8.535156e+00 -2.353516e-01  2.000000e+00
     vertex  8.935547e+00 -1.523438e-01  2.000000e+00
   endloop
 endfacet
 facet normal  0.000000e+00  0.000000e+00  1.000000e+00
   outer loop
     vertex -1.293945e+00  1.013867e+01  2.000000e+00
     vertex -1.921708e+00  1.003054e+01  2.000000e+00
     vertex -1.464844e+00  9.692383e+00  2.000000e+00
   endloop
 endfacet
 facet normal  0.000000e+00  0.000000e+00  1.000000e+00
   outer loop
     vertex  1.010449e+01 -1.252930e+00  2.000000e+00
     vertex  9.665039e+00 -1.435547e+00  2.000000e+00
     vertex  1.005853e+01 -1.663508e+00  2.000000e+00
   endloop
 endfacet
 facet normal  0.000000e+00  0.000000e+00  1.000000e+00
   outer loop
     vertex  9.905273e+00 -1.035156e+00  2.000000e+00
     vertex  9.435547e+00 -1.035156e+00  2.000000e+00
     vertex  9.665039e+00 -1.435547e+00  2.000000e+00
   endloop
 endfacet
 facet normal  0.000000e+00  0.000000e+00  1.000000e+00
   outer loop
     vertex  9.905273e+00 -1.035156e+00  2.000000e+00
     vertex  9.665039e+00 -1.435547e+00  2.000000e+00
     vertex  1.010449e+01 -1.252930e+00  2.000000e+00
   endloop
 endfacet
 facet normal  0.000000e+00  0.000000e+00  1.000000e+00
   outer loop
     vertex -1.064453e+00  9.940430e+00  2.000000e+00
     vertex -1.464844e+00  9.692383e+00  2.000000e+00
     vertex -1.064453e+00  9.464844e+00  2.000000e+00
   endloop
 endfacet
 facet normal  0.000000e+00  0.000000e+00  1.000000e+00
   outer loop
     vertex -1.064453e+00  9.940430e+00  2.000000e+00
     vertex -1.293945e+00  1.013867e+01  2.000000e+00
     vertex -1.464844e+00  9.692383e+00  2.000000e+00
   endloop
 endfacet
 facet normal  0.000000e+00  0.000000e+00  1.000000e+00
   outer loop
     vertex -1.083947e+00  1.002696e+01  2.000000e+00
     vertex -1.293945e+00  1.013867e+01  2.000000e+00
     vertex -1.064453e+00  9.940430e+00  2.000000e+00
   endloop
 endfacet
 facet normal  0.000000e+00  0.000000e+00  1.000000e+00
   outer loop
     vertex  1.004382e+01 -1.090925e+00  2.000000e+00
     vertex  1.010449e+01 -1.252930e+00  2.000000e+00
     vertex  1.009258e+01 -1.165030e+00  2.000000e+00
   endloop
 endfacet
 facet normal  0.000000e+00  0.000000e+00  1.000000e+00
   outer loop
     vertex  1.004382e+01 -1.090925e+00  2.000000e+00
     vertex  9.979950e+00 -1.049624e+00  2.000000e+00
     vertex  9.905273e+00 -1.035156e+00  2.000000e+00
   endloop
 endfacet
 facet normal  0.000000e+00  0.000000e+00  1.000000e+00
   outer loop
     vertex  1.004382e+01 -1.090925e+00  2.000000e+00
     vertex  9.905273e+00 -1.035156e+00  2.000000e+00
     vertex  1.010449e+01 -1.252930e+00  2.000000e+00
   endloop
 endfacet
 facet normal  0.000000e+00  0.000000e+00  1.000000e+00
   outer loop
     vertex -1.138944e+00  1.009656e+01  2.000000e+00
     vertex -1.293945e+00  1.013867e+01  2.000000e+00
     vertex -1.083947e+00  1.002696e+01  2.000000e+00
   endloop
 endfacet
 facet normal  0.000000e+00  0.000000e+00  1.000000e+00
   outer loop
     vertex -1.138944e+00  1.009656e+01  2.000000e+00
     vertex -1.212032e+00  1.013386e+01  2.000000e+00
     vertex -1.293945e+00  1.013867e+01  2.000000e+00
   endloop
 endfacet
 facet normal  0.000000e+00  0.000000e+00  1.000000e+00
   outer loop
     vertex  8.593750e+00  4.062500e-01  2.000000e+00
     vertex  8.553870e+00  3.492808e-01  2.000000e+00
     vertex  8.539874e+00  3.079905e-01  2.000000e+00
   endloop
 endfacet
 facet normal  0.000000e+00  0.000000e+00  1.000000e+00
   outer loop
     vertex  8.593750e+00  4.062500e-01  2.000000e+00
     vertex  8.539874e+00  3.079905e-01  2.000000e+00
     vertex  8.535156e+00  2.646484e-01  2.000000e+00
   endloop
 endfacet
 facet normal  0.000000e+00  0.000000e+00  1.000000e+00
   outer loop
     vertex  8.935547e+00  1.816406e-01  2.000000e+00
     vertex  8.535156e+00  2.646484e-01  2.000000e+00
     vertex  8.935547e+00 -1.523438e-01  2.000000e+00
   endloop
 endfacet
 facet normal  0.000000e+00  0.000000e+00  1.000000e+00
   outer loop
     vertex  8.935547e+00  1.816406e-01  2.000000e+00
     vertex  8.593750e+00  4.062500e-01  2.000000e+00
     vertex  8.535156e+00  2.646484e-01  2.000000e+00
   endloop
 endfacet
 facet normal  0.000000e+00  0.000000e+00  1.000000e+00
   outer loop
     vertex  7.935547e+00  1.264648e+00  2.000000e+00
     vertex  7.535157e+00  1.064453e+00  2.000000e+00
     vertex  7.935547e+00  7.646484e-01  2.000000e+00
   endloop
 endfacet
 facet normal  0.000000e+00  0.000000e+00  1.000000e+00
   outer loop
     vertex  7.935547e+00  1.264648e+00  2.000000e+00
     vertex  7.735351e+00  1.464844e+00  2.000000e+00
     vertex  7.535157e+00  1.064453e+00  2.000000e+00
   endloop
 endfacet
 facet normal  0.000000e+00  0.000000e+00  1.000000e+00
   outer loop
     vertex  7.860876e+00  1.420694e+00  2.000000e+00
     vertex  7.735351e+00  1.464844e+00  2.000000e+00
     vertex  7.935547e+00  1.264648e+00  2.000000e+00
   endloop
 endfacet
 facet normal  0.000000e+00  0.000000e+00  1.000000e+00
   outer loop
     vertex  7.860876e+00  1.420694e+00  2.000000e+00
     vertex  7.935547e+00  1.264648e+00  2.000000e+00
     vertex  7.915954e+00  1.351161e+00  2.000000e+00
   endloop
 endfacet
 facet normal  0.000000e+00  0.000000e+00  1.000000e+00
   outer loop
     vertex  7.860876e+00  1.420694e+00  2.000000e+00
     vertex  7.801893e+00  1.453513e+00  2.000000e+00
     vertex  7.735351e+00  1.464844e+00  2.000000e+00
   endloop
 endfacet
 facet normal  0.000000e+00  0.000000e+00  1.000000e+00
   outer loop
     vertex  9.035156e+00  8.476562e-01  2.000000e+00
     vertex  8.593750e+00  4.062500e-01  2.000000e+00
     vertex  8.935547e+00  1.816406e-01  2.000000e+00
   endloop
 endfacet
 facet normal  0.000000e+00  0.000000e+00  1.000000e+00
   outer loop
     vertex  9.376953e+00  6.230468e-01  2.000000e+00
     vertex  9.035156e+00  8.476562e-01  2.000000e+00
     vertex  8.935547e+00  1.816406e-01  2.000000e+00
   endloop
 endfacet
 facet normal  0.000000e+00  0.000000e+00  1.000000e+00
   outer loop
     vertex  9.435547e+00  7.646484e-01  2.000000e+00
     vertex  9.376953e+00  6.230468e-01  2.000000e+00
     vertex  9.416833e+00  6.800161e-01  2.000000e+00
   endloop
 endfacet
 facet normal  0.000000e+00  0.000000e+00  1.000000e+00
   outer loop
     vertex  9.435547e+00  7.646484e-01  2.000000e+00
     vertex  9.416833e+00  6.800161e-01  2.000000e+00
     vertex  9.430829e+00  7.213064e-01  2.000000e+00
   endloop
 endfacet
 facet normal  0.000000e+00  0.000000e+00  1.000000e+00
   outer loop
     vertex  9.435547e+00  7.646484e-01  2.000000e+00
     vertex  9.035156e+00  8.476562e-01  2.000000e+00
     vertex  9.376953e+00  6.230468e-01  2.000000e+00
   endloop
 endfacet
 facet normal  0.000000e+00  0.000000e+00  1.000000e+00
   outer loop
     vertex  9.079306e+00  1.390173e+00  2.000000e+00
     vertex  9.046487e+00  1.331190e+00  2.000000e+00
     vertex  9.035156e+00  1.264648e+00  2.000000e+00
   endloop
 endfacet
 facet normal  0.000000e+00  0.000000e+00  1.000000e+00
   outer loop
     vertex  9.435547e+00  1.064453e+00  2.000000e+00
     vertex  9.035156e+00  1.264648e+00  2.000000e+00
     vertex  9.035156e+00  8.476562e-01  2.000000e+00
   endloop
 endfacet
 facet normal  0.000000e+00  0.000000e+00  1.000000e+00
   outer loop
     vertex  9.435547e+00  1.064453e+00  2.000000e+00
     vertex  9.035156e+00  8.476562e-01  2.000000e+00
     vertex  9.435547e+00  7.646484e-01  2.000000e+00
   endloop
 endfacet
 facet normal  0.000000e+00  0.000000e+00  1.000000e+00
   outer loop
     vertex  9.148839e+00  1.445251e+00  2.000000e+00
     vertex  9.079306e+00  1.390173e+00  2.000000e+00
     vertex  9.035156e+00  1.264648e+00  2.000000e+00
   endloop
 endfacet
 facet normal  0.000000e+00  0.000000e+00  1.000000e+00
   outer loop
     vertex  9.235352e+00  1.464844e+00  2.000000e+00
     vertex  9.148839e+00  1.445251e+00  2.000000e+00
     vertex  9.035156e+00  1.264648e+00  2.000000e+00
   endloop
 endfacet
 facet normal  0.000000e+00  0.000000e+00  1.000000e+00
   outer loop
     vertex  9.235352e+00  1.464844e+00  2.000000e+00
     vertex  9.035156e+00  1.264648e+00  2.000000e+00
     vertex  9.435547e+00  1.064453e+00  2.000000e+00
   endloop
 endfacet
 facet normal  0.000000e+00  0.000000e+00  1.000000e+00
   outer loop
     vertex  1.435547e+00  9.264648e+00  2.000000e+00
     vertex  1.235352e+00  9.064453e+00  2.000000e+00
     vertex  1.321864e+00  9.084046e+00  2.000000e+00
   endloop
 endfacet
 facet normal  0.000000e+00  0.000000e+00  1.000000e+00
   outer loop
     vertex  1.435547e+00  9.264648e+00  2.000000e+00
     vertex  1.321864e+00  9.084046e+00  2.000000e+00
     vertex  1.391397e+00  9.139124e+00  2.000000e+00
   endloop
 endfacet
 facet normal  0.000000e+00  0.000000e+00  1.000000e+00
   outer loop
     vertex  1.435547e+00  9.264648e+00  2.000000e+00
     vertex  1.391397e+00  9.139124e+00  2.000000e+00
     vertex  1.424216e+00  9.198107e+00  2.000000e+00
   endloop
 endfacet
 facet normal  0.000000e+00  0.000000e+00  1.000000e+00
   outer loop
     vertex  1.435547e+00  9.264648e+00  2.000000e+00
     vertex  1.035156e+00  9.464844e+00  2.000000e+00
     vertex  1.235352e+00  9.064453e+00  2.000000e+00
   endloop
 endfacet
 facet normal  0.000000e+00  0.000000e+00  1.000000e+00
   outer loop
     vertex  8.152344e+00  2.564453e+00  2.000000e+00
     vertex  4.735352e+00  2.964844e+00  2.000000e+00
     vertex  4.818359e+00  2.564453e+00  2.000000e+00
   endloop
 endfacet
 facet normal  0.000000e+00  0.000000e+00  1.000000e+00
   outer loop
     vertex  2.535156e+00  8.181641e+00  2.000000e+00
     vertex  2.535156e+00  4.847656e+00  2.000000e+00
     vertex  2.935547e+00  4.764648e+00  2.000000e+00
   endloop
 endfacet
 facet normal  0.000000e+00  0.000000e+00  1.000000e+00
   outer loop
     vertex  1.543422e+00  9.319787e+00  2.000000e+00
     vertex  1.538244e+00  9.231235e+00  2.000000e+00
     vertex  1.557577e+00  9.172821e+00  2.000000e+00
   endloop
 endfacet
 facet normal  0.000000e+00  0.000000e+00  1.000000e+00
   outer loop
     vertex  1.543422e+00  9.319787e+00  2.000000e+00
     vertex  1.557577e+00  9.172821e+00  2.000000e+00
     vertex  1.593750e+00  9.123047e+00  2.000000e+00
   endloop
 endfacet
 facet normal  0.000000e+00  0.000000e+00  1.000000e+00
   outer loop
     vertex  9.403939e+00  1.656241e+00  2.000000e+00
     vertex  9.256804e+00  1.565261e+00  2.000000e+00
     vertex  9.340716e+00  1.594022e+00  2.000000e+00
   endloop
 endfacet
 facet normal  0.000000e+00  0.000000e+00  1.000000e+00
   outer loop
     vertex  9.659180e+00  1.464844e+00  2.000000e+00
     vertex  9.235352e+00  1.464844e+00  2.000000e+00
     vertex  9.435547e+00  1.064453e+00  2.000000e+00
   endloop
 endfacet
 facet normal  0.000000e+00  0.000000e+00  1.000000e+00
   outer loop
     vertex  9.659180e+00  1.464844e+00  2.000000e+00
     vertex  9.435547e+00  1.064453e+00  2.000000e+00
     vertex  9.903320e+00  1.064453e+00  2.000000e+00
   endloop
 endfacet
 facet normal  0.000000e+00  0.000000e+00  1.000000e+00
   outer loop
     vertex  1.435547e+00  9.692383e+00  2.000000e+00
     vertex  1.035156e+00  9.464844e+00  2.000000e+00
     vertex  1.435547e+00  9.264648e+00  2.000000e+00
   endloop
 endfacet
 facet normal  0.000000e+00  0.000000e+00  1.000000e+00
   outer loop
     vertex  1.435547e+00  9.692383e+00  2.000000e+00
     vertex  1.035156e+00  9.933594e+00  2.000000e+00
     vertex  1.035156e+00  9.464844e+00  2.000000e+00
   endloop
 endfacet
 facet normal  0.000000e+00  0.000000e+00  1.000000e+00
   outer loop
     vertex  9.430933e+00  1.721459e+00  2.000000e+00
     vertex  9.256804e+00  1.565261e+00  2.000000e+00
     vertex  9.403939e+00  1.656241e+00  2.000000e+00
   endloop
 endfacet
 facet normal  0.000000e+00  0.000000e+00  1.000000e+00
   outer loop
     vertex  1.092980e+00  1.007454e+01  2.000000e+00
     vertex  1.050124e+00  1.000979e+01  2.000000e+00
     vertex  1.035156e+00  9.933594e+00  2.000000e+00
   endloop
 endfacet
 facet normal  0.000000e+00  0.000000e+00  1.000000e+00
   outer loop
     vertex  8.235352e+00  2.964844e+00  2.000000e+00
     vertex  4.735352e+00  2.964844e+00  2.000000e+00
     vertex  8.152344e+00  2.564453e+00  2.000000e+00
   endloop
 endfacet
 facet normal  0.000000e+00  0.000000e+00  1.000000e+00
   outer loop
     vertex  2.935547e+00  8.264648e+00  2.000000e+00
     vertex  2.535156e+00  8.181641e+00  2.000000e+00
     vertex  2.935547e+00  4.764648e+00  2.000000e+00
   endloop
 endfacet
 facet normal  0.000000e+00  0.000000e+00  1.000000e+00
   outer loop
     vertex  1.746094e+00  9.463867e+00  2.000000e+00
     vertex  1.543422e+00  9.319787e+00  2.000000e+00
     vertex  1.593750e+00  9.123047e+00  2.000000e+00
   endloop
 endfacet
 facet normal  0.000000e+00  0.000000e+00  1.000000e+00
   outer loop
     vertex  1.746094e+00  9.463867e+00  2.000000e+00
     vertex  1.658681e+00  9.448789e+00  2.000000e+00
     vertex  1.586384e+00  9.397393e+00  2.000000e+00
   endloop
 endfacet
 facet normal  0.000000e+00  0.000000e+00  1.000000e+00
   outer loop
     vertex  1.746094e+00  9.463867e+00  2.000000e+00
     vertex  1.586384e+00  9.397393e+00  2.000000e+00
     vertex  1.543422e+00  9.319787e+00  2.000000e+00
   endloop
 endfacet
 facet normal  0.000000e+00  0.000000e+00  1.000000e+00
   outer loop
     vertex  9.433594e+00  1.791992e+00  2.000000e+00
     vertex  9.093750e+00  1.623047e+00  2.000000e+00
     vertex  9.168707e+00  1.575615e+00  2.000000e+00
   endloop
 endfacet
 facet normal  0.000000e+00  0.000000e+00  1.000000e+00
   outer loop
     vertex  9.433594e+00  1.791992e+00  2.000000e+00
     vertex  9.168707e+00  1.575615e+00  2.000000e+00
     vertex  9.256804e+00  1.565261e+00  2.000000e+00
   endloop
 endfacet
 facet normal  0.000000e+00  0.000000e+00  1.000000e+00
   outer loop
     vertex  9.433594e+00  1.791992e+00  2.000000e+00
     vertex  9.256804e+00  1.565261e+00  2.000000e+00
     vertex  9.430933e+00  1.721459e+00  2.000000e+00
   endloop
 endfacet
 facet normal  0.000000e+00  0.000000e+00  1.000000e+00
   outer loop
     vertex  2.904240e+00  8.372247e+00  2.000000e+00
     vertex  2.935547e+00  8.264648e+00  2.000000e+00
     vertex  2.923512e+00  8.333140e+00  2.000000e+00
   endloop
 endfacet
 facet normal  0.000000e+00  0.000000e+00  1.000000e+00
   outer loop
     vertex  8.376953e+00  2.906250e+00  2.000000e+00
     vertex  8.319984e+00  2.946130e+00  2.000000e+00
     vertex  8.278694e+00  2.960126e+00  2.000000e+00
   endloop
 endfacet
 facet normal  0.000000e+00  0.000000e+00  1.000000e+00
   outer loop
     vertex  8.376953e+00  2.906250e+00  2.000000e+00
     vertex  8.278694e+00  2.960126e+00  2.000000e+00
     vertex  8.235352e+00  2.964844e+00  2.000000e+00
   endloop
 endfacet
 facet normal  0.000000e+00  0.000000e+00  1.000000e+00
   outer loop
     vertex  8.376953e+00  2.906250e+00  2.000000e+00
     vertex  8.235352e+00  2.964844e+00  2.000000e+00
     vertex  8.152344e+00  2.564453e+00  2.000000e+00
   endloop
 endfacet
 facet normal  0.000000e+00  0.000000e+00  1.000000e+00
   outer loop
     vertex  2.876953e+00  8.406250e+00  2.000000e+00
     vertex  2.535156e+00  8.181641e+00  2.000000e+00
     vertex  2.935547e+00  8.264648e+00  2.000000e+00
   endloop
 endfacet
 facet normal  0.000000e+00  0.000000e+00  1.000000e+00
   outer loop
     vertex  2.876953e+00  8.406250e+00  2.000000e+00
     vertex  2.935547e+00  8.264648e+00  2.000000e+00
     vertex  2.904240e+00  8.372247e+00  2.000000e+00
   endloop
 endfacet
 facet normal  0.000000e+00  0.000000e+00  1.000000e+00
   outer loop
     vertex  2.409180e+00  8.874023e+00  2.000000e+00
     vertex  2.535156e+00  8.181641e+00  2.000000e+00
     vertex  2.876953e+00  8.406250e+00  2.000000e+00
   endloop
 endfacet
 facet normal  0.000000e+00  0.000000e+00  1.000000e+00
   outer loop
     vertex  2.409180e+00  8.874023e+00  2.000000e+00
     vertex  1.593750e+00  9.123047e+00  2.000000e+00
     vertex  2.535156e+00  8.181641e+00  2.000000e+00
   endloop
 endfacet
 facet normal  0.000000e+00  0.000000e+00  1.000000e+00
   outer loop
     vertex  8.873047e+00  2.410156e+00  2.000000e+00
     vertex  8.376953e+00  2.906250e+00  2.000000e+00
     vertex  8.152344e+00  2.564453e+00  2.000000e+00
   endloop
 endfacet
 facet normal  0.000000e+00  0.000000e+00  1.000000e+00
   outer loop
     vertex  1.167794e+00  1.012219e+01  2.000000e+00
     vertex  1.092980e+00  1.007454e+01  2.000000e+00
     vertex  1.035156e+00  9.933594e+00  2.000000e+00
   endloop
 endfacet
 facet normal  0.000000e+00  0.000000e+00  1.000000e+00
   outer loop
     vertex  1.009481e+01  1.208725e+00  2.000000e+00
     vertex  9.989757e+00  1.084382e+00  2.000000e+00
     vertex  1.005907e+01  1.139729e+00  2.000000e+00
   endloop
 endfacet
 facet normal  0.000000e+00  0.000000e+00  1.000000e+00
   outer loop
     vertex  1.010156e+01  1.286133e+00  2.000000e+00
     vertex  9.989757e+00  1.084382e+00  2.000000e+00
     vertex  1.009481e+01  1.208725e+00  2.000000e+00
   endloop
 endfacet
 facet normal  0.000000e+00  0.000000e+00  1.000000e+00
   outer loop
     vertex  1.010156e+01  1.286133e+00  2.000000e+00
     vertex  9.903320e+00  1.064453e+00  2.000000e+00
     vertex  9.989757e+00  1.084382e+00  2.000000e+00
   endloop
 endfacet
 facet normal  0.000000e+00  0.000000e+00  1.000000e+00
   outer loop
     vertex  1.010156e+01  1.286133e+00  2.000000e+00
     vertex  9.659180e+00  1.464844e+00  2.000000e+00
     vertex  9.903320e+00  1.064453e+00  2.000000e+00
   endloop
 endfacet
 facet normal  0.000000e+00  0.000000e+00  1.000000e+00
   outer loop
     vertex  1.255859e+00  1.013281e+01  2.000000e+00
     vertex  1.035156e+00  9.933594e+00  2.000000e+00
     vertex  1.435547e+00  9.692383e+00  2.000000e+00
   endloop
 endfacet
 facet normal  0.000000e+00  0.000000e+00  1.000000e+00
   outer loop
     vertex  1.255859e+00  1.013281e+01  2.000000e+00
     vertex  1.167794e+00  1.012219e+01  2.000000e+00
     vertex  1.035156e+00  9.933594e+00  2.000000e+00
   endloop
 endfacet
 facet normal  0.000000e+00  0.000000e+00  1.000000e+00
   outer loop
     vertex  2.011164e+00  9.442734e+00  2.000000e+00
     vertex  1.593750e+00  9.123047e+00  2.000000e+00
     vertex  2.409180e+00  8.874023e+00  2.000000e+00
   endloop
 endfacet
 facet normal  0.000000e+00  0.000000e+00  1.000000e+00
   outer loop
     vertex  2.011164e+00  9.442734e+00  2.000000e+00
     vertex  1.746094e+00  9.463867e+00  2.000000e+00
     vertex  1.593750e+00  9.123047e+00  2.000000e+00
   endloop
 endfacet
 facet normal  0.000000e+00  0.000000e+00  1.000000e+00
   outer loop
     vertex  9.337374e+00  2.342308e+00  2.000000e+00
     vertex  9.093750e+00  1.623047e+00  2.000000e+00
     vertex  9.433594e+00  1.791992e+00  2.000000e+00
   endloop
 endfacet
 facet normal  0.000000e+00  0.000000e+00  1.000000e+00
   outer loop
     vertex  9.337374e+00  2.342308e+00  2.000000e+00
     vertex  8.873047e+00  2.410156e+00  2.000000e+00
     vertex  9.093750e+00  1.623047e+00  2.000000e+00
   endloop
 endfacet
 facet normal  0.000000e+00  0.000000e+00  1.000000e+00
   outer loop
     vertex  2.280782e+00  9.406394e+00  2.000000e+00
     vertex  2.011164e+00  9.442734e+00  2.000000e+00
     vertex  2.409180e+00  8.874023e+00  2.000000e+00
   endloop
 endfacet
 facet normal  0.000000e+00  0.000000e+00  1.000000e+00
   outer loop
     vertex  1.690605e+00  1.007814e+01  2.000000e+00
     vertex  1.255859e+00  1.013281e+01  2.000000e+00
     vertex  1.435547e+00  9.692383e+00  2.000000e+00
   endloop
 endfacet
 facet normal  0.000000e+00  0.000000e+00  1.000000e+00
   outer loop
     vertex  1.001831e+01  1.880428e+00  2.000000e+00
     vertex  9.659180e+00  1.464844e+00  2.000000e+00
     vertex  1.010156e+01  1.286133e+00  2.000000e+00
   endloop
 endfacet
 facet normal  0.000000e+00  0.000000e+00  1.000000e+00
   outer loop
     vertex  1.001831e+01  1.880428e+00  2.000000e+00
     vertex  9.532943e+00  2.181285e+00  2.000000e+00
     vertex  9.603433e+00  1.824787e+00  2.000000e+00
   endloop
 endfacet
 facet normal  0.000000e+00  0.000000e+00  1.000000e+00
   outer loop
     vertex  1.001831e+01  1.880428e+00  2.000000e+00
     vertex  9.603433e+00  1.824787e+00  2.000000e+00
     vertex  9.659180e+00  1.464844e+00  2.000000e+00
   endloop
 endfacet
 facet normal  0.000000e+00  0.000000e+00  1.000000e+00
   outer loop
     vertex  2.707890e+00  9.320283e+00  2.000000e+00
     vertex  2.280782e+00  9.406394e+00  2.000000e+00
     vertex  2.409180e+00  8.874023e+00  2.000000e+00
   endloop
 endfacet
 facet normal  0.000000e+00  0.000000e+00  1.000000e+00
   outer loop
     vertex  2.707890e+00  9.320283e+00  2.000000e+00
     vertex  2.409180e+00  8.874023e+00  2.000000e+00
     vertex  2.872853e+00  8.765739e+00  2.000000e+00
   endloop
 endfacet
 facet normal  0.000000e+00  0.000000e+00  1.000000e+00
   outer loop
     vertex  9.204801e+00  2.878743e+00  2.000000e+00
     vertex  8.751090e+00  2.869831e+00  2.000000e+00
     vertex  8.873047e+00  2.410156e+00  2.000000e+00
   endloop
 endfacet
 facet normal  0.000000e+00  0.000000e+00  1.000000e+00
   outer loop
     vertex  2.120858e+00  1.000254e+01  2.000000e+00
     vertex  1.690605e+00  1.007814e+01  2.000000e+00
     vertex  2.008093e+00  9.599174e+00  2.000000e+00
   endloop
 endfacet
 facet normal  0.000000e+00  0.000000e+00  1.000000e+00
   outer loop
     vertex  3.152406e+00  9.195860e+00  2.000000e+00
     vertex  2.707890e+00  9.320283e+00  2.000000e+00
     vertex  2.872853e+00  8.765739e+00  2.000000e+00
   endloop
 endfacet
 facet normal  0.000000e+00  0.000000e+00  1.000000e+00
   outer loop
     vertex  3.152406e+00  9.195860e+00  2.000000e+00
     vertex  2.872853e+00  8.765739e+00  2.000000e+00
     vertex  3.345690e+00  8.620928e+00  2.000000e+00
   endloop
 endfacet
 facet normal  0.000000e+00  0.000000e+00  1.000000e+00
   outer loop
     vertex  9.897064e+00  2.465569e+00  2.000000e+00
     vertex  9.532943e+00  2.181285e+00  2.000000e+00
     vertex  1.001831e+01  1.880428e+00  2.000000e+00
   endloop
 endfacet
 facet normal  0.000000e+00  0.000000e+00  1.000000e+00
   outer loop
     vertex  9.030415e+00  3.421937e+00  2.000000e+00
     vertex  8.604009e+00  3.318918e+00  2.000000e+00
     vertex  8.751090e+00  2.869831e+00  2.000000e+00
   endloop
 endfacet
 facet normal  0.000000e+00  0.000000e+00  1.000000e+00
   outer loop
     vertex  3.610752e+00  9.032349e+00  2.000000e+00
     vertex  3.152406e+00  9.195860e+00  2.000000e+00
     vertex  3.345690e+00  8.620928e+00  2.000000e+00
   endloop
 endfacet
 facet normal  0.000000e+00  0.000000e+00  1.000000e+00
   outer loop
     vertex  3.610752e+00  9.032349e+00  2.000000e+00
     vertex  3.345690e+00  8.620928e+00  2.000000e+00
     vertex  3.815024e+00  8.442416e+00  2.000000e+00
   endloop
 endfacet
 facet normal  0.000000e+00  0.000000e+00  1.000000e+00
   outer loop
     vertex  8.816314e+00  3.960072e+00  2.000000e+00
     vertex  8.409377e+00  3.812193e+00  2.000000e+00
     vertex  8.604009e+00  3.318918e+00  2.000000e+00
   endloop
 endfacet
 facet normal  0.000000e+00  0.000000e+00  1.000000e+00
   outer loop
     vertex  9.734740e+00  3.054727e+00  2.000000e+00
     vertex  9.400920e+00  2.706752e+00  2.000000e+00
     vertex  9.897064e+00  2.465569e+00  2.000000e+00
   endloop
 endfacet
 facet normal  0.000000e+00  0.000000e+00  1.000000e+00
   outer loop
     vertex  3.185272e+00  9.721660e+00  2.000000e+00
     vertex  2.654680e+00  9.878618e+00  2.000000e+00
     vertex  2.571706e+00  9.468056e+00  2.000000e+00
   endloop
 endfacet
 facet normal  0.000000e+00  0.000000e+00  1.000000e+00
   outer loop
     vertex  4.078630e+00  8.829684e+00  2.000000e+00
     vertex  3.610752e+00  9.032349e+00  2.000000e+00
     vertex  3.815024e+00  8.442416e+00  2.000000e+00
   endloop
 endfacet
 facet normal  0.000000e+00  0.000000e+00  1.000000e+00
   outer loop
     vertex  4.078630e+00  8.829684e+00  2.000000e+00
     vertex  3.815024e+00  8.442416e+00  2.000000e+00
     vertex  4.279399e+00  8.230341e+00  2.000000e+00
   endloop
 endfacet
 facet normal  0.000000e+00  0.000000e+00  1.000000e+00
   outer loop
     vertex  4.551198e+00  8.588582e+00  2.000000e+00
     vertex  4.279399e+00  8.230341e+00  2.000000e+00
     vertex  4.734626e+00  7.986018e+00  2.000000e+00
   endloop
 endfacet
 facet normal  0.000000e+00  0.000000e+00  1.000000e+00
   outer loop
     vertex  9.532770e+00  3.638344e+00  2.000000e+00
     vertex  9.235870e+00  3.228543e+00  2.000000e+00
     vertex  9.734740e+00  3.054727e+00  2.000000e+00
   endloop
 endfacet
 facet normal  0.000000e+00  0.000000e+00  1.000000e+00
   outer loop
     vertex  3.710909e+00  9.531864e+00  2.000000e+00
     vertex  3.185272e+00  9.721660e+00  2.000000e+00
     vertex  3.139884e+00  9.295410e+00  2.000000e+00
   endloop
 endfacet
 facet normal  0.000000e+00  0.000000e+00  1.000000e+00
   outer loop
     vertex  5.023285e+00  8.310530e+00  2.000000e+00
     vertex  4.734626e+00  7.986018e+00  2.000000e+00
     vertex  5.177265e+00  7.710850e+00  2.000000e+00
   endloop
 endfacet
 facet normal  0.000000e+00  0.000000e+00  1.000000e+00
   outer loop
     vertex  7.936701e+00  5.526730e+00  2.000000e+00
     vertex  7.315653e+00  5.682163e+00  2.000000e+00
     vertex  7.634140e+00  5.235185e+00  2.000000e+00
   endloop
 endfacet
 facet normal  0.000000e+00  0.000000e+00  1.000000e+00
   outer loop
     vertex  5.489645e+00  7.997721e+00  2.000000e+00
     vertex  5.177265e+00  7.710850e+00  2.000000e+00
     vertex  5.604561e+00  7.406213e+00  2.000000e+00
   endloop
 endfacet
 facet normal  0.000000e+00  0.000000e+00  1.000000e+00
   outer loop
     vertex  9.291497e+00  4.214070e+00  2.000000e+00
     vertex  9.038061e+00  3.744792e+00  2.000000e+00
     vertex  9.532770e+00  3.638344e+00  2.000000e+00
   endloop
 endfacet
 facet normal  0.000000e+00  0.000000e+00  1.000000e+00
   outer loop
     vertex  4.229684e+00  9.309601e+00  2.000000e+00
     vertex  3.710909e+00  9.531864e+00  2.000000e+00
     vertex  3.702684e+00  9.082891e+00  2.000000e+00
   endloop
 endfacet
 facet normal  0.000000e+00  0.000000e+00  1.000000e+00
   outer loop
     vertex  7.566528e+00  6.024753e+00  2.000000e+00
     vertex  6.970062e+00  6.110727e+00  2.000000e+00
     vertex  7.315653e+00  5.682163e+00  2.000000e+00
   endloop
 endfacet
 facet normal  0.000000e+00  0.000000e+00  1.000000e+00
   outer loop
     vertex  5.991047e+00  7.615925e+00  2.000000e+00
     vertex  5.604561e+00  7.406213e+00  2.000000e+00
     vertex  5.908271e+00  7.163667e+00  2.000000e+00
   endloop
 endfacet
 facet normal  0.000000e+00  0.000000e+00  1.000000e+00
   outer loop
     vertex  7.160395e+00  6.505195e+00  2.000000e+00
     vertex  6.598067e+00  6.519709e+00  2.000000e+00
     vertex  6.970062e+00  6.110727e+00  2.000000e+00
   endloop
 endfacet
 facet normal  0.000000e+00  0.000000e+00  1.000000e+00
   outer loop
     vertex  6.476562e+00  7.196289e+00  2.000000e+00
     vertex  5.908271e+00  7.163667e+00  2.000000e+00
     vertex  6.206055e+00  6.902344e+00  2.000000e+00
   endloop
 endfacet
 facet normal  0.000000e+00  0.000000e+00  1.000000e+00
   outer loop
     vertex  6.824953e+00  6.860511e+00  2.000000e+00
     vertex  6.598067e+00  6.519709e+00  2.000000e+00
     vertex  7.160395e+00  6.505195e+00  2.000000e+00
   endloop
 endfacet
 facet normal  0.000000e+00  0.000000e+00  1.000000e+00
   outer loop
     vertex  6.824953e+00  6.860511e+00  2.000000e+00
     vertex  6.476562e+00  7.196289e+00  2.000000e+00
     vertex  6.206055e+00  6.902344e+00  2.000000e+00
   endloop
 endfacet
 facet normal  0.000000e+00  0.000000e+00  1.000000e+00
   outer loop
     vertex  6.824953e+00  6.860511e+00  2.000000e+00
     vertex  6.206055e+00  6.902344e+00  2.000000e+00
     vertex  6.598067e+00  6.519709e+00  2.000000e+00
   endloop
 endfacet
 facet normal  0.000000e+00  0.000000e+00  1.000000e+00
   outer loop
     vertex  9.011521e+00  4.779295e+00  2.000000e+00
     vertex  8.807964e+00  4.253442e+00  2.000000e+00
     vertex  9.291497e+00  4.214070e+00  2.000000e+00
   endloop
 endfacet
 facet normal  0.000000e+00  0.000000e+00  1.000000e+00
   outer loop
     vertex  4.739529e+00  9.055450e+00  2.000000e+00
     vertex  4.229684e+00  9.309601e+00  2.000000e+00
     vertex  4.257572e+00  8.830876e+00  2.000000e+00
   endloop
 endfacet
 facet normal  0.000000e+00  0.000000e+00  1.000000e+00
   outer loop
     vertex  5.238245e+00  8.770225e+00  2.000000e+00
     vertex  4.739529e+00  9.055450e+00  2.000000e+00
     vertex  4.801730e+00  8.540046e+00  2.000000e+00
   endloop
 endfacet
 facet normal  0.000000e+00  0.000000e+00  1.000000e+00
   outer loop
     vertex  8.693756e+00  5.331178e+00  2.000000e+00
     vertex  8.546289e+00  4.752273e+00  2.000000e+00
     vertex  9.011521e+00  4.779295e+00  2.000000e+00
   endloop
 endfacet
 facet normal  0.000000e+00  0.000000e+00  1.000000e+00
   outer loop
     vertex  5.723542e+00  8.454994e+00  2.000000e+00
     vertex  5.238245e+00  8.770225e+00  2.000000e+00
     vertex  5.332105e+00  8.211442e+00  2.000000e+00
   endloop
 endfacet
 facet normal  0.000000e+00  0.000000e+00  1.000000e+00
   outer loop
     vertex  8.339464e+00  5.866701e+00  2.000000e+00
     vertex  8.254008e+00  5.238938e+00  2.000000e+00
     vertex  8.693756e+00  5.331178e+00  2.000000e+00
   endloop
 endfacet
 facet normal  0.000000e+00  0.000000e+00  1.000000e+00
   outer loop
     vertex  6.193087e+00  8.111078e+00  2.000000e+00
     vertex  5.723542e+00  8.454994e+00  2.000000e+00
     vertex  5.845466e+00  7.846503e+00  2.000000e+00
   endloop
 endfacet
 facet normal  0.000000e+00  0.000000e+00  1.000000e+00
   outer loop
     vertex  7.950283e+00  6.382731e+00  2.000000e+00
     vertex  7.932372e+00  5.711012e+00  2.000000e+00
     vertex  8.339464e+00  5.866701e+00  2.000000e+00
   endloop
 endfacet
 facet normal  0.000000e+00  0.000000e+00  1.000000e+00
   outer loop
     vertex  6.644554e+00  7.740049e+00  2.000000e+00
     vertex  6.193087e+00  8.111078e+00  2.000000e+00
     vertex  6.338492e+00  7.447088e+00  2.000000e+00
   endloop
 endfacet
 facet normal  0.000000e+00  0.000000e+00  1.000000e+00
   outer loop
     vertex  7.528231e+00  6.876103e+00  2.000000e+00
     vertex  7.207395e+00  6.601635e+00  2.000000e+00
     vertex  7.582905e+00  6.166048e+00  2.000000e+00
   endloop
 endfacet
 facet normal  0.000000e+00  0.000000e+00  1.000000e+00
   outer loop
     vertex  7.528231e+00  6.876103e+00  2.000000e+00
     vertex  7.582905e+00  6.166048e+00  2.000000e+00
     vertex  7.950283e+00  6.382731e+00  2.000000e+00
   endloop
 endfacet
 facet normal  0.000000e+00  0.000000e+00  1.000000e+00
   outer loop
     vertex  7.075682e+00  7.343708e+00  2.000000e+00
     vertex  6.807857e+00  7.015464e+00  2.000000e+00
     vertex  7.528231e+00  6.876103e+00  2.000000e+00
   endloop
 endfacet
 facet normal -0.000000e+00  0.000000e+00  1.000000e+00
   outer loop
     vertex -7.255883e+00  6.914062e+00  2.000000e+00
     vertex -6.907250e+00  6.557617e+00  2.000000e+00
     vertex -6.821289e+00  7.041015e+00  2.000000e+00
   endloop
 endfacet
 facet normal  0.000000e+00  0.000000e+00  1.000000e+00
   outer loop
     vertex -6.821289e+00  7.041015e+00  2.000000e+00
     vertex -6.907250e+00  6.557617e+00  2.000000e+00
     vertex -6.740235e+00  6.958984e+00  2.000000e+00
   endloop
 endfacet
 facet normal  0.000000e+00  0.000000e+00  1.000000e+00
   outer loop
     vertex -2.473656e+00  8.838873e+00  2.000000e+00
     vertex -2.906250e+00  8.406250e+00  2.000000e+00
     vertex -2.564453e+00  8.181640e+00  2.000000e+00
   endloop
 endfacet
 facet normal  0.000000e+00 -0.000000e+00  1.000000e+00
   outer loop
     vertex -6.445313e-02  3.764648e+00  2.000000e+00
     vertex -6.445313e-02  5.764648e+00  2.000000e+00
     vertex -4.648438e-01  3.964844e+00  2.000000e+00
   endloop
 endfacet
 facet normal  0.000000e+00  0.000000e+00  1.000000e+00
   outer loop
     vertex  3.515625e-02  5.764648e+00  2.000000e+00
     vertex  3.515625e-02  3.764648e+00  2.000000e+00
     vertex  4.355469e-01  3.964844e+00  2.000000e+00
   endloop
 endfacet
 facet normal  0.000000e+00  0.000000e+00  1.000000e+00
   outer loop
     vertex  5.318360e+00  1.064453e+00  2.000000e+00
     vertex  7.535157e+00  1.064453e+00  2.000000e+00
     vertex  7.735351e+00  1.464844e+00  2.000000e+00
   endloop
 endfacet
 facet normal  0.000000e+00 -0.000000e+00  1.000000e+00
   outer loop
     vertex  5.318360e+00  1.064453e+00  2.000000e+00
     vertex  7.735351e+00  1.464844e+00  2.000000e+00
     vertex  5.235352e+00  1.464844e+00  2.000000e+00
   endloop
 endfacet
 facet normal  0.000000e+00  0.000000e+00  1.000000e+00
   outer loop
     vertex  7.535157e+00 -1.035156e+00  2.000000e+00
     vertex  5.318359e+00 -1.035156e+00  2.000000e+00
     vertex  5.235352e+00 -1.435547e+00  2.000000e+00
   endloop
 endfacet
 facet normal  0.000000e+00  0.000000e+00  1.000000e+00
   outer loop
     vertex  7.535157e+00 -1.035156e+00  2.000000e+00
     vertex  5.235352e+00 -1.435547e+00  2.000000e+00
     vertex  7.735352e+00 -1.435547e+00  2.000000e+00
   endloop
 endfacet
 facet normal  0.000000e+00  0.000000e+00  1.000000e+00
   outer loop
     vertex  2.390625e+00 -8.863281e+00  2.000000e+00
     vertex  2.876953e+00 -8.376953e+00  2.000000e+00
     vertex  2.535156e+00 -8.152344e+00  2.000000e+00
   endloop
 endfacet
 facet normal  0.000000e+00  0.000000e+00  1.000000e+00
   outer loop
     vertex -1.064453e+00 -5.435547e+00  2.000000e+00
     vertex  2.735352e+00 -5.435547e+00  2.000000e+00
     vertex  2.535156e+00 -5.035157e+00  2.000000e+00
   endloop
 endfacet
 facet normal  0.000000e+00 -0.000000e+00  1.000000e+00
   outer loop
     vertex -1.064453e+00 -5.435547e+00  2.000000e+00
     vertex  2.535156e+00 -5.035157e+00  2.000000e+00
     vertex -1.264648e+00 -5.035157e+00  2.000000e+00
   endloop
 endfacet
 facet normal  0.000000e+00  0.000000e+00  1.000000e+00
   outer loop
     vertex -5.464844e+00 -1.035156e+00  2.000000e+00
     vertex -9.934570e+00 -1.035156e+00  2.000000e+00
     vertex -5.264648e+00 -1.435547e+00  2.000000e+00
   endloop
 endfacet
 facet normal  0.000000e+00  0.000000e+00  1.000000e+00
   outer loop
     vertex -5.264648e+00 -1.435547e+00  2.000000e+00
     vertex -9.934570e+00 -1.035156e+00  2.000000e+00
     vertex -9.675781e+00 -1.435547e+00  2.000000e+00
   endloop
 endfacet
 facet normal  0.000000e+00 -0.000000e+00  1.000000e+00
   outer loop
     vertex -9.668945e+00  1.464844e+00  2.000000e+00
     vertex -9.539926e+00  2.112363e+00  2.000000e+00
     vertex -9.984409e+00  2.092521e+00  2.000000e+00
   endloop
 endfacet
 facet normal  0.000000e+00  0.000000e+00  1.000000e+00
   outer loop
     vertex -9.668945e+00  1.464844e+00  2.000000e+00
     vertex -9.984409e+00  2.092521e+00  2.000000e+00
     vertex -1.006333e+01  1.699556e+00  2.000000e+00
   endloop
 endfacet
 facet normal  0.000000e+00 -0.000000e+00  1.000000e+00
   outer loop
     vertex -9.539926e+00  2.112363e+00  2.000000e+00
     vertex -9.384410e+00  2.727960e+00  2.000000e+00
     vertex -9.817264e+00  2.769531e+00  2.000000e+00
   endloop
 endfacet
 facet normal  0.000000e+00 -0.000000e+00  1.000000e+00
   outer loop
     vertex -8.777175e+00  4.368101e+00  2.000000e+00
     vertex -8.499284e+00  4.910636e+00  2.000000e+00
     vertex -8.953654e+00  4.937738e+00  2.000000e+00
   endloop
 endfacet
 facet normal  0.000000e+00  0.000000e+00  1.000000e+00
   outer loop
     vertex -7.390278e+00  6.321534e+00  2.000000e+00
     vertex -7.763673e+00  5.863704e+00  2.000000e+00
     vertex -7.282695e+00  5.825050e+00  2.000000e+00
   endloop
 endfacet
 facet normal -0.000000e+00  0.000000e+00  1.000000e+00
   outer loop
     vertex -8.668304e+00 -4.332510e+00  2.000000e+00
     vertex -8.376919e+00 -4.865802e+00  2.000000e+00
     vertex -8.138772e+00 -4.292390e+00  2.000000e+00
   endloop
 endfacet
 facet normal -0.000000e+00  0.000000e+00  1.000000e+00
   outer loop
     vertex -8.376919e+00 -4.865802e+00  2.000000e+00
     vertex -8.044161e+00 -5.391004e+00  2.000000e+00
     vertex -7.872353e+00 -4.765008e+00  2.000000e+00
   endloop
 endfacet
 facet normal -0.000000e+00  0.000000e+00  1.000000e+00
   outer loop
     vertex -8.044161e+00 -5.391004e+00  2.000000e+00
     vertex -7.711654e+00 -5.851572e+00  2.000000e+00
     vertex -7.539312e+00 -5.278026e+00  2.000000e+00
   endloop
 endfacet
 facet normal -0.000000e+00  0.000000e+00  1.000000e+00
   outer loop
     vertex -7.711654e+00 -5.851572e+00  2.000000e+00
     vertex -7.350545e+00 -6.296070e+00  2.000000e+00
     vertex -7.170966e+00 -5.772199e+00  2.000000e+00
   endloop
 endfacet
 facet normal -0.000000e+00  0.000000e+00  1.000000e+00
   outer loop
     vertex -7.350545e+00 -6.296070e+00  2.000000e+00
     vertex -6.963717e+00 -6.720493e+00  2.000000e+00
     vertex -6.771456e+00 -6.241982e+00  2.000000e+00
   endloop
 endfacet
 facet normal -0.000000e+00  0.000000e+00  1.000000e+00
   outer loop
     vertex -6.963717e+00 -6.720493e+00  2.000000e+00
     vertex -6.554238e+00 -7.121310e+00  2.000000e+00
     vertex -6.345054e+00 -6.682729e+00  2.000000e+00
   endloop
 endfacet
 facet normal -0.000000e+00  0.000000e+00  1.000000e+00
   outer loop
     vertex -6.554238e+00 -7.121310e+00  2.000000e+00
     vertex -6.125221e+00 -7.495545e+00  2.000000e+00
     vertex -5.895939e+00 -7.090746e+00  2.000000e+00
   endloop
 endfacet
 facet normal -0.000000e+00  0.000000e+00  1.000000e+00
   outer loop
     vertex -6.125221e+00 -7.495545e+00  2.000000e+00
     vertex -5.679706e+00 -7.840804e+00  2.000000e+00
     vertex -5.428018e+00 -7.463265e+00  2.000000e+00
   endloop
 endfacet
 facet normal  0.000000e+00  0.000000e+00  1.000000e+00
   outer loop
     vertex -1.264648e+00 -5.935547e+00  2.000000e+00
     vertex  2.152344e+00 -5.935547e+00  2.000000e+00
     vertex  2.235352e+00 -5.535157e+00  2.000000e+00
   endloop
 endfacet
 facet normal  0.000000e+00  0.000000e+00  1.000000e+00
   outer loop
     vertex -1.264648e+00 -5.935547e+00  2.000000e+00
     vertex  2.235352e+00 -5.535157e+00  2.000000e+00
     vertex -1.064453e+00 -5.535157e+00  2.000000e+00
   endloop
 endfacet
 facet normal  0.000000e+00  0.000000e+00  1.000000e+00
   outer loop
     vertex  4.397562e+00 -8.554001e+00  2.000000e+00
     vertex  4.920602e+00 -8.253643e+00  2.000000e+00
     vertex  4.662921e+00 -7.916154e+00  2.000000e+00
   endloop
 endfacet
 facet normal  0.000000e+00  0.000000e+00  1.000000e+00
   outer loop
     vertex  4.920602e+00 -8.253643e+00  2.000000e+00
     vertex  5.436557e+00 -7.911987e+00  2.000000e+00
     vertex  5.131118e+00 -7.618068e+00  2.000000e+00
   endloop
 endfacet
 facet normal  0.000000e+00  0.000000e+00  1.000000e+00
   outer loop
     vertex  5.436557e+00 -7.911987e+00  2.000000e+00
     vertex  5.941991e+00 -7.530135e+00  2.000000e+00
     vertex  5.586496e+00 -7.288935e+00  2.000000e+00
   endloop
 endfacet
 facet normal  0.000000e+00  0.000000e+00  1.000000e+00
   outer loop
     vertex  5.941991e+00 -7.530135e+00  2.000000e+00
     vertex  6.432741e+00 -7.110114e+00  2.000000e+00
     vertex  6.025419e+00 -6.931087e+00  2.000000e+00
   endloop
 endfacet
 facet normal  0.000000e+00 -0.000000e+00  1.000000e+00
   outer loop
     vertex  7.135742e+00 -6.410157e+00  2.000000e+00
     vertex  7.570706e+00 -5.907030e+00  2.000000e+00
     vertex  7.077754e+00 -5.871045e+00  2.000000e+00
   endloop
 endfacet
 facet normal  0.000000e+00 -0.000000e+00  1.000000e+00
   outer loop
     vertex  7.570706e+00 -5.907030e+00  2.000000e+00
     vertex  7.966466e+00 -5.389568e+00  2.000000e+00
     vertex  7.299626e+00 -5.598583e+00  2.000000e+00
   endloop
 endfacet
 facet normal  0.000000e+00  0.000000e+00  1.000000e+00
   outer loop
     vertex  7.299626e+00 -5.598583e+00  2.000000e+00
     vertex  7.966466e+00 -5.389568e+00  2.000000e+00
     vertex  7.618811e+00 -5.163740e+00  2.000000e+00
   endloop
 endfacet
 facet normal  0.000000e+00 -0.000000e+00  1.000000e+00
   outer loop
     vertex  7.966466e+00 -5.389568e+00  2.000000e+00
     vertex  8.289374e+00 -4.911984e+00  2.000000e+00
     vertex  7.907142e+00 -4.715479e+00  2.000000e+00
   endloop
 endfacet
 facet normal  0.000000e+00 -0.000000e+00  1.000000e+00
   outer loop
     vertex  8.289374e+00 -4.911984e+00  2.000000e+00
     vertex  8.574826e+00 -4.432613e+00  2.000000e+00
     vertex  8.162983e+00 -4.257264e+00  2.000000e+00
   endloop
 endfacet
 facet normal  0.000000e+00 -0.000000e+00  1.000000e+00
   outer loop
     vertex  8.574826e+00 -4.432613e+00  2.000000e+00
     vertex  8.820324e+00 -3.957689e+00  2.000000e+00
     vertex  8.384717e+00 -3.793358e+00  2.000000e+00
   endloop
 endfacet
 facet normal  0.000000e+00  0.000000e+00  1.000000e+00
   outer loop
     vertex  9.093750e+00 -1.593750e+00  2.000000e+00
     vertex  8.152344e+00 -2.535156e+00  2.000000e+00
     vertex  8.833008e+00 -2.420898e+00  2.000000e+00
   endloop
 endfacet
 facet normal  0.000000e+00  0.000000e+00  1.000000e+00
   outer loop
     vertex  8.152344e+00  2.564453e+00  2.000000e+00
     vertex  9.093750e+00  1.623047e+00  2.000000e+00
     vertex  8.873047e+00  2.410156e+00  2.000000e+00
   endloop
 endfacet
 facet normal  0.000000e+00  0.000000e+00  1.000000e+00
   outer loop
     vertex  9.337374e+00  2.342308e+00  2.000000e+00
     vertex  9.204801e+00  2.878743e+00  2.000000e+00
     vertex  8.873047e+00  2.410156e+00  2.000000e+00
   endloop
 endfacet
 facet normal  0.000000e+00  0.000000e+00  1.000000e+00
   outer loop
     vertex  9.204801e+00  2.878743e+00  2.000000e+00
     vertex  9.030415e+00  3.421937e+00  2.000000e+00
     vertex  8.751090e+00  2.869831e+00  2.000000e+00
   endloop
 endfacet
 facet normal  0.000000e+00  0.000000e+00  1.000000e+00
   outer loop
     vertex  9.030415e+00  3.421937e+00  2.000000e+00
     vertex  8.816314e+00  3.960072e+00  2.000000e+00
     vertex  8.604009e+00  3.318918e+00  2.000000e+00
   endloop
 endfacet
 facet normal  0.000000e+00  0.000000e+00  1.000000e+00
   outer loop
     vertex  8.816314e+00  3.960072e+00  2.000000e+00
     vertex  8.562459e+00  4.491644e+00  2.000000e+00
     vertex  8.182310e+00  4.297548e+00  2.000000e+00
   endloop
 endfacet
 facet normal  0.000000e+00  0.000000e+00  1.000000e+00
   outer loop
     vertex  8.816314e+00  3.960072e+00  2.000000e+00
     vertex  8.182310e+00  4.297548e+00  2.000000e+00
     vertex  8.409377e+00  3.812193e+00  2.000000e+00
   endloop
 endfacet
 facet normal  0.000000e+00  0.000000e+00  1.000000e+00
   outer loop
     vertex  8.562459e+00  4.491644e+00  2.000000e+00
     vertex  8.269058e+00  5.014689e+00  2.000000e+00
     vertex  7.923533e+00  4.772724e+00  2.000000e+00
   endloop
 endfacet
 facet normal  0.000000e+00  0.000000e+00  1.000000e+00
   outer loop
     vertex  8.562459e+00  4.491644e+00  2.000000e+00
     vertex  7.923533e+00  4.772724e+00  2.000000e+00
     vertex  8.182310e+00  4.297548e+00  2.000000e+00
   endloop
 endfacet
 facet normal  0.000000e+00  0.000000e+00  1.000000e+00
   outer loop
     vertex  8.269058e+00  5.014689e+00  2.000000e+00
     vertex  7.936701e+00  5.526730e+00  2.000000e+00
     vertex  7.634140e+00  5.235185e+00  2.000000e+00
   endloop
 endfacet
 facet normal  0.000000e+00  0.000000e+00  1.000000e+00
   outer loop
     vertex  8.269058e+00  5.014689e+00  2.000000e+00
     vertex  7.634140e+00  5.235185e+00  2.000000e+00
     vertex  7.923533e+00  4.772724e+00  2.000000e+00
   endloop
 endfacet
 facet normal  0.000000e+00  0.000000e+00  1.000000e+00
   outer loop
     vertex  7.936701e+00  5.526730e+00  2.000000e+00
     vertex  7.566528e+00  6.024753e+00  2.000000e+00
     vertex  7.315653e+00  5.682163e+00  2.000000e+00
   endloop
 endfacet
 facet normal  0.000000e+00  0.000000e+00  1.000000e+00
   outer loop
     vertex  7.566528e+00  6.024753e+00  2.000000e+00
     vertex  7.160395e+00  6.505195e+00  2.000000e+00
     vertex  6.970062e+00  6.110727e+00  2.000000e+00
   endloop
 endfacet
 facet normal  0.000000e+00  0.000000e+00  1.000000e+00
   outer loop
     vertex  6.476562e+00  7.196289e+00  2.000000e+00
     vertex  5.991047e+00  7.615925e+00  2.000000e+00
     vertex  5.908271e+00  7.163667e+00  2.000000e+00
   endloop
 endfacet
 facet normal  0.000000e+00  0.000000e+00  1.000000e+00
   outer loop
     vertex  5.991047e+00  7.615925e+00  2.000000e+00
     vertex  5.489645e+00  7.997721e+00  2.000000e+00
     vertex  5.604561e+00  7.406213e+00  2.000000e+00
   endloop
 endfacet
 facet normal  0.000000e+00  0.000000e+00  1.000000e+00
   outer loop
     vertex  5.489645e+00  7.997721e+00  2.000000e+00
     vertex  5.023285e+00  8.310530e+00  2.000000e+00
     vertex  5.177265e+00  7.710850e+00  2.000000e+00
   endloop
 endfacet
 facet normal  0.000000e+00  0.000000e+00  1.000000e+00
   outer loop
     vertex  5.023285e+00  8.310530e+00  2.000000e+00
     vertex  4.551198e+00  8.588582e+00  2.000000e+00
     vertex  4.734626e+00  7.986018e+00  2.000000e+00
   endloop
 endfacet
 facet normal  0.000000e+00  0.000000e+00  1.000000e+00
   outer loop
     vertex  4.551198e+00  8.588582e+00  2.000000e+00
     vertex  4.078630e+00  8.829684e+00  2.000000e+00
     vertex  4.279399e+00  8.230341e+00  2.000000e+00
   endloop
 endfacet
 facet normal  0.000000e+00  0.000000e+00  1.000000e+00
   outer loop
     vertex -4.806820e+00  8.412195e+00  2.000000e+00
     vertex -5.330637e+00  8.085001e+00  2.000000e+00
     vertex -4.710280e+00  7.987735e+00  2.000000e+00
   endloop
 endfacet
 facet normal  0.000000e+00  0.000000e+00  1.000000e+00
   outer loop
     vertex -4.949276e+00  8.467597e+00  2.000000e+00
     vertex -4.412123e+00  8.757368e+00  2.000000e+00
     vertex -4.720230e+00  9.064948e+00  2.000000e+00
   endloop
 endfacet
 facet normal  0.000000e+00  0.000000e+00  1.000000e+00
   outer loop
     vertex -4.412123e+00  8.757368e+00  2.000000e+00
     vertex -3.853515e+00  9.013603e+00  2.000000e+00
     vertex -4.205180e+00  9.312199e+00  2.000000e+00
   endloop
 endfacet
 facet normal  0.000000e+00  0.000000e+00  1.000000e+00
   outer loop
     vertex -3.853515e+00  9.013603e+00  2.000000e+00
     vertex -3.271541e+00  9.236841e+00  2.000000e+00
     vertex -3.670401e+00  9.532300e+00  2.000000e+00
   endloop
 endfacet
 facet normal  0.000000e+00  0.000000e+00  1.000000e+00
   outer loop
     vertex -3.271541e+00  9.236841e+00  2.000000e+00
     vertex -2.664045e+00  9.427284e+00  2.000000e+00
     vertex -3.114648e+00  9.725174e+00  2.000000e+00
   endloop
 endfacet
 facet normal  0.000000e+00  0.000000e+00  1.000000e+00
   outer loop
     vertex -2.664045e+00  9.427284e+00  2.000000e+00
     vertex -2.071509e+00  9.575411e+00  2.000000e+00
     vertex -2.536568e+00  9.890547e+00  2.000000e+00
   endloop
 endfacet
 facet normal  0.000000e+00  0.000000e+00  1.000000e+00
   outer loop
     vertex -2.071509e+00  9.575411e+00  2.000000e+00
     vertex -1.464844e+00  9.692383e+00  2.000000e+00
     vertex -1.921708e+00  1.003054e+01  2.000000e+00
   endloop
 endfacet
 facet normal  0.000000e+00  0.000000e+00  1.000000e+00
   outer loop
     vertex -1.264648e+00  9.064453e+00  2.000000e+00
     vertex  1.235352e+00  9.064453e+00  2.000000e+00
     vertex  1.035156e+00  9.464844e+00  2.000000e+00
   endloop
 endfacet
 facet normal  0.000000e+00  0.000000e+00  1.000000e+00
   outer loop
     vertex -1.264648e+00  9.064453e+00  2.000000e+00
     vertex  1.035156e+00  9.464844e+00  2.000000e+00
     vertex -1.064453e+00  9.464844e+00  2.000000e+00
   endloop
 endfacet
 facet normal -0.000000e+00  0.000000e+00  1.000000e+00
   outer loop
     vertex  1.435547e+00  9.692383e+00  2.000000e+00
     vertex  2.008093e+00  9.599174e+00  2.000000e+00
     vertex  1.690605e+00  1.007814e+01  2.000000e+00
   endloop
 endfacet
 facet normal -0.000000e+00  0.000000e+00  1.000000e+00
   outer loop
     vertex  2.008093e+00  9.599174e+00  2.000000e+00
     vertex  2.571706e+00  9.468056e+00  2.000000e+00
     vertex  2.120858e+00  1.000254e+01  2.000000e+00
   endloop
 endfacet
 facet normal  0.000000e+00  0.000000e+00  1.000000e+00
   outer loop
     vertex  2.120858e+00  1.000254e+01  2.000000e+00
     vertex  2.571706e+00  9.468056e+00  2.000000e+00
     vertex  2.654680e+00  9.878618e+00  2.000000e+00
   endloop
 endfacet
 facet normal -0.000000e+00  0.000000e+00  1.000000e+00
   outer loop
     vertex  2.571706e+00  9.468056e+00  2.000000e+00
     vertex  3.139884e+00  9.295410e+00  2.000000e+00
     vertex  3.185272e+00  9.721660e+00  2.000000e+00
   endloop
 endfacet
 facet normal -0.000000e+00  0.000000e+00  1.000000e+00
   outer loop
     vertex  3.139884e+00  9.295410e+00  2.000000e+00
     vertex  3.702684e+00  9.082891e+00  2.000000e+00
     vertex  3.710909e+00  9.531864e+00  2.000000e+00
   endloop
 endfacet
 facet normal -0.000000e+00  0.000000e+00  1.000000e+00
   outer loop
     vertex  3.702684e+00  9.082891e+00  2.000000e+00
     vertex  4.257572e+00  8.830876e+00  2.000000e+00
     vertex  4.229684e+00  9.309601e+00  2.000000e+00
   endloop
 endfacet
 facet normal -0.000000e+00  0.000000e+00  1.000000e+00
   outer loop
     vertex  4.257572e+00  8.830876e+00  2.000000e+00
     vertex  4.801730e+00  8.540046e+00  2.000000e+00
     vertex  4.739529e+00  9.055450e+00  2.000000e+00
   endloop
 endfacet
 facet normal -0.000000e+00  0.000000e+00  1.000000e+00
   outer loop
     vertex  4.801730e+00  8.540046e+00  2.000000e+00
     vertex  5.332105e+00  8.211442e+00  2.000000e+00
     vertex  5.238245e+00  8.770225e+00  2.000000e+00
   endloop
 endfacet
 facet normal -0.000000e+00  0.000000e+00  1.000000e+00
   outer loop
     vertex  5.332105e+00  8.211442e+00  2.000000e+00
     vertex  5.845466e+00  7.846503e+00  2.000000e+00
     vertex  5.723542e+00  8.454994e+00  2.000000e+00
   endloop
 endfacet
 facet normal -0.000000e+00  0.000000e+00  1.000000e+00
   outer loop
     vertex  5.845466e+00  7.846503e+00  2.000000e+00
     vertex  6.338492e+00  7.447088e+00  2.000000e+00
     vertex  6.193087e+00  8.111078e+00  2.000000e+00
   endloop
 endfacet
 facet normal -0.000000e+00  0.000000e+00  1.000000e+00
   outer loop
     vertex  6.338492e+00  7.447088e+00  2.000000e+00
     vertex  6.807857e+00  7.015464e+00  2.000000e+00
     vertex  6.644554e+00  7.740049e+00  2.000000e+00
   endloop
 endfacet
 facet normal  0.000000e+00  0.000000e+00  1.000000e+00
   outer loop
     vertex  6.644554e+00  7.740049e+00  2.000000e+00
     vertex  6.807857e+00  7.015464e+00  2.000000e+00
     vertex  7.075682e+00  7.343708e+00  2.000000e+00
   endloop
 endfacet
 facet normal  0.000000e+00  0.000000e+00  1.000000e+00
   outer loop
     vertex  6.807857e+00  7.015464e+00  2.000000e+00
     vertex  7.207395e+00  6.601635e+00  2.000000e+00
     vertex  7.528231e+00  6.876103e+00  2.000000e+00
   endloop
 endfacet
 facet normal -0.000000e+00  0.000000e+00  1.000000e+00
   outer loop
     vertex  7.582905e+00  6.166048e+00  2.000000e+00
     vertex  7.932372e+00  5.711012e+00  2.000000e+00
     vertex  7.950283e+00  6.382731e+00  2.000000e+00
   endloop
 endfacet
 facet normal -0.000000e+00  0.000000e+00  1.000000e+00
   outer loop
     vertex  7.932372e+00  5.711012e+00  2.000000e+00
     vertex  8.254008e+00  5.238938e+00  2.000000e+00
     vertex  8.339464e+00  5.866701e+00  2.000000e+00
   endloop
 endfacet
 facet normal -0.000000e+00  0.000000e+00  1.000000e+00
   outer loop
     vertex  8.254008e+00  5.238938e+00  2.000000e+00
     vertex  8.546289e+00  4.752273e+00  2.000000e+00
     vertex  8.693756e+00  5.331178e+00  2.000000e+00
   endloop
 endfacet
 facet normal -0.000000e+00  0.000000e+00  1.000000e+00
   outer loop
     vertex  8.546289e+00  4.752273e+00  2.000000e+00
     vertex  8.807964e+00  4.253442e+00  2.000000e+00
     vertex  9.011521e+00  4.779295e+00  2.000000e+00
   endloop
 endfacet
 facet normal  0.000000e+00  0.000000e+00  1.000000e+00
   outer loop
     vertex  8.807964e+00  4.253442e+00  2.000000e+00
     vertex  9.038061e+00  3.744792e+00  2.000000e+00
     vertex  9.291497e+00  4.214070e+00  2.000000e+00
   endloop
 endfacet
 facet normal  0.000000e+00  0.000000e+00  1.000000e+00
   outer loop
     vertex  9.038061e+00  3.744792e+00  2.000000e+00
     vertex  9.235870e+00  3.228543e+00  2.000000e+00
     vertex  9.532770e+00  3.638344e+00  2.000000e+00
   endloop
 endfacet
 facet normal  0.000000e+00  0.000000e+00  1.000000e+00
   outer loop
     vertex  9.235870e+00  3.228543e+00  2.000000e+00
     vertex  9.400920e+00  2.706752e+00  2.000000e+00
     vertex  9.734740e+00  3.054727e+00  2.000000e+00
   endloop
 endfacet
 facet normal  0.000000e+00  0.000000e+00  1.000000e+00
   outer loop
     vertex  9.400920e+00  2.706752e+00  2.000000e+00
     vertex  9.532943e+00  2.181285e+00  2.000000e+00
     vertex  9.897064e+00  2.465569e+00  2.000000e+00
   endloop
 endfacet
 facet normal  0.000000e+00  0.000000e+00  1.000000e+00
   outer loop
     vertex  9.581950e+00 -1.982126e+00  2.000000e+00
     vertex  9.460211e+00 -2.524720e+00  2.000000e+00
     vertex  9.877060e+00 -2.590026e+00  2.000000e+00
   endloop
 endfacet
 facet normal  0.000000e+00  0.000000e+00  1.000000e+00
   outer loop
     vertex  9.460211e+00 -2.524720e+00  2.000000e+00
     vertex  9.295475e+00 -3.078627e+00  2.000000e+00
     vertex  9.728308e+00 -3.108719e+00  2.000000e+00
   endloop
 endfacet
 facet normal  0.000000e+00  0.000000e+00  1.000000e+00
   outer loop
     vertex  9.295475e+00 -3.078627e+00  2.000000e+00
     vertex  9.089270e+00 -3.632240e+00  2.000000e+00
     vertex  9.545543e+00 -3.626183e+00  2.000000e+00
   endloop
 endfacet
 facet normal  0.000000e+00  0.000000e+00  1.000000e+00
   outer loop
     vertex  9.089270e+00 -3.632240e+00  2.000000e+00
     vertex  8.841827e+00 -4.182344e+00  2.000000e+00
     vertex  9.329081e+00 -4.140035e+00  2.000000e+00
   endloop
 endfacet
 facet normal  0.000000e+00  0.000000e+00  1.000000e+00
   outer loop
     vertex  8.841827e+00 -4.182344e+00  2.000000e+00
     vertex  8.553812e+00 -4.725374e+00  2.000000e+00
     vertex  9.079520e+00 -4.647709e+00  2.000000e+00
   endloop
 endfacet
 facet normal  0.000000e+00  0.000000e+00  1.000000e+00
   outer loop
     vertex  8.553812e+00 -4.725374e+00  2.000000e+00
     vertex  8.226374e+00 -5.257489e+00  2.000000e+00
     vertex  8.797760e+00 -5.146499e+00  2.000000e+00
   endloop
 endfacet
 facet normal  0.000000e+00  0.000000e+00  1.000000e+00
   outer loop
     vertex  8.226374e+00 -5.257489e+00  2.000000e+00
     vertex  7.861177e+00 -5.774682e+00  2.000000e+00
     vertex  8.485012e+00 -5.633623e+00  2.000000e+00
   endloop
 endfacet
 facet normal  0.000000e+00  0.000000e+00  1.000000e+00
   outer loop
     vertex  7.861177e+00 -5.774682e+00  2.000000e+00
     vertex  7.460386e+00 -6.272907e+00  2.000000e+00
     vertex  8.142783e+00 -6.106297e+00  2.000000e+00
   endloop
 endfacet
 facet normal  0.000000e+00  0.000000e+00  1.000000e+00
   outer loop
     vertex  7.071410e+00 -6.701812e+00  2.000000e+00
     vertex  6.657955e+00 -7.109376e+00  2.000000e+00
     vertex  7.331827e+00 -7.044581e+00  2.000000e+00
   endloop
 endfacet
 facet normal  0.000000e+00  0.000000e+00  1.000000e+00
   outer loop
     vertex  6.657955e+00 -7.109376e+00  2.000000e+00
     vertex  6.222393e+00 -7.493103e+00  2.000000e+00
     vertex  6.862153e+00 -7.499663e+00  2.000000e+00
   endloop
 endfacet
 facet normal  0.000000e+00  0.000000e+00  1.000000e+00
   outer loop
     vertex  6.222393e+00 -7.493103e+00  2.000000e+00
     vertex  5.767211e+00 -7.850777e+00  2.000000e+00
     vertex  6.367003e+00 -7.924168e+00  2.000000e+00
   endloop
 endfacet
 facet normal  0.000000e+00  0.000000e+00  1.000000e+00
   outer loop
     vertex  5.767211e+00 -7.850777e+00  2.000000e+00
     vertex  5.294934e+00 -8.180495e+00  2.000000e+00
     vertex  5.849603e+00 -8.315646e+00  2.000000e+00
   endloop
 endfacet
 facet normal  0.000000e+00  0.000000e+00  1.000000e+00
   outer loop
     vertex  5.294934e+00 -8.180495e+00  2.000000e+00
     vertex  4.808061e+00 -8.480687e+00  2.000000e+00
     vertex  5.313133e+00 -8.672091e+00  2.000000e+00
   endloop
 endfacet
 facet normal  0.000000e+00  0.000000e+00  1.000000e+00
   outer loop
     vertex  4.808061e+00 -8.480687e+00  2.000000e+00
     vertex  4.308996e+00 -8.750112e+00  2.000000e+00
     vertex  4.760642e+00 -8.991934e+00  2.000000e+00
   endloop
 endfacet
 facet normal  0.000000e+00  0.000000e+00  1.000000e+00
   outer loop
     vertex  4.308996e+00 -8.750112e+00  2.000000e+00
     vertex  3.799997e+00 -8.987843e+00  2.000000e+00
     vertex  4.194974e+00 -9.274010e+00  2.000000e+00
   endloop
 endfacet
 facet normal  0.000000e+00  0.000000e+00  1.000000e+00
   outer loop
     vertex -1.464844e+00 -9.659179e+00  2.000000e+00
     vertex -2.069574e+00 -9.558082e+00  2.000000e+00
     vertex -1.662282e+00 -1.005513e+01  2.000000e+00
   endloop
 endfacet
 facet normal  0.000000e+00  0.000000e+00  1.000000e+00
   outer loop
     vertex -1.662282e+00 -1.005513e+01  2.000000e+00
     vertex -2.069574e+00 -9.558082e+00  2.000000e+00
     vertex -2.031112e+00 -9.993531e+00  2.000000e+00
   endloop
 endfacet
 facet normal  0.000000e+00  0.000000e+00  1.000000e+00
   outer loop
     vertex -2.069574e+00 -9.558082e+00  2.000000e+00
     vertex -2.653315e+00 -9.421386e+00  2.000000e+00
     vertex -2.585522e+00 -9.873549e+00  2.000000e+00
   endloop
 endfacet
 facet normal  0.000000e+00  0.000000e+00  1.000000e+00
   outer loop
     vertex -2.653315e+00 -9.421386e+00  2.000000e+00
     vertex -3.230288e+00 -9.246162e+00  2.000000e+00
     vertex -3.129066e+00 -9.722447e+00  2.000000e+00
   endloop
 endfacet
 facet normal  0.000000e+00  0.000000e+00  1.000000e+00
   outer loop
     vertex -3.230288e+00 -9.246162e+00  2.000000e+00
     vertex -3.793008e+00 -9.034189e+00  2.000000e+00
     vertex -3.661500e+00 -9.540392e+00  2.000000e+00
   endloop
 endfacet
 facet normal  0.000000e+00  0.000000e+00  1.000000e+00
   outer loop
     vertex -4.873565e+00 -8.501134e+00  2.000000e+00
     vertex -5.389696e+00 -8.180707e+00  2.000000e+00
     vertex -5.187344e+00 -8.810023e+00  2.000000e+00
   endloop
 endfacet
 facet normal  0.000000e+00  0.000000e+00  1.000000e+00
   outer loop
     vertex -5.389696e+00 -8.180707e+00  2.000000e+00
     vertex -5.888104e+00 -7.824987e+00  2.000000e+00
     vertex -6.136989e+00 -8.172060e+00  2.000000e+00
   endloop
 endfacet
 facet normal  0.000000e+00  0.000000e+00  1.000000e+00
   outer loop
     vertex -5.389696e+00 -8.180707e+00  2.000000e+00
     vertex -6.136989e+00 -8.172060e+00  2.000000e+00
     vertex -5.669631e+00 -8.505889e+00  2.000000e+00
   endloop
 endfacet
 facet normal  0.000000e+00  0.000000e+00  1.000000e+00
   outer loop
     vertex -5.888104e+00 -7.824987e+00  2.000000e+00
     vertex -6.367169e+00 -7.434750e+00  2.000000e+00
     vertex -6.588028e+00 -7.809219e+00  2.000000e+00
   endloop
 endfacet
 facet normal  0.000000e+00  0.000000e+00  1.000000e+00
   outer loop
     vertex -6.367169e+00 -7.434750e+00  2.000000e+00
     vertex -6.824935e+00 -7.011131e+00  2.000000e+00
     vertex -7.021139e+00 -7.418339e+00  2.000000e+00
   endloop
 endfacet
 facet normal  0.000000e+00  0.000000e+00  1.000000e+00
   outer loop
     vertex -6.824935e+00 -7.011131e+00  2.000000e+00
     vertex -7.259110e+00 -6.555753e+00  2.000000e+00
     vertex -7.434498e+00 -7.000760e+00  2.000000e+00
   endloop
 endfacet
 facet normal  0.000000e+00  0.000000e+00  1.000000e+00
   outer loop
     vertex -7.259110e+00 -6.555753e+00  2.000000e+00
     vertex -7.667093e+00 -6.070846e+00  2.000000e+00
     vertex -7.826099e+00 -6.558255e+00  2.000000e+00
   endloop
 endfacet
 facet normal  0.000000e+00  0.000000e+00  1.000000e+00
   outer loop
     vertex -7.667093e+00 -6.070846e+00  2.000000e+00
     vertex -8.046020e+00 -5.559376e+00  2.000000e+00
     vertex -8.193792e+00 -6.093097e+00  2.000000e+00
   endloop
 endfacet
 facet normal  0.000000e+00  0.000000e+00  1.000000e+00
   outer loop
     vertex -8.046020e+00 -5.559376e+00  2.000000e+00
     vertex -8.392854e+00 -5.025141e+00  2.000000e+00
     vertex -8.535345e+00 -5.608103e+00  2.000000e+00
   endloop
 endfacet
 facet normal  0.000000e+00  0.000000e+00  1.000000e+00
   outer loop
     vertex -8.392854e+00 -5.025141e+00  2.000000e+00
     vertex -8.704507e+00 -4.472834e+00  2.000000e+00
     vertex -8.848532e+00 -5.106648e+00  2.000000e+00
   endloop
 endfacet
 facet normal  0.000000e+00  0.000000e+00  1.000000e+00
   outer loop
     vertex -8.704507e+00 -4.472834e+00  2.000000e+00
     vertex -8.978008e+00 -3.908040e+00  2.000000e+00
     vertex -9.131225e+00 -4.592651e+00  2.000000e+00
   endloop
 endfacet
 facet normal  0.000000e+00  0.000000e+00  1.000000e+00
   outer loop
     vertex -5.264649e+00 -5.351563e-01  2.000000e+00
     vertex -8.681641e+00 -5.351563e-01  2.000000e+00
     vertex -8.764648e+00 -9.355468e-01  2.000000e+00
   endloop
 endfacet
 facet normal  0.000000e+00  0.000000e+00  1.000000e+00
   outer loop
     vertex -5.264649e+00 -5.351563e-01  2.000000e+00
     vertex -8.764648e+00 -9.355468e-01  2.000000e+00
     vertex -5.464844e+00 -9.355468e-01  2.000000e+00
   endloop
 endfacet
 facet normal  1.000000e+00  0.000000e+00  0.000000e+00
   outer loop
     vertex -1.064453e+00  9.940430e+00  2.000000e-01
     vertex -1.064453e+00  9.464844e+00  2.000000e+00
     vertex -1.064453e+00  9.464844e+00  2.000000e-01
   endloop
 endfacet
 facet normal  1.000000e+00  0.000000e+00 -0.000000e+00
   outer loop
     vertex -1.064453e+00  9.940430e+00  2.000000e-01
     vertex -1.064453e+00  9.940430e+00  2.000000e+00
     vertex -1.064453e+00  9.464844e+00  2.000000e+00
   endloop
 endfacet
 facet normal -1.000000e+00  0.000000e+00  0.000000e+00
   outer loop
     vertex  1.035156e+00  9.464844e+00  2.000000e-01
     vertex  1.035156e+00  9.933594e+00  2.000000e+00
     vertex  1.035156e+00  9.933594e+00  2.000000e-01
   endloop
 endfacet
 facet normal -1.000000e+00  0.000000e+00  0.000000e+00
   outer loop
     vertex  1.035156e+00  9.464844e+00  2.000000e-01
     vertex  1.035156e+00  9.464844e+00  2.000000e+00
     vertex  1.035156e+00  9.933594e+00  2.000000e+00
   endloop
 endfacet
 facet normal  0.000000e+00  0.000000e+00  1.000000e+00
   outer loop
     vertex -8.406250e+00 -2.876953e+00  2.000000e-01
     vertex -8.840820e+00 -2.442383e+00  2.000000e-01
     vertex -8.703488e+00 -2.942878e+00  2.000000e-01
   endloop
 endfacet
 facet normal  0.000000e+00  0.000000e+00  1.000000e+00
   outer loop
     vertex -2.906250e+00 -8.376953e+00  2.000000e-01
     vertex -3.088321e+00 -8.691536e+00  2.000000e-01
     vertex -2.746642e+00 -8.795358e+00  2.000000e-01
   endloop
 endfacet
 facet normal  0.000000e+00  0.000000e+00  1.000000e+00
   outer loop
     vertex -2.906250e+00 -8.376953e+00  2.000000e-01
     vertex -2.746642e+00 -8.795358e+00  2.000000e-01
     vertex -2.400391e+00 -8.882812e+00  2.000000e-01
   endloop
 endfacet
 facet normal  0.000000e+00  0.000000e+00  1.000000e+00
   outer loop
     vertex -8.372247e+00 -2.904240e+00  2.000000e-01
     vertex -8.406250e+00 -2.876953e+00  2.000000e-01
     vertex -8.703488e+00 -2.942878e+00  2.000000e-01
   endloop
 endfacet
 facet normal  0.000000e+00  0.000000e+00  1.000000e+00
   outer loop
     vertex -8.372247e+00 -2.904240e+00  2.000000e-01
     vertex -8.703488e+00 -2.942878e+00  2.000000e-01
     vertex -8.531261e+00 -3.432669e+00  2.000000e-01
   endloop
 endfacet
 facet normal  0.000000e+00  0.000000e+00  1.000000e+00
   outer loop
     vertex -2.946130e+00 -8.319984e+00  2.000000e-01
     vertex -3.088321e+00 -8.691536e+00  2.000000e-01
     vertex -2.906250e+00 -8.376953e+00  2.000000e-01
   endloop
 endfacet
 facet normal  0.000000e+00  0.000000e+00  1.000000e+00
   outer loop
     vertex -2.946130e+00 -8.319984e+00  2.000000e-01
     vertex -3.562041e+00 -8.517941e+00  2.000000e-01
     vertex -3.088321e+00 -8.691536e+00  2.000000e-01
   endloop
 endfacet
 facet normal  0.000000e+00  0.000000e+00  1.000000e+00
   outer loop
     vertex -8.333140e+00 -2.923512e+00  2.000000e-01
     vertex -8.372247e+00 -2.904240e+00  2.000000e-01
     vertex -8.531261e+00 -3.432669e+00  2.000000e-01
   endloop
 endfacet
 facet normal  0.000000e+00  0.000000e+00  1.000000e+00
   outer loop
     vertex -2.960126e+00 -8.278694e+00  2.000000e-01
     vertex -3.562041e+00 -8.517941e+00  2.000000e-01
     vertex -2.946130e+00 -8.319984e+00  2.000000e-01
   endloop
 endfacet
 facet normal  0.000000e+00  0.000000e+00  1.000000e+00
   outer loop
     vertex -8.264648e+00 -2.935547e+00  2.000000e-01
     vertex -8.333140e+00 -2.923512e+00  2.000000e-01
     vertex -8.531261e+00 -3.432669e+00  2.000000e-01
   endloop
 endfacet
 facet normal  0.000000e+00  0.000000e+00  1.000000e+00
   outer loop
     vertex -8.264648e+00 -2.935547e+00  2.000000e-01
     vertex -8.531261e+00 -3.432669e+00  2.000000e-01
     vertex -8.307899e+00 -3.952364e+00  2.000000e-01
   endloop
 endfacet
 facet normal  0.000000e+00  0.000000e+00  1.000000e+00
   outer loop
     vertex -8.264648e+00 -2.935547e+00  2.000000e-01
     vertex -8.307899e+00 -3.952364e+00  2.000000e-01
     vertex -8.041166e+00 -4.473330e+00  2.000000e-01
   endloop
 endfacet
 facet normal  0.000000e+00  0.000000e+00  1.000000e+00
   outer loop
     vertex -2.964844e+00 -8.235352e+00  2.000000e-01
     vertex -3.562041e+00 -8.517941e+00  2.000000e-01
     vertex -2.960126e+00 -8.278694e+00  2.000000e-01
   endloop
 endfacet
 facet normal  0.000000e+00  0.000000e+00  1.000000e+00
   outer loop
     vertex -2.964844e+00 -8.235352e+00  2.000000e-01
     vertex -4.493542e+00 -8.070168e+00  2.000000e-01
     vertex -4.030985e+00 -8.310792e+00  2.000000e-01
   endloop
 endfacet
 facet normal  0.000000e+00  0.000000e+00  1.000000e+00
   outer loop
     vertex -2.964844e+00 -8.235352e+00  2.000000e-01
     vertex -4.030985e+00 -8.310792e+00  2.000000e-01
     vertex -3.562041e+00 -8.517941e+00  2.000000e-01
   endloop
 endfacet
 facet normal  0.000000e+00  0.000000e+00  1.000000e+00
   outer loop
     vertex -4.764648e+00 -2.935547e+00  2.000000e-01
     vertex -8.264648e+00 -2.935547e+00  2.000000e-01
     vertex -8.041166e+00 -4.473330e+00  2.000000e-01
   endloop
 endfacet
 facet normal  0.000000e+00  0.000000e+00  1.000000e+00
   outer loop
     vertex -4.764648e+00 -2.935547e+00  2.000000e-01
     vertex -8.041166e+00 -4.473330e+00  2.000000e-01
     vertex -7.732730e+00 -4.989074e+00  2.000000e-01
   endloop
 endfacet
 facet normal  0.000000e+00  0.000000e+00  1.000000e+00
   outer loop
     vertex -4.764648e+00 -2.935547e+00  2.000000e-01
     vertex -7.732730e+00 -4.989074e+00  2.000000e-01
     vertex -7.385206e+00 -5.492912e+00  2.000000e-01
   endloop
 endfacet
 facet normal  0.000000e+00  0.000000e+00  1.000000e+00
   outer loop
     vertex -4.764648e+00 -2.935547e+00  2.000000e-01
     vertex -7.385206e+00 -5.492912e+00  2.000000e-01
     vertex -7.001973e+00 -5.978406e+00  2.000000e-01
   endloop
 endfacet
 facet normal  0.000000e+00  0.000000e+00  1.000000e+00
   outer loop
     vertex -4.764648e+00 -2.935547e+00  2.000000e-01
     vertex -7.001973e+00 -5.978406e+00  2.000000e-01
     vertex -6.629848e+00 -6.394703e+00  2.000000e-01
   endloop
 endfacet
 facet normal  0.000000e+00  0.000000e+00  1.000000e+00
   outer loop
     vertex -2.964844e+00 -4.735352e+00  2.000000e-01
     vertex -4.764648e+00 -2.935547e+00  2.000000e-01
     vertex -6.629848e+00 -6.394703e+00  2.000000e-01
   endloop
 endfacet
 facet normal  0.000000e+00  0.000000e+00  1.000000e+00
   outer loop
     vertex -2.964844e+00 -4.735352e+00  2.000000e-01
     vertex -4.493542e+00 -8.070168e+00  2.000000e-01
     vertex -2.964844e+00 -8.235352e+00  2.000000e-01
   endloop
 endfacet
 facet normal  0.000000e+00  0.000000e+00  1.000000e+00
   outer loop
     vertex -2.964844e+00 -4.735352e+00  2.000000e-01
     vertex -6.629848e+00 -6.394703e+00  2.000000e-01
     vertex -6.235224e+00 -6.787477e+00  2.000000e-01
   endloop
 endfacet
 facet normal  0.000000e+00  0.000000e+00  1.000000e+00
   outer loop
     vertex -2.964844e+00 -4.735352e+00  2.000000e-01
     vertex -6.235224e+00 -6.787477e+00  2.000000e-01
     vertex -5.821299e+00 -7.153577e+00  2.000000e-01
   endloop
 endfacet
 facet normal  0.000000e+00  0.000000e+00  1.000000e+00
   outer loop
     vertex -2.964844e+00 -4.735352e+00  2.000000e-01
     vertex -5.821299e+00 -7.153577e+00  2.000000e-01
     vertex -5.391169e+00 -7.490523e+00  2.000000e-01
   endloop
 endfacet
 facet normal  0.000000e+00  0.000000e+00  1.000000e+00
   outer loop
     vertex -2.964844e+00 -4.735352e+00  2.000000e-01
     vertex -5.391169e+00 -7.490523e+00  2.000000e-01
     vertex -4.947717e+00 -7.796475e+00  2.000000e-01
   endloop
 endfacet
 facet normal  0.000000e+00  0.000000e+00  1.000000e+00
   outer loop
     vertex -2.964844e+00 -4.735352e+00  2.000000e-01
     vertex -4.947717e+00 -7.796475e+00  2.000000e-01
     vertex -4.493542e+00 -8.070168e+00  2.000000e-01
   endloop
 endfacet
 facet normal  0.000000e+00  0.000000e+00  1.000000e+00
   outer loop
     vertex -4.721306e+00 -2.930829e+00  2.000000e-01
     vertex -4.764648e+00 -2.935547e+00  2.000000e-01
     vertex -2.964844e+00 -4.735352e+00  2.000000e-01
   endloop
 endfacet
 facet normal  0.000000e+00  0.000000e+00  1.000000e+00
   outer loop
     vertex -2.952809e+00 -4.666860e+00  2.000000e-01
     vertex -4.721306e+00 -2.930829e+00  2.000000e-01
     vertex -2.964844e+00 -4.735352e+00  2.000000e-01
   endloop
 endfacet
 facet normal  0.000000e+00  0.000000e+00  1.000000e+00
   outer loop
     vertex -4.680016e+00 -2.916833e+00  2.000000e-01
     vertex -4.721306e+00 -2.930829e+00  2.000000e-01
     vertex -2.952809e+00 -4.666860e+00  2.000000e-01
   endloop
 endfacet
 facet normal  0.000000e+00  0.000000e+00  1.000000e+00
   outer loop
     vertex -2.933537e+00 -4.627753e+00  2.000000e-01
     vertex -4.680016e+00 -2.916833e+00  2.000000e-01
     vertex -2.952809e+00 -4.666860e+00  2.000000e-01
   endloop
 endfacet
 facet normal  0.000000e+00  0.000000e+00  1.000000e+00
   outer loop
     vertex -4.623047e+00 -2.876953e+00  2.000000e-01
     vertex -2.933537e+00 -4.627753e+00  2.000000e-01
     vertex -2.906250e+00 -4.593750e+00  2.000000e-01
   endloop
 endfacet
 facet normal  0.000000e+00  0.000000e+00  1.000000e+00
   outer loop
     vertex -4.623047e+00 -2.876953e+00  2.000000e-01
     vertex -4.680016e+00 -2.916833e+00  2.000000e-01
     vertex -2.933537e+00 -4.627753e+00  2.000000e-01
   endloop
 endfacet
 facet normal  0.000000e+00  0.000000e+00  1.000000e+00
   outer loop
     vertex -8.406250e+00  2.906250e+00  2.000000e-01
     vertex -8.734096e+00  2.940186e+00  2.000000e-01
     vertex -8.858398e+00  2.454102e+00  2.000000e-01
   endloop
 endfacet
 facet normal  0.000000e+00  0.000000e+00  1.000000e+00
   outer loop
     vertex -3.623047e+00 -1.876953e+00  2.000000e-01
     vertex -2.906250e+00 -4.593750e+00  2.000000e-01
     vertex -1.906250e+00 -3.593750e+00  2.000000e-01
   endloop
 endfacet
 facet normal  0.000000e+00  0.000000e+00  1.000000e+00
   outer loop
     vertex -3.623047e+00 -1.876953e+00  2.000000e-01
     vertex -4.623047e+00 -2.876953e+00  2.000000e-01
     vertex -2.906250e+00 -4.593750e+00  2.000000e-01
   endloop
 endfacet
 facet normal  0.000000e+00  0.000000e+00  1.000000e+00
   outer loop
     vertex  2.876953e+00 -8.376953e+00  2.000000e-01
     vertex  2.390625e+00 -8.863281e+00  2.000000e-01
     vertex  2.923258e+00 -8.710534e+00  2.000000e-01
   endloop
 endfacet
 facet normal  0.000000e+00  0.000000e+00  1.000000e+00
   outer loop
     vertex -3.595760e+00 -1.842950e+00  2.000000e-01
     vertex -3.623047e+00 -1.876953e+00  2.000000e-01
     vertex -1.906250e+00 -3.593750e+00  2.000000e-01
   endloop
 endfacet
 facet normal  0.000000e+00  0.000000e+00  1.000000e+00
   outer loop
     vertex  2.904240e+00 -8.342950e+00  2.000000e-01
     vertex  2.876953e+00 -8.376953e+00  2.000000e-01
     vertex  2.923258e+00 -8.710534e+00  2.000000e-01
   endloop
 endfacet
 facet normal  0.000000e+00  0.000000e+00  1.000000e+00
   outer loop
     vertex -1.849281e+00 -3.553870e+00  2.000000e-01
     vertex -3.595760e+00 -1.842950e+00  2.000000e-01
     vertex -1.906250e+00 -3.593750e+00  2.000000e-01
   endloop
 endfacet
 facet normal  0.000000e+00  0.000000e+00  1.000000e+00
   outer loop
     vertex -3.576488e+00 -1.803843e+00  2.000000e-01
     vertex -3.595760e+00 -1.842950e+00  2.000000e-01
     vertex -1.849281e+00 -3.553870e+00  2.000000e-01
   endloop
 endfacet
 facet normal  0.000000e+00  0.000000e+00  1.000000e+00
   outer loop
     vertex -1.807991e+00 -3.539874e+00  2.000000e-01
     vertex -3.576488e+00 -1.803843e+00  2.000000e-01
     vertex -1.849281e+00 -3.553870e+00  2.000000e-01
   endloop
 endfacet
 facet normal  0.000000e+00  0.000000e+00  1.000000e+00
   outer loop
     vertex -3.564453e+00 -1.735352e+00  2.000000e-01
     vertex -3.576488e+00 -1.803843e+00  2.000000e-01
     vertex -1.807991e+00 -3.539874e+00  2.000000e-01
   endloop
 endfacet
 facet normal  0.000000e+00  0.000000e+00  1.000000e+00
   outer loop
     vertex -3.564453e+00 -1.735352e+00  2.000000e-01
     vertex -1.807991e+00 -3.539874e+00  2.000000e-01
     vertex -1.764648e+00 -3.535156e+00  2.000000e-01
   endloop
 endfacet
 facet normal  0.000000e+00  0.000000e+00  1.000000e+00
   outer loop
     vertex -8.584896e+00  3.419698e+00  2.000000e-01
     vertex -8.406250e+00  2.906250e+00  2.000000e-01
     vertex -8.349281e+00  2.946130e+00  2.000000e-01
   endloop
 endfacet
 facet normal  0.000000e+00  0.000000e+00  1.000000e+00
   outer loop
     vertex -8.584896e+00  3.419698e+00  2.000000e-01
     vertex -8.349281e+00  2.946130e+00  2.000000e-01
     vertex -8.307991e+00  2.960126e+00  2.000000e-01
   endloop
 endfacet
 facet normal  0.000000e+00  0.000000e+00  1.000000e+00
   outer loop
     vertex -8.584896e+00  3.419698e+00  2.000000e-01
     vertex -8.307991e+00  2.960126e+00  2.000000e-01
     vertex -8.264648e+00  2.964844e+00  2.000000e-01
   endloop
 endfacet
 facet normal  0.000000e+00  0.000000e+00  1.000000e+00
   outer loop
     vertex -8.584896e+00  3.419698e+00  2.000000e-01
     vertex -8.734096e+00  2.940186e+00  2.000000e-01
     vertex -8.406250e+00  2.906250e+00  2.000000e-01
   endloop
 endfacet
 facet normal  0.000000e+00  0.000000e+00  1.000000e+00
   outer loop
     vertex  3.444039e+00 -8.521334e+00  2.000000e-01
     vertex  2.935547e+00 -8.235352e+00  2.000000e-01
     vertex  2.923512e+00 -8.303843e+00  2.000000e-01
   endloop
 endfacet
 facet normal  0.000000e+00  0.000000e+00  1.000000e+00
   outer loop
     vertex  3.444039e+00 -8.521334e+00  2.000000e-01
     vertex  2.923512e+00 -8.303843e+00  2.000000e-01
     vertex  2.904240e+00 -8.342950e+00  2.000000e-01
   endloop
 endfacet
 facet normal  0.000000e+00  0.000000e+00  1.000000e+00
   outer loop
     vertex  3.444039e+00 -8.521334e+00  2.000000e-01
     vertex  2.904240e+00 -8.342950e+00  2.000000e-01
     vertex  2.923258e+00 -8.710534e+00  2.000000e-01
   endloop
 endfacet
 facet normal  0.000000e+00  0.000000e+00  1.000000e+00
   outer loop
     vertex -5.964844e+00  1.181641e+00  2.000000e-01
     vertex -7.064453e+00  1.181641e+00  2.000000e-01
     vertex -7.064453e+00  9.648438e-01  2.000000e-01
   endloop
 endfacet
 facet normal  0.000000e+00  0.000000e+00  1.000000e+00
   outer loop
     vertex -5.964844e+00  1.181641e+00  2.000000e-01
     vertex -7.064453e+00  9.648438e-01  2.000000e-01
     vertex -5.964844e+00  9.648438e-01  2.000000e-01
   endloop
 endfacet
 facet normal  0.000000e+00  0.000000e+00  1.000000e+00
   outer loop
     vertex -6.406250e+00  1.623047e+00  2.000000e-01
     vertex -7.064453e+00  1.181641e+00  2.000000e-01
     vertex -5.964844e+00  1.181641e+00  2.000000e-01
   endloop
 endfacet
 facet normal  0.000000e+00  0.000000e+00  1.000000e+00
   outer loop
     vertex -6.406250e+00  1.623047e+00  2.000000e-01
     vertex -6.595760e+00  1.657050e+00  2.000000e-01
     vertex -6.623047e+00  1.623047e+00  2.000000e-01
   endloop
 endfacet
 facet normal  0.000000e+00  0.000000e+00  1.000000e+00
   outer loop
     vertex -6.406250e+00  1.623047e+00  2.000000e-01
     vertex -6.623047e+00  1.623047e+00  2.000000e-01
     vertex -7.064453e+00  1.181641e+00  2.000000e-01
   endloop
 endfacet
 facet normal  0.000000e+00  0.000000e+00  1.000000e+00
   outer loop
     vertex -6.446130e+00  1.680016e+00  2.000000e-01
     vertex -6.595760e+00  1.657050e+00  2.000000e-01
     vertex -6.406250e+00  1.623047e+00  2.000000e-01
   endloop
 endfacet
 facet normal  0.000000e+00  0.000000e+00  1.000000e+00
   outer loop
     vertex -6.446130e+00  1.680016e+00  2.000000e-01
     vertex -6.576488e+00  1.696157e+00  2.000000e-01
     vertex -6.595760e+00  1.657050e+00  2.000000e-01
   endloop
 endfacet
 facet normal  0.000000e+00  0.000000e+00  1.000000e+00
   outer loop
     vertex -6.460126e+00  1.721306e+00  2.000000e-01
     vertex -6.576488e+00  1.696157e+00  2.000000e-01
     vertex -6.446130e+00  1.680016e+00  2.000000e-01
   endloop
 endfacet
 facet normal  0.000000e+00  0.000000e+00  1.000000e+00
   outer loop
     vertex -6.460126e+00  1.721306e+00  2.000000e-01
     vertex -6.564453e+00  1.764648e+00  2.000000e-01
     vertex -6.576488e+00  1.696157e+00  2.000000e-01
   endloop
 endfacet
 facet normal  0.000000e+00  0.000000e+00  1.000000e+00
   outer loop
     vertex -6.464844e+00  1.764648e+00  2.000000e-01
     vertex -6.564453e+00  1.764648e+00  2.000000e-01
     vertex -6.460126e+00  1.721306e+00  2.000000e-01
   endloop
 endfacet
 facet normal  0.000000e+00  0.000000e+00  1.000000e+00
   outer loop
     vertex -8.379834e+00  3.961912e+00  2.000000e-01
     vertex -8.584896e+00  3.419698e+00  2.000000e-01
     vertex -8.264648e+00  2.964844e+00  2.000000e-01
   endloop
 endfacet
 facet normal  0.000000e+00  0.000000e+00  1.000000e+00
   outer loop
     vertex  3.972932e+00 -8.287574e+00  2.000000e-01
     vertex  2.935547e+00 -8.235352e+00  2.000000e-01
     vertex  3.444039e+00 -8.521334e+00  2.000000e-01
   endloop
 endfacet
 facet normal  0.000000e+00  0.000000e+00  1.000000e+00
   outer loop
     vertex -6.764649e+00  2.964844e+00  2.000000e-01
     vertex -8.379834e+00  3.961912e+00  2.000000e-01
     vertex -8.264648e+00  2.964844e+00  2.000000e-01
   endloop
 endfacet
 facet normal  0.000000e+00  0.000000e+00  1.000000e+00
   outer loop
     vertex -6.464844e+00  2.764648e+00  2.000000e-01
     vertex -6.564453e+00  1.764648e+00  2.000000e-01
     vertex -6.464844e+00  1.764648e+00  2.000000e-01
   endloop
 endfacet
 facet normal  0.000000e+00  0.000000e+00  1.000000e+00
   outer loop
     vertex -6.464844e+00  2.764648e+00  2.000000e-01
     vertex -6.575784e+00  2.831189e+00  2.000000e-01
     vertex -6.564453e+00  2.764648e+00  2.000000e-01
   endloop
 endfacet
 facet normal  0.000000e+00  0.000000e+00  1.000000e+00
   outer loop
     vertex -6.464844e+00  2.764648e+00  2.000000e-01
     vertex -6.564453e+00  2.764648e+00  2.000000e-01
     vertex -6.564453e+00  1.764648e+00  2.000000e-01
   endloop
 endfacet
 facet normal  0.000000e+00  0.000000e+00  1.000000e+00
   outer loop
     vertex -8.145025e+00  4.474661e+00  2.000000e-01
     vertex -8.379834e+00  3.961912e+00  2.000000e-01
     vertex -6.764649e+00  2.964844e+00  2.000000e-01
   endloop
 endfacet
 facet normal  0.000000e+00  0.000000e+00  1.000000e+00
   outer loop
     vertex -6.445251e+00  2.851162e+00  2.000000e-01
     vertex -6.575784e+00  2.831189e+00  2.000000e-01
     vertex -6.464844e+00  2.764648e+00  2.000000e-01
   endloop
 endfacet
 facet normal  0.000000e+00  0.000000e+00  1.000000e+00
   outer loop
     vertex -6.445251e+00  2.851162e+00  2.000000e-01
     vertex -6.608602e+00  2.890172e+00  2.000000e-01
     vertex -6.575784e+00  2.831189e+00  2.000000e-01
   endloop
 endfacet
 facet normal  0.000000e+00  0.000000e+00  1.000000e+00
   outer loop
     vertex -6.390172e+00  2.920695e+00  2.000000e-01
     vertex -6.678135e+00  2.945250e+00  2.000000e-01
     vertex -6.608602e+00  2.890172e+00  2.000000e-01
   endloop
 endfacet
 facet normal  0.000000e+00  0.000000e+00  1.000000e+00
   outer loop
     vertex -6.390172e+00  2.920695e+00  2.000000e-01
     vertex -6.608602e+00  2.890172e+00  2.000000e-01
     vertex -6.445251e+00  2.851162e+00  2.000000e-01
   endloop
 endfacet
 facet normal  0.000000e+00  0.000000e+00  1.000000e+00
   outer loop
     vertex -6.331189e+00  2.953513e+00  2.000000e-01
     vertex -6.678135e+00  2.945250e+00  2.000000e-01
     vertex -6.390172e+00  2.920695e+00  2.000000e-01
   endloop
 endfacet
 facet normal  0.000000e+00  0.000000e+00  1.000000e+00
   outer loop
     vertex -6.331189e+00  2.953513e+00  2.000000e-01
     vertex -6.764649e+00  2.964844e+00  2.000000e-01
     vertex -6.678135e+00  2.945250e+00  2.000000e-01
   endloop
 endfacet
 facet normal  0.000000e+00  0.000000e+00  1.000000e+00
   outer loop
     vertex  2.235352e+00 -5.535157e+00  2.000000e-01
     vertex -1.064453e+00 -5.435547e+00  2.000000e-01
     vertex -1.064453e+00 -5.535157e+00  2.000000e-01
   endloop
 endfacet
 facet normal  0.000000e+00  0.000000e+00  1.000000e+00
   outer loop
     vertex -6.264648e+00  2.964844e+00  2.000000e-01
     vertex -6.764649e+00  2.964844e+00  2.000000e-01
     vertex -6.331189e+00  2.953513e+00  2.000000e-01
   endloop
 endfacet
 facet normal  0.000000e+00  0.000000e+00  1.000000e+00
   outer loop
     vertex  2.935547e+00 -6.235351e+00  2.000000e-01
     vertex  2.935547e+00 -8.235352e+00  2.000000e-01
     vertex  3.972932e+00 -8.287574e+00  2.000000e-01
   endloop
 endfacet
 facet normal  0.000000e+00  0.000000e+00  1.000000e+00
   outer loop
     vertex  2.935547e+00 -6.235351e+00  2.000000e-01
     vertex  3.972932e+00 -8.287574e+00  2.000000e-01
     vertex  4.496247e+00 -8.013051e+00  2.000000e-01
   endloop
 endfacet
 facet normal  0.000000e+00  0.000000e+00  1.000000e+00
   outer loop
     vertex -7.879810e+00  4.960690e+00  2.000000e-01
     vertex -8.145025e+00  4.474661e+00  2.000000e-01
     vertex -6.764649e+00  2.964844e+00  2.000000e-01
   endloop
 endfacet
 facet normal  0.000000e+00  0.000000e+00  1.000000e+00
   outer loop
     vertex  2.735352e+00 -5.435547e+00  2.000000e-01
     vertex  2.303843e+00 -5.547191e+00  2.000000e-01
     vertex  2.342950e+00 -5.566463e+00  2.000000e-01
   endloop
 endfacet
 facet normal  0.000000e+00  0.000000e+00  1.000000e+00
   outer loop
     vertex  2.735352e+00 -5.435547e+00  2.000000e-01
     vertex  2.342950e+00 -5.566463e+00  2.000000e-01
     vertex  2.376953e+00 -5.593750e+00  2.000000e-01
   endloop
 endfacet
 facet normal  0.000000e+00  0.000000e+00  1.000000e+00
   outer loop
     vertex  2.735352e+00 -5.435547e+00  2.000000e-01
     vertex  2.376953e+00 -5.593750e+00  2.000000e-01
     vertex  2.876953e+00 -6.093750e+00  2.000000e-01
   endloop
 endfacet
 facet normal  0.000000e+00  0.000000e+00  1.000000e+00
   outer loop
     vertex  5.010729e+00 -7.698472e+00  2.000000e-01
     vertex  2.935547e+00 -6.235351e+00  2.000000e-01
     vertex  4.496247e+00 -8.013051e+00  2.000000e-01
   endloop
 endfacet
 facet normal  0.000000e+00  0.000000e+00  1.000000e+00
   outer loop
     vertex  2.801892e+00 -5.424216e+00  2.000000e-01
     vertex  2.735352e+00 -5.435547e+00  2.000000e-01
     vertex  2.876953e+00 -6.093750e+00  2.000000e-01
   endloop
 endfacet
 facet normal  0.000000e+00  0.000000e+00  1.000000e+00
   outer loop
     vertex  2.860875e+00 -5.391398e+00  2.000000e-01
     vertex  2.801892e+00 -5.424216e+00  2.000000e-01
     vertex  2.876953e+00 -6.093750e+00  2.000000e-01
   endloop
 endfacet
 facet normal  0.000000e+00  0.000000e+00  1.000000e+00
   outer loop
     vertex  2.915953e+00 -5.321865e+00  2.000000e-01
     vertex  2.876953e+00 -6.093750e+00  2.000000e-01
     vertex  2.916833e+00 -6.150719e+00  2.000000e-01
   endloop
 endfacet
 facet normal  0.000000e+00  0.000000e+00  1.000000e+00
   outer loop
     vertex  2.915953e+00 -5.321865e+00  2.000000e-01
     vertex  2.916833e+00 -6.150719e+00  2.000000e-01
     vertex  2.930829e+00 -6.192009e+00  2.000000e-01
   endloop
 endfacet
 facet normal  0.000000e+00  0.000000e+00  1.000000e+00
   outer loop
     vertex  2.915953e+00 -5.321865e+00  2.000000e-01
     vertex  2.860875e+00 -5.391398e+00  2.000000e-01
     vertex  2.876953e+00 -6.093750e+00  2.000000e-01
   endloop
 endfacet
 facet normal  0.000000e+00  0.000000e+00  1.000000e+00
   outer loop
     vertex -7.583275e+00  5.422087e+00  2.000000e-01
     vertex -7.879810e+00  4.960690e+00  2.000000e-01
     vertex -6.764649e+00  2.964844e+00  2.000000e-01
   endloop
 endfacet
 facet normal  0.000000e+00  0.000000e+00  1.000000e+00
   outer loop
     vertex -7.583275e+00  5.422087e+00  2.000000e-01
     vertex -6.764649e+00  2.964844e+00  2.000000e-01
     vertex -6.264648e+00  2.964844e+00  2.000000e-01
   endloop
 endfacet
 facet normal  0.000000e+00  0.000000e+00  1.000000e+00
   outer loop
     vertex  5.512544e+00 -7.345176e+00  2.000000e-01
     vertex  2.930829e+00 -6.192009e+00  2.000000e-01
     vertex  2.935547e+00 -6.235351e+00  2.000000e-01
   endloop
 endfacet
 facet normal  0.000000e+00  0.000000e+00  1.000000e+00
   outer loop
     vertex  5.512544e+00 -7.345176e+00  2.000000e-01
     vertex  2.935547e+00 -6.235351e+00  2.000000e-01
     vertex  5.010729e+00 -7.698472e+00  2.000000e-01
   endloop
 endfacet
 facet normal  0.000000e+00  0.000000e+00  1.000000e+00
   outer loop
     vertex -7.287021e+00  5.819633e+00  2.000000e-01
     vertex -7.583275e+00  5.422087e+00  2.000000e-01
     vertex -6.264648e+00  2.964844e+00  2.000000e-01
   endloop
 endfacet
 facet normal  0.000000e+00  0.000000e+00  1.000000e+00
   outer loop
     vertex  5.997263e+00 -6.955335e+00  2.000000e-01
     vertex  2.935547e+00 -5.235352e+00  2.000000e-01
     vertex  2.915953e+00 -5.321865e+00  2.000000e-01
   endloop
 endfacet
 facet normal  0.000000e+00  0.000000e+00  1.000000e+00
   outer loop
     vertex  5.997263e+00 -6.955335e+00  2.000000e-01
     vertex  2.915953e+00 -5.321865e+00  2.000000e-01
     vertex  2.930829e+00 -6.192009e+00  2.000000e-01
   endloop
 endfacet
 facet normal  0.000000e+00  0.000000e+00  1.000000e+00
   outer loop
     vertex  5.997263e+00 -6.955335e+00  2.000000e-01
     vertex  2.930829e+00 -6.192009e+00  2.000000e-01
     vertex  5.512544e+00 -7.345176e+00  2.000000e-01
   endloop
 endfacet
 facet normal  0.000000e+00  0.000000e+00  1.000000e+00
   outer loop
     vertex -6.964844e+00  6.197266e+00  2.000000e-01
     vertex -7.287021e+00  5.819633e+00  2.000000e-01
     vertex -6.264648e+00  2.964844e+00  2.000000e-01
   endloop
 endfacet
 facet normal  0.000000e+00  0.000000e+00  1.000000e+00
   outer loop
     vertex -6.964844e+00  6.197266e+00  2.000000e-01
     vertex -6.264648e+00  2.964844e+00  2.000000e-01
     vertex -4.764648e+00  2.964844e+00  2.000000e-01
   endloop
 endfacet
 facet normal  0.000000e+00  0.000000e+00  1.000000e+00
   outer loop
     vertex -7.246238e+00  6.692639e+00  2.000000e-01
     vertex -7.344330e+00  6.748974e+00  2.000000e-01
     vertex -7.321588e+00  6.698831e+00  2.000000e-01
   endloop
 endfacet
 facet normal  0.000000e+00  0.000000e+00  1.000000e+00
   outer loop
     vertex -7.482888e+00  6.931551e+00  2.000000e-01
     vertex -7.572475e+00  6.833566e+00  2.000000e-01
     vertex -7.504606e+00  6.842185e+00  2.000000e-01
   endloop
 endfacet
 facet normal  0.000000e+00  0.000000e+00  1.000000e+00
   outer loop
     vertex -7.482888e+00  6.931551e+00  2.000000e-01
     vertex -7.504606e+00  6.842185e+00  2.000000e-01
     vertex -7.437803e+00  6.827426e+00  2.000000e-01
   endloop
 endfacet
 facet normal  0.000000e+00  0.000000e+00  1.000000e+00
   outer loop
     vertex -7.036006e+00  6.516176e+00  2.000000e-01
     vertex -7.128254e+00  6.602486e+00  2.000000e-01
     vertex -7.102482e+00  6.531410e+00  2.000000e-01
   endloop
 endfacet
 facet normal  0.000000e+00  0.000000e+00  1.000000e+00
   outer loop
     vertex -6.907250e+00  6.557617e+00  2.000000e-01
     vertex -7.178570e+00  6.658917e+00  2.000000e-01
     vertex -7.128254e+00  6.602486e+00  2.000000e-01
   endloop
 endfacet
 facet normal  0.000000e+00  0.000000e+00  1.000000e+00
   outer loop
     vertex -6.907250e+00  6.557617e+00  2.000000e-01
     vertex -7.036006e+00  6.516176e+00  2.000000e-01
     vertex -6.978514e+00  6.479492e+00  2.000000e-01
   endloop
 endfacet
 facet normal  0.000000e+00  0.000000e+00  1.000000e+00
   outer loop
     vertex -6.907250e+00  6.557617e+00  2.000000e-01
     vertex -7.128254e+00  6.602486e+00  2.000000e-01
     vertex -7.036006e+00  6.516176e+00  2.000000e-01
   endloop
 endfacet
 facet normal  0.000000e+00  0.000000e+00  1.000000e+00
   outer loop
     vertex -7.255883e+00  6.914062e+00  2.000000e-01
     vertex -7.437803e+00  6.827426e+00  2.000000e-01
     vertex -7.379883e+00  6.791016e+00  2.000000e-01
   endloop
 endfacet
 facet normal  0.000000e+00  0.000000e+00  1.000000e+00
   outer loop
     vertex -7.255883e+00  6.914062e+00  2.000000e-01
     vertex -7.379883e+00  6.791016e+00  2.000000e-01
     vertex -7.344330e+00  6.748974e+00  2.000000e-01
   endloop
 endfacet
 facet normal  0.000000e+00  0.000000e+00  1.000000e+00
   outer loop
     vertex -7.255883e+00  6.914062e+00  2.000000e-01
     vertex -7.246238e+00  6.692639e+00  2.000000e-01
     vertex -7.178570e+00  6.658917e+00  2.000000e-01
   endloop
 endfacet
 facet normal  0.000000e+00  0.000000e+00  1.000000e+00
   outer loop
     vertex -7.255883e+00  6.914062e+00  2.000000e-01
     vertex -7.344330e+00  6.748974e+00  2.000000e-01
     vertex -7.246238e+00  6.692639e+00  2.000000e-01
   endloop
 endfacet
 facet normal  0.000000e+00  0.000000e+00  1.000000e+00
   outer loop
     vertex -7.255883e+00  6.914062e+00  2.000000e-01
     vertex -7.178570e+00  6.658917e+00  2.000000e-01
     vertex -6.907250e+00  6.557617e+00  2.000000e-01
   endloop
 endfacet
 facet normal  0.000000e+00  0.000000e+00  1.000000e+00
   outer loop
     vertex -6.853642e+00  6.518747e+00  2.000000e-01
     vertex -6.978514e+00  6.479492e+00  2.000000e-01
     vertex -6.927760e+00  6.406747e+00  2.000000e-01
   endloop
 endfacet
 facet normal  0.000000e+00  0.000000e+00  1.000000e+00
   outer loop
     vertex -6.853642e+00  6.518747e+00  2.000000e-01
     vertex -6.907250e+00  6.557617e+00  2.000000e-01
     vertex -6.978514e+00  6.479492e+00  2.000000e-01
   endloop
 endfacet
 facet normal  0.000000e+00  0.000000e+00  1.000000e+00
   outer loop
     vertex -7.297247e+00  6.976640e+00  2.000000e-01
     vertex -7.392032e+00  7.028361e+00  2.000000e-01
     vertex -7.482888e+00  6.931551e+00  2.000000e-01
   endloop
 endfacet
 facet normal  0.000000e+00  0.000000e+00  1.000000e+00
   outer loop
     vertex -7.297247e+00  6.976640e+00  2.000000e-01
     vertex -7.482888e+00  6.931551e+00  2.000000e-01
     vertex -7.437803e+00  6.827426e+00  2.000000e-01
   endloop
 endfacet
 facet normal  0.000000e+00  0.000000e+00  1.000000e+00
   outer loop
     vertex -7.297247e+00  6.976640e+00  2.000000e-01
     vertex -7.437803e+00  6.827426e+00  2.000000e-01
     vertex -7.255883e+00  6.914062e+00  2.000000e-01
   endloop
 endfacet
 facet normal  0.000000e+00  0.000000e+00  1.000000e+00
   outer loop
     vertex -6.790281e+00  6.499510e+00  2.000000e-01
     vertex -6.927760e+00  6.406747e+00  2.000000e-01
     vertex -6.913457e+00  6.319208e+00  2.000000e-01
   endloop
 endfacet
 facet normal  0.000000e+00  0.000000e+00  1.000000e+00
   outer loop
     vertex -6.790281e+00  6.499510e+00  2.000000e-01
     vertex -6.853642e+00  6.518747e+00  2.000000e-01
     vertex -6.927760e+00  6.406747e+00  2.000000e-01
   endloop
 endfacet
 facet normal  0.000000e+00  0.000000e+00  1.000000e+00
   outer loop
     vertex -7.312649e+00  7.050055e+00  2.000000e-01
     vertex -7.392032e+00  7.028361e+00  2.000000e-01
     vertex -7.297247e+00  6.976640e+00  2.000000e-01
   endloop
 endfacet
 facet normal  0.000000e+00  0.000000e+00  1.000000e+00
   outer loop
     vertex -6.701977e+00  6.507935e+00  2.000000e-01
     vertex -6.913457e+00  6.319208e+00  2.000000e-01
     vertex -6.928773e+00  6.253864e+00  2.000000e-01
   endloop
 endfacet
 facet normal  0.000000e+00  0.000000e+00  1.000000e+00
   outer loop
     vertex -6.701977e+00  6.507935e+00  2.000000e-01
     vertex -6.790281e+00  6.499510e+00  2.000000e-01
     vertex -6.913457e+00  6.319208e+00  2.000000e-01
   endloop
 endfacet
 facet normal  0.000000e+00  0.000000e+00  1.000000e+00
   outer loop
     vertex -7.299925e+00  7.123980e+00  2.000000e-01
     vertex -7.392032e+00  7.028361e+00  2.000000e-01
     vertex -7.312649e+00  7.050055e+00  2.000000e-01
   endloop
 endfacet
 facet normal  0.000000e+00  0.000000e+00  1.000000e+00
   outer loop
     vertex  6.431241e+00 -6.559982e+00  2.000000e-01
     vertex  2.935547e+00 -5.235352e+00  2.000000e-01
     vertex  5.997263e+00 -6.955335e+00  2.000000e-01
   endloop
 endfacet
 facet normal  0.000000e+00  0.000000e+00  1.000000e+00
   outer loop
     vertex -6.626000e+00  6.553717e+00  2.000000e-01
     vertex -6.928773e+00  6.253864e+00  2.000000e-01
     vertex -6.964844e+00  6.197266e+00  2.000000e-01
   endloop
 endfacet
 facet normal  0.000000e+00  0.000000e+00  1.000000e+00
   outer loop
     vertex -6.626000e+00  6.553717e+00  2.000000e-01
     vertex -6.701977e+00  6.507935e+00  2.000000e-01
     vertex -6.928773e+00  6.253864e+00  2.000000e-01
   endloop
 endfacet
 facet normal  0.000000e+00  0.000000e+00  1.000000e+00
   outer loop
     vertex -6.626000e+00  6.553717e+00  2.000000e-01
     vertex -6.964844e+00  6.197266e+00  2.000000e-01
     vertex -4.764648e+00  2.964844e+00  2.000000e-01
   endloop
 endfacet
 facet normal  0.000000e+00  0.000000e+00  1.000000e+00
   outer loop
     vertex -1.906250e+00  3.623047e+00  2.000000e-01
     vertex -4.623047e+00  2.906250e+00  2.000000e-01
     vertex -3.623047e+00  1.906250e+00  2.000000e-01
   endloop
 endfacet
 facet normal  0.000000e+00  0.000000e+00  1.000000e+00
   outer loop
     vertex  3.593750e+00 -1.876953e+00  2.000000e-01
     vertex  1.842950e+00 -3.566463e+00  2.000000e-01
     vertex  1.876953e+00 -3.593750e+00  2.000000e-01
   endloop
 endfacet
 facet normal  0.000000e+00  0.000000e+00  1.000000e+00
   outer loop
     vertex  4.593750e+00 -2.876953e+00  2.000000e-01
     vertex  1.876953e+00 -3.593750e+00  2.000000e-01
     vertex  2.876953e+00 -4.593750e+00  2.000000e-01
   endloop
 endfacet
 facet normal  0.000000e+00  0.000000e+00  1.000000e+00
   outer loop
     vertex  4.593750e+00 -2.876953e+00  2.000000e-01
     vertex  3.593750e+00 -1.876953e+00  2.000000e-01
     vertex  1.876953e+00 -3.593750e+00  2.000000e-01
   endloop
 endfacet
 facet normal  0.000000e+00  0.000000e+00  1.000000e+00
   outer loop
     vertex -2.906250e+00  4.623047e+00  2.000000e-01
     vertex -4.623047e+00  2.906250e+00  2.000000e-01
     vertex -1.906250e+00  3.623047e+00  2.000000e-01
   endloop
 endfacet
 facet normal  0.000000e+00  0.000000e+00  1.000000e+00
   outer loop
     vertex -2.906250e+00  4.623047e+00  2.000000e-01
     vertex -4.657050e+00  2.933537e+00  2.000000e-01
     vertex -4.623047e+00  2.906250e+00  2.000000e-01
   endloop
 endfacet
 facet normal  0.000000e+00  0.000000e+00  1.000000e+00
   outer loop
     vertex -1.872247e+00  3.595760e+00  2.000000e-01
     vertex -3.623047e+00  1.906250e+00  2.000000e-01
     vertex -3.583167e+00  1.849281e+00  2.000000e-01
   endloop
 endfacet
 facet normal  0.000000e+00  0.000000e+00  1.000000e+00
   outer loop
     vertex -1.872247e+00  3.595760e+00  2.000000e-01
     vertex -1.906250e+00  3.623047e+00  2.000000e-01
     vertex -3.623047e+00  1.906250e+00  2.000000e-01
   endloop
 endfacet
 facet normal  0.000000e+00  0.000000e+00  1.000000e+00
   outer loop
     vertex  4.627753e+00 -2.904240e+00  2.000000e-01
     vertex  2.876953e+00 -4.593750e+00  2.000000e-01
     vertex  2.916833e+00 -4.650719e+00  2.000000e-01
   endloop
 endfacet
 facet normal  0.000000e+00  0.000000e+00  1.000000e+00
   outer loop
     vertex  4.627753e+00 -2.904240e+00  2.000000e-01
     vertex  4.593750e+00 -2.876953e+00  2.000000e-01
     vertex  2.876953e+00 -4.593750e+00  2.000000e-01
   endloop
 endfacet
 facet normal  0.000000e+00  0.000000e+00  1.000000e+00
   outer loop
     vertex  3.553870e+00 -1.819984e+00  2.000000e-01
     vertex  1.803843e+00 -3.547191e+00  2.000000e-01
     vertex  1.842950e+00 -3.566463e+00  2.000000e-01
   endloop
 endfacet
 facet normal  0.000000e+00  0.000000e+00  1.000000e+00
   outer loop
     vertex  3.553870e+00 -1.819984e+00  2.000000e-01
     vertex  1.842950e+00 -3.566463e+00  2.000000e-01
     vertex  3.593750e+00 -1.876953e+00  2.000000e-01
   endloop
 endfacet
 facet normal  0.000000e+00  0.000000e+00  1.000000e+00
   outer loop
     vertex -2.946130e+00  4.680016e+00  2.000000e-01
     vertex -4.696157e+00  2.952809e+00  2.000000e-01
     vertex -4.657050e+00  2.933537e+00  2.000000e-01
   endloop
 endfacet
 facet normal  0.000000e+00  0.000000e+00  1.000000e+00
   outer loop
     vertex -2.946130e+00  4.680016e+00  2.000000e-01
     vertex -4.657050e+00  2.933537e+00  2.000000e-01
     vertex -2.906250e+00  4.623047e+00  2.000000e-01
   endloop
 endfacet
 facet normal  0.000000e+00  0.000000e+00  1.000000e+00
   outer loop
     vertex -1.833140e+00  3.576488e+00  2.000000e-01
     vertex -1.872247e+00  3.595760e+00  2.000000e-01
     vertex -3.583167e+00  1.849281e+00  2.000000e-01
   endloop
 endfacet
 facet normal  0.000000e+00  0.000000e+00  1.000000e+00
   outer loop
     vertex -1.833140e+00  3.576488e+00  2.000000e-01
     vertex -3.583167e+00  1.849281e+00  2.000000e-01
     vertex -3.569171e+00  1.807991e+00  2.000000e-01
   endloop
 endfacet
 facet normal  0.000000e+00  0.000000e+00  1.000000e+00
   outer loop
     vertex  4.666860e+00 -2.923512e+00  2.000000e-01
     vertex  4.627753e+00 -2.904240e+00  2.000000e-01
     vertex  2.916833e+00 -4.650719e+00  2.000000e-01
   endloop
 endfacet
 facet normal  0.000000e+00  0.000000e+00  1.000000e+00
   outer loop
     vertex  4.666860e+00 -2.923512e+00  2.000000e-01
     vertex  2.916833e+00 -4.650719e+00  2.000000e-01
     vertex  2.930829e+00 -4.692009e+00  2.000000e-01
   endloop
 endfacet
 facet normal  0.000000e+00  0.000000e+00  1.000000e+00
   outer loop
     vertex  3.539874e+00 -1.778694e+00  2.000000e-01
     vertex  1.803843e+00 -3.547191e+00  2.000000e-01
     vertex  3.553870e+00 -1.819984e+00  2.000000e-01
   endloop
 endfacet
 facet normal  0.000000e+00  0.000000e+00  1.000000e+00
   outer loop
     vertex  3.539874e+00 -1.778694e+00  2.000000e-01
     vertex  1.735352e+00 -3.535156e+00  2.000000e-01
     vertex  1.803843e+00 -3.547191e+00  2.000000e-01
   endloop
 endfacet
 facet normal  0.000000e+00  0.000000e+00  1.000000e+00
   outer loop
     vertex -2.960126e+00  4.721306e+00  2.000000e-01
     vertex -4.764648e+00  2.964844e+00  2.000000e-01
     vertex -4.696157e+00  2.952809e+00  2.000000e-01
   endloop
 endfacet
 facet normal  0.000000e+00  0.000000e+00  1.000000e+00
   outer loop
     vertex -2.960126e+00  4.721306e+00  2.000000e-01
     vertex -4.696157e+00  2.952809e+00  2.000000e-01
     vertex -2.946130e+00  4.680016e+00  2.000000e-01
   endloop
 endfacet
 facet normal  0.000000e+00  0.000000e+00  1.000000e+00
   outer loop
     vertex -1.764648e+00  3.564453e+00  2.000000e-01
     vertex -1.833140e+00  3.576488e+00  2.000000e-01
     vertex -3.569171e+00  1.807991e+00  2.000000e-01
   endloop
 endfacet
 facet normal  0.000000e+00  0.000000e+00  1.000000e+00
   outer loop
     vertex -1.764648e+00  3.564453e+00  2.000000e-01
     vertex -3.569171e+00  1.807991e+00  2.000000e-01
     vertex -3.564453e+00  1.764648e+00  2.000000e-01
   endloop
 endfacet
 facet normal  0.000000e+00  0.000000e+00  1.000000e+00
   outer loop
     vertex -2.964844e+00  4.764648e+00  2.000000e-01
     vertex -4.764648e+00  2.964844e+00  2.000000e-01
     vertex -2.960126e+00  4.721306e+00  2.000000e-01
   endloop
 endfacet
 facet normal  0.000000e+00  0.000000e+00  1.000000e+00
   outer loop
     vertex -2.964844e+00  4.764648e+00  2.000000e-01
     vertex -6.626000e+00  6.553717e+00  2.000000e-01
     vertex -4.764648e+00  2.964844e+00  2.000000e-01
   endloop
 endfacet
 facet normal  0.000000e+00  0.000000e+00  1.000000e+00
   outer loop
     vertex -2.964844e+00  4.764648e+00  2.000000e-01
     vertex -5.978114e+00  7.129034e+00  2.000000e-01
     vertex -6.308172e+00  6.848623e+00  2.000000e-01
   endloop
 endfacet
 facet normal  0.000000e+00  0.000000e+00  1.000000e+00
   outer loop
     vertex -2.964844e+00  4.764648e+00  2.000000e-01
     vertex -6.308172e+00  6.848623e+00  2.000000e-01
     vertex -6.626000e+00  6.553717e+00  2.000000e-01
   endloop
 endfacet
 facet normal  0.000000e+00  0.000000e+00  1.000000e+00
   outer loop
     vertex  3.535156e+00 -1.735352e+00  2.000000e-01
     vertex  1.735352e+00 -3.535156e+00  2.000000e-01
     vertex  3.539874e+00 -1.778694e+00  2.000000e-01
   endloop
 endfacet
 facet normal  0.000000e+00  0.000000e+00  1.000000e+00
   outer loop
     vertex  4.735352e+00 -2.935547e+00  2.000000e-01
     vertex  4.666860e+00 -2.923512e+00  2.000000e-01
     vertex  2.930829e+00 -4.692009e+00  2.000000e-01
   endloop
 endfacet
 facet normal  0.000000e+00  0.000000e+00  1.000000e+00
   outer loop
     vertex  4.735352e+00 -2.935547e+00  2.000000e-01
     vertex  2.930829e+00 -4.692009e+00  2.000000e-01
     vertex  2.935547e+00 -4.735352e+00  2.000000e-01
   endloop
 endfacet
 facet normal  0.000000e+00  0.000000e+00  1.000000e+00
   outer loop
     vertex  4.735352e+00 -2.935547e+00  2.000000e-01
     vertex  2.935547e+00 -4.735352e+00  2.000000e-01
     vertex  2.935547e+00 -5.235352e+00  2.000000e-01
   endloop
 endfacet
 facet normal  0.000000e+00  0.000000e+00  1.000000e+00
   outer loop
     vertex  4.735352e+00 -2.935547e+00  2.000000e-01
     vertex  6.431241e+00 -6.559982e+00  2.000000e-01
     vertex  6.840820e+00 -6.139648e+00  2.000000e-01
   endloop
 endfacet
 facet normal  0.000000e+00  0.000000e+00  1.000000e+00
   outer loop
     vertex  4.735352e+00 -2.935547e+00  2.000000e-01
     vertex  6.840820e+00 -6.139648e+00  2.000000e-01
     vertex  7.195640e+00 -5.729005e+00  2.000000e-01
   endloop
 endfacet
 facet normal  0.000000e+00  0.000000e+00  1.000000e+00
   outer loop
     vertex  4.735352e+00 -2.935547e+00  2.000000e-01
     vertex  2.935547e+00 -5.235352e+00  2.000000e-01
     vertex  6.431241e+00 -6.559982e+00  2.000000e-01
   endloop
 endfacet
 facet normal  0.000000e+00  0.000000e+00  1.000000e+00
   outer loop
     vertex -5.505285e+00  7.487827e+00  2.000000e-01
     vertex -5.978114e+00  7.129034e+00  2.000000e-01
     vertex -2.964844e+00  4.764648e+00  2.000000e-01
   endloop
 endfacet
 facet normal  0.000000e+00  0.000000e+00  1.000000e+00
   outer loop
     vertex  7.524498e+00 -5.298151e+00  2.000000e-01
     vertex  4.735352e+00 -2.935547e+00  2.000000e-01
     vertex  7.195640e+00 -5.729005e+00  2.000000e-01
   endloop
 endfacet
 facet normal  0.000000e+00  0.000000e+00  1.000000e+00
   outer loop
     vertex -5.019941e+00  7.807519e+00  2.000000e-01
     vertex -5.505285e+00  7.487827e+00  2.000000e-01
     vertex -2.964844e+00  4.764648e+00  2.000000e-01
   endloop
 endfacet
 facet normal  0.000000e+00  0.000000e+00  1.000000e+00
   outer loop
     vertex  3.535156e+00 -7.353515e-01  2.000000e-01
     vertex -1.764648e+00 -3.535156e+00  2.000000e-01
     vertex  1.735352e+00 -3.535156e+00  2.000000e-01
   endloop
 endfacet
 facet normal  0.000000e+00  0.000000e+00  1.000000e+00
   outer loop
     vertex  3.535156e+00 -7.353515e-01  2.000000e-01
     vertex  1.735352e+00 -3.535156e+00  2.000000e-01
     vertex  3.535156e+00 -1.735352e+00  2.000000e-01
   endloop
 endfacet
 facet normal  0.000000e+00  0.000000e+00  1.000000e+00
   outer loop
     vertex  7.821059e+00 -4.855837e+00  2.000000e-01
     vertex  4.735352e+00 -2.935547e+00  2.000000e-01
     vertex  7.524498e+00 -5.298151e+00  2.000000e-01
   endloop
 endfacet
 facet normal  0.000000e+00  0.000000e+00  1.000000e+00
   outer loop
     vertex -2.646484e-01  3.564453e+00  2.000000e-01
     vertex -3.564453e+00 -1.735352e+00  2.000000e-01
     vertex -1.764648e+00 -3.535156e+00  2.000000e-01
   endloop
 endfacet
 facet normal  0.000000e+00  0.000000e+00  1.000000e+00
   outer loop
     vertex -2.646484e-01  3.564453e+00  2.000000e-01
     vertex -3.564453e+00  1.764648e+00  2.000000e-01
     vertex -3.564453e+00 -1.735352e+00  2.000000e-01
   endloop
 endfacet
 facet normal  0.000000e+00  0.000000e+00  1.000000e+00
   outer loop
     vertex -2.646484e-01  3.564453e+00  2.000000e-01
     vertex -1.764648e+00 -3.535156e+00  2.000000e-01
     vertex  3.535156e+00 -7.353515e-01  2.000000e-01
   endloop
 endfacet
 facet normal  0.000000e+00  0.000000e+00  1.000000e+00
   outer loop
     vertex -2.646484e-01  3.564453e+00  2.000000e-01
     vertex -1.764648e+00  3.564453e+00  2.000000e-01
     vertex -3.564453e+00  1.764648e+00  2.000000e-01
   endloop
 endfacet
 facet normal  0.000000e+00  0.000000e+00  1.000000e+00
   outer loop
     vertex -4.518626e+00  8.090576e+00  2.000000e-01
     vertex -5.019941e+00  7.807519e+00  2.000000e-01
     vertex -2.964844e+00  4.764648e+00  2.000000e-01
   endloop
 endfacet
 facet normal  0.000000e+00  0.000000e+00  1.000000e+00
   outer loop
     vertex  8.086479e+00 -4.401548e+00  2.000000e-01
     vertex  4.735352e+00 -2.935547e+00  2.000000e-01
     vertex  7.821059e+00 -4.855837e+00  2.000000e-01
   endloop
 endfacet
 facet normal  0.000000e+00  0.000000e+00  1.000000e+00
   outer loop
     vertex  7.930472e-02  3.639125e+00  2.000000e-01
     vertex -8.404657e-02  3.678135e+00  2.000000e-01
     vertex -1.391251e-01  3.608602e+00  2.000000e-01
   endloop
 endfacet
 facet normal  0.000000e+00  0.000000e+00  1.000000e+00
   outer loop
     vertex  1.488379e-01  3.584047e+00  2.000000e-01
     vertex -1.391251e-01  3.608602e+00  2.000000e-01
     vertex -1.981080e-01  3.575784e+00  2.000000e-01
   endloop
 endfacet
 facet normal  0.000000e+00  0.000000e+00  1.000000e+00
   outer loop
     vertex  1.488379e-01  3.584047e+00  2.000000e-01
     vertex  7.930472e-02  3.639125e+00  2.000000e-01
     vertex -1.391251e-01  3.608602e+00  2.000000e-01
   endloop
 endfacet
 facet normal  0.000000e+00  0.000000e+00  1.000000e+00
   outer loop
     vertex  4.648677e-02  3.698108e+00  2.000000e-01
     vertex -6.445313e-02  3.764648e+00  2.000000e-01
     vertex -8.404657e-02  3.678135e+00  2.000000e-01
   endloop
 endfacet
 facet normal  0.000000e+00  0.000000e+00  1.000000e+00
   outer loop
     vertex  4.648677e-02  3.698108e+00  2.000000e-01
     vertex -8.404657e-02  3.678135e+00  2.000000e-01
     vertex  7.930472e-02  3.639125e+00  2.000000e-01
   endloop
 endfacet
 facet normal  0.000000e+00  0.000000e+00  1.000000e+00
   outer loop
     vertex  2.353516e-01  3.564453e+00  2.000000e-01
     vertex -2.646484e-01  3.564453e+00  2.000000e-01
     vertex  3.535156e+00 -7.353515e-01  2.000000e-01
   endloop
 endfacet
 facet normal  0.000000e+00  0.000000e+00  1.000000e+00
   outer loop
     vertex  2.353516e-01  3.564453e+00  2.000000e-01
     vertex -1.981080e-01  3.575784e+00  2.000000e-01
     vertex -2.646484e-01  3.564453e+00  2.000000e-01
   endloop
 endfacet
 facet normal  0.000000e+00  0.000000e+00  1.000000e+00
   outer loop
     vertex  2.353516e-01  3.564453e+00  2.000000e-01
     vertex  1.488379e-01  3.584047e+00  2.000000e-01
     vertex -1.981080e-01  3.575784e+00  2.000000e-01
   endloop
 endfacet
 facet normal  0.000000e+00  0.000000e+00  1.000000e+00
   outer loop
     vertex  3.515625e-02  3.764648e+00  2.000000e-01
     vertex -6.445313e-02  3.764648e+00  2.000000e-01
     vertex  4.648677e-02  3.698108e+00  2.000000e-01
   endloop
 endfacet
 facet normal  0.000000e+00  0.000000e+00  1.000000e+00
   outer loop
     vertex  3.579305e+00  6.391252e-01  2.000000e-01
     vertex  3.554750e+00 -6.488379e-01  2.000000e-01
     vertex  3.609828e+00 -5.793047e-01  2.000000e-01
   endloop
 endfacet
 facet normal  0.000000e+00  0.000000e+00  1.000000e+00
   outer loop
     vertex  3.648838e+00  5.840466e-01  2.000000e-01
     vertex  3.609828e+00 -5.793047e-01  2.000000e-01
     vertex  3.668811e+00 -5.464868e-01  2.000000e-01
   endloop
 endfacet
 facet normal  0.000000e+00  0.000000e+00  1.000000e+00
   outer loop
     vertex  3.648838e+00  5.840466e-01  2.000000e-01
     vertex  3.579305e+00  6.391252e-01  2.000000e-01
     vertex  3.609828e+00 -5.793047e-01  2.000000e-01
   endloop
 endfacet
 facet normal  0.000000e+00  0.000000e+00  1.000000e+00
   outer loop
     vertex  3.546487e+00  6.981081e-01  2.000000e-01
     vertex  2.353516e-01  3.564453e+00  2.000000e-01
     vertex  3.535156e+00 -7.353515e-01  2.000000e-01
   endloop
 endfacet
 facet normal  0.000000e+00  0.000000e+00  1.000000e+00
   outer loop
     vertex  3.546487e+00  6.981081e-01  2.000000e-01
     vertex  3.535156e+00 -7.353515e-01  2.000000e-01
     vertex  3.554750e+00 -6.488379e-01  2.000000e-01
   endloop
 endfacet
 facet normal  0.000000e+00  0.000000e+00  1.000000e+00
   outer loop
     vertex  3.546487e+00  6.981081e-01  2.000000e-01
     vertex  3.554750e+00 -6.488379e-01  2.000000e-01
     vertex  3.579305e+00  6.391252e-01  2.000000e-01
   endloop
 endfacet
 facet normal  0.000000e+00  0.000000e+00  1.000000e+00
   outer loop
     vertex  3.735352e+00  5.644531e-01  2.000000e-01
     vertex  3.668811e+00 -5.464868e-01  2.000000e-01
     vertex  3.735352e+00 -5.351562e-01  2.000000e-01
   endloop
 endfacet
 facet normal  0.000000e+00  0.000000e+00  1.000000e+00
   outer loop
     vertex  3.735352e+00  5.644531e-01  2.000000e-01
     vertex  3.735352e+00 -5.351562e-01  2.000000e-01
     vertex  4.735352e+00 -5.351562e-01  2.000000e-01
   endloop
 endfacet
 facet normal  0.000000e+00  0.000000e+00  1.000000e+00
   outer loop
     vertex  3.735352e+00  5.644531e-01  2.000000e-01
     vertex  3.648838e+00  5.840466e-01  2.000000e-01
     vertex  3.668811e+00 -5.464868e-01  2.000000e-01
   endloop
 endfacet
 facet normal  0.000000e+00  0.000000e+00  1.000000e+00
   outer loop
     vertex  3.535156e+00  7.646484e-01  2.000000e-01
     vertex  2.353516e-01  3.564453e+00  2.000000e-01
     vertex  3.546487e+00  6.981081e-01  2.000000e-01
   endloop
 endfacet
 facet normal  0.000000e+00  0.000000e+00  1.000000e+00
   outer loop
     vertex  5.093750e+00 -3.769531e-01  2.000000e-01
     vertex  4.842950e+00 -5.664627e-01  2.000000e-01
     vertex  4.876953e+00 -5.937500e-01  2.000000e-01
   endloop
 endfacet
 facet normal  0.000000e+00  0.000000e+00  1.000000e+00
   outer loop
     vertex  5.093750e+00 -3.769531e-01  2.000000e-01
     vertex  4.876953e+00 -5.937500e-01  2.000000e-01
     vertex  5.318359e+00 -1.035156e+00  2.000000e-01
   endloop
 endfacet
 facet normal  0.000000e+00  0.000000e+00  1.000000e+00
   outer loop
     vertex  5.593750e+00 -8.769531e-01  2.000000e-01
     vertex  5.093750e+00 -3.769531e-01  2.000000e-01
     vertex  5.318359e+00 -1.035156e+00  2.000000e-01
   endloop
 endfacet
 facet normal  0.000000e+00  0.000000e+00  1.000000e+00
   outer loop
     vertex  5.627753e+00 -9.042404e-01  2.000000e-01
     vertex  5.593750e+00 -8.769531e-01  2.000000e-01
     vertex  5.318359e+00 -1.035156e+00  2.000000e-01
   endloop
 endfacet
 facet normal  0.000000e+00  0.000000e+00  1.000000e+00
   outer loop
     vertex  5.053870e+00 -3.199839e-01  2.000000e-01
     vertex  4.842950e+00 -5.664627e-01  2.000000e-01
     vertex  5.093750e+00 -3.769531e-01  2.000000e-01
   endloop
 endfacet
 facet normal  0.000000e+00  0.000000e+00  1.000000e+00
   outer loop
     vertex  5.053870e+00 -3.199839e-01  2.000000e-01
     vertex  4.803843e+00 -5.471911e-01  2.000000e-01
     vertex  4.842950e+00 -5.664627e-01  2.000000e-01
   endloop
 endfacet
 facet normal  0.000000e+00  0.000000e+00  1.000000e+00
   outer loop
     vertex  5.666860e+00 -9.235120e-01  2.000000e-01
     vertex  5.627753e+00 -9.042404e-01  2.000000e-01
     vertex  5.318359e+00 -1.035156e+00  2.000000e-01
   endloop
 endfacet
 facet normal  0.000000e+00  0.000000e+00  1.000000e+00
   outer loop
     vertex  5.039874e+00 -2.786936e-01  2.000000e-01
     vertex  4.735352e+00 -5.351562e-01  2.000000e-01
     vertex  4.803843e+00 -5.471911e-01  2.000000e-01
   endloop
 endfacet
 facet normal  0.000000e+00  0.000000e+00  1.000000e+00
   outer loop
     vertex  5.039874e+00 -2.786936e-01  2.000000e-01
     vertex  4.803843e+00 -5.471911e-01  2.000000e-01
     vertex  5.053870e+00 -3.199839e-01  2.000000e-01
   endloop
 endfacet
 facet normal  0.000000e+00  0.000000e+00  1.000000e+00
   outer loop
     vertex  5.735352e+00 -9.355468e-01  2.000000e-01
     vertex  5.666860e+00 -9.235120e-01  2.000000e-01
     vertex  5.318359e+00 -1.035156e+00  2.000000e-01
   endloop
 endfacet
 facet normal  0.000000e+00  0.000000e+00  1.000000e+00
   outer loop
     vertex  5.035156e+00 -2.353516e-01  2.000000e-01
     vertex  4.735352e+00 -5.351562e-01  2.000000e-01
     vertex  5.039874e+00 -2.786936e-01  2.000000e-01
   endloop
 endfacet
 facet normal  0.000000e+00  0.000000e+00  1.000000e+00
   outer loop
     vertex  1.735352e+00  3.564453e+00  2.000000e-01
     vertex  2.353516e-01  3.564453e+00  2.000000e-01
     vertex  3.535156e+00  7.646484e-01  2.000000e-01
   endloop
 endfacet
 facet normal  0.000000e+00  0.000000e+00  1.000000e+00
   outer loop
     vertex  4.735352e+00  5.644531e-01  2.000000e-01
     vertex  4.735352e+00 -5.351562e-01  2.000000e-01
     vertex  5.035156e+00 -2.353516e-01  2.000000e-01
   endloop
 endfacet
 facet normal  0.000000e+00  0.000000e+00  1.000000e+00
   outer loop
     vertex  4.735352e+00  5.644531e-01  2.000000e-01
     vertex  3.735352e+00  5.644531e-01  2.000000e-01
     vertex  4.735352e+00 -5.351562e-01  2.000000e-01
   endloop
 endfacet
 facet normal  0.000000e+00  0.000000e+00  1.000000e+00
   outer loop
     vertex  8.235352e+00 -2.935547e+00  2.000000e-01
     vertex  8.086479e+00 -4.401548e+00  2.000000e-01
     vertex  8.319166e+00 -3.938683e+00  2.000000e-01
   endloop
 endfacet
 facet normal  0.000000e+00  0.000000e+00  1.000000e+00
   outer loop
     vertex  8.235352e+00 -2.935547e+00  2.000000e-01
     vertex  8.319166e+00 -3.938683e+00  2.000000e-01
     vertex  8.517502e+00 -3.471421e+00  2.000000e-01
   endloop
 endfacet
 facet normal  0.000000e+00  0.000000e+00  1.000000e+00
   outer loop
     vertex  8.235352e+00 -2.935547e+00  2.000000e-01
     vertex  4.735352e+00 -2.935547e+00  2.000000e-01
     vertex  8.086479e+00 -4.401548e+00  2.000000e-01
   endloop
 endfacet
 facet normal  0.000000e+00  0.000000e+00  1.000000e+00
   outer loop
     vertex  3.535156e+00  1.764648e+00  2.000000e-01
     vertex  1.735352e+00  3.564453e+00  2.000000e-01
     vertex  3.535156e+00  7.646484e-01  2.000000e-01
   endloop
 endfacet
 facet normal  0.000000e+00  0.000000e+00  1.000000e+00
   outer loop
     vertex -2.964844e+00  8.264648e+00  2.000000e-01
     vertex -4.518626e+00  8.090576e+00  2.000000e-01
     vertex -2.964844e+00  4.764648e+00  2.000000e-01
   endloop
 endfacet
 facet normal  0.000000e+00  0.000000e+00  1.000000e+00
   outer loop
     vertex -2.964844e+00  8.264648e+00  2.000000e-01
     vertex -3.561876e+00  8.513688e+00  2.000000e-01
     vertex -4.050380e+00  8.315602e+00  2.000000e-01
   endloop
 endfacet
 facet normal  0.000000e+00  0.000000e+00  1.000000e+00
   outer loop
     vertex -2.964844e+00  8.264648e+00  2.000000e-01
     vertex -4.050380e+00  8.315602e+00  2.000000e-01
     vertex -4.518626e+00  8.090576e+00  2.000000e-01
   endloop
 endfacet
 facet normal  0.000000e+00  0.000000e+00  1.000000e+00
   outer loop
     vertex  5.035156e+00  2.646484e-01  2.000000e-01
     vertex  4.735352e+00  5.644531e-01  2.000000e-01
     vertex  5.035156e+00 -2.353516e-01  2.000000e-01
   endloop
 endfacet
 facet normal  0.000000e+00  0.000000e+00  1.000000e+00
   outer loop
     vertex  8.278694e+00 -2.930829e+00  2.000000e-01
     vertex  8.235352e+00 -2.935547e+00  2.000000e-01
     vertex  8.517502e+00 -3.471421e+00  2.000000e-01
   endloop
 endfacet
 facet normal  0.000000e+00  0.000000e+00  1.000000e+00
   outer loop
     vertex  1.778694e+00  3.569171e+00  2.000000e-01
     vertex  1.735352e+00  3.564453e+00  2.000000e-01
     vertex  3.535156e+00  1.764648e+00  2.000000e-01
   endloop
 endfacet
 facet normal  0.000000e+00  0.000000e+00  1.000000e+00
   outer loop
     vertex  4.778694e+00  5.691706e-01  2.000000e-01
     vertex  4.735352e+00  5.644531e-01  2.000000e-01
     vertex  5.035156e+00  2.646484e-01  2.000000e-01
   endloop
 endfacet
 facet normal  0.000000e+00  0.000000e+00  1.000000e+00
   outer loop
     vertex  3.547191e+00  1.833140e+00  2.000000e-01
     vertex  1.778694e+00  3.569171e+00  2.000000e-01
     vertex  3.535156e+00  1.764648e+00  2.000000e-01
   endloop
 endfacet
 facet normal  0.000000e+00  0.000000e+00  1.000000e+00
   outer loop
     vertex -2.952809e+00  8.333140e+00  2.000000e-01
     vertex -3.561876e+00  8.513688e+00  2.000000e-01
     vertex -2.964844e+00  8.264648e+00  2.000000e-01
   endloop
 endfacet
 facet normal  0.000000e+00  0.000000e+00  1.000000e+00
   outer loop
     vertex  5.047191e+00  3.331397e-01  2.000000e-01
     vertex  4.778694e+00  5.691706e-01  2.000000e-01
     vertex  5.035156e+00  2.646484e-01  2.000000e-01
   endloop
 endfacet
 facet normal  0.000000e+00  0.000000e+00  1.000000e+00
   outer loop
     vertex  8.319984e+00 -2.916833e+00  2.000000e-01
     vertex  8.278694e+00 -2.930829e+00  2.000000e-01
     vertex  8.517502e+00 -3.471421e+00  2.000000e-01
   endloop
 endfacet
 facet normal  0.000000e+00  0.000000e+00  1.000000e+00
   outer loop
     vertex  1.819984e+00  3.583167e+00  2.000000e-01
     vertex  1.778694e+00  3.569171e+00  2.000000e-01
     vertex  3.547191e+00  1.833140e+00  2.000000e-01
   endloop
 endfacet
 facet normal  0.000000e+00  0.000000e+00  1.000000e+00
   outer loop
     vertex  4.819984e+00  5.831670e-01  2.000000e-01
     vertex  4.778694e+00  5.691706e-01  2.000000e-01
     vertex  5.047191e+00  3.331397e-01  2.000000e-01
   endloop
 endfacet
 facet normal  0.000000e+00  0.000000e+00  1.000000e+00
   outer loop
     vertex  3.566463e+00  1.872247e+00  2.000000e-01
     vertex  1.819984e+00  3.583167e+00  2.000000e-01
     vertex  3.547191e+00  1.833140e+00  2.000000e-01
   endloop
 endfacet
 facet normal  0.000000e+00  0.000000e+00  1.000000e+00
   outer loop
     vertex  5.066463e+00  3.722471e-01  2.000000e-01
     vertex  4.819984e+00  5.831670e-01  2.000000e-01
     vertex  5.047191e+00  3.331397e-01  2.000000e-01
   endloop
 endfacet
 facet normal  0.000000e+00  0.000000e+00  1.000000e+00
   outer loop
     vertex  1.876953e+00  3.623047e+00  2.000000e-01
     vertex  1.819984e+00  3.583167e+00  2.000000e-01
     vertex  3.566463e+00  1.872247e+00  2.000000e-01
   endloop
 endfacet
 facet normal  0.000000e+00  0.000000e+00  1.000000e+00
   outer loop
     vertex  3.593750e+00  1.906250e+00  2.000000e-01
     vertex  1.876953e+00  3.623047e+00  2.000000e-01
     vertex  3.566463e+00  1.872247e+00  2.000000e-01
   endloop
 endfacet
 facet normal  0.000000e+00  0.000000e+00  1.000000e+00
   outer loop
     vertex  4.876953e+00  6.230468e-01  2.000000e-01
     vertex  4.819984e+00  5.831670e-01  2.000000e-01
     vertex  5.066463e+00  3.722471e-01  2.000000e-01
   endloop
 endfacet
 facet normal  0.000000e+00  0.000000e+00  1.000000e+00
   outer loop
     vertex  5.093750e+00  4.062500e-01  2.000000e-01
     vertex  4.876953e+00  6.230468e-01  2.000000e-01
     vertex  5.066463e+00  3.722471e-01  2.000000e-01
   endloop
 endfacet
 facet normal  0.000000e+00  0.000000e+00  1.000000e+00
   outer loop
     vertex -3.022675e+00  8.693288e+00  2.000000e-01
     vertex -3.561876e+00  8.513688e+00  2.000000e-01
     vertex -2.952809e+00  8.333140e+00  2.000000e-01
   endloop
 endfacet
 facet normal  0.000000e+00  0.000000e+00  1.000000e+00
   outer loop
     vertex -3.022675e+00  8.693288e+00  2.000000e-01
     vertex -2.952809e+00  8.333140e+00  2.000000e-01
     vertex -2.933537e+00  8.372247e+00  2.000000e-01
   endloop
 endfacet
 facet normal  0.000000e+00  0.000000e+00  1.000000e+00
   outer loop
     vertex -3.022675e+00  8.693288e+00  2.000000e-01
     vertex -2.933537e+00  8.372247e+00  2.000000e-01
     vertex -2.906250e+00  8.406250e+00  2.000000e-01
   endloop
 endfacet
 facet normal  0.000000e+00  0.000000e+00  1.000000e+00
   outer loop
     vertex  8.679958e+00 -3.004821e+00  2.000000e-01
     vertex  8.319984e+00 -2.916833e+00  2.000000e-01
     vertex  8.517502e+00 -3.471421e+00  2.000000e-01
   endloop
 endfacet
 facet normal  0.000000e+00  0.000000e+00  1.000000e+00
   outer loop
     vertex  8.679958e+00 -3.004821e+00  2.000000e-01
     vertex  8.376953e+00 -2.876953e+00  2.000000e-01
     vertex  8.319984e+00 -2.916833e+00  2.000000e-01
   endloop
 endfacet
 facet normal  0.000000e+00  0.000000e+00  1.000000e+00
   outer loop
     vertex  3.515625e-02  5.764648e+00  2.000000e-01
     vertex -6.917067e-02  5.807991e+00  2.000000e-01
     vertex -6.445313e-02  5.764648e+00  2.000000e-01
   endloop
 endfacet
 facet normal  0.000000e+00  0.000000e+00  1.000000e+00
   outer loop
     vertex  3.515625e-02  5.764648e+00  2.000000e-01
     vertex -6.445313e-02  5.764648e+00  2.000000e-01
     vertex -6.445313e-02  3.764648e+00  2.000000e-01
   endloop
 endfacet
 facet normal  0.000000e+00  0.000000e+00  1.000000e+00
   outer loop
     vertex  3.515625e-02  5.764648e+00  2.000000e-01
     vertex -6.445313e-02  3.764648e+00  2.000000e-01
     vertex  3.515625e-02  3.764648e+00  2.000000e-01
   endloop
 endfacet
 facet normal  0.000000e+00  0.000000e+00  1.000000e+00
   outer loop
     vertex  4.719112e-02  5.833140e+00  2.000000e-01
     vertex -6.917067e-02  5.807991e+00  2.000000e-01
     vertex  3.515625e-02  5.764648e+00  2.000000e-01
   endloop
 endfacet
 facet normal  0.000000e+00  0.000000e+00  1.000000e+00
   outer loop
     vertex  4.719112e-02  5.833140e+00  2.000000e-01
     vertex -8.316704e-02  5.849281e+00  2.000000e-01
     vertex -6.917067e-02  5.807991e+00  2.000000e-01
   endloop
 endfacet
 facet normal  0.000000e+00  0.000000e+00  1.000000e+00
   outer loop
     vertex  6.646274e-02  5.872247e+00  2.000000e-01
     vertex -1.230469e-01  5.906250e+00  2.000000e-01
     vertex -8.316704e-02  5.849281e+00  2.000000e-01
   endloop
 endfacet
 facet normal  0.000000e+00  0.000000e+00  1.000000e+00
   outer loop
     vertex  6.646274e-02  5.872247e+00  2.000000e-01
     vertex -8.316704e-02  5.849281e+00  2.000000e-01
     vertex  4.719112e-02  5.833140e+00  2.000000e-01
   endloop
 endfacet
 facet normal  0.000000e+00  0.000000e+00  1.000000e+00
   outer loop
     vertex  9.375000e-02  5.906250e+00  2.000000e-01
     vertex -5.644531e-01  6.347657e+00  2.000000e-01
     vertex -1.230469e-01  5.906250e+00  2.000000e-01
   endloop
 endfacet
 facet normal  0.000000e+00  0.000000e+00  1.000000e+00
   outer loop
     vertex  9.375000e-02  5.906250e+00  2.000000e-01
     vertex -1.230469e-01  5.906250e+00  2.000000e-01
     vertex  6.646274e-02  5.872247e+00  2.000000e-01
   endloop
 endfacet
 facet normal  0.000000e+00  0.000000e+00  1.000000e+00
   outer loop
     vertex  8.763189e+00 -2.714272e+00  2.000000e-01
     vertex  8.376953e+00 -2.876953e+00  2.000000e-01
     vertex  8.679958e+00 -3.004821e+00  2.000000e-01
   endloop
 endfacet
 facet normal  0.000000e+00  0.000000e+00  1.000000e+00
   outer loop
     vertex -2.473656e+00  8.838873e+00  2.000000e-01
     vertex -3.022675e+00  8.693288e+00  2.000000e-01
     vertex -2.906250e+00  8.406250e+00  2.000000e-01
   endloop
 endfacet
 facet normal  0.000000e+00  0.000000e+00  1.000000e+00
   outer loop
     vertex  5.318360e+00  1.064453e+00  2.000000e-01
     vertex  4.876953e+00  6.230468e-01  2.000000e-01
     vertex  5.093750e+00  4.062500e-01  2.000000e-01
   endloop
 endfacet
 facet normal  0.000000e+00  0.000000e+00  1.000000e+00
   outer loop
     vertex  8.833008e+00 -2.420898e+00  2.000000e-01
     vertex  8.376953e+00 -2.876953e+00  2.000000e-01
     vertex  8.763189e+00 -2.714272e+00  2.000000e-01
   endloop
 endfacet
 facet normal  0.000000e+00  0.000000e+00  1.000000e+00
   outer loop
     vertex  5.593750e+00  9.062500e-01  2.000000e-01
     vertex  5.318360e+00  1.064453e+00  2.000000e-01
     vertex  5.093750e+00  4.062500e-01  2.000000e-01
   endloop
 endfacet
 facet normal  0.000000e+00  0.000000e+00  1.000000e+00
   outer loop
     vertex  5.650719e+00  9.461298e-01  2.000000e-01
     vertex  5.318360e+00  1.064453e+00  2.000000e-01
     vertex  5.593750e+00  9.062500e-01  2.000000e-01
   endloop
 endfacet
 facet normal  0.000000e+00  0.000000e+00  1.000000e+00
   outer loop
     vertex  7.535157e+00 -9.355468e-01  2.000000e-01
     vertex  5.735352e+00 -9.355468e-01  2.000000e-01
     vertex  7.535157e+00 -1.035156e+00  2.000000e-01
   endloop
 endfacet
 facet normal  0.000000e+00  0.000000e+00  1.000000e+00
   outer loop
     vertex  5.692009e+00  9.601262e-01  2.000000e-01
     vertex  5.318360e+00  1.064453e+00  2.000000e-01
     vertex  5.650719e+00  9.461298e-01  2.000000e-01
   endloop
 endfacet
 facet normal  0.000000e+00  0.000000e+00  1.000000e+00
   outer loop
     vertex  5.735352e+00  9.648438e-01  2.000000e-01
     vertex  5.318360e+00  1.064453e+00  2.000000e-01
     vertex  5.692009e+00  9.601262e-01  2.000000e-01
   endloop
 endfacet
 facet normal  0.000000e+00  0.000000e+00  1.000000e+00
   outer loop
     vertex -1.816406e-01  7.064453e+00  2.000000e-01
     vertex -5.644531e-01  6.681641e+00  2.000000e-01
     vertex -5.644531e-01  6.347657e+00  2.000000e-01
   endloop
 endfacet
 facet normal  0.000000e+00  0.000000e+00  1.000000e+00
   outer loop
     vertex  5.351562e-01  6.347657e+00  2.000000e-01
     vertex -5.644531e-01  6.347657e+00  2.000000e-01
     vertex  9.375000e-02  5.906250e+00  2.000000e-01
   endloop
 endfacet
 facet normal  0.000000e+00  0.000000e+00  1.000000e+00
   outer loop
     vertex  1.523438e-01  7.064453e+00  2.000000e-01
     vertex -5.644531e-01  6.347657e+00  2.000000e-01
     vertex  5.351562e-01  6.347657e+00  2.000000e-01
   endloop
 endfacet
 facet normal  0.000000e+00  0.000000e+00  1.000000e+00
   outer loop
     vertex  1.523438e-01  7.064453e+00  2.000000e-01
     vertex -1.816406e-01  7.064453e+00  2.000000e-01
     vertex -5.644531e-01  6.347657e+00  2.000000e-01
   endloop
 endfacet
 facet normal  0.000000e+00  0.000000e+00  1.000000e+00
   outer loop
     vertex  5.351562e-01  6.681641e+00  2.000000e-01
     vertex  1.523438e-01  7.064453e+00  2.000000e-01
     vertex  5.351562e-01  6.347657e+00  2.000000e-01
   endloop
 endfacet
 facet normal  0.000000e+00  0.000000e+00  1.000000e+00
   outer loop
     vertex  4.593750e+00  2.906250e+00  2.000000e-01
     vertex  2.876953e+00  4.623047e+00  2.000000e-01
     vertex  1.876953e+00  3.623047e+00  2.000000e-01
   endloop
 endfacet
 facet normal  0.000000e+00  0.000000e+00  1.000000e+00
   outer loop
     vertex  4.593750e+00  2.906250e+00  2.000000e-01
     vertex  1.876953e+00  3.623047e+00  2.000000e-01
     vertex  3.593750e+00  1.906250e+00  2.000000e-01
   endloop
 endfacet
 facet normal  0.000000e+00  0.000000e+00  1.000000e+00
   outer loop
     vertex  2.904240e+00  4.657050e+00  2.000000e-01
     vertex  2.876953e+00  4.623047e+00  2.000000e-01
     vertex  4.593750e+00  2.906250e+00  2.000000e-01
   endloop
 endfacet
 facet normal  0.000000e+00  0.000000e+00  1.000000e+00
   outer loop
     vertex  4.650719e+00  2.946130e+00  2.000000e-01
     vertex  2.904240e+00  4.657050e+00  2.000000e-01
     vertex  4.593750e+00  2.906250e+00  2.000000e-01
   endloop
 endfacet
 facet normal  0.000000e+00  0.000000e+00  1.000000e+00
   outer loop
     vertex  2.923512e+00  4.696157e+00  2.000000e-01
     vertex  2.904240e+00  4.657050e+00  2.000000e-01
     vertex  4.650719e+00  2.946130e+00  2.000000e-01
   endloop
 endfacet
 facet normal  0.000000e+00  0.000000e+00  1.000000e+00
   outer loop
     vertex  4.692009e+00  2.960126e+00  2.000000e-01
     vertex  2.923512e+00  4.696157e+00  2.000000e-01
     vertex  4.650719e+00  2.946130e+00  2.000000e-01
   endloop
 endfacet
 facet normal  0.000000e+00  0.000000e+00  1.000000e+00
   outer loop
     vertex  2.935547e+00  4.764648e+00  2.000000e-01
     vertex  2.923512e+00  4.696157e+00  2.000000e-01
     vertex  4.692009e+00  2.960126e+00  2.000000e-01
   endloop
 endfacet
 facet normal  0.000000e+00  0.000000e+00  1.000000e+00
   outer loop
     vertex  4.735352e+00  2.964844e+00  2.000000e-01
     vertex  2.935547e+00  4.764648e+00  2.000000e-01
     vertex  4.692009e+00  2.960126e+00  2.000000e-01
   endloop
 endfacet
 facet normal  0.000000e+00  0.000000e+00  1.000000e+00
   outer loop
     vertex  7.535157e+00  1.064453e+00  2.000000e-01
     vertex  5.735352e+00  9.648438e-01  2.000000e-01
     vertex  7.535157e+00  9.648437e-01  2.000000e-01
   endloop
 endfacet
 facet normal  0.000000e+00  0.000000e+00  1.000000e+00
   outer loop
     vertex  2.764562e+00  8.794022e+00  2.000000e-01
     vertex  2.409180e+00  8.874023e+00  2.000000e-01
     vertex  2.876953e+00  8.406250e+00  2.000000e-01
   endloop
 endfacet
 facet normal  0.000000e+00  0.000000e+00  1.000000e+00
   outer loop
     vertex  8.723450e+00  2.961146e+00  2.000000e-01
     vertex  8.342950e+00  2.933537e+00  2.000000e-01
     vertex  8.376953e+00  2.906250e+00  2.000000e-01
   endloop
 endfacet
 facet normal  0.000000e+00  0.000000e+00  1.000000e+00
   outer loop
     vertex  8.723450e+00  2.961146e+00  2.000000e-01
     vertex  8.376953e+00  2.906250e+00  2.000000e-01
     vertex  8.873047e+00  2.410156e+00  2.000000e-01
   endloop
 endfacet
 facet normal  0.000000e+00  0.000000e+00  1.000000e+00
   outer loop
     vertex  3.115990e+00  8.695618e+00  2.000000e-01
     vertex  2.876953e+00  8.406250e+00  2.000000e-01
     vertex  2.916833e+00  8.349281e+00  2.000000e-01
   endloop
 endfacet
 facet normal  0.000000e+00  0.000000e+00  1.000000e+00
   outer loop
     vertex  3.115990e+00  8.695618e+00  2.000000e-01
     vertex  2.916833e+00  8.349281e+00  2.000000e-01
     vertex  2.930829e+00  8.307991e+00  2.000000e-01
   endloop
 endfacet
 facet normal  0.000000e+00  0.000000e+00  1.000000e+00
   outer loop
     vertex  3.115990e+00  8.695618e+00  2.000000e-01
     vertex  2.764562e+00  8.794022e+00  2.000000e-01
     vertex  2.876953e+00  8.406250e+00  2.000000e-01
   endloop
 endfacet
 facet normal  0.000000e+00  0.000000e+00  1.000000e+00
   outer loop
     vertex  8.536487e+00  3.500458e+00  2.000000e-01
     vertex  8.235352e+00  2.964844e+00  2.000000e-01
     vertex  8.303843e+00  2.952809e+00  2.000000e-01
   endloop
 endfacet
 facet normal  0.000000e+00  0.000000e+00  1.000000e+00
   outer loop
     vertex  8.536487e+00  3.500458e+00  2.000000e-01
     vertex  8.303843e+00  2.952809e+00  2.000000e-01
     vertex  8.342950e+00  2.933537e+00  2.000000e-01
   endloop
 endfacet
 facet normal  0.000000e+00  0.000000e+00  1.000000e+00
   outer loop
     vertex  8.536487e+00  3.500458e+00  2.000000e-01
     vertex  8.342950e+00  2.933537e+00  2.000000e-01
     vertex  8.723450e+00  2.961146e+00  2.000000e-01
   endloop
 endfacet
 facet normal  0.000000e+00  0.000000e+00  1.000000e+00
   outer loop
     vertex  3.587129e+00  8.533489e+00  2.000000e-01
     vertex  2.930829e+00  8.307991e+00  2.000000e-01
     vertex  2.935547e+00  8.264648e+00  2.000000e-01
   endloop
 endfacet
 facet normal  0.000000e+00  0.000000e+00  1.000000e+00
   outer loop
     vertex  3.587129e+00  8.533489e+00  2.000000e-01
     vertex  3.115990e+00  8.695618e+00  2.000000e-01
     vertex  2.930829e+00  8.307991e+00  2.000000e-01
   endloop
 endfacet
 facet normal  0.000000e+00  0.000000e+00  1.000000e+00
   outer loop
     vertex  8.308497e+00  4.037477e+00  2.000000e-01
     vertex  8.235352e+00  2.964844e+00  2.000000e-01
     vertex  8.536487e+00  3.500458e+00  2.000000e-01
   endloop
 endfacet
 facet normal  0.000000e+00  0.000000e+00  1.000000e+00
   outer loop
     vertex  4.053731e+00  8.337927e+00  2.000000e-01
     vertex  3.587129e+00  8.533489e+00  2.000000e-01
     vertex  2.935547e+00  8.264648e+00  2.000000e-01
   endloop
 endfacet
 facet normal  0.000000e+00  0.000000e+00  1.000000e+00
   outer loop
     vertex  8.041763e+00  4.564106e+00  2.000000e-01
     vertex  4.735352e+00  2.964844e+00  2.000000e-01
     vertex  8.235352e+00  2.964844e+00  2.000000e-01
   endloop
 endfacet
 facet normal  0.000000e+00  0.000000e+00  1.000000e+00
   outer loop
     vertex  8.041763e+00  4.564106e+00  2.000000e-01
     vertex  8.235352e+00  2.964844e+00  2.000000e-01
     vertex  8.308497e+00  4.037477e+00  2.000000e-01
   endloop
 endfacet
 facet normal  0.000000e+00  0.000000e+00  1.000000e+00
   outer loop
     vertex  4.511847e+00  8.110266e+00  2.000000e-01
     vertex  4.053731e+00  8.337927e+00  2.000000e-01
     vertex  2.935547e+00  8.264648e+00  2.000000e-01
   endloop
 endfacet
 facet normal  0.000000e+00  0.000000e+00  1.000000e+00
   outer loop
     vertex  4.511847e+00  8.110266e+00  2.000000e-01
     vertex  2.935547e+00  8.264648e+00  2.000000e-01
     vertex  2.935547e+00  4.764648e+00  2.000000e-01
   endloop
 endfacet
 facet normal  0.000000e+00  0.000000e+00  1.000000e+00
   outer loop
     vertex  4.958263e+00  7.851856e+00  2.000000e-01
     vertex  4.511847e+00  8.110266e+00  2.000000e-01
     vertex  2.935547e+00  4.764648e+00  2.000000e-01
   endloop
 endfacet
 facet normal  0.000000e+00  0.000000e+00  1.000000e+00
   outer loop
     vertex  7.737171e+00  5.077527e+00  2.000000e-01
     vertex  4.735352e+00  2.964844e+00  2.000000e-01
     vertex  8.041763e+00  4.564106e+00  2.000000e-01
   endloop
 endfacet
 facet normal  0.000000e+00  0.000000e+00  1.000000e+00
   outer loop
     vertex  5.390396e+00  7.563972e+00  2.000000e-01
     vertex  4.958263e+00  7.851856e+00  2.000000e-01
     vertex  2.935547e+00  4.764648e+00  2.000000e-01
   endloop
 endfacet
 facet normal  0.000000e+00  0.000000e+00  1.000000e+00
   outer loop
     vertex  7.396090e+00  5.574490e+00  2.000000e-01
     vertex  4.735352e+00  2.964844e+00  2.000000e-01
     vertex  7.737171e+00  5.077527e+00  2.000000e-01
   endloop
 endfacet
 facet normal  0.000000e+00  0.000000e+00  1.000000e+00
   outer loop
     vertex  5.808310e+00  7.246046e+00  2.000000e-01
     vertex  5.390396e+00  7.563972e+00  2.000000e-01
     vertex  2.935547e+00  4.764648e+00  2.000000e-01
   endloop
 endfacet
 facet normal  0.000000e+00  0.000000e+00  1.000000e+00
   outer loop
     vertex  7.020486e+00  6.051358e+00  2.000000e-01
     vertex  4.735352e+00  2.964844e+00  2.000000e-01
     vertex  7.396090e+00  5.574490e+00  2.000000e-01
   endloop
 endfacet
 facet normal  0.000000e+00  0.000000e+00  1.000000e+00
   outer loop
     vertex  6.206055e+00  6.902344e+00  2.000000e-01
     vertex  5.808310e+00  7.246046e+00  2.000000e-01
     vertex  2.935547e+00  4.764648e+00  2.000000e-01
   endloop
 endfacet
 facet normal  0.000000e+00  0.000000e+00  1.000000e+00
   outer loop
     vertex  6.626737e+00  6.489882e+00  2.000000e-01
     vertex  2.935547e+00  4.764648e+00  2.000000e-01
     vertex  4.735352e+00  2.964844e+00  2.000000e-01
   endloop
 endfacet
 facet normal  0.000000e+00  0.000000e+00  1.000000e+00
   outer loop
     vertex  6.626737e+00  6.489882e+00  2.000000e-01
     vertex  4.735352e+00  2.964844e+00  2.000000e-01
     vertex  7.020486e+00  6.051358e+00  2.000000e-01
   endloop
 endfacet
 facet normal  0.000000e+00  0.000000e+00  1.000000e+00
   outer loop
     vertex  6.626737e+00  6.489882e+00  2.000000e-01
     vertex  6.206055e+00  6.902344e+00  2.000000e-01
     vertex  2.935547e+00  4.764648e+00  2.000000e-01
   endloop
 endfacet
 facet normal  0.000000e+00  0.000000e+00  1.000000e+00
   outer loop
     vertex  2.735352e+00 -5.435547e+00  2.000000e-01
     vertex -1.064453e+00 -5.435547e+00  2.000000e-01
     vertex  2.235352e+00 -5.535157e+00  2.000000e-01
   endloop
 endfacet
 facet normal  0.000000e+00  0.000000e+00  1.000000e+00
   outer loop
     vertex  2.735352e+00 -5.435547e+00  2.000000e-01
     vertex  2.235352e+00 -5.535157e+00  2.000000e-01
     vertex  2.303843e+00 -5.547191e+00  2.000000e-01
   endloop
 endfacet
 facet normal  0.000000e+00  0.000000e+00  1.000000e+00
   outer loop
     vertex  5.318359e+00 -1.035156e+00  2.000000e-01
     vertex  7.535157e+00 -1.035156e+00  2.000000e-01
     vertex  5.735352e+00 -9.355468e-01  2.000000e-01
   endloop
 endfacet
 facet normal  0.000000e+00  0.000000e+00  1.000000e+00
   outer loop
     vertex  7.535157e+00  1.064453e+00  2.000000e-01
     vertex  5.318360e+00  1.064453e+00  2.000000e-01
     vertex  5.735352e+00  9.648438e-01  2.000000e-01
   endloop
 endfacet
 facet normal -7.148979e-01 -6.992289e-01  0.000000e+00
   outer loop
     vertex -6.907250e+00  6.557617e+00  2.000000e-01
     vertex -7.255883e+00  6.914062e+00  2.000000e+00
     vertex -7.255883e+00  6.914062e+00  2.000000e-01
   endloop
 endfacet
 facet normal -7.148979e-01 -6.992289e-01  0.000000e+00
   outer loop
     vertex -6.907250e+00  6.557617e+00  2.000000e-01
     vertex -6.907250e+00  6.557617e+00  2.000000e+00
     vertex -7.255883e+00  6.914062e+00  2.000000e+00
   endloop
 endfacet
 facet normal  0.000000e+00  0.000000e+00  1.000000e+00
   outer loop
     vertex  9.905273e+00 -1.035156e+00  2.000000e-01
     vertex  9.430829e+00 -6.920095e-01  2.000000e-01
     vertex  9.435547e+00 -7.353516e-01  2.000000e-01
   endloop
 endfacet
 facet normal  0.000000e+00  0.000000e+00  1.000000e+00
   outer loop
     vertex  9.905273e+00 -1.035156e+00  2.000000e-01
     vertex  9.435547e+00 -7.353516e-01  2.000000e-01
     vertex  9.435547e+00 -1.035156e+00  2.000000e-01
   endloop
 endfacet
 facet normal  0.000000e+00  0.000000e+00  1.000000e+00
   outer loop
     vertex  1.012509e+01 -1.233930e+00  2.000000e-01
     vertex  1.010449e+01 -1.252930e+00  2.000000e-01
     vertex  1.007275e+01 -1.554930e+00  2.000000e-01
   endloop
 endfacet
 facet normal  0.000000e+00  0.000000e+00  1.000000e+00
   outer loop
     vertex  1.009671e+01 -1.177265e+00  2.000000e-01
     vertex  1.010449e+01 -1.252930e+00  2.000000e-01
     vertex  1.012509e+01 -1.233930e+00  2.000000e-01
   endloop
 endfacet
 facet normal  0.000000e+00  0.000000e+00  1.000000e+00
   outer loop
     vertex  1.018202e+01 -6.054398e-01  2.000000e-01
     vertex  9.376953e+00 -5.937500e-01  2.000000e-01
     vertex  9.416833e+00 -6.507192e-01  2.000000e-01
   endloop
 endfacet
 facet normal  0.000000e+00  0.000000e+00  1.000000e+00
   outer loop
     vertex  1.018202e+01 -6.054398e-01  2.000000e-01
     vertex  9.416833e+00 -6.507192e-01  2.000000e-01
     vertex  9.430829e+00 -6.920095e-01  2.000000e-01
   endloop
 endfacet
 facet normal  0.000000e+00  0.000000e+00  1.000000e+00
   outer loop
     vertex  1.018202e+01 -6.054398e-01  2.000000e-01
     vertex  9.905273e+00 -1.035156e+00  2.000000e-01
     vertex  9.991769e+00 -1.054831e+00  2.000000e-01
   endloop
 endfacet
 facet normal  0.000000e+00  0.000000e+00  1.000000e+00
   outer loop
     vertex  1.018202e+01 -6.054398e-01  2.000000e-01
     vertex  9.991769e+00 -1.054831e+00  2.000000e-01
     vertex  1.006125e+01 -1.109975e+00  2.000000e-01
   endloop
 endfacet
 facet normal  0.000000e+00  0.000000e+00  1.000000e+00
   outer loop
     vertex  1.018202e+01 -6.054398e-01  2.000000e-01
     vertex  1.006125e+01 -1.109975e+00  2.000000e-01
     vertex  1.009671e+01 -1.177265e+00  2.000000e-01
   endloop
 endfacet
 facet normal  0.000000e+00  0.000000e+00  1.000000e+00
   outer loop
     vertex  1.018202e+01 -6.054398e-01  2.000000e-01
     vertex  9.430829e+00 -6.920095e-01  2.000000e-01
     vertex  9.905273e+00 -1.035156e+00  2.000000e-01
   endloop
 endfacet
 facet normal  0.000000e+00  0.000000e+00  1.000000e+00
   outer loop
     vertex  1.018202e+01 -6.054398e-01  2.000000e-01
     vertex  1.009671e+01 -1.177265e+00  2.000000e-01
     vertex  1.012509e+01 -1.233930e+00  2.000000e-01
   endloop
 endfacet
 facet normal  0.000000e+00  0.000000e+00  1.000000e+00
   outer loop
     vertex  9.376953e+00  6.230468e-01  2.000000e-01
     vertex  8.935547e+00  1.816406e-01  2.000000e-01
     vertex  8.935547e+00 -1.523438e-01  2.000000e-01
   endloop
 endfacet
 facet normal  0.000000e+00  0.000000e+00  1.000000e+00
   outer loop
     vertex  9.376953e+00  6.230468e-01  2.000000e-01
     vertex  8.935547e+00 -1.523438e-01  2.000000e-01
     vertex  9.376953e+00 -5.937500e-01  2.000000e-01
   endloop
 endfacet
 facet normal  0.000000e+00  0.000000e+00  1.000000e+00
   outer loop
     vertex  1.019997e+01  2.536787e-02  2.000000e-01
     vertex  9.404240e+00  6.570497e-01  2.000000e-01
     vertex  9.376953e+00  6.230468e-01  2.000000e-01
   endloop
 endfacet
 facet normal  0.000000e+00  0.000000e+00  1.000000e+00
   outer loop
     vertex  1.019997e+01  2.536787e-02  2.000000e-01
     vertex  9.376953e+00  6.230468e-01  2.000000e-01
     vertex  9.376953e+00 -5.937500e-01  2.000000e-01
   endloop
 endfacet
 facet normal  0.000000e+00  0.000000e+00  1.000000e+00
   outer loop
     vertex  1.019997e+01  2.536787e-02  2.000000e-01
     vertex  9.376953e+00 -5.937500e-01  2.000000e-01
     vertex  1.018202e+01 -6.054398e-01  2.000000e-01
   endloop
 endfacet
 facet normal  0.000000e+00  0.000000e+00  1.000000e+00
   outer loop
     vertex  1.017888e+01  6.560785e-01  2.000000e-01
     vertex  9.435547e+00  7.646484e-01  2.000000e-01
     vertex  9.423512e+00  6.961571e-01  2.000000e-01
   endloop
 endfacet
 facet normal  0.000000e+00  0.000000e+00  1.000000e+00
   outer loop
     vertex  1.017888e+01  6.560785e-01  2.000000e-01
     vertex  9.423512e+00  6.961571e-01  2.000000e-01
     vertex  9.404240e+00  6.570497e-01  2.000000e-01
   endloop
 endfacet
 facet normal  0.000000e+00  0.000000e+00  1.000000e+00
   outer loop
     vertex  1.017888e+01  6.560785e-01  2.000000e-01
     vertex  9.404240e+00  6.570497e-01  2.000000e-01
     vertex  1.019997e+01  2.536787e-02  2.000000e-01
   endloop
 endfacet
 facet normal  0.000000e+00  0.000000e+00  1.000000e+00
   outer loop
     vertex  9.903320e+00  1.064453e+00  2.000000e-01
     vertex  9.435547e+00  1.064453e+00  2.000000e-01
     vertex  9.435547e+00  7.646484e-01  2.000000e-01
   endloop
 endfacet
 facet normal  0.000000e+00  0.000000e+00  1.000000e+00
   outer loop
     vertex  9.903320e+00  1.064453e+00  2.000000e-01
     vertex  9.435547e+00  7.646484e-01  2.000000e-01
     vertex  1.017888e+01  6.560785e-01  2.000000e-01
   endloop
 endfacet
 facet normal  0.000000e+00  0.000000e+00  1.000000e+00
   outer loop
     vertex  9.979496e+00  1.079774e+00  2.000000e-01
     vertex  9.903320e+00  1.064453e+00  2.000000e-01
     vertex  1.017888e+01  6.560785e-01  2.000000e-01
   endloop
 endfacet
 facet normal  0.000000e+00  0.000000e+00  1.000000e+00
   outer loop
     vertex  1.004408e+01  1.122967e+00  2.000000e-01
     vertex  9.979496e+00  1.079774e+00  2.000000e-01
     vertex  1.017888e+01  6.560785e-01  2.000000e-01
   endloop
 endfacet
 facet normal  0.000000e+00  0.000000e+00  1.000000e+00
   outer loop
     vertex  1.009138e+01  1.198015e+00  2.000000e-01
     vertex  1.004408e+01  1.122967e+00  2.000000e-01
     vertex  1.017888e+01  6.560785e-01  2.000000e-01
   endloop
 endfacet
 facet normal  0.000000e+00  0.000000e+00  1.000000e+00
   outer loop
     vertex  1.011883e+01  1.284278e+00  2.000000e-01
     vertex  1.010156e+01  1.286133e+00  2.000000e-01
     vertex  1.009138e+01  1.198015e+00  2.000000e-01
   endloop
 endfacet
 facet normal  0.000000e+00  0.000000e+00  1.000000e+00
   outer loop
     vertex  1.011883e+01  1.284278e+00  2.000000e-01
     vertex  1.009138e+01  1.198015e+00  2.000000e-01
     vertex  1.017888e+01  6.560785e-01  2.000000e-01
   endloop
 endfacet
 facet normal  0.000000e+00  0.000000e+00  1.000000e+00
   outer loop
     vertex  1.005786e+01  1.632696e+00  2.000000e-01
     vertex  1.010156e+01  1.286133e+00  2.000000e-01
     vertex  1.011883e+01  1.284278e+00  2.000000e-01
   endloop
 endfacet
 facet normal  0.000000e+00  0.000000e+00  1.000000e+00
   outer loop
     vertex  9.882901e+00  2.523543e+00  2.000000e-01
     vertex  1.000094e+01  1.977329e+00  2.000000e-01
     vertex  1.002004e+01  1.907561e+00  2.000000e-01
   endloop
 endfacet
 facet normal  0.000000e+00  0.000000e+00  1.000000e+00
   outer loop
     vertex  1.011883e+01  1.284278e+00  2.000000e-01
     vertex  1.002004e+01  1.907561e+00  2.000000e-01
     vertex  1.005786e+01  1.632696e+00  2.000000e-01
   endloop
 endfacet
 facet normal  0.000000e+00  0.000000e+00  1.000000e+00
   outer loop
     vertex  1.002940e+01 -1.857697e+00  2.000000e-01
     vertex  1.012509e+01 -1.233930e+00  2.000000e-01
     vertex  1.007275e+01 -1.554930e+00  2.000000e-01
   endloop
 endfacet
 facet normal  0.000000e+00  0.000000e+00  1.000000e+00
   outer loop
     vertex  1.000094e+01  1.977329e+00  2.000000e-01
     vertex  1.005786e+01  1.632696e+00  2.000000e-01
     vertex  1.002004e+01  1.907561e+00  2.000000e-01
   endloop
 endfacet
 facet normal  0.000000e+00  0.000000e+00  1.000000e+00
   outer loop
     vertex  6.756981e+00  7.640891e+00  2.000000e-01
     vertex  7.227852e+00  7.192822e+00  2.000000e-01
     vertex  7.187116e+00  7.237773e+00  2.000000e-01
   endloop
 endfacet
 facet normal  0.000000e+00  0.000000e+00  1.000000e+00
   outer loop
     vertex  7.227852e+00  7.192822e+00  2.000000e-01
     vertex  7.670366e+00  6.716717e+00  2.000000e-01
     vertex  7.593245e+00  6.810479e+00  2.000000e-01
   endloop
 endfacet
 facet normal  0.000000e+00  0.000000e+00  1.000000e+00
   outer loop
     vertex  7.670366e+00  6.716717e+00  2.000000e-01
     vertex  8.043253e+00  6.265335e+00  2.000000e-01
     vertex  7.974011e+00  6.360436e+00  2.000000e-01
   endloop
 endfacet
 facet normal  0.000000e+00  0.000000e+00  1.000000e+00
   outer loop
     vertex  8.043253e+00  6.265335e+00  2.000000e-01
     vertex  8.389542e+00  5.795225e+00  2.000000e-01
     vertex  8.328141e+00  5.889148e+00  2.000000e-01
   endloop
 endfacet
 facet normal  0.000000e+00  0.000000e+00  1.000000e+00
   outer loop
     vertex  8.389542e+00  5.795225e+00  2.000000e-01
     vertex  8.682418e+00  5.349484e+00  2.000000e-01
     vertex  8.654454e+00  5.398188e+00  2.000000e-01
   endloop
 endfacet
 facet normal  0.000000e+00  0.000000e+00  1.000000e+00
   outer loop
     vertex  8.951858e+00  4.889197e+00  2.000000e-01
     vertex  8.654454e+00  5.398188e+00  2.000000e-01
     vertex  8.682418e+00  5.349484e+00  2.000000e-01
   endloop
 endfacet
 facet normal  0.000000e+00  0.000000e+00  1.000000e+00
   outer loop
     vertex  8.654454e+00  5.398188e+00  2.000000e-01
     vertex  8.328141e+00  5.889148e+00  2.000000e-01
     vertex  8.389542e+00  5.795225e+00  2.000000e-01
   endloop
 endfacet
 facet normal  0.000000e+00  0.000000e+00  1.000000e+00
   outer loop
     vertex  8.328141e+00  5.889148e+00  2.000000e-01
     vertex  7.974011e+00  6.360436e+00  2.000000e-01
     vertex  8.043253e+00  6.265335e+00  2.000000e-01
   endloop
 endfacet
 facet normal  0.000000e+00  0.000000e+00  1.000000e+00
   outer loop
     vertex  7.974011e+00  6.360436e+00  2.000000e-01
     vertex  7.593245e+00  6.810479e+00  2.000000e-01
     vertex  7.670366e+00  6.716717e+00  2.000000e-01
   endloop
 endfacet
 facet normal  0.000000e+00  0.000000e+00  1.000000e+00
   outer loop
     vertex  7.593245e+00  6.810479e+00  2.000000e-01
     vertex  7.187116e+00  7.237773e+00  2.000000e-01
     vertex  7.227852e+00  7.192822e+00  2.000000e-01
   endloop
 endfacet
 facet normal  1.971822e-01 -9.803669e-01  0.000000e+00
   outer loop
     vertex  9.979496e+00  1.079774e+00  2.000000e-01
     vertex  9.903320e+00  1.064453e+00  2.000000e+00
     vertex  9.903320e+00  1.064453e+00  2.000000e-01
   endloop
 endfacet
 facet normal  2.246694e-01 -9.744343e-01  1.213742e-03
   outer loop
     vertex  9.979496e+00  1.079774e+00  2.000000e-01
     vertex  9.989757e+00  1.084382e+00  2.000000e+00
     vertex  9.903320e+00  1.064453e+00  2.000000e+00
   endloop
 endfacet
 facet normal  6.239549e-01 -7.814576e-01  2.080982e-03
   outer loop
     vertex  1.004408e+01  1.122967e+00  2.000000e-01
     vertex  1.005907e+01  1.139729e+00  2.000000e+00
     vertex  9.989757e+00  1.084382e+00  2.000000e+00
   endloop
 endfacet
 facet normal  5.558886e-01 -8.312561e-01 -1.040905e-03
   outer loop
     vertex  1.004408e+01  1.122967e+00  2.000000e-01
     vertex  9.989757e+00  1.084382e+00  2.000000e+00
     vertex  9.979496e+00  1.079774e+00  2.000000e-01
   endloop
 endfacet
 facet normal  8.879493e-01 -4.599401e-01  1.040924e-03
   outer loop
     vertex  1.009138e+01  1.198015e+00  2.000000e-01
     vertex  1.009481e+01  1.208725e+00  2.000000e+00
     vertex  1.005907e+01  1.139729e+00  2.000000e+00
   endloop
 endfacet
 facet normal  8.460340e-01 -5.331249e-01 -2.081018e-03
   outer loop
     vertex  1.009138e+01  1.198015e+00  2.000000e-01
     vertex  1.005907e+01  1.139729e+00  2.000000e+00
     vertex  1.004408e+01  1.122967e+00  2.000000e-01
   endloop
 endfacet
 facet normal  9.962202e-01 -8.686326e-02  0.000000e+00
   outer loop
     vertex  1.010156e+01  1.286133e+00  2.000000e-01
     vertex  1.010156e+01  1.286133e+00  2.000000e+00
     vertex  1.009481e+01  1.208725e+00  2.000000e+00
   endloop
 endfacet
 facet normal  9.933833e-01 -1.148399e-01 -1.213761e-03
   outer loop
     vertex  1.010156e+01  1.286133e+00  2.000000e-01
     vertex  1.009481e+01  1.208725e+00  2.000000e+00
     vertex  1.009138e+01  1.198015e+00  2.000000e-01
   endloop
 endfacet
 facet normal  9.107095e-01  4.130474e-01 -4.515039e-11
   outer loop
     vertex -7.344330e+00  6.748974e+00  2.000000e-01
     vertex -7.321588e+00  6.698831e+00  2.000000e+00
     vertex -7.321588e+00  6.698831e+00  2.000000e-01
   endloop
 endfacet
 facet normal  9.107095e-01  4.130476e-01  5.179717e-09
   outer loop
     vertex -7.344330e+00  6.748974e+00  2.000000e-01
     vertex -7.344330e+00  6.748974e+00  2.000000e+00
     vertex -7.321588e+00  6.698831e+00  2.000000e+00
   endloop
 endfacet
 facet normal  7.635722e-01  6.457224e-01 -0.000000e+00
   outer loop
     vertex -7.379883e+00  6.791016e+00  2.000000e-01
     vertex -7.379883e+00  6.791016e+00  2.000000e+00
     vertex -7.344330e+00  6.748974e+00  2.000000e+00
   endloop
 endfacet
 facet normal  7.635723e-01  6.457223e-01 -5.260071e-09
   outer loop
     vertex -7.379883e+00  6.791016e+00  2.000000e-01
     vertex -7.344330e+00  6.748974e+00  2.000000e+00
     vertex -7.344330e+00  6.748974e+00  2.000000e-01
   endloop
 endfacet
 facet normal  0.000000e+00  0.000000e+00  1.000000e+00
   outer loop
     vertex -9.918070e+00  2.381572e+00  2.000000e-01
     vertex -9.857538e+00  2.620869e+00  2.000000e-01
     vertex -9.898536e+00  2.461499e+00  2.000000e-01
   endloop
 endfacet
 facet normal  0.000000e+00  0.000000e+00  1.000000e+00
   outer loop
     vertex -9.898536e+00  2.461499e+00  2.000000e-01
     vertex -9.857538e+00  2.620869e+00  2.000000e-01
     vertex -9.878358e+00  2.541267e+00  2.000000e-01
   endloop
 endfacet
 facet normal  0.000000e+00  0.000000e+00  1.000000e+00
   outer loop
     vertex -1.536758e+00 -1.008357e+01  2.000000e-01
     vertex -1.727594e+00 -1.004526e+01  2.000000e-01
     vertex -2.163247e+00 -9.967967e+00  2.000000e-01
   endloop
 endfacet
 facet normal  0.000000e+00  0.000000e+00  1.000000e+00
   outer loop
     vertex -9.042744e-01 -1.015984e+01  2.000000e-01
     vertex -1.084383e+00 -9.991711e+00  2.000000e-01
     vertex -1.139731e+00 -1.006103e+01  2.000000e-01
   endloop
 endfacet
 facet normal  0.000000e+00  0.000000e+00  1.000000e+00
   outer loop
     vertex -9.042744e-01 -1.015984e+01  2.000000e-01
     vertex -1.139731e+00 -1.006103e+01  2.000000e-01
     vertex -1.208726e+00 -1.009677e+01  2.000000e-01
   endloop
 endfacet
 facet normal  0.000000e+00  0.000000e+00  1.000000e+00
   outer loop
     vertex -9.042744e-01 -1.015984e+01  2.000000e-01
     vertex -1.208726e+00 -1.009677e+01  2.000000e-01
     vertex -1.286133e+00 -1.010352e+01  2.000000e-01
   endloop
 endfacet
 facet normal  0.000000e+00  0.000000e+00  1.000000e+00
   outer loop
     vertex -9.042744e-01 -1.015984e+01  2.000000e-01
     vertex -1.286133e+00 -1.010352e+01  2.000000e-01
     vertex -1.536758e+00 -1.008357e+01  2.000000e-01
   endloop
 endfacet
 facet normal  0.000000e+00  0.000000e+00  1.000000e+00
   outer loop
     vertex -1.064453e+00 -9.905273e+00  2.000000e-01
     vertex -1.084383e+00 -9.991711e+00  2.000000e-01
     vertex -9.042744e-01 -1.015984e+01  2.000000e-01
   endloop
 endfacet
 facet normal  0.000000e+00  0.000000e+00  1.000000e+00
   outer loop
     vertex -2.646484e-01 -9.435547e+00  2.000000e-01
     vertex -9.042744e-01 -1.015984e+01  2.000000e-01
     vertex -2.682632e-01 -1.019647e+01  2.000000e-01
   endloop
 endfacet
 facet normal  0.000000e+00  0.000000e+00  1.000000e+00
   outer loop
     vertex -2.646484e-01 -9.435547e+00  2.000000e-01
     vertex -1.064453e+00 -9.435547e+00  2.000000e-01
     vertex -1.064453e+00 -9.905273e+00  2.000000e-01
   endloop
 endfacet
 facet normal  0.000000e+00  0.000000e+00  1.000000e+00
   outer loop
     vertex -2.646484e-01 -9.435547e+00  2.000000e-01
     vertex -1.064453e+00 -9.905273e+00  2.000000e-01
     vertex -9.042744e-01 -1.015984e+01  2.000000e-01
   endloop
 endfacet
 facet normal  0.000000e+00  0.000000e+00  1.000000e+00
   outer loop
     vertex -1.981080e-01 -9.424216e+00  2.000000e-01
     vertex -2.646484e-01 -9.435547e+00  2.000000e-01
     vertex -2.682632e-01 -1.019647e+01  2.000000e-01
   endloop
 endfacet
 facet normal  0.000000e+00  0.000000e+00  1.000000e+00
   outer loop
     vertex  7.930472e-02 -9.360875e+00  2.000000e-01
     vertex -8.404651e-02 -9.321865e+00  2.000000e-01
     vertex -1.391250e-01 -9.391398e+00  2.000000e-01
   endloop
 endfacet
 facet normal  0.000000e+00  0.000000e+00  1.000000e+00
   outer loop
     vertex  1.488379e-01 -9.415954e+00  2.000000e-01
     vertex -1.981080e-01 -9.424216e+00  2.000000e-01
     vertex -2.682632e-01 -1.019647e+01  2.000000e-01
   endloop
 endfacet
 facet normal  0.000000e+00  0.000000e+00  1.000000e+00
   outer loop
     vertex  1.488379e-01 -9.415954e+00  2.000000e-01
     vertex -2.682632e-01 -1.019647e+01  2.000000e-01
     vertex  3.687946e-01 -1.019333e+01  2.000000e-01
   endloop
 endfacet
 facet normal  0.000000e+00  0.000000e+00  1.000000e+00
   outer loop
     vertex  1.488379e-01 -9.415954e+00  2.000000e-01
     vertex  7.930472e-02 -9.360875e+00  2.000000e-01
     vertex -1.391250e-01 -9.391398e+00  2.000000e-01
   endloop
 endfacet
 facet normal  0.000000e+00  0.000000e+00  1.000000e+00
   outer loop
     vertex  1.488379e-01 -9.415954e+00  2.000000e-01
     vertex -1.391250e-01 -9.391398e+00  2.000000e-01
     vertex -1.981080e-01 -9.424216e+00  2.000000e-01
   endloop
 endfacet
 facet normal  0.000000e+00  0.000000e+00  1.000000e+00
   outer loop
     vertex  4.648675e-02 -9.301892e+00  2.000000e-01
     vertex -8.404651e-02 -9.321865e+00  2.000000e-01
     vertex  7.930472e-02 -9.360875e+00  2.000000e-01
   endloop
 endfacet
 facet normal  0.000000e+00  0.000000e+00  1.000000e+00
   outer loop
     vertex  4.648675e-02 -9.301892e+00  2.000000e-01
     vertex -6.445313e-02 -9.235352e+00  2.000000e-01
     vertex -8.404651e-02 -9.321865e+00  2.000000e-01
   endloop
 endfacet
 facet normal  0.000000e+00  0.000000e+00  1.000000e+00
   outer loop
     vertex  2.353516e-01 -9.435547e+00  2.000000e-01
     vertex  1.488379e-01 -9.415954e+00  2.000000e-01
     vertex  3.687946e-01 -1.019333e+01  2.000000e-01
   endloop
 endfacet
 facet normal  0.000000e+00  0.000000e+00  1.000000e+00
   outer loop
     vertex  3.515625e-02 -9.235352e+00  2.000000e-01
     vertex -6.445313e-02 -9.235352e+00  2.000000e-01
     vertex  4.648675e-02 -9.301892e+00  2.000000e-01
   endloop
 endfacet
 facet normal  0.000000e+00  0.000000e+00  1.000000e+00
   outer loop
     vertex  1.050458e+00 -9.975650e+00  2.000000e-01
     vertex  1.004414e+00 -1.015043e+01  2.000000e-01
     vertex  1.094367e+00 -1.004098e+01  2.000000e-01
   endloop
 endfacet
 facet normal  0.000000e+00  0.000000e+00  1.000000e+00
   outer loop
     vertex  1.169645e+00 -1.008790e+01  2.000000e-01
     vertex  1.094367e+00 -1.004098e+01  2.000000e-01
     vertex  1.004414e+00 -1.015043e+01  2.000000e-01
   endloop
 endfacet
 facet normal  0.000000e+00  0.000000e+00  1.000000e+00
   outer loop
     vertex  1.035156e+00 -9.898438e+00  2.000000e-01
     vertex  3.687946e-01 -1.019333e+01  2.000000e-01
     vertex  1.004414e+00 -1.015043e+01  2.000000e-01
   endloop
 endfacet
 facet normal  0.000000e+00  0.000000e+00  1.000000e+00
   outer loop
     vertex  1.035156e+00 -9.898438e+00  2.000000e-01
     vertex  2.353516e-01 -9.435547e+00  2.000000e-01
     vertex  3.687946e-01 -1.019333e+01  2.000000e-01
   endloop
 endfacet
 facet normal  0.000000e+00  0.000000e+00  1.000000e+00
   outer loop
     vertex  1.035156e+00 -9.898438e+00  2.000000e-01
     vertex  1.004414e+00 -1.015043e+01  2.000000e-01
     vertex  1.050458e+00 -9.975650e+00  2.000000e-01
   endloop
 endfacet
 facet normal  0.000000e+00  0.000000e+00  1.000000e+00
   outer loop
     vertex  1.257812e+00 -1.009766e+01  2.000000e-01
     vertex  1.169645e+00 -1.008790e+01  2.000000e-01
     vertex  1.004414e+00 -1.015043e+01  2.000000e-01
   endloop
 endfacet
 facet normal  0.000000e+00  0.000000e+00  1.000000e+00
   outer loop
     vertex  1.636115e+00 -1.006793e+01  2.000000e-01
     vertex  1.257812e+00 -1.009766e+01  2.000000e-01
     vertex  1.004414e+00 -1.015043e+01  2.000000e-01
   endloop
 endfacet
 facet normal  0.000000e+00  0.000000e+00  1.000000e+00
   outer loop
     vertex  1.035156e+00 -9.435547e+00  2.000000e-01
     vertex  2.353516e-01 -9.435547e+00  2.000000e-01
     vertex  1.035156e+00 -9.898438e+00  2.000000e-01
   endloop
 endfacet
 facet normal  0.000000e+00  0.000000e+00  1.000000e+00
   outer loop
     vertex  3.515625e-02 -8.235352e+00  2.000000e-01
     vertex -6.445313e-02 -9.235352e+00  2.000000e-01
     vertex  3.515625e-02 -9.235352e+00  2.000000e-01
   endloop
 endfacet
 facet normal  0.000000e+00  0.000000e+00  1.000000e+00
   outer loop
     vertex  3.515625e-02 -8.235352e+00  2.000000e-01
     vertex -6.917067e-02 -8.192009e+00  2.000000e-01
     vertex -6.445313e-02 -8.235352e+00  2.000000e-01
   endloop
 endfacet
 facet normal  0.000000e+00  0.000000e+00  1.000000e+00
   outer loop
     vertex  3.515625e-02 -8.235352e+00  2.000000e-01
     vertex -6.445313e-02 -8.235352e+00  2.000000e-01
     vertex -6.445313e-02 -9.235352e+00  2.000000e-01
   endloop
 endfacet
 facet normal  0.000000e+00  0.000000e+00  1.000000e+00
   outer loop
     vertex  4.719112e-02 -8.166860e+00  2.000000e-01
     vertex -6.917067e-02 -8.192009e+00  2.000000e-01
     vertex  3.515625e-02 -8.235352e+00  2.000000e-01
   endloop
 endfacet
 facet normal  0.000000e+00  0.000000e+00  1.000000e+00
   outer loop
     vertex  4.719112e-02 -8.166860e+00  2.000000e-01
     vertex -8.316704e-02 -8.150719e+00  2.000000e-01
     vertex -6.917067e-02 -8.192009e+00  2.000000e-01
   endloop
 endfacet
 facet normal  0.000000e+00  0.000000e+00  1.000000e+00
   outer loop
     vertex  6.646274e-02 -8.127753e+00  2.000000e-01
     vertex -8.316704e-02 -8.150719e+00  2.000000e-01
     vertex  4.719112e-02 -8.166860e+00  2.000000e-01
   endloop
 endfacet
 facet normal  0.000000e+00  0.000000e+00  1.000000e+00
   outer loop
     vertex  6.646274e-02 -8.127753e+00  2.000000e-01
     vertex -1.230469e-01 -8.093750e+00  2.000000e-01
     vertex -8.316704e-02 -8.150719e+00  2.000000e-01
   endloop
 endfacet
 facet normal  0.000000e+00  0.000000e+00  1.000000e+00
   outer loop
     vertex -5.644531e-01 -7.435547e+00  2.000000e-01
     vertex -5.644531e-01 -7.652344e+00  2.000000e-01
     vertex -1.230469e-01 -8.093750e+00  2.000000e-01
   endloop
 endfacet
 facet normal  0.000000e+00  0.000000e+00  1.000000e+00
   outer loop
     vertex  9.375000e-02 -8.093750e+00  2.000000e-01
     vertex -1.230469e-01 -8.093750e+00  2.000000e-01
     vertex  6.646274e-02 -8.127753e+00  2.000000e-01
   endloop
 endfacet
 facet normal  0.000000e+00  0.000000e+00  1.000000e+00
   outer loop
     vertex  9.375000e-02 -8.093750e+00  2.000000e-01
     vertex -5.644531e-01 -7.435547e+00  2.000000e-01
     vertex -1.230469e-01 -8.093750e+00  2.000000e-01
   endloop
 endfacet
 facet normal  0.000000e+00  0.000000e+00  1.000000e+00
   outer loop
     vertex  2.261433e+00 -9.946151e+00  2.000000e-01
     vertex  2.185928e+00 -9.946227e+00  2.000000e-01
     vertex  1.723794e+00 -1.003368e+01  2.000000e-01
   endloop
 endfacet
 facet normal  0.000000e+00  0.000000e+00  1.000000e+00
   outer loop
     vertex  2.261433e+00 -9.946151e+00  2.000000e-01
     vertex  1.723794e+00 -1.003368e+01  2.000000e-01
     vertex  1.636115e+00 -1.006793e+01  2.000000e-01
   endloop
 endfacet
 facet normal  0.000000e+00  0.000000e+00  1.000000e+00
   outer loop
     vertex  2.725627e+00 -9.813240e+00  2.000000e-01
     vertex  2.185928e+00 -9.946227e+00  2.000000e-01
     vertex  2.261433e+00 -9.946151e+00  2.000000e-01
   endloop
 endfacet
 facet normal  0.000000e+00  0.000000e+00  1.000000e+00
   outer loop
     vertex  2.877930e+00 -9.785577e+00  2.000000e-01
     vertex  2.725627e+00 -9.813240e+00  2.000000e-01
     vertex  2.261433e+00 -9.946151e+00  2.000000e-01
   endloop
 endfacet
 facet normal  0.000000e+00  0.000000e+00  1.000000e+00
   outer loop
     vertex  5.351562e-01 -7.435547e+00  2.000000e-01
     vertex -5.644531e-01 -7.435547e+00  2.000000e-01
     vertex  9.375000e-02 -8.093750e+00  2.000000e-01
   endloop
 endfacet
 facet normal  0.000000e+00  0.000000e+00  1.000000e+00
   outer loop
     vertex  5.351562e-01 -7.435547e+00  2.000000e-01
     vertex  9.375000e-02 -8.093750e+00  2.000000e-01
     vertex  5.351562e-01 -7.652344e+00  2.000000e-01
   endloop
 endfacet
 facet normal  0.000000e+00  0.000000e+00  1.000000e+00
   outer loop
     vertex  3.261160e+00 -9.647511e+00  2.000000e-01
     vertex  2.725627e+00 -9.813240e+00  2.000000e-01
     vertex  2.877930e+00 -9.785577e+00  2.000000e-01
   endloop
 endfacet
 facet normal  0.000000e+00  0.000000e+00  1.000000e+00
   outer loop
     vertex  3.483200e+00 -9.586830e+00  2.000000e-01
     vertex  3.261160e+00 -9.647511e+00  2.000000e-01
     vertex  2.877930e+00 -9.785577e+00  2.000000e-01
   endloop
 endfacet
 facet normal  0.000000e+00  0.000000e+00  1.000000e+00
   outer loop
     vertex  3.790958e+00 -9.449203e+00  2.000000e-01
     vertex  3.261160e+00 -9.647511e+00  2.000000e-01
     vertex  3.483200e+00 -9.586830e+00  2.000000e-01
   endloop
 endfacet
 facet normal  0.000000e+00  0.000000e+00  1.000000e+00
   outer loop
     vertex  4.074883e+00 -9.350686e+00  2.000000e-01
     vertex  3.790958e+00 -9.449203e+00  2.000000e-01
     vertex  3.483200e+00 -9.586830e+00  2.000000e-01
   endloop
 endfacet
 facet normal  0.000000e+00  0.000000e+00  1.000000e+00
   outer loop
     vertex  4.313248e+00 -9.218655e+00  2.000000e-01
     vertex  3.790958e+00 -9.449203e+00  2.000000e-01
     vertex  4.074883e+00 -9.350686e+00  2.000000e-01
   endloop
 endfacet
 facet normal  0.000000e+00  0.000000e+00  1.000000e+00
   outer loop
     vertex  4.650670e+00 -9.078065e+00  2.000000e-01
     vertex  4.313248e+00 -9.218655e+00  2.000000e-01
     vertex  4.074883e+00 -9.350686e+00  2.000000e-01
   endloop
 endfacet
 facet normal  0.000000e+00  0.000000e+00  1.000000e+00
   outer loop
     vertex  4.826014e+00 -8.956445e+00  2.000000e-01
     vertex  4.313248e+00 -9.218655e+00  2.000000e-01
     vertex  4.650670e+00 -9.078065e+00  2.000000e-01
   endloop
 endfacet
 facet normal  0.000000e+00  0.000000e+00  1.000000e+00
   outer loop
     vertex  5.208315e+00 -8.770032e+00  2.000000e-01
     vertex  4.826014e+00 -8.956445e+00  2.000000e-01
     vertex  4.650670e+00 -9.078065e+00  2.000000e-01
   endloop
 endfacet
 facet normal  0.000000e+00  0.000000e+00  1.000000e+00
   outer loop
     vertex  5.327131e+00 -8.663385e+00  2.000000e-01
     vertex  4.826014e+00 -8.956445e+00  2.000000e-01
     vertex  5.208315e+00 -8.770032e+00  2.000000e-01
   endloop
 endfacet
 facet normal  0.000000e+00  0.000000e+00  1.000000e+00
   outer loop
     vertex  5.745642e+00 -8.427787e+00  2.000000e-01
     vertex  5.327131e+00 -8.663385e+00  2.000000e-01
     vertex  5.208315e+00 -8.770032e+00  2.000000e-01
   endloop
 endfacet
 facet normal  0.000000e+00  0.000000e+00  1.000000e+00
   outer loop
     vertex  5.814336e+00 -8.340561e+00  2.000000e-01
     vertex  5.327131e+00 -8.663385e+00  2.000000e-01
     vertex  5.745642e+00 -8.427787e+00  2.000000e-01
   endloop
 endfacet
 facet normal  0.000000e+00  0.000000e+00  1.000000e+00
   outer loop
     vertex  6.260556e+00 -8.052666e+00  2.000000e-01
     vertex  5.814336e+00 -8.340561e+00  2.000000e-01
     vertex  5.745642e+00 -8.427787e+00  2.000000e-01
   endloop
 endfacet
 facet normal  0.000000e+00  0.000000e+00  1.000000e+00
   outer loop
     vertex  6.285268e+00 -7.989368e+00  2.000000e-01
     vertex  5.814336e+00 -8.340561e+00  2.000000e-01
     vertex  6.260556e+00 -8.052666e+00  2.000000e-01
   endloop
 endfacet
 facet normal  0.000000e+00  0.000000e+00  1.000000e+00
   outer loop
     vertex  6.751049e+00 -7.646132e+00  2.000000e-01
     vertex  6.285268e+00 -7.989368e+00  2.000000e-01
     vertex  6.260556e+00 -8.052666e+00  2.000000e-01
   endloop
 endfacet
 facet normal  0.000000e+00  0.000000e+00  1.000000e+00
   outer loop
     vertex  6.737520e+00 -7.611506e+00  2.000000e-01
     vertex  6.285268e+00 -7.989368e+00  2.000000e-01
     vertex  6.751049e+00 -7.646132e+00  2.000000e-01
   endloop
 endfacet
 facet normal  0.000000e+00  0.000000e+00  1.000000e+00
   outer loop
     vertex  7.168718e+00 -7.208963e+00  2.000000e-01
     vertex  6.737520e+00 -7.611506e+00  2.000000e-01
     vertex  6.751049e+00 -7.646132e+00  2.000000e-01
   endloop
 endfacet
 facet normal  0.000000e+00  0.000000e+00  1.000000e+00
   outer loop
     vertex  7.215206e+00 -7.209772e+00  2.000000e-01
     vertex  7.168718e+00 -7.208963e+00  2.000000e-01
     vertex  6.751049e+00 -7.646132e+00  2.000000e-01
   endloop
 endfacet
 facet normal  0.000000e+00  0.000000e+00  1.000000e+00
   outer loop
     vertex  7.620312e+00 -6.735548e+00  2.000000e-01
     vertex  7.168718e+00 -7.208963e+00  2.000000e-01
     vertex  7.215206e+00 -7.209772e+00  2.000000e-01
   endloop
 endfacet
 facet normal  0.000000e+00  0.000000e+00  1.000000e+00
   outer loop
     vertex  7.651217e+00 -6.745286e+00  2.000000e-01
     vertex  7.620312e+00 -6.735548e+00  2.000000e-01
     vertex  7.215206e+00 -7.209772e+00  2.000000e-01
   endloop
 endfacet
 facet normal  0.000000e+00  0.000000e+00  1.000000e+00
   outer loop
     vertex  8.040147e+00 -6.237911e+00  2.000000e-01
     vertex  7.620312e+00 -6.735548e+00  2.000000e-01
     vertex  7.651217e+00 -6.745286e+00  2.000000e-01
   endloop
 endfacet
 facet normal  0.000000e+00  0.000000e+00  1.000000e+00
   outer loop
     vertex  8.057381e+00 -6.254488e+00  2.000000e-01
     vertex  8.040147e+00 -6.237911e+00  2.000000e-01
     vertex  7.651217e+00 -6.745286e+00  2.000000e-01
   endloop
 endfacet
 facet normal  0.000000e+00  0.000000e+00  1.000000e+00
   outer loop
     vertex  8.432114e+00 -5.739291e+00  2.000000e-01
     vertex  8.040147e+00 -6.237911e+00  2.000000e-01
     vertex  8.057381e+00 -6.254488e+00  2.000000e-01
   endloop
 endfacet
 facet normal  0.000000e+00  0.000000e+00  1.000000e+00
   outer loop
     vertex  8.425656e+00 -5.719682e+00  2.000000e-01
     vertex  8.040147e+00 -6.237911e+00  2.000000e-01
     vertex  8.432114e+00 -5.739291e+00  2.000000e-01
   endloop
 endfacet
 facet normal  0.000000e+00  0.000000e+00  1.000000e+00
   outer loop
     vertex  8.773954e+00 -5.201705e+00  2.000000e-01
     vertex  8.425656e+00 -5.719682e+00  2.000000e-01
     vertex  8.432114e+00 -5.739291e+00  2.000000e-01
   endloop
 endfacet
 facet normal  0.000000e+00  0.000000e+00  1.000000e+00
   outer loop
     vertex  8.770239e+00 -5.191880e+00  2.000000e-01
     vertex  8.425656e+00 -5.719682e+00  2.000000e-01
     vertex  8.773954e+00 -5.201705e+00  2.000000e-01
   endloop
 endfacet
 facet normal  0.000000e+00  0.000000e+00  1.000000e+00
   outer loop
     vertex  9.081567e+00 -4.643829e+00  2.000000e-01
     vertex  8.770239e+00 -5.191880e+00  2.000000e-01
     vertex  8.773954e+00 -5.201705e+00  2.000000e-01
   endloop
 endfacet
 facet normal  0.000000e+00  0.000000e+00  1.000000e+00
   outer loop
     vertex  1.723794e+00 -1.003368e+01  2.000000e-01
     vertex  1.257812e+00 -1.009766e+01  2.000000e-01
     vertex  1.636115e+00 -1.006793e+01  2.000000e-01
   endloop
 endfacet
 facet normal  0.000000e+00  0.000000e+00  1.000000e+00
   outer loop
     vertex -1.286133e+00 -1.010352e+01  2.000000e-01
     vertex -1.727594e+00 -1.004526e+01  2.000000e-01
     vertex -1.536758e+00 -1.008357e+01  2.000000e-01
   endloop
 endfacet
 facet normal  9.947587e-01  1.022500e-01  0.000000e+00
   outer loop
     vertex  1.009671e+01 -1.177265e+00  2.000000e-01
     vertex  1.010449e+01 -1.252930e+00  2.000000e+00
     vertex  1.010449e+01 -1.252930e+00  2.000000e-01
   endloop
 endfacet
 facet normal  9.909380e-01  1.343130e-01  1.364311e-03
   outer loop
     vertex  1.009671e+01 -1.177265e+00  2.000000e-01
     vertex  1.009258e+01 -1.165030e+00  2.000000e+00
     vertex  1.010449e+01 -1.252930e+00  2.000000e+00
   endloop
 endfacet
 facet normal  8.354114e-01  5.496205e-01  2.271142e-03
   outer loop
     vertex  1.006125e+01 -1.109975e+00  2.000000e-01
     vertex  1.004382e+01 -1.090925e+00  2.000000e+00
     vertex  1.009258e+01 -1.165030e+00  2.000000e+00
   endloop
 endfacet
 facet normal  8.846568e-01  4.662414e-01 -1.136166e-03
   outer loop
     vertex  1.006125e+01 -1.109975e+00  2.000000e-01
     vertex  1.009258e+01 -1.165030e+00  2.000000e+00
     vertex  1.009671e+01 -1.177265e+00  2.000000e-01
   endloop
 endfacet
 facet normal  5.429798e-01  8.397450e-01  1.136187e-03
   outer loop
     vertex  9.991769e+00 -1.054831e+00  2.000000e-01
     vertex  9.979950e+00 -1.049624e+00  2.000000e+00
     vertex  1.004382e+01 -1.090925e+00  2.000000e+00
   endloop
 endfacet
 facet normal  6.216550e-01  7.832879e-01 -2.271182e-03
   outer loop
     vertex  9.991769e+00 -1.054831e+00  2.000000e-01
     vertex  1.004382e+01 -1.090925e+00  2.000000e+00
     vertex  1.006125e+01 -1.109975e+00  2.000000e-01
   endloop
 endfacet
 facet normal  1.902016e-01  9.817450e-01 -0.000000e+00
   outer loop
     vertex  9.905273e+00 -1.035156e+00  2.000000e-01
     vertex  9.905273e+00 -1.035156e+00  2.000000e+00
     vertex  9.979950e+00 -1.049624e+00  2.000000e+00
   endloop
 endfacet
 facet normal  2.217986e-01  9.750915e-01 -1.364331e-03
   outer loop
     vertex  9.905273e+00 -1.035156e+00  2.000000e-01
     vertex  9.979950e+00 -1.049624e+00  2.000000e+00
     vertex  9.991769e+00 -1.054831e+00  2.000000e-01
   endloop
 endfacet
 facet normal -9.809232e-01 -1.943955e-01  0.000000e+00
   outer loop
     vertex  1.050458e+00 -9.975650e+00  2.000000e-01
     vertex  1.035156e+00 -9.898438e+00  2.000000e+00
     vertex  1.035156e+00 -9.898438e+00  2.000000e-01
   endloop
 endfacet
 facet normal -9.756391e-01 -2.193790e-01  1.116614e-03
   outer loop
     vertex  1.050458e+00 -9.975650e+00  2.000000e-01
     vertex  1.054616e+00 -9.984980e+00  2.000000e+00
     vertex  1.035156e+00 -9.898438e+00  2.000000e+00
   endloop
 endfacet
 facet normal -7.848318e-01 -6.197058e-01  1.947721e-03
   outer loop
     vertex  1.094367e+00 -1.004098e+01  2.000000e-01
     vertex  1.109586e+00 -1.005460e+01  2.000000e+00
     vertex  1.054616e+00 -9.984980e+00  2.000000e+00
   endloop
 endfacet
 facet normal -8.299606e-01 -5.578212e-01 -9.741811e-04
   outer loop
     vertex  1.094367e+00 -1.004098e+01  2.000000e-01
     vertex  1.054616e+00 -9.984980e+00  2.000000e+00
     vertex  1.050458e+00 -9.975650e+00  2.000000e-01
   endloop
 endfacet
 facet normal -4.624615e-01 -8.866388e-01  9.741983e-04
   outer loop
     vertex  1.169645e+00 -1.008790e+01  2.000000e-01
     vertex  1.179379e+00 -1.009100e+01  2.000000e+00
     vertex  1.109586e+00 -1.005460e+01  2.000000e+00
   endloop
 endfacet
 facet normal -5.289638e-01 -8.486421e-01 -1.947755e-03
   outer loop
     vertex  1.169645e+00 -1.008790e+01  2.000000e-01
     vertex  1.109586e+00 -1.005460e+01  2.000000e+00
     vertex  1.094367e+00 -1.004098e+01  2.000000e-01
   endloop
 endfacet
 facet normal -8.454495e-02 -9.964197e-01  0.000000e+00
   outer loop
     vertex  1.257812e+00 -1.009766e+01  2.000000e-01
     vertex  1.257812e+00 -1.009766e+01  2.000000e+00
     vertex  1.179379e+00 -1.009100e+01  2.000000e+00
   endloop
 endfacet
 facet normal -1.099600e-01 -9.939354e-01 -1.116631e-03
   outer loop
     vertex  1.257812e+00 -1.009766e+01  2.000000e-01
     vertex  1.179379e+00 -1.009100e+01  2.000000e+00
     vertex  1.169645e+00 -1.008790e+01  2.000000e-01
   endloop
 endfacet
 facet normal  0.000000e+00  0.000000e+00  1.000000e+00
   outer loop
     vertex -1.018278e+01 -5.923688e-01  2.000000e-01
     vertex -1.012999e+01 -1.192988e+00  2.000000e-01
     vertex -1.009252e+01 -1.112587e+00  2.000000e-01
   endloop
 endfacet
 facet normal  0.000000e+00  0.000000e+00  1.000000e+00
   outer loop
     vertex -1.018278e+01 -5.923688e-01  2.000000e-01
     vertex -1.009252e+01 -1.112587e+00  2.000000e-01
     vertex -1.002397e+01 -1.056295e+00  2.000000e-01
   endloop
 endfacet
 facet normal  0.000000e+00  0.000000e+00  1.000000e+00
   outer loop
     vertex -1.018278e+01 -5.923688e-01  2.000000e-01
     vertex -1.002397e+01 -1.056295e+00  2.000000e-01
     vertex -9.980500e+00 -1.040524e+00  2.000000e-01
   endloop
 endfacet
 facet normal  0.000000e+00  0.000000e+00  1.000000e+00
   outer loop
     vertex -1.018278e+01 -5.923688e-01  2.000000e-01
     vertex -9.980500e+00 -1.040524e+00  2.000000e-01
     vertex -9.934570e+00 -1.035156e+00  2.000000e-01
   endloop
 endfacet
 facet normal  0.000000e+00  0.000000e+00  1.000000e+00
   outer loop
     vertex -9.406250e+00 -3.769531e-01  2.000000e-01
     vertex -1.018278e+01 -5.923688e-01  2.000000e-01
     vertex -9.934570e+00 -1.035156e+00  2.000000e-01
   endloop
 endfacet
 facet normal  0.000000e+00  0.000000e+00  1.000000e+00
   outer loop
     vertex -8.906250e+00 -8.769531e-01  2.000000e-01
     vertex -9.406250e+00 -3.769531e-01  2.000000e-01
     vertex -9.934570e+00 -1.035156e+00  2.000000e-01
   endloop
 endfacet
 facet normal  0.000000e+00  0.000000e+00  1.000000e+00
   outer loop
     vertex -8.872247e+00 -9.042404e-01  2.000000e-01
     vertex -8.906250e+00 -8.769531e-01  2.000000e-01
     vertex -9.934570e+00 -1.035156e+00  2.000000e-01
   endloop
 endfacet
 facet normal  0.000000e+00  0.000000e+00  1.000000e+00
   outer loop
     vertex -9.446130e+00 -3.199839e-01  2.000000e-01
     vertex -1.018278e+01 -5.923688e-01  2.000000e-01
     vertex -9.406250e+00 -3.769531e-01  2.000000e-01
   endloop
 endfacet
 facet normal  0.000000e+00  0.000000e+00  1.000000e+00
   outer loop
     vertex -8.833140e+00 -9.235120e-01  2.000000e-01
     vertex -8.872247e+00 -9.042404e-01  2.000000e-01
     vertex -9.934570e+00 -1.035156e+00  2.000000e-01
   endloop
 endfacet
 facet normal  0.000000e+00  0.000000e+00  1.000000e+00
   outer loop
     vertex -9.460126e+00 -2.786936e-01  2.000000e-01
     vertex -1.018278e+01 -5.923688e-01  2.000000e-01
     vertex -9.446130e+00 -3.199839e-01  2.000000e-01
   endloop
 endfacet
 facet normal  0.000000e+00  0.000000e+00  1.000000e+00
   outer loop
     vertex -9.464844e+00 -2.353516e-01  2.000000e-01
     vertex -1.019999e+01  1.032024e-02  2.000000e-01
     vertex -1.018278e+01 -5.923688e-01  2.000000e-01
   endloop
 endfacet
 facet normal  0.000000e+00  0.000000e+00  1.000000e+00
   outer loop
     vertex -9.464844e+00 -2.353516e-01  2.000000e-01
     vertex -1.018278e+01 -5.923688e-01  2.000000e-01
     vertex -9.460126e+00 -2.786936e-01  2.000000e-01
   endloop
 endfacet
 facet normal  0.000000e+00  0.000000e+00  1.000000e+00
   outer loop
     vertex -1.018156e+01  6.129732e-01  2.000000e-01
     vertex -1.019999e+01  1.032024e-02  2.000000e-01
     vertex -9.464844e+00 -2.353516e-01  2.000000e-01
   endloop
 endfacet
 facet normal  0.000000e+00  0.000000e+00  1.000000e+00
   outer loop
     vertex -1.001918e+01  1.083427e+00  2.000000e-01
     vertex -1.008781e+01  1.136424e+00  2.000000e-01
     vertex -1.018156e+01  6.129732e-01  2.000000e-01
   endloop
 endfacet
 facet normal  0.000000e+00  0.000000e+00  1.000000e+00
   outer loop
     vertex -1.012756e+01  1.213484e+00  2.000000e-01
     vertex -1.018156e+01  6.129732e-01  2.000000e-01
     vertex -1.008781e+01  1.136424e+00  2.000000e-01
   endloop
 endfacet
 facet normal  0.000000e+00  0.000000e+00  1.000000e+00
   outer loop
     vertex -9.934570e+00  1.064453e+00  2.000000e-01
     vertex -1.001918e+01  1.083427e+00  2.000000e-01
     vertex -1.018156e+01  6.129732e-01  2.000000e-01
   endloop
 endfacet
 facet normal  0.000000e+00  0.000000e+00  1.000000e+00
   outer loop
     vertex -9.464844e+00  1.064453e+00  2.000000e-01
     vertex -1.018156e+01  6.129732e-01  2.000000e-01
     vertex -9.464844e+00 -2.353516e-01  2.000000e-01
   endloop
 endfacet
 facet normal  0.000000e+00  0.000000e+00  1.000000e+00
   outer loop
     vertex -9.464844e+00  1.064453e+00  2.000000e-01
     vertex -9.934570e+00  1.064453e+00  2.000000e-01
     vertex -1.018156e+01  6.129732e-01  2.000000e-01
   endloop
 endfacet
 facet normal  0.000000e+00  0.000000e+00  1.000000e+00
   outer loop
     vertex -5.464844e+00 -9.355468e-01  2.000000e-01
     vertex -8.764648e+00 -9.355468e-01  2.000000e-01
     vertex -5.464844e+00 -1.035156e+00  2.000000e-01
   endloop
 endfacet
 facet normal  0.000000e+00  0.000000e+00  1.000000e+00
   outer loop
     vertex -9.934570e+00 -1.035156e+00  2.000000e-01
     vertex -5.464844e+00 -1.035156e+00  2.000000e-01
     vertex -8.764648e+00 -9.355468e-01  2.000000e-01
   endloop
 endfacet
 facet normal  0.000000e+00  0.000000e+00  1.000000e+00
   outer loop
     vertex -9.934570e+00 -1.035156e+00  2.000000e-01
     vertex -8.764648e+00 -9.355468e-01  2.000000e-01
     vertex -8.833140e+00 -9.235120e-01  2.000000e-01
   endloop
 endfacet
 facet normal  0.000000e+00 -1.000000e+00  0.000000e+00
   outer loop
     vertex -9.464844e+00  1.064453e+00  2.000000e-01
     vertex -9.934570e+00  1.064453e+00  2.000000e+00
     vertex -9.934570e+00  1.064453e+00  2.000000e-01
   endloop
 endfacet
 facet normal  0.000000e+00 -1.000000e+00  0.000000e+00
   outer loop
     vertex -9.464844e+00  1.064453e+00  2.000000e-01
     vertex -9.464844e+00  1.064453e+00  2.000000e+00
     vertex -9.934570e+00  1.064453e+00  2.000000e+00
   endloop
 endfacet
 facet normal  8.686023e-02 -9.962205e-01  0.000000e+00
   outer loop
     vertex -1.208726e+00 -1.009677e+01  2.000000e-01
     vertex -1.286133e+00 -1.010352e+01  2.000000e+00
     vertex -1.286133e+00 -1.010352e+01  2.000000e-01
   endloop
 endfacet
 facet normal  1.148369e-01 -9.933836e-01  1.213742e-03
   outer loop
     vertex -1.208726e+00 -1.009677e+01  2.000000e-01
     vertex -1.198016e+00 -1.009333e+01  2.000000e+00
     vertex -1.286133e+00 -1.010352e+01  2.000000e+00
   endloop
 endfacet
 facet normal  5.331172e-01 -8.460388e-01  2.080982e-03
   outer loop
     vertex -1.139731e+00 -1.006103e+01  2.000000e-01
     vertex -1.122969e+00 -1.004604e+01  2.000000e+00
     vertex -1.198016e+00 -1.009333e+01  2.000000e+00
   endloop
 endfacet
 facet normal  4.599321e-01 -8.879535e-01 -1.040905e-03
   outer loop
     vertex -1.139731e+00 -1.006103e+01  2.000000e-01
     vertex -1.198016e+00 -1.009333e+01  2.000000e+00
     vertex -1.208726e+00 -1.009677e+01  2.000000e-01
   endloop
 endfacet
 facet normal  8.312511e-01 -5.558961e-01  1.040924e-03
   outer loop
     vertex -1.084383e+00 -9.991711e+00  2.000000e-01
     vertex -1.079775e+00 -9.981450e+00  2.000000e+00
     vertex -1.122969e+00 -1.004604e+01  2.000000e+00
   endloop
 endfacet
 facet normal  7.814520e-01 -6.239619e-01 -2.081018e-03
   outer loop
     vertex -1.084383e+00 -9.991711e+00  2.000000e-01
     vertex -1.122969e+00 -1.004604e+01  2.000000e+00
     vertex -1.139731e+00 -1.006103e+01  2.000000e-01
   endloop
 endfacet
 facet normal  9.803663e-01 -1.971851e-01  0.000000e+00
   outer loop
     vertex -1.064453e+00 -9.905273e+00  2.000000e-01
     vertex -1.064453e+00 -9.905273e+00  2.000000e+00
     vertex -1.079775e+00 -9.981450e+00  2.000000e+00
   endloop
 endfacet
 facet normal  9.744336e-01 -2.246723e-01 -1.213761e-03
   outer loop
     vertex -1.064453e+00 -9.905273e+00  2.000000e-01
     vertex -1.079775e+00 -9.981450e+00  2.000000e+00
     vertex -1.084383e+00 -9.991711e+00  2.000000e-01
   endloop
 endfacet
 facet normal  0.000000e+00  1.000000e+00  0.000000e+00
   outer loop
     vertex -9.934570e+00 -1.035156e+00  2.000000e-01
     vertex -5.464844e+00 -1.035156e+00  2.000000e+00
     vertex -5.464844e+00 -1.035156e+00  2.000000e-01
   endloop
 endfacet
 facet normal  0.000000e+00  1.000000e+00  0.000000e+00
   outer loop
     vertex -9.934570e+00 -1.035156e+00  2.000000e-01
     vertex -9.934570e+00 -1.035156e+00  2.000000e+00
     vertex -5.464844e+00 -1.035156e+00  2.000000e+00
   endloop
 endfacet
 facet normal  0.000000e+00  1.000000e+00  0.000000e+00
   outer loop
     vertex -1.064453e+00  9.464844e+00  2.000000e-01
     vertex  1.035156e+00  9.464844e+00  2.000000e+00
     vertex  1.035156e+00  9.464844e+00  2.000000e-01
   endloop
 endfacet
 facet normal  0.000000e+00  1.000000e+00  0.000000e+00
   outer loop
     vertex -1.064453e+00  9.464844e+00  2.000000e-01
     vertex -1.064453e+00  9.464844e+00  2.000000e+00
     vertex  1.035156e+00  9.464844e+00  2.000000e+00
   endloop
 endfacet
 facet normal  0.000000e+00 -1.000000e+00  0.000000e+00
   outer loop
     vertex  9.903320e+00  1.064453e+00  2.000000e-01
     vertex  9.435547e+00  1.064453e+00  2.000000e+00
     vertex  9.435547e+00  1.064453e+00  2.000000e-01
   endloop
 endfacet
 facet normal  0.000000e+00 -1.000000e+00  0.000000e+00
   outer loop
     vertex  9.903320e+00  1.064453e+00  2.000000e-01
     vertex  9.903320e+00  1.064453e+00  2.000000e+00
     vertex  9.435547e+00  1.064453e+00  2.000000e+00
   endloop
 endfacet
 facet normal  1.000000e+00  0.000000e+00  0.000000e+00
   outer loop
     vertex  9.435547e+00  1.064453e+00  2.000000e-01
     vertex  9.435547e+00  7.646484e-01  2.000000e+00
     vertex  9.435547e+00  7.646484e-01  2.000000e-01
   endloop
 endfacet
 facet normal  1.000000e+00  0.000000e+00 -0.000000e+00
   outer loop
     vertex  9.435547e+00  1.064453e+00  2.000000e-01
     vertex  9.435547e+00  1.064453e+00  2.000000e+00
     vertex  9.435547e+00  7.646484e-01  2.000000e+00
   endloop
 endfacet
 facet normal  7.799162e-01 -6.258840e-01  0.000000e+00
   outer loop
     vertex  9.404240e+00  6.570497e-01  2.000000e-01
     vertex  9.376953e+00  6.230468e-01  2.000000e+00
     vertex  9.376953e+00  6.230468e-01  2.000000e-01
   endloop
 endfacet
 facet normal  8.192206e-01 -5.734763e-01  1.585848e-03
   outer loop
     vertex  9.404240e+00  6.570497e-01  2.000000e-01
     vertex  9.416833e+00  6.800161e-01  2.000000e+00
     vertex  9.376953e+00  6.230468e-01  2.000000e+00
   endloop
 endfacet
 facet normal  9.470675e-01 -3.210337e-01  6.354004e-04
   outer loop
     vertex  9.423512e+00  6.961571e-01  2.000000e-01
     vertex  9.430829e+00  7.213064e-01  2.000000e+00
     vertex  9.416833e+00  6.800161e-01  2.000000e+00
   endloop
 endfacet
 facet normal  8.969993e-01 -4.420314e-01 -6.353989e-04
   outer loop
     vertex  9.423512e+00  6.961571e-01  2.000000e-01
     vertex  9.416833e+00  6.800161e-01  2.000000e+00
     vertex  9.404240e+00  6.570497e-01  2.000000e-01
   endloop
 endfacet
 facet normal  9.941285e-01 -1.082063e-01  0.000000e+00
   outer loop
     vertex  9.435547e+00  7.646484e-01  2.000000e-01
     vertex  9.435547e+00  7.646484e-01  2.000000e+00
     vertex  9.430829e+00  7.213064e-01  2.000000e+00
   endloop
 endfacet
 facet normal  9.849094e-01 -1.730633e-01 -1.585851e-03
   outer loop
     vertex  9.435547e+00  7.646484e-01  2.000000e-01
     vertex  9.430829e+00  7.213064e-01  2.000000e+00
     vertex  9.423512e+00  6.961571e-01  2.000000e-01
   endloop
 endfacet
 facet normal  7.071070e-01 -7.071066e-01  0.000000e+00
   outer loop
     vertex  9.376953e+00  6.230468e-01  2.000000e-01
     vertex  8.935547e+00  1.816406e-01  2.000000e+00
     vertex  8.935547e+00  1.816406e-01  2.000000e-01
   endloop
 endfacet
 facet normal  7.071070e-01 -7.071066e-01  0.000000e+00
   outer loop
     vertex  9.376953e+00  6.230468e-01  2.000000e-01
     vertex  9.376953e+00  6.230468e-01  2.000000e+00
     vertex  8.935547e+00  1.816406e-01  2.000000e+00
   endloop
 endfacet
 facet normal  1.000000e+00  0.000000e+00  0.000000e+00
   outer loop
     vertex  8.935547e+00  1.816406e-01  2.000000e-01
     vertex  8.935547e+00 -1.523438e-01  2.000000e+00
     vertex  8.935547e+00 -1.523438e-01  2.000000e-01
   endloop
 endfacet
 facet normal  1.000000e+00  0.000000e+00 -0.000000e+00
   outer loop
     vertex  8.935547e+00  1.816406e-01  2.000000e-01
     vertex  8.935547e+00  1.816406e-01  2.000000e+00
     vertex  8.935547e+00 -1.523438e-01  2.000000e+00
   endloop
 endfacet
 facet normal  7.071070e-01  7.071066e-01  0.000000e+00
   outer loop
     vertex  8.935547e+00 -1.523438e-01  2.000000e-01
     vertex  9.376953e+00 -5.937500e-01  2.000000e+00
     vertex  9.376953e+00 -5.937500e-01  2.000000e-01
   endloop
 endfacet
 facet normal  7.071070e-01  7.071066e-01 -0.000000e+00
   outer loop
     vertex  8.935547e+00 -1.523438e-01  2.000000e-01
     vertex  8.935547e+00 -1.523438e-01  2.000000e+00
     vertex  9.376953e+00 -5.937500e-01  2.000000e+00
   endloop
 endfacet
 facet normal  9.941284e-01  1.082066e-01  0.000000e+00
   outer loop
     vertex  9.430829e+00 -6.920095e-01  2.000000e-01
     vertex  9.435547e+00 -7.353516e-01  2.000000e+00
     vertex  9.435547e+00 -7.353516e-01  2.000000e-01
   endloop
 endfacet
 facet normal  9.849094e-01  1.730634e-01  1.585847e-03
   outer loop
     vertex  9.430829e+00 -6.920095e-01  2.000000e-01
     vertex  9.423512e+00 -6.668602e-01  2.000000e+00
     vertex  9.435547e+00 -7.353516e-01  2.000000e+00
   endloop
 endfacet
 facet normal  8.969993e-01  4.420316e-01  6.354000e-04
   outer loop
     vertex  9.416833e+00 -6.507192e-01  2.000000e-01
     vertex  9.404240e+00 -6.277528e-01  2.000000e+00
     vertex  9.423512e+00 -6.668602e-01  2.000000e+00
   endloop
 endfacet
 facet normal  9.470675e-01  3.210339e-01 -6.353985e-04
   outer loop
     vertex  9.416833e+00 -6.507192e-01  2.000000e-01
     vertex  9.423512e+00 -6.668602e-01  2.000000e+00
     vertex  9.430829e+00 -6.920095e-01  2.000000e-01
   endloop
 endfacet
 facet normal  7.799161e-01  6.258841e-01 -0.000000e+00
   outer loop
     vertex  9.376953e+00 -5.937500e-01  2.000000e-01
     vertex  9.376953e+00 -5.937500e-01  2.000000e+00
     vertex  9.404240e+00 -6.277528e-01  2.000000e+00
   endloop
 endfacet
 facet normal  8.192206e-01  5.734763e-01 -1.585850e-03
   outer loop
     vertex  9.376953e+00 -5.937500e-01  2.000000e-01
     vertex  9.404240e+00 -6.277528e-01  2.000000e+00
     vertex  9.416833e+00 -6.507192e-01  2.000000e-01
   endloop
 endfacet
 facet normal  1.000000e+00  0.000000e+00  0.000000e+00
   outer loop
     vertex  9.435547e+00 -7.353516e-01  2.000000e-01
     vertex  9.435547e+00 -1.035156e+00  2.000000e+00
     vertex  9.435547e+00 -1.035156e+00  2.000000e-01
   endloop
 endfacet
 facet normal  1.000000e+00  0.000000e+00 -0.000000e+00
   outer loop
     vertex  9.435547e+00 -7.353516e-01  2.000000e-01
     vertex  9.435547e+00 -7.353516e-01  2.000000e+00
     vertex  9.435547e+00 -1.035156e+00  2.000000e+00
   endloop
 endfacet
 facet normal  0.000000e+00  1.000000e+00  0.000000e+00
   outer loop
     vertex  9.435547e+00 -1.035156e+00  2.000000e-01
     vertex  9.905273e+00 -1.035156e+00  2.000000e+00
     vertex  9.905273e+00 -1.035156e+00  2.000000e-01
   endloop
 endfacet
 facet normal  0.000000e+00  1.000000e+00  0.000000e+00
   outer loop
     vertex  9.435547e+00 -1.035156e+00  2.000000e-01
     vertex  9.435547e+00 -1.035156e+00  2.000000e+00
     vertex  9.905273e+00 -1.035156e+00  2.000000e+00
   endloop
 endfacet
 facet normal -1.000000e+00  0.000000e+00  0.000000e+00
   outer loop
     vertex  1.035156e+00 -9.898438e+00  2.000000e-01
     vertex  1.035156e+00 -9.435547e+00  2.000000e+00
     vertex  1.035156e+00 -9.435547e+00  2.000000e-01
   endloop
 endfacet
 facet normal -1.000000e+00  0.000000e+00  0.000000e+00
   outer loop
     vertex  1.035156e+00 -9.898438e+00  2.000000e-01
     vertex  1.035156e+00 -9.898438e+00  2.000000e+00
     vertex  1.035156e+00 -9.435547e+00  2.000000e+00
   endloop
 endfacet
 facet normal  0.000000e+00 -1.000000e+00  0.000000e+00
   outer loop
     vertex  2.353516e-01 -9.435547e+00  2.000000e-01
     vertex  1.035156e+00 -9.435547e+00  2.000000e+00
     vertex  2.353516e-01 -9.435547e+00  2.000000e+00
   endloop
 endfacet
 facet normal  0.000000e+00 -1.000000e+00  0.000000e+00
   outer loop
     vertex  1.035156e+00 -9.435547e+00  2.000000e-01
     vertex  1.035156e+00 -9.435547e+00  2.000000e+00
     vertex  2.353516e-01 -9.435547e+00  2.000000e-01
   endloop
 endfacet
 facet normal -9.858102e-01 -1.678635e-01  0.000000e+00
   outer loop
     vertex  4.648675e-02 -9.301892e+00  2.000000e-01
     vertex  3.515625e-02 -9.235352e+00  2.000000e+00
     vertex  3.515625e-02 -9.235352e+00  2.000000e-01
   endloop
 endfacet
 facet normal -9.752987e-01 -2.208807e-01  2.026049e-03
   outer loop
     vertex  4.648675e-02 -9.301892e+00  2.000000e-01
     vertex  5.474923e-02 -9.321864e+00  2.000000e+00
     vertex  3.515625e-02 -9.235352e+00  2.000000e+00
   endloop
 endfacet
 facet normal -7.838751e-01 -6.209123e-01  2.763194e-03
   outer loop
     vertex  7.930472e-02 -9.360875e+00  2.000000e-01
     vertex  1.098267e-01 -9.391397e+00  2.000000e+00
     vertex  5.474923e-02 -9.321864e+00  2.000000e+00
   endloop
 endfacet
 facet normal -8.738439e-01 -4.862045e-01 -1.383621e-03
   outer loop
     vertex  7.930472e-02 -9.360875e+00  2.000000e-01
     vertex  5.474923e-02 -9.321864e+00  2.000000e+00
     vertex  4.648675e-02 -9.301892e+00  2.000000e-01
   endloop
 endfacet
 facet normal -4.862114e-01 -8.738401e-01  1.383649e-03
   outer loop
     vertex  1.488379e-01 -9.415954e+00  2.000000e-01
     vertex  1.688102e-01 -9.424216e+00  2.000000e+00
     vertex  1.098267e-01 -9.391397e+00  2.000000e+00
   endloop
 endfacet
 facet normal -6.209186e-01 -7.838702e-01 -2.763250e-03
   outer loop
     vertex  1.488379e-01 -9.415954e+00  2.000000e-01
     vertex  1.098267e-01 -9.391397e+00  2.000000e+00
     vertex  7.930472e-02 -9.360875e+00  2.000000e-01
   endloop
 endfacet
 facet normal -1.678667e-01 -9.858097e-01  0.000000e+00
   outer loop
     vertex  2.353516e-01 -9.435547e+00  2.000000e-01
     vertex  2.353516e-01 -9.435547e+00  2.000000e+00
     vertex  1.688102e-01 -9.424216e+00  2.000000e+00
   endloop
 endfacet
 facet normal -2.208839e-01 -9.752980e-01 -2.026077e-03
   outer loop
     vertex  2.353516e-01 -9.435547e+00  2.000000e-01
     vertex  1.688102e-01 -9.424216e+00  2.000000e+00
     vertex  1.488379e-01 -9.415954e+00  2.000000e-01
   endloop
 endfacet
 facet normal -1.000000e+00  0.000000e+00  0.000000e+00
   outer loop
     vertex  3.515625e-02 -9.235352e+00  2.000000e-01
     vertex  3.515625e-02 -8.235352e+00  2.000000e+00
     vertex  3.515625e-02 -8.235352e+00  2.000000e-01
   endloop
 endfacet
 facet normal -1.000000e+00  0.000000e+00  0.000000e+00
   outer loop
     vertex  3.515625e-02 -9.235352e+00  2.000000e-01
     vertex  3.515625e-02 -9.235352e+00  2.000000e+00
     vertex  3.515625e-02 -8.235352e+00  2.000000e+00
   endloop
 endfacet
 facet normal -7.799172e-01  6.258827e-01  0.000000e+00
   outer loop
     vertex  6.646274e-02 -8.127753e+00  2.000000e-01
     vertex  9.375000e-02 -8.093750e+00  2.000000e+00
     vertex  9.375000e-02 -8.093750e+00  2.000000e-01
   endloop
 endfacet
 facet normal -8.192215e-01  5.734750e-01  1.585844e-03
   outer loop
     vertex  6.646274e-02 -8.127753e+00  2.000000e-01
     vertex  5.387017e-02 -8.150719e+00  2.000000e+00
     vertex  9.375000e-02 -8.093750e+00  2.000000e+00
   endloop
 endfacet
 facet normal -9.470679e-01  3.210326e-01  6.353988e-04
   outer loop
     vertex  4.719112e-02 -8.166860e+00  2.000000e-01
     vertex  3.987379e-02 -8.192009e+00  2.000000e+00
     vertex  5.387017e-02 -8.150719e+00  2.000000e+00
   endloop
 endfacet
 facet normal -8.969999e-01  4.420302e-01 -6.353973e-04
   outer loop
     vertex  4.719112e-02 -8.166860e+00  2.000000e-01
     vertex  5.387017e-02 -8.150719e+00  2.000000e+00
     vertex  6.646274e-02 -8.127753e+00  2.000000e-01
   endloop
 endfacet
 facet normal -9.941286e-01  1.082054e-01  0.000000e+00
   outer loop
     vertex  3.515625e-02 -8.235352e+00  2.000000e-01
     vertex  3.515625e-02 -8.235352e+00  2.000000e+00
     vertex  3.987379e-02 -8.192009e+00  2.000000e+00
   endloop
 endfacet
 facet normal -9.849096e-01  1.730624e-01 -1.585847e-03
   outer loop
     vertex  3.515625e-02 -8.235352e+00  2.000000e-01
     vertex  3.987379e-02 -8.192009e+00  2.000000e+00
     vertex  4.719112e-02 -8.166860e+00  2.000000e-01
   endloop
 endfacet
 facet normal -7.071066e-01  7.071070e-01  0.000000e+00
   outer loop
     vertex  9.375000e-02 -8.093750e+00  2.000000e-01
     vertex  5.351562e-01 -7.652344e+00  2.000000e+00
     vertex  5.351562e-01 -7.652344e+00  2.000000e-01
   endloop
 endfacet
 facet normal -7.071066e-01  7.071070e-01  0.000000e+00
   outer loop
     vertex  9.375000e-02 -8.093750e+00  2.000000e-01
     vertex  9.375000e-02 -8.093750e+00  2.000000e+00
     vertex  5.351562e-01 -7.652344e+00  2.000000e+00
   endloop
 endfacet
 facet normal -1.000000e+00  0.000000e+00  0.000000e+00
   outer loop
     vertex  5.351562e-01 -7.652344e+00  2.000000e-01
     vertex  5.351562e-01 -7.435547e+00  2.000000e+00
     vertex  5.351562e-01 -7.435547e+00  2.000000e-01
   endloop
 endfacet
 facet normal -1.000000e+00  0.000000e+00  0.000000e+00
   outer loop
     vertex  5.351562e-01 -7.652344e+00  2.000000e-01
     vertex  5.351562e-01 -7.652344e+00  2.000000e+00
     vertex  5.351562e-01 -7.435547e+00  2.000000e+00
   endloop
 endfacet
 facet normal  0.000000e+00 -1.000000e+00  0.000000e+00
   outer loop
     vertex  5.351562e-01 -7.435547e+00  2.000000e-01
     vertex -5.644531e-01 -7.435547e+00  2.000000e+00
     vertex -5.644531e-01 -7.435547e+00  2.000000e-01
   endloop
 endfacet
 facet normal  0.000000e+00 -1.000000e+00  0.000000e+00
   outer loop
     vertex  5.351562e-01 -7.435547e+00  2.000000e-01
     vertex  5.351562e-01 -7.435547e+00  2.000000e+00
     vertex -5.644531e-01 -7.435547e+00  2.000000e+00
   endloop
 endfacet
 facet normal  1.000000e+00 -5.121026e-16  0.000000e+00
   outer loop
     vertex -5.644531e-01 -7.435547e+00  2.000000e-01
     vertex -5.644531e-01 -7.652344e+00  2.000000e+00
     vertex -5.644531e-01 -7.652344e+00  2.000000e-01
   endloop
 endfacet
 facet normal  1.000000e+00 -5.121026e-16  0.000000e+00
   outer loop
     vertex -5.644531e-01 -7.435547e+00  2.000000e-01
     vertex -5.644531e-01 -7.435547e+00  2.000000e+00
     vertex -5.644531e-01 -7.652344e+00  2.000000e+00
   endloop
 endfacet
 facet normal  7.071066e-01  7.071070e-01  0.000000e+00
   outer loop
     vertex -5.644531e-01 -7.652344e+00  2.000000e-01
     vertex -1.230469e-01 -8.093750e+00  2.000000e+00
     vertex -1.230469e-01 -8.093750e+00  2.000000e-01
   endloop
 endfacet
 facet normal  7.071066e-01  7.071070e-01 -0.000000e+00
   outer loop
     vertex -5.644531e-01 -7.652344e+00  2.000000e-01
     vertex -5.644531e-01 -7.652344e+00  2.000000e+00
     vertex -1.230469e-01 -8.093750e+00  2.000000e+00
   endloop
 endfacet
 facet normal  9.941286e-01  1.082055e-01  0.000000e+00
   outer loop
     vertex -6.917067e-02 -8.192009e+00  2.000000e-01
     vertex -6.445313e-02 -8.235352e+00  2.000000e+00
     vertex -6.445313e-02 -8.235352e+00  2.000000e-01
   endloop
 endfacet
 facet normal  9.849096e-01  1.730623e-01  1.585844e-03
   outer loop
     vertex -6.917067e-02 -8.192009e+00  2.000000e-01
     vertex -7.648799e-02 -8.166860e+00  2.000000e+00
     vertex -6.445313e-02 -8.235352e+00  2.000000e+00
   endloop
 endfacet
 facet normal  8.969999e-01  4.420303e-01  6.353988e-04
   outer loop
     vertex -8.316704e-02 -8.150719e+00  2.000000e-01
     vertex -9.575963e-02 -8.127753e+00  2.000000e+00
     vertex -7.648799e-02 -8.166860e+00  2.000000e+00
   endloop
 endfacet
 facet normal  9.470679e-01  3.210326e-01 -6.353973e-04
   outer loop
     vertex -8.316704e-02 -8.150719e+00  2.000000e-01
     vertex -7.648799e-02 -8.166860e+00  2.000000e+00
     vertex -6.917067e-02 -8.192009e+00  2.000000e-01
   endloop
 endfacet
 facet normal  7.799171e-01  6.258828e-01 -0.000000e+00
   outer loop
     vertex -1.230469e-01 -8.093750e+00  2.000000e-01
     vertex -1.230469e-01 -8.093750e+00  2.000000e+00
     vertex -9.575963e-02 -8.127753e+00  2.000000e+00
   endloop
 endfacet
 facet normal  8.192215e-01  5.734750e-01 -1.585847e-03
   outer loop
     vertex -1.230469e-01 -8.093750e+00  2.000000e-01
     vertex -9.575963e-02 -8.127753e+00  2.000000e+00
     vertex -8.316704e-02 -8.150719e+00  2.000000e-01
   endloop
 endfacet
 facet normal  1.000000e+00 -1.387779e-17  0.000000e+00
   outer loop
     vertex -6.445313e-02 -8.235352e+00  2.000000e-01
     vertex -6.445313e-02 -9.235352e+00  2.000000e+00
     vertex -6.445313e-02 -9.235352e+00  2.000000e-01
   endloop
 endfacet
 facet normal  1.000000e+00 -1.387779e-17  0.000000e+00
   outer loop
     vertex -6.445313e-02 -8.235352e+00  2.000000e-01
     vertex -6.445313e-02 -8.235352e+00  2.000000e+00
     vertex -6.445313e-02 -9.235352e+00  2.000000e+00
   endloop
 endfacet
 facet normal  1.678645e-01 -9.858101e-01  0.000000e+00
   outer loop
     vertex -1.981080e-01 -9.424216e+00  2.000000e-01
     vertex -2.646484e-01 -9.435547e+00  2.000000e+00
     vertex -2.646484e-01 -9.435547e+00  2.000000e-01
   endloop
 endfacet
 facet normal  2.208816e-01 -9.752985e-01  2.026049e-03
   outer loop
     vertex -1.981080e-01 -9.424216e+00  2.000000e-01
     vertex -1.781356e-01 -9.415954e+00  2.000000e+00
     vertex -2.646484e-01 -9.435547e+00  2.000000e+00
   endloop
 endfacet
 facet normal  6.209131e-01 -7.838745e-01  2.763194e-03
   outer loop
     vertex -1.391250e-01 -9.391398e+00  2.000000e-01
     vertex -1.086028e-01 -9.360876e+00  2.000000e+00
     vertex -1.781356e-01 -9.415954e+00  2.000000e+00
   endloop
 endfacet
 facet normal  4.862053e-01 -8.738435e-01 -1.383621e-03
   outer loop
     vertex -1.391250e-01 -9.391398e+00  2.000000e-01
     vertex -1.781356e-01 -9.415954e+00  2.000000e+00
     vertex -1.981080e-01 -9.424216e+00  2.000000e-01
   endloop
 endfacet
 facet normal  8.738406e-01 -4.862106e-01  1.383649e-03
   outer loop
     vertex -8.404651e-02 -9.321865e+00  2.000000e-01
     vertex -7.578393e-02 -9.301893e+00  2.000000e+00
     vertex -1.086028e-01 -9.360876e+00  2.000000e+00
   endloop
 endfacet
 facet normal  7.838708e-01 -6.209178e-01 -2.763250e-03
   outer loop
     vertex -8.404651e-02 -9.321865e+00  2.000000e-01
     vertex -1.086028e-01 -9.360876e+00  2.000000e+00
     vertex -1.391250e-01 -9.391398e+00  2.000000e-01
   endloop
 endfacet
 facet normal  9.858099e-01 -1.678658e-01  0.000000e+00
   outer loop
     vertex -6.445313e-02 -9.235352e+00  2.000000e-01
     vertex -6.445313e-02 -9.235352e+00  2.000000e+00
     vertex -7.578393e-02 -9.301893e+00  2.000000e+00
   endloop
 endfacet
 facet normal  9.752982e-01 -2.208830e-01 -2.026077e-03
   outer loop
     vertex -6.445313e-02 -9.235352e+00  2.000000e-01
     vertex -7.578393e-02 -9.301893e+00  2.000000e+00
     vertex -8.404651e-02 -9.321865e+00  2.000000e-01
   endloop
 endfacet
 facet normal  0.000000e+00 -1.000000e+00  0.000000e+00
   outer loop
     vertex -2.646484e-01 -9.435547e+00  2.000000e-01
     vertex -1.064453e+00 -9.435547e+00  2.000000e+00
     vertex -1.064453e+00 -9.435547e+00  2.000000e-01
   endloop
 endfacet
 facet normal  0.000000e+00 -1.000000e+00  0.000000e+00
   outer loop
     vertex -2.646484e-01 -9.435547e+00  2.000000e-01
     vertex -2.646484e-01 -9.435547e+00  2.000000e+00
     vertex -1.064453e+00 -9.435547e+00  2.000000e+00
   endloop
 endfacet
 facet normal  1.000000e+00  0.000000e+00  0.000000e+00
   outer loop
     vertex -1.064453e+00 -9.435547e+00  2.000000e-01
     vertex -1.064453e+00 -9.905273e+00  2.000000e+00
     vertex -1.064453e+00 -9.905273e+00  2.000000e-01
   endloop
 endfacet
 facet normal  1.000000e+00  0.000000e+00 -0.000000e+00
   outer loop
     vertex -1.064453e+00 -9.435547e+00  2.000000e-01
     vertex -1.064453e+00 -9.435547e+00  2.000000e+00
     vertex -1.064453e+00 -9.905273e+00  2.000000e+00
   endloop
 endfacet
 facet normal -1.000000e+00  0.000000e+00  0.000000e+00
   outer loop
     vertex -5.464844e+00 -1.035156e+00  2.000000e-01
     vertex -5.464844e+00 -9.355468e-01  2.000000e+00
     vertex -5.464844e+00 -9.355468e-01  2.000000e-01
   endloop
 endfacet
 facet normal -1.000000e+00  0.000000e+00  0.000000e+00
   outer loop
     vertex -5.464844e+00 -1.035156e+00  2.000000e-01
     vertex -5.464844e+00 -1.035156e+00  2.000000e+00
     vertex -5.464844e+00 -9.355468e-01  2.000000e+00
   endloop
 endfacet
 facet normal  0.000000e+00 -1.000000e+00  0.000000e+00
   outer loop
     vertex -5.464844e+00 -9.355468e-01  2.000000e-01
     vertex -8.764648e+00 -9.355468e-01  2.000000e+00
     vertex -8.764648e+00 -9.355468e-01  2.000000e-01
   endloop
 endfacet
 facet normal  0.000000e+00 -1.000000e+00  0.000000e+00
   outer loop
     vertex -5.464844e+00 -9.355468e-01  2.000000e-01
     vertex -5.464844e+00 -9.355468e-01  2.000000e+00
     vertex -8.764648e+00 -9.355468e-01  2.000000e+00
   endloop
 endfacet
 facet normal -6.258827e-01 -7.799172e-01  0.000000e+00
   outer loop
     vertex -8.872247e+00 -9.042404e-01  2.000000e-01
     vertex -8.906250e+00 -8.769531e-01  2.000000e+00
     vertex -8.906250e+00 -8.769531e-01  2.000000e-01
   endloop
 endfacet
 facet normal -5.734750e-01 -8.192215e-01  1.585844e-03
   outer loop
     vertex -8.872247e+00 -9.042404e-01  2.000000e-01
     vertex -8.849281e+00 -9.168329e-01  2.000000e+00
     vertex -8.906250e+00 -8.769531e-01  2.000000e+00
   endloop
 endfacet
 facet normal -3.210326e-01 -9.470679e-01  6.353988e-04
   outer loop
     vertex -8.833140e+00 -9.235120e-01  2.000000e-01
     vertex -8.807991e+00 -9.308293e-01  2.000000e+00
     vertex -8.849281e+00 -9.168329e-01  2.000000e+00
   endloop
 endfacet
 facet normal -4.420302e-01 -8.969999e-01 -6.353973e-04
   outer loop
     vertex -8.833140e+00 -9.235120e-01  2.000000e-01
     vertex -8.849281e+00 -9.168329e-01  2.000000e+00
     vertex -8.872247e+00 -9.042404e-01  2.000000e-01
   endloop
 endfacet
 facet normal -1.082054e-01 -9.941286e-01  0.000000e+00
   outer loop
     vertex -8.764648e+00 -9.355468e-01  2.000000e-01
     vertex -8.764648e+00 -9.355468e-01  2.000000e+00
     vertex -8.807991e+00 -9.308293e-01  2.000000e+00
   endloop
 endfacet
 facet normal -1.730624e-01 -9.849096e-01 -1.585847e-03
   outer loop
     vertex -8.764648e+00 -9.355468e-01  2.000000e-01
     vertex -8.807991e+00 -9.308293e-01  2.000000e+00
     vertex -8.833140e+00 -9.235120e-01  2.000000e-01
   endloop
 endfacet
 facet normal -7.071068e-01 -7.071068e-01  0.000000e+00
   outer loop
     vertex -8.906250e+00 -8.769531e-01  2.000000e-01
     vertex -9.406250e+00 -3.769531e-01  2.000000e+00
     vertex -9.406250e+00 -3.769531e-01  2.000000e-01
   endloop
 endfacet
 facet normal -7.071068e-01 -7.071068e-01  0.000000e+00
   outer loop
     vertex -8.906250e+00 -8.769531e-01  2.000000e-01
     vertex -8.906250e+00 -8.769531e-01  2.000000e+00
     vertex -9.406250e+00 -3.769531e-01  2.000000e+00
   endloop
 endfacet
 facet normal -9.941287e-01 -1.082039e-01  0.000000e+00
   outer loop
     vertex -9.460126e+00 -2.786936e-01  2.000000e-01
     vertex -9.464844e+00 -2.353516e-01  2.000000e+00
     vertex -9.464844e+00 -2.353516e-01  2.000000e-01
   endloop
 endfacet
 facet normal -9.849099e-01 -1.730607e-01  1.585843e-03
   outer loop
     vertex -9.460126e+00 -2.786936e-01  2.000000e-01
     vertex -9.452809e+00 -3.038428e-01  2.000000e+00
     vertex -9.464844e+00 -2.353516e-01  2.000000e+00
   endloop
 endfacet
 facet normal -8.970007e-01 -4.420288e-01  6.353984e-04
   outer loop
     vertex -9.446130e+00 -3.199839e-01  2.000000e-01
     vertex -9.433537e+00 -3.429503e-01  2.000000e+00
     vertex -9.452809e+00 -3.038428e-01  2.000000e+00
   endloop
 endfacet
 facet normal -9.470684e-01 -3.210311e-01 -6.353969e-04
   outer loop
     vertex -9.446130e+00 -3.199839e-01  2.000000e-01
     vertex -9.452809e+00 -3.038428e-01  2.000000e+00
     vertex -9.460126e+00 -2.786936e-01  2.000000e-01
   endloop
 endfacet
 facet normal -7.799182e-01 -6.258815e-01  0.000000e+00
   outer loop
     vertex -9.406250e+00 -3.769531e-01  2.000000e-01
     vertex -9.406250e+00 -3.769531e-01  2.000000e+00
     vertex -9.433537e+00 -3.429503e-01  2.000000e+00
   endloop
 endfacet
 facet normal -8.192225e-01 -5.734736e-01 -1.585846e-03
   outer loop
     vertex -9.406250e+00 -3.769531e-01  2.000000e-01
     vertex -9.433537e+00 -3.429503e-01  2.000000e+00
     vertex -9.446130e+00 -3.199839e-01  2.000000e-01
   endloop
 endfacet
 facet normal -1.000000e+00  0.000000e+00  0.000000e+00
   outer loop
     vertex -9.464844e+00 -2.353516e-01  2.000000e-01
     vertex -9.464844e+00  1.064453e+00  2.000000e+00
     vertex -9.464844e+00  1.064453e+00  2.000000e-01
   endloop
 endfacet
 facet normal -1.000000e+00  0.000000e+00  0.000000e+00
   outer loop
     vertex -9.464844e+00 -2.353516e-01  2.000000e-01
     vertex -9.464844e+00 -2.353516e-01  2.000000e+00
     vertex -9.464844e+00  1.064453e+00  2.000000e+00
   endloop
 endfacet
 facet normal  9.807670e-01 -1.951823e-01  0.000000e+00
   outer loop
     vertex -9.541271e+00  2.106392e+00  2.000000e-01
     vertex -9.668945e+00  1.464844e+00  2.000000e+00
     vertex -9.668945e+00  1.464844e+00  2.000000e-01
   endloop
 endfacet
 facet normal  9.807215e-01 -1.954105e-01 -8.456528e-05
   outer loop
     vertex -9.541271e+00  2.106392e+00  2.000000e-01
     vertex -9.539926e+00  2.112363e+00  2.000000e+00
     vertex -9.668945e+00  1.464844e+00  2.000000e+00
   endloop
 endfacet
 facet normal  9.695403e-01 -2.449318e-01  8.806243e-05
   outer loop
     vertex -9.541271e+00  2.106392e+00  2.000000e-01
     vertex -9.384410e+00  2.727960e+00  2.000000e+00
     vertex -9.539926e+00  2.112363e+00  2.000000e+00
   endloop
 endfacet
 facet normal  9.552076e-01 -2.959364e-01 -1.798471e-04
   outer loop
     vertex -9.381040e+00  2.739930e+00  2.000000e-01
     vertex -9.205545e+00  3.305290e+00  2.000000e+00
     vertex -9.384410e+00  2.727960e+00  2.000000e+00
   endloop
 endfacet
 facet normal  9.694741e-01 -2.451938e-01  1.843043e-04
   outer loop
     vertex -9.381040e+00  2.739930e+00  2.000000e-01
     vertex -9.384410e+00  2.727960e+00  2.000000e+00
     vertex -9.541271e+00  2.106392e+00  2.000000e-01
   endloop
 endfacet
 facet normal  9.375538e-01 -3.478392e-01 -8.673570e-04
   outer loop
     vertex -9.184963e+00  3.365255e+00  2.000000e-01
     vertex -9.002984e+00  3.851266e+00  2.000000e+00
     vertex -9.205545e+00  3.305290e+00  2.000000e+00
   endloop
 endfacet
 facet normal  9.541909e-01 -2.991969e-01  9.433625e-04
   outer loop
     vertex -9.184963e+00  3.365255e+00  2.000000e-01
     vertex -9.205545e+00  3.305290e+00  2.000000e+00
     vertex -9.381040e+00  2.739930e+00  2.000000e-01
   endloop
 endfacet
 facet normal  9.163555e-01 -4.003629e-01 -1.437148e-03
   outer loop
     vertex -8.959990e+00  3.956133e+00  2.000000e-01
     vertex -8.777175e+00  4.368101e+00  2.000000e+00
     vertex -9.002984e+00  3.851266e+00  2.000000e+00
   endloop
 endfacet
 facet normal  9.345514e-01 -3.558245e-01  1.592270e-03
   outer loop
     vertex -8.959990e+00  3.956133e+00  2.000000e-01
     vertex -9.002984e+00  3.851266e+00  2.000000e+00
     vertex -9.184963e+00  3.365255e+00  2.000000e-01
   endloop
 endfacet
 facet normal  8.900368e-01 -4.558836e-01 -2.166101e-03
   outer loop
     vertex -8.706194e+00  4.515233e+00  2.000000e-01
     vertex -8.499284e+00  4.910636e+00  2.000000e+00
     vertex -8.777175e+00  4.368101e+00  2.000000e+00
   endloop
 endfacet
 facet normal  9.105728e-01 -4.133432e-01  2.120969e-03
   outer loop
     vertex -8.706194e+00  4.515233e+00  2.000000e-01
     vertex -8.777175e+00  4.368101e+00  2.000000e+00
     vertex -8.959990e+00  3.956133e+00  2.000000e-01
   endloop
 endfacet
 facet normal  8.579554e-01 -5.137198e-01 -2.114568e-03
   outer loop
     vertex -8.423252e+00  5.045026e+00  2.000000e-01
     vertex -8.192923e+00  5.422286e+00  2.000000e+00
     vertex -8.499284e+00  4.910636e+00  2.000000e+00
   endloop
 endfacet
 facet normal  8.820844e-01 -4.710868e-01  2.087681e-03
   outer loop
     vertex -8.423252e+00  5.045026e+00  2.000000e-01
     vertex -8.499284e+00  4.910636e+00  2.000000e+00
     vertex -8.706194e+00  4.515233e+00  2.000000e-01
   endloop
 endfacet
 facet normal  8.215593e-01 -5.701192e-01 -2.090654e-03
   outer loop
     vertex -8.110468e+00  5.547705e+00  2.000000e-01
     vertex -7.857638e+00  5.905441e+00  2.000000e+00
     vertex -8.192923e+00  5.422286e+00  2.000000e+00
   endloop
 endfacet
 facet normal  8.490511e-01 -5.283067e-01  2.082086e-03
   outer loop
     vertex -8.110468e+00  5.547705e+00  2.000000e-01
     vertex -8.192923e+00  5.422286e+00  2.000000e+00
     vertex -8.423252e+00  5.045026e+00  2.000000e-01
   endloop
 endfacet
 facet normal  7.909171e-01 -6.119230e-01 -6.531428e-04
   outer loop
     vertex -7.801941e+00  5.979352e+00  2.000000e-01
     vertex -7.666423e+00  6.152589e+00  2.000000e+00
     vertex -7.857638e+00  5.905441e+00  2.000000e+00
   endloop
 endfacet
 facet normal  8.135466e-01 -5.814983e-01  1.296345e-03
   outer loop
     vertex -7.801941e+00  5.979352e+00  2.000000e-01
     vertex -7.857638e+00  5.905441e+00  2.000000e+00
     vertex -8.110468e+00  5.547705e+00  2.000000e-01
   endloop
 endfacet
 facet normal  7.683912e-01 -6.399804e-01 -8.557338e-10
   outer loop
     vertex -7.467760e+00  6.391113e+00  2.000000e-01
     vertex -7.467760e+00  6.391113e+00  2.000000e+00
     vertex -7.666423e+00  6.152589e+00  2.000000e+00
   endloop
 endfacet
 facet normal  7.764584e-01 -6.301647e-01  2.191063e-03
   outer loop
     vertex -7.467760e+00  6.391113e+00  2.000000e-01
     vertex -7.666423e+00  6.152589e+00  2.000000e+00
     vertex -7.801941e+00  5.979352e+00  2.000000e-01
   endloop
 endfacet
 facet normal  5.492116e-16  1.000000e+00 -0.000000e+00
   outer loop
     vertex -9.264649e+00  1.464844e+00  2.000000e-01
     vertex -9.668945e+00  1.464844e+00  2.000000e+00
     vertex -9.264649e+00  1.464844e+00  2.000000e+00
   endloop
 endfacet
 facet normal  5.492116e-16  1.000000e+00 -0.000000e+00
   outer loop
     vertex -9.668945e+00  1.464844e+00  2.000000e-01
     vertex -9.668945e+00  1.464844e+00  2.000000e+00
     vertex -9.264649e+00  1.464844e+00  2.000000e-01
   endloop
 endfacet
 facet normal  9.858101e-01  1.678645e-01  0.000000e+00
   outer loop
     vertex -9.075784e+00  1.331189e+00  2.000000e-01
     vertex -9.064453e+00  1.264648e+00  2.000000e+00
     vertex -9.064453e+00  1.264648e+00  2.000000e-01
   endloop
 endfacet
 facet normal  9.752985e-01  2.208817e-01  2.026050e-03
   outer loop
     vertex -9.075784e+00  1.331189e+00  2.000000e-01
     vertex -9.084046e+00  1.351161e+00  2.000000e+00
     vertex -9.064453e+00  1.264648e+00  2.000000e+00
   endloop
 endfacet
 facet normal  7.838745e-01  6.209131e-01  2.763194e-03
   outer loop
     vertex -9.108602e+00  1.390172e+00  2.000000e-01
     vertex -9.139124e+00  1.420694e+00  2.000000e+00
     vertex -9.084046e+00  1.351161e+00  2.000000e+00
   endloop
 endfacet
 facet normal  8.738435e-01  4.862053e-01 -1.383621e-03
   outer loop
     vertex -9.108602e+00  1.390172e+00  2.000000e-01
     vertex -9.084046e+00  1.351161e+00  2.000000e+00
     vertex -9.075784e+00  1.331189e+00  2.000000e-01
   endloop
 endfacet
 facet normal  4.862106e-01  8.738406e-01  1.383649e-03
   outer loop
     vertex -9.178135e+00  1.445250e+00  2.000000e-01
     vertex -9.198107e+00  1.453513e+00  2.000000e+00
     vertex -9.139124e+00  1.420694e+00  2.000000e+00
   endloop
 endfacet
 facet normal  6.209178e-01  7.838708e-01 -2.763250e-03
   outer loop
     vertex -9.178135e+00  1.445250e+00  2.000000e-01
     vertex -9.139124e+00  1.420694e+00  2.000000e+00
     vertex -9.108602e+00  1.390172e+00  2.000000e-01
   endloop
 endfacet
 facet normal  1.678658e-01  9.858099e-01 -0.000000e+00
   outer loop
     vertex -9.264649e+00  1.464844e+00  2.000000e-01
     vertex -9.264649e+00  1.464844e+00  2.000000e+00
     vertex -9.198107e+00  1.453513e+00  2.000000e+00
   endloop
 endfacet
 facet normal  2.208830e-01  9.752982e-01 -2.026077e-03
   outer loop
     vertex -9.264649e+00  1.464844e+00  2.000000e-01
     vertex -9.198107e+00  1.453513e+00  2.000000e+00
     vertex -9.178135e+00  1.445250e+00  2.000000e-01
   endloop
 endfacet
 facet normal  1.000000e+00  0.000000e+00  0.000000e+00
   outer loop
     vertex -9.064453e+00  1.264648e+00  2.000000e-01
     vertex -9.064453e+00 -1.523438e-01  2.000000e+00
     vertex -9.064453e+00 -1.523438e-01  2.000000e-01
   endloop
 endfacet
 facet normal  1.000000e+00  0.000000e+00 -0.000000e+00
   outer loop
     vertex -9.064453e+00  1.264648e+00  2.000000e-01
     vertex -9.064453e+00  1.264648e+00  2.000000e+00
     vertex -9.064453e+00 -1.523438e-01  2.000000e+00
   endloop
 endfacet
 facet normal  7.071068e-01  7.071068e-01  0.000000e+00
   outer loop
     vertex -9.064453e+00 -1.523438e-01  2.000000e-01
     vertex -8.681641e+00 -5.351563e-01  2.000000e+00
     vertex -8.681641e+00 -5.351563e-01  2.000000e-01
   endloop
 endfacet
 facet normal  7.071068e-01  7.071068e-01 -0.000000e+00
   outer loop
     vertex -9.064453e+00 -1.523438e-01  2.000000e-01
     vertex -9.064453e+00 -1.523438e-01  2.000000e+00
     vertex -8.681641e+00 -5.351563e-01  2.000000e+00
   endloop
 endfacet
 facet normal  3.249124e-17  1.000000e+00  0.000000e+00
   outer loop
     vertex -8.681641e+00 -5.351563e-01  2.000000e+00
     vertex -5.264649e+00 -5.351563e-01  2.000000e+00
     vertex -5.264649e+00 -5.351563e-01  2.000000e-01
   endloop
 endfacet
 facet normal  3.249124e-17  1.000000e+00 -0.000000e+00
   outer loop
     vertex -8.681641e+00 -5.351563e-01  2.000000e-01
     vertex -8.681641e+00 -5.351563e-01  2.000000e+00
     vertex -5.264649e+00 -5.351563e-01  2.000000e-01
   endloop
 endfacet
 facet normal  9.858101e-01  1.678645e-01  0.000000e+00
   outer loop
     vertex -5.075784e+00 -6.688111e-01  2.000000e-01
     vertex -5.064453e+00 -7.353515e-01  2.000000e+00
     vertex -5.064453e+00 -7.353515e-01  2.000000e-01
   endloop
 endfacet
 facet normal  9.752985e-01  2.208817e-01  2.026050e-03
   outer loop
     vertex -5.075784e+00 -6.688111e-01  2.000000e-01
     vertex -5.084046e+00 -6.488388e-01  2.000000e+00
     vertex -5.064453e+00 -7.353515e-01  2.000000e+00
   endloop
 endfacet
 facet normal  7.838745e-01  6.209131e-01  2.763194e-03
   outer loop
     vertex -5.108602e+00 -6.098281e-01  2.000000e-01
     vertex -5.139124e+00 -5.793059e-01  2.000000e+00
     vertex -5.084046e+00 -6.488388e-01  2.000000e+00
   endloop
 endfacet
 facet normal  8.738435e-01  4.862053e-01 -1.383621e-03
   outer loop
     vertex -5.108602e+00 -6.098281e-01  2.000000e-01
     vertex -5.084046e+00 -6.488388e-01  2.000000e+00
     vertex -5.075784e+00 -6.688111e-01  2.000000e-01
   endloop
 endfacet
 facet normal  4.862106e-01  8.738406e-01  1.383649e-03
   outer loop
     vertex -5.178135e+00 -5.547496e-01  2.000000e-01
     vertex -5.198107e+00 -5.464871e-01  2.000000e+00
     vertex -5.139124e+00 -5.793059e-01  2.000000e+00
   endloop
 endfacet
 facet normal  6.209178e-01  7.838708e-01 -2.763250e-03
   outer loop
     vertex -5.178135e+00 -5.547496e-01  2.000000e-01
     vertex -5.139124e+00 -5.793059e-01  2.000000e+00
     vertex -5.108602e+00 -6.098281e-01  2.000000e-01
   endloop
 endfacet
 facet normal  1.678658e-01  9.858099e-01 -0.000000e+00
   outer loop
     vertex -5.264649e+00 -5.351563e-01  2.000000e-01
     vertex -5.264649e+00 -5.351563e-01  2.000000e+00
     vertex -5.198107e+00 -5.464871e-01  2.000000e+00
   endloop
 endfacet
 facet normal  2.208830e-01  9.752982e-01 -2.026077e-03
   outer loop
     vertex -5.264649e+00 -5.351563e-01  2.000000e-01
     vertex -5.198107e+00 -5.464871e-01  2.000000e+00
     vertex -5.178135e+00 -5.547496e-01  2.000000e-01
   endloop
 endfacet
 facet normal  1.000000e+00  0.000000e+00  0.000000e+00
   outer loop
     vertex -5.064453e+00 -7.353515e-01  2.000000e-01
     vertex -5.064453e+00 -1.235352e+00  2.000000e+00
     vertex -5.064453e+00 -1.235352e+00  2.000000e-01
   endloop
 endfacet
 facet normal  1.000000e+00  0.000000e+00 -0.000000e+00
   outer loop
     vertex -5.064453e+00 -7.353515e-01  2.000000e-01
     vertex -5.064453e+00 -7.353515e-01  2.000000e+00
     vertex -5.064453e+00 -1.235352e+00  2.000000e+00
   endloop
 endfacet
 facet normal  1.678636e-01 -9.858102e-01  0.000000e+00
   outer loop
     vertex -5.198108e+00 -1.424216e+00  2.000000e-01
     vertex -5.264648e+00 -1.435547e+00  2.000000e+00
     vertex -5.264648e+00 -1.435547e+00  2.000000e-01
   endloop
 endfacet
 facet normal  2.208807e-01 -9.752987e-01  2.026048e-03
   outer loop
     vertex -5.198108e+00 -1.424216e+00  2.000000e-01
     vertex -5.178136e+00 -1.415954e+00  2.000000e+00
     vertex -5.264648e+00 -1.435547e+00  2.000000e+00
   endloop
 endfacet
 facet normal  6.209123e-01 -7.838751e-01  2.763194e-03
   outer loop
     vertex -5.139125e+00 -1.391398e+00  2.000000e-01
     vertex -5.108603e+00 -1.360876e+00  2.000000e+00
     vertex -5.178136e+00 -1.415954e+00  2.000000e+00
   endloop
 endfacet
 facet normal  4.862046e-01 -8.738439e-01 -1.383621e-03
   outer loop
     vertex -5.139125e+00 -1.391398e+00  2.000000e-01
     vertex -5.178136e+00 -1.415954e+00  2.000000e+00
     vertex -5.198108e+00 -1.424216e+00  2.000000e-01
   endloop
 endfacet
 facet normal  8.738401e-01 -4.862114e-01  1.383649e-03
   outer loop
     vertex -5.084046e+00 -1.321865e+00  2.000000e-01
     vertex -5.075784e+00 -1.301893e+00  2.000000e+00
     vertex -5.108603e+00 -1.360876e+00  2.000000e+00
   endloop
 endfacet
 facet normal  7.838703e-01 -6.209184e-01 -2.763250e-03
   outer loop
     vertex -5.084046e+00 -1.321865e+00  2.000000e-01
     vertex -5.108603e+00 -1.360876e+00  2.000000e+00
     vertex -5.139125e+00 -1.391398e+00  2.000000e-01
   endloop
 endfacet
 facet normal  9.858097e-01 -1.678666e-01  0.000000e+00
   outer loop
     vertex -5.064453e+00 -1.235352e+00  2.000000e-01
     vertex -5.064453e+00 -1.235352e+00  2.000000e+00
     vertex -5.075784e+00 -1.301893e+00  2.000000e+00
   endloop
 endfacet
 facet normal  9.752981e-01 -2.208837e-01 -2.026076e-03
   outer loop
     vertex -5.064453e+00 -1.235352e+00  2.000000e-01
     vertex -5.075784e+00 -1.301893e+00  2.000000e+00
     vertex -5.084046e+00 -1.321865e+00  2.000000e-01
   endloop
 endfacet
 facet normal  5.033732e-17 -1.000000e+00  0.000000e+00
   outer loop
     vertex -5.264648e+00 -1.435547e+00  2.000000e-01
     vertex -9.675781e+00 -1.435547e+00  2.000000e+00
     vertex -9.675781e+00 -1.435547e+00  2.000000e-01
   endloop
 endfacet
 facet normal  5.033732e-17 -1.000000e+00  0.000000e+00
   outer loop
     vertex -5.264648e+00 -1.435547e+00  2.000000e-01
     vertex -5.264648e+00 -1.435547e+00  2.000000e+00
     vertex -9.675781e+00 -1.435547e+00  2.000000e+00
   endloop
 endfacet
 facet normal  1.557665e-01  9.877939e-01  0.000000e+00
   outer loop
     vertex -1.897121e+00 -9.591013e+00  2.000000e-01
     vertex -1.464844e+00 -9.659179e+00  2.000000e+00
     vertex -1.464844e+00 -9.659179e+00  2.000000e-01
   endloop
 endfacet
 facet normal  1.648891e-01  9.863096e-01 -2.247043e-03
   outer loop
     vertex -1.897121e+00 -9.591013e+00  2.000000e-01
     vertex -2.069574e+00 -9.558082e+00  2.000000e+00
     vertex -1.464844e+00 -9.659179e+00  2.000000e+00
   endloop
 endfacet
 facet normal  2.280037e-01  9.736567e-01 -2.631334e-03
   outer loop
     vertex -2.325755e+00 -9.502956e+00  2.000000e-01
     vertex -2.653315e+00 -9.421386e+00  2.000000e+00
     vertex -2.069574e+00 -9.558082e+00  2.000000e+00
   endloop
 endfacet
 facet normal  2.012339e-01  9.795423e-01  1.358860e-03
   outer loop
     vertex -2.325755e+00 -9.502956e+00  2.000000e-01
     vertex -2.069574e+00 -9.558082e+00  2.000000e+00
     vertex -1.897121e+00 -9.591013e+00  2.000000e-01
   endloop
 endfacet
 facet normal  2.905892e-01  9.568441e-01 -2.706267e-03
   outer loop
     vertex -2.913173e+00 -9.347559e+00  2.000000e-01
     vertex -3.230288e+00 -9.246162e+00  2.000000e+00
     vertex -2.653315e+00 -9.421386e+00  2.000000e+00
   endloop
 endfacet
 facet normal  2.557437e-01  9.667408e-01  2.730142e-03
   outer loop
     vertex -2.913173e+00 -9.347559e+00  2.000000e-01
     vertex -2.653315e+00 -9.421386e+00  2.000000e+00
     vertex -2.325755e+00 -9.502956e+00  2.000000e-01
   endloop
 endfacet
 facet normal  3.525116e-01  9.358035e-01 -2.709792e-03
   outer loop
     vertex -3.487840e+00 -9.154356e+00  2.000000e-01
     vertex -3.793008e+00 -9.034189e+00  2.000000e+00
     vertex -3.230288e+00 -9.246162e+00  2.000000e+00
   endloop
 endfacet
 facet normal  3.186716e-01  9.478612e-01  2.747170e-03
   outer loop
     vertex -3.487840e+00 -9.154356e+00  2.000000e-01
     vertex -3.230288e+00 -9.246162e+00  2.000000e+00
     vertex -2.913173e+00 -9.347559e+00  2.000000e-01
   endloop
 endfacet
 facet normal  4.129053e-01  9.107705e-01 -2.523358e-03
   outer loop
     vertex -3.993599e+00 -8.948236e+00  2.000000e-01
     vertex -4.341005e+00 -8.785750e+00  2.000000e+00
     vertex -3.793008e+00 -9.034189e+00  2.000000e+00
   endloop
 endfacet
 facet normal  3.774056e-01  9.260455e-01  2.162117e-03
   outer loop
     vertex -3.993599e+00 -8.948236e+00  2.000000e-01
     vertex -3.793008e+00 -9.034189e+00  2.000000e+00
     vertex -3.487840e+00 -9.154356e+00  2.000000e-01
   endloop
 endfacet
 facet normal  4.713392e-01  8.819494e-01 -2.162454e-03
   outer loop
     vertex -4.487888e+00 -8.711665e+00  2.000000e-01
     vertex -4.873565e+00 -8.501134e+00  2.000000e+00
     vertex -4.341005e+00 -8.785750e+00  2.000000e+00
   endloop
 endfacet
 facet normal  4.317107e-01  9.020101e-01  1.896956e-03
   outer loop
     vertex -4.487888e+00 -8.711665e+00  2.000000e-01
     vertex -4.341005e+00 -8.785750e+00  2.000000e+00
     vertex -3.993599e+00 -8.948236e+00  2.000000e-01
   endloop
 endfacet
 facet normal  5.274456e-01  8.495872e-01 -1.635557e-03
   outer loop
     vertex -4.969895e+00 -8.444795e+00  2.000000e-01
     vertex -5.389696e+00 -8.180707e+00  2.000000e+00
     vertex -4.873565e+00 -8.501134e+00  2.000000e+00
   endloop
 endfacet
 facet normal  4.843765e-01  8.748585e-01  1.460339e-03
   outer loop
     vertex -4.969895e+00 -8.444795e+00  2.000000e-01
     vertex -4.873565e+00 -8.501134e+00  2.000000e+00
     vertex -4.487888e+00 -8.711665e+00  2.000000e-01
   endloop
 endfacet
 facet normal  5.809281e-01  8.139543e-01 -9.483592e-04
   outer loop
     vertex -5.438608e+00 -8.147895e+00  2.000000e-01
     vertex -5.888104e+00 -7.824987e+00  2.000000e+00
     vertex -5.389696e+00 -8.180707e+00  2.000000e+00
   endloop
 endfacet
 facet normal  5.351146e-01  8.447791e-01  8.584413e-04
   outer loop
     vertex -5.438608e+00 -8.147895e+00  2.000000e-01
     vertex -5.389696e+00 -8.180707e+00  2.000000e+00
     vertex -4.969895e+00 -8.444795e+00  2.000000e-01
   endloop
 endfacet
 facet normal  5.836857e-01  8.119797e-01  9.448605e-05
   outer loop
     vertex -5.892796e+00 -7.821405e+00  2.000000e-01
     vertex -5.888104e+00 -7.824987e+00  2.000000e+00
     vertex -5.438608e+00 -8.147895e+00  2.000000e-01
   endloop
 endfacet
 facet normal  6.315639e-01  7.753235e-01 -7.751451e-04
   outer loop
     vertex -6.330973e+00 -7.466034e+00  2.000000e-01
     vertex -6.367169e+00 -7.434750e+00  2.000000e+00
     vertex -5.888104e+00 -7.824987e+00  2.000000e+00
   endloop
 endfacet
 facet normal  6.299006e-01  7.766758e-01 -9.624279e-05
   outer loop
     vertex -6.330973e+00 -7.466034e+00  2.000000e-01
     vertex -5.888104e+00 -7.824987e+00  2.000000e+00
     vertex -5.892796e+00 -7.821405e+00  2.000000e-01
   endloop
 endfacet
 facet normal  6.792014e-01  7.339505e-01 -1.493950e-03
   outer loop
     vertex -6.751406e+00 -7.082839e+00  2.000000e-01
     vertex -6.824935e+00 -7.011131e+00  2.000000e+00
     vertex -6.367169e+00 -7.434750e+00  2.000000e+00
   endloop
 endfacet
 facet normal  6.736184e-01  7.390790e-01  7.004614e-04
   outer loop
     vertex -6.751406e+00 -7.082839e+00  2.000000e-01
     vertex -6.367169e+00 -7.434750e+00  2.000000e+00
     vertex -6.330973e+00 -7.466034e+00  2.000000e-01
   endloop
 endfacet
 facet normal  7.237541e-01  6.900549e-01 -2.052902e-03
   outer loop
     vertex -7.152181e+00 -6.673259e+00  2.000000e-01
     vertex -7.259110e+00 -6.555753e+00  2.000000e+00
     vertex -6.824935e+00 -7.011131e+00  2.000000e+00
   endloop
 endfacet
 facet normal  7.147474e-01  6.993815e-01  1.335221e-03
   outer loop
     vertex -7.152181e+00 -6.673259e+00  2.000000e-01
     vertex -6.824935e+00 -7.011131e+00  2.000000e+00
     vertex -6.751406e+00 -7.082839e+00  2.000000e-01
   endloop
 endfacet
 facet normal  7.651883e-01  6.438018e-01 -2.450505e-03
   outer loop
     vertex -7.531190e+00 -6.239225e+00  2.000000e-01
     vertex -7.667093e+00 -6.070846e+00  2.000000e+00
     vertex -7.259110e+00 -6.555753e+00  2.000000e+00
   endloop
 endfacet
 facet normal  7.532382e-01  6.577454e-01  1.807790e-03
   outer loop
     vertex -7.531190e+00 -6.239225e+00  2.000000e-01
     vertex -7.259110e+00 -6.555753e+00  2.000000e+00
     vertex -7.152181e+00 -6.673259e+00  2.000000e-01
   endloop
 endfacet
 facet normal  7.890749e-01  6.142934e-01  2.113283e-03
   outer loop
     vertex -7.886182e+00 -5.783229e+00  2.000000e-01
     vertex -7.667093e+00 -6.070846e+00  2.000000e+00
     vertex -7.531190e+00 -6.239225e+00  2.000000e-01
   endloop
 endfacet
 facet normal  8.035087e-01  5.952870e-01 -2.680546e-03
   outer loop
     vertex -7.886182e+00 -5.783229e+00  2.000000e-01
     vertex -8.046020e+00 -5.559376e+00  2.000000e+00
     vertex -7.667093e+00 -6.070846e+00  2.000000e+00
   endloop
 endfacet
 facet normal  8.240275e-01  5.665432e-01  2.716146e-03
   outer loop
     vertex -8.249620e+00 -5.254614e+00  2.000000e-01
     vertex -8.046020e+00 -5.559376e+00  2.000000e+00
     vertex -7.886182e+00 -5.783229e+00  2.000000e-01
   endloop
 endfacet
 facet normal  8.387411e-01  5.445238e-01 -2.676295e-03
   outer loop
     vertex -8.249620e+00 -5.254614e+00  2.000000e-01
     vertex -8.392854e+00 -5.025141e+00  2.000000e+00
     vertex -8.046020e+00 -5.559376e+00  2.000000e+00
   endloop
 endfacet
 facet normal  8.576561e-01  5.142166e-01  2.692555e-03
   outer loop
     vertex -8.577355e+00 -4.707988e+00  2.000000e-01
     vertex -8.392854e+00 -5.025141e+00  2.000000e+00
     vertex -8.249620e+00 -5.254614e+00  2.000000e-01
   endloop
 endfacet
 facet normal  8.709113e-01  4.914329e-01 -2.680506e-03
   outer loop
     vertex -8.577355e+00 -4.707988e+00  2.000000e-01
     vertex -8.704507e+00 -4.472834e+00  2.000000e+00
     vertex -8.392854e+00 -5.025141e+00  2.000000e+00
   endloop
 endfacet
 facet normal  8.880618e-01  4.597164e-01  2.674484e-03
   outer loop
     vertex -8.866583e+00 -4.149269e+00  2.000000e-01
     vertex -8.704507e+00 -4.472834e+00  2.000000e+00
     vertex -8.577355e+00 -4.707988e+00  2.000000e-01
   endloop
 endfacet
 facet normal  9.000223e-01  4.358354e-01 -2.695276e-03
   outer loop
     vertex -8.866583e+00 -4.149269e+00  2.000000e-01
     vertex -8.978008e+00 -3.908040e+00  2.000000e+00
     vertex -8.704507e+00 -4.472834e+00  2.000000e+00
   endloop
 endfacet
 facet normal  9.152470e-01  4.028843e-01  2.663158e-03
   outer loop
     vertex -9.114943e+00 -3.585063e+00  2.000000e-01
     vertex -8.978008e+00 -3.908040e+00  2.000000e+00
     vertex -8.866583e+00 -4.149269e+00  2.000000e-01
   endloop
 endfacet
 facet normal  9.260264e-01  3.774488e-01 -2.720812e-03
   outer loop
     vertex -9.114943e+00 -3.585063e+00  2.000000e-01
     vertex -9.210709e+00 -3.337137e+00  2.000000e+00
     vertex -8.978008e+00 -3.908040e+00  2.000000e+00
   endloop
 endfacet
 facet normal  9.391596e-01  3.434708e-01  2.657942e-03
   outer loop
     vertex -9.320735e+00 -3.022359e+00  2.000000e-01
     vertex -9.210709e+00 -3.337137e+00  2.000000e+00
     vertex -9.114943e+00 -3.585063e+00  2.000000e-01
   endloop
 endfacet
 facet normal  9.477388e-01  3.190401e-01 -2.138827e-03
   outer loop
     vertex -9.320735e+00 -3.022359e+00  2.000000e-01
     vertex -9.383479e+00 -2.823906e+00  2.000000e+00
     vertex -9.210709e+00 -3.337137e+00  2.000000e+00
   endloop
 endfacet
 facet normal  9.596648e-01  2.811360e-01  2.455878e-03
   outer loop
     vertex -9.483109e+00 -2.468093e+00  2.000000e-01
     vertex -9.383479e+00 -2.823906e+00  2.000000e+00
     vertex -9.320735e+00 -3.022359e+00  2.000000e-01
   endloop
 endfacet
 facet normal  9.654145e-01  2.607131e-01 -1.899426e-03
   outer loop
     vertex -9.483109e+00 -2.468093e+00  2.000000e-01
     vertex -9.520429e+00 -2.316785e+00  2.000000e+00
     vertex -9.383479e+00 -2.823906e+00  2.000000e+00
   endloop
 endfacet
 facet normal  9.761441e-01  2.171148e-01  1.987909e-03
   outer loop
     vertex -9.597221e+00 -1.955045e+00  2.000000e-01
     vertex -9.520429e+00 -2.316785e+00  2.000000e+00
     vertex -9.483109e+00 -2.468093e+00  2.000000e-01
   endloop
 endfacet
 facet normal  9.793108e-01  2.023590e-01 -1.112619e-03
   outer loop
     vertex -9.597221e+00 -1.955045e+00  2.000000e-01
     vertex -9.612322e+00 -1.872071e+00  2.000000e+00
     vertex -9.520429e+00 -2.316785e+00  2.000000e+00
   endloop
 endfacet
 facet normal  9.887574e-01  1.495220e-01  1.402228e-03
   outer loop
     vertex -9.675781e+00 -1.435547e+00  2.000000e-01
     vertex -9.612322e+00 -1.872071e+00  2.000000e+00
     vertex -9.597221e+00 -1.955045e+00  2.000000e-01
   endloop
 endfacet
 facet normal  9.895977e-01  1.438621e-01 -0.000000e+00
   outer loop
     vertex -9.675781e+00 -1.435547e+00  2.000000e-01
     vertex -9.675781e+00 -1.435547e+00  2.000000e+00
     vertex -9.612322e+00 -1.872071e+00  2.000000e+00
   endloop
 endfacet
 facet normal -1.000000e+00  5.239026e-16  0.000000e+00
   outer loop
     vertex -1.464844e+00 -9.659179e+00  2.000000e-01
     vertex -1.464844e+00 -9.235351e+00  2.000000e+00
     vertex -1.464844e+00 -9.235351e+00  2.000000e-01
   endloop
 endfacet
 facet normal -1.000000e+00  5.239026e-16  0.000000e+00
   outer loop
     vertex -1.464844e+00 -9.659179e+00  2.000000e-01
     vertex -1.464844e+00 -9.659179e+00  2.000000e+00
     vertex -1.464844e+00 -9.235351e+00  2.000000e+00
   endloop
 endfacet
 facet normal -1.678645e-01  9.858101e-01  0.000000e+00
   outer loop
     vertex -1.331189e+00 -9.046487e+00  2.000000e-01
     vertex -1.264648e+00 -9.035156e+00  2.000000e+00
     vertex -1.264648e+00 -9.035156e+00  2.000000e-01
   endloop
 endfacet
 facet normal -2.208817e-01  9.752985e-01  2.026050e-03
   outer loop
     vertex -1.331189e+00 -9.046487e+00  2.000000e-01
     vertex -1.351161e+00 -9.054749e+00  2.000000e+00
     vertex -1.264648e+00 -9.035156e+00  2.000000e+00
   endloop
 endfacet
 facet normal -6.209131e-01  7.838745e-01  2.763194e-03
   outer loop
     vertex -1.390172e+00 -9.079305e+00  2.000000e-01
     vertex -1.420694e+00 -9.109827e+00  2.000000e+00
     vertex -1.351161e+00 -9.054749e+00  2.000000e+00
   endloop
 endfacet
 facet normal -4.862053e-01  8.738435e-01 -1.383621e-03
   outer loop
     vertex -1.390172e+00 -9.079305e+00  2.000000e-01
     vertex -1.351161e+00 -9.054749e+00  2.000000e+00
     vertex -1.331189e+00 -9.046487e+00  2.000000e-01
   endloop
 endfacet
 facet normal -8.738406e-01  4.862106e-01  1.383649e-03
   outer loop
     vertex -1.445250e+00 -9.148838e+00  2.000000e-01
     vertex -1.453513e+00 -9.168810e+00  2.000000e+00
     vertex -1.420694e+00 -9.109827e+00  2.000000e+00
   endloop
 endfacet
 facet normal -7.838708e-01  6.209178e-01 -2.763250e-03
   outer loop
     vertex -1.445250e+00 -9.148838e+00  2.000000e-01
     vertex -1.420694e+00 -9.109827e+00  2.000000e+00
     vertex -1.390172e+00 -9.079305e+00  2.000000e-01
   endloop
 endfacet
 facet normal -9.858099e-01  1.678658e-01  0.000000e+00
   outer loop
     vertex -1.464844e+00 -9.235351e+00  2.000000e-01
     vertex -1.464844e+00 -9.235351e+00  2.000000e+00
     vertex -1.453513e+00 -9.168810e+00  2.000000e+00
   endloop
 endfacet
 facet normal -9.752982e-01  2.208830e-01 -2.026077e-03
   outer loop
     vertex -1.464844e+00 -9.235351e+00  2.000000e-01
     vertex -1.453513e+00 -9.168810e+00  2.000000e+00
     vertex -1.445250e+00 -9.148838e+00  2.000000e-01
   endloop
 endfacet
 facet normal  0.000000e+00  1.000000e+00  0.000000e+00
   outer loop
     vertex -1.264648e+00 -9.035156e+00  2.000000e-01
     vertex -4.648438e-01 -9.035156e+00  2.000000e+00
     vertex -4.648438e-01 -9.035156e+00  2.000000e-01
   endloop
 endfacet
 facet normal  0.000000e+00  1.000000e+00  0.000000e+00
   outer loop
     vertex -1.264648e+00 -9.035156e+00  2.000000e-01
     vertex -1.264648e+00 -9.035156e+00  2.000000e+00
     vertex -4.648438e-01 -9.035156e+00  2.000000e+00
   endloop
 endfacet
 facet normal -1.000000e+00  0.000000e+00  0.000000e+00
   outer loop
     vertex -4.648438e-01 -9.035156e+00  2.000000e-01
     vertex -4.648438e-01 -8.318359e+00  2.000000e+00
     vertex -4.648438e-01 -8.318359e+00  2.000000e-01
   endloop
 endfacet
 facet normal -1.000000e+00  0.000000e+00  0.000000e+00
   outer loop
     vertex -4.648438e-01 -9.035156e+00  2.000000e-01
     vertex -4.648438e-01 -9.035156e+00  2.000000e+00
     vertex -4.648438e-01 -8.318359e+00  2.000000e+00
   endloop
 endfacet
 facet normal -7.071070e-01 -7.071066e-01  0.000000e+00
   outer loop
     vertex -4.648438e-01 -8.318359e+00  2.000000e-01
     vertex -9.062500e-01 -7.876953e+00  2.000000e+00
     vertex -9.062500e-01 -7.876953e+00  2.000000e-01
   endloop
 endfacet
 facet normal -7.071070e-01 -7.071066e-01  0.000000e+00
   outer loop
     vertex -4.648438e-01 -8.318359e+00  2.000000e-01
     vertex -4.648438e-01 -8.318359e+00  2.000000e+00
     vertex -9.062500e-01 -7.876953e+00  2.000000e+00
   endloop
 endfacet
 facet normal -9.941286e-01 -1.082055e-01  0.000000e+00
   outer loop
     vertex -9.601262e-01 -7.778694e+00  2.000000e-01
     vertex -9.648438e-01 -7.735352e+00  2.000000e+00
     vertex -9.648438e-01 -7.735352e+00  2.000000e-01
   endloop
 endfacet
 facet normal -9.849096e-01 -1.730623e-01  1.585844e-03
   outer loop
     vertex -9.601262e-01 -7.778694e+00  2.000000e-01
     vertex -9.528089e-01 -7.803843e+00  2.000000e+00
     vertex -9.648438e-01 -7.735352e+00  2.000000e+00
   endloop
 endfacet
 facet normal -8.969999e-01 -4.420303e-01  6.353988e-04
   outer loop
     vertex -9.461298e-01 -7.819984e+00  2.000000e-01
     vertex -9.335372e-01 -7.842950e+00  2.000000e+00
     vertex -9.528089e-01 -7.803843e+00  2.000000e+00
   endloop
 endfacet
 facet normal -9.470679e-01 -3.210326e-01 -6.353973e-04
   outer loop
     vertex -9.461298e-01 -7.819984e+00  2.000000e-01
     vertex -9.528089e-01 -7.803843e+00  2.000000e+00
     vertex -9.601262e-01 -7.778694e+00  2.000000e-01
   endloop
 endfacet
 facet normal -7.799171e-01 -6.258828e-01  0.000000e+00
   outer loop
     vertex -9.062500e-01 -7.876953e+00  2.000000e-01
     vertex -9.062500e-01 -7.876953e+00  2.000000e+00
     vertex -9.335372e-01 -7.842950e+00  2.000000e+00
   endloop
 endfacet
 facet normal -8.192215e-01 -5.734750e-01 -1.585847e-03
   outer loop
     vertex -9.062500e-01 -7.876953e+00  2.000000e-01
     vertex -9.335372e-01 -7.842950e+00  2.000000e+00
     vertex -9.461298e-01 -7.819984e+00  2.000000e-01
   endloop
 endfacet
 facet normal -1.000000e+00  4.440892e-16  0.000000e+00
   outer loop
     vertex -9.648438e-01 -7.735352e+00  2.000000e-01
     vertex -9.648437e-01 -7.235352e+00  2.000000e+00
     vertex -9.648437e-01 -7.235352e+00  2.000000e-01
   endloop
 endfacet
 facet normal -1.000000e+00  4.440892e-16  0.000000e+00
   outer loop
     vertex -9.648438e-01 -7.735352e+00  2.000000e-01
     vertex -9.648438e-01 -7.735352e+00  2.000000e+00
     vertex -9.648437e-01 -7.235352e+00  2.000000e+00
   endloop
 endfacet
 facet normal -1.678639e-01  9.858102e-01  0.000000e+00
   outer loop
     vertex -8.311887e-01 -7.046487e+00  2.000000e-01
     vertex -7.646484e-01 -7.035157e+00  2.000000e+00
     vertex -7.646484e-01 -7.035157e+00  2.000000e-01
   endloop
 endfacet
 facet normal -2.208817e-01  9.752985e-01  2.026066e-03
   outer loop
     vertex -8.311887e-01 -7.046487e+00  2.000000e-01
     vertex -8.511612e-01 -7.054750e+00  2.000000e+00
     vertex -7.646484e-01 -7.035157e+00  2.000000e+00
   endloop
 endfacet
 facet normal -6.209131e-01  7.838745e-01  2.763196e-03
   outer loop
     vertex -8.901715e-01 -7.079305e+00  2.000000e-01
     vertex -9.206941e-01 -7.109827e+00  2.000000e+00
     vertex -8.511612e-01 -7.054750e+00  2.000000e+00
   endloop
 endfacet
 facet normal -4.862037e-01  8.738444e-01 -1.383622e-03
   outer loop
     vertex -8.901715e-01 -7.079305e+00  2.000000e-01
     vertex -8.511612e-01 -7.054750e+00  2.000000e+00
     vertex -8.311887e-01 -7.046487e+00  2.000000e-01
   endloop
 endfacet
 facet normal -8.738403e-01  4.862111e-01  1.383651e-03
   outer loop
     vertex -9.452502e-01 -7.148838e+00  2.000000e-01
     vertex -9.535129e-01 -7.168810e+00  2.000000e+00
     vertex -9.206941e-01 -7.109827e+00  2.000000e+00
   endloop
 endfacet
 facet normal -7.838692e-01  6.209198e-01 -2.763252e-03
   outer loop
     vertex -9.452502e-01 -7.148838e+00  2.000000e-01
     vertex -9.206941e-01 -7.109827e+00  2.000000e+00
     vertex -8.901715e-01 -7.079305e+00  2.000000e-01
   endloop
 endfacet
 facet normal -9.858095e-01  1.678676e-01  0.000000e+00
   outer loop
     vertex -9.648437e-01 -7.235352e+00  2.000000e-01
     vertex -9.648437e-01 -7.235352e+00  2.000000e+00
     vertex -9.535129e-01 -7.168810e+00  2.000000e+00
   endloop
 endfacet
 facet normal -9.752977e-01  2.208854e-01 -2.026093e-03
   outer loop
     vertex -9.648437e-01 -7.235352e+00  2.000000e-01
     vertex -9.535129e-01 -7.168810e+00  2.000000e+00
     vertex -9.452502e-01 -7.148838e+00  2.000000e-01
   endloop
 endfacet
 facet normal  0.000000e+00  1.000000e+00 -0.000000e+00
   outer loop
     vertex  7.353515e-01 -7.035157e+00  2.000000e-01
     vertex -7.646484e-01 -7.035157e+00  2.000000e+00
     vertex  7.353515e-01 -7.035157e+00  2.000000e+00
   endloop
 endfacet
 facet normal  0.000000e+00  1.000000e+00  0.000000e+00
   outer loop
     vertex -7.646484e-01 -7.035157e+00  2.000000e-01
     vertex -7.646484e-01 -7.035157e+00  2.000000e+00
     vertex  7.353515e-01 -7.035157e+00  2.000000e-01
   endloop
 endfacet
 facet normal  9.858099e-01  1.678654e-01  0.000000e+00
   outer loop
     vertex  9.242163e-01 -7.168811e+00  2.000000e-01
     vertex  9.355468e-01 -7.235351e+00  2.000000e+00
     vertex  9.355468e-01 -7.235351e+00  2.000000e-01
   endloop
 endfacet
 facet normal  9.752982e-01  2.208831e-01  2.026066e-03
   outer loop
     vertex  9.242163e-01 -7.168811e+00  2.000000e-01
     vertex  9.159537e-01 -7.148839e+00  2.000000e+00
     vertex  9.355468e-01 -7.235351e+00  2.000000e+00
   endloop
 endfacet
 facet normal  7.838736e-01  6.209143e-01  2.763196e-03
   outer loop
     vertex  8.913984e-01 -7.109829e+00  2.000000e-01
     vertex  8.608760e-01 -7.079306e+00  2.000000e+00
     vertex  9.159537e-01 -7.148839e+00  2.000000e+00
   endloop
 endfacet
 facet normal  8.738437e-01  4.862050e-01 -1.383622e-03
   outer loop
     vertex  8.913984e-01 -7.109829e+00  2.000000e-01
     vertex  9.159537e-01 -7.148839e+00  2.000000e+00
     vertex  9.242163e-01 -7.168811e+00  2.000000e-01
   endloop
 endfacet
 facet normal  4.862098e-01  8.738410e-01  1.383651e-03
   outer loop
     vertex  8.218652e-01 -7.054750e+00  2.000000e-01
     vertex  8.018926e-01 -7.046487e+00  2.000000e+00
     vertex  8.608760e-01 -7.079306e+00  2.000000e+00
   endloop
 endfacet
 facet normal  6.209186e-01  7.838702e-01 -2.763252e-03
   outer loop
     vertex  8.218652e-01 -7.054750e+00  2.000000e-01
     vertex  8.608760e-01 -7.079306e+00  2.000000e+00
     vertex  8.913984e-01 -7.109829e+00  2.000000e-01
   endloop
 endfacet
 facet normal  1.678662e-01  9.858098e-01 -0.000000e+00
   outer loop
     vertex  7.353515e-01 -7.035157e+00  2.000000e-01
     vertex  7.353515e-01 -7.035157e+00  2.000000e+00
     vertex  8.018926e-01 -7.046487e+00  2.000000e+00
   endloop
 endfacet
 facet normal  2.208839e-01  9.752980e-01 -2.026093e-03
   outer loop
     vertex  7.353515e-01 -7.035157e+00  2.000000e-01
     vertex  8.018926e-01 -7.046487e+00  2.000000e+00
     vertex  8.218652e-01 -7.054750e+00  2.000000e-01
   endloop
 endfacet
 facet normal  1.000000e+00  0.000000e+00  0.000000e+00
   outer loop
     vertex  9.355468e-01 -7.235351e+00  2.000000e-01
     vertex  9.355468e-01 -7.735352e+00  2.000000e+00
     vertex  9.355468e-01 -7.735352e+00  2.000000e-01
   endloop
 endfacet
 facet normal  1.000000e+00  0.000000e+00 -0.000000e+00
   outer loop
     vertex  9.355468e-01 -7.235351e+00  2.000000e-01
     vertex  9.355468e-01 -7.235351e+00  2.000000e+00
     vertex  9.355468e-01 -7.735352e+00  2.000000e+00
   endloop
 endfacet
 facet normal  7.799172e-01 -6.258827e-01  0.000000e+00
   outer loop
     vertex  9.042404e-01 -7.842950e+00  2.000000e-01
     vertex  8.769531e-01 -7.876953e+00  2.000000e+00
     vertex  8.769531e-01 -7.876953e+00  2.000000e-01
   endloop
 endfacet
 facet normal  8.192215e-01 -5.734750e-01  1.585844e-03
   outer loop
     vertex  9.042404e-01 -7.842950e+00  2.000000e-01
     vertex  9.168329e-01 -7.819984e+00  2.000000e+00
     vertex  8.769531e-01 -7.876953e+00  2.000000e+00
   endloop
 endfacet
 facet normal  9.470679e-01 -3.210326e-01  6.353988e-04
   outer loop
     vertex  9.235120e-01 -7.803843e+00  2.000000e-01
     vertex  9.308293e-01 -7.778694e+00  2.000000e+00
     vertex  9.168329e-01 -7.819984e+00  2.000000e+00
   endloop
 endfacet
 facet normal  8.969999e-01 -4.420302e-01 -6.353973e-04
   outer loop
     vertex  9.235120e-01 -7.803843e+00  2.000000e-01
     vertex  9.168329e-01 -7.819984e+00  2.000000e+00
     vertex  9.042404e-01 -7.842950e+00  2.000000e-01
   endloop
 endfacet
 facet normal  9.941286e-01 -1.082054e-01  0.000000e+00
   outer loop
     vertex  9.355468e-01 -7.735352e+00  2.000000e-01
     vertex  9.355468e-01 -7.735352e+00  2.000000e+00
     vertex  9.308293e-01 -7.778694e+00  2.000000e+00
   endloop
 endfacet
 facet normal  9.849096e-01 -1.730624e-01 -1.585847e-03
   outer loop
     vertex  9.355468e-01 -7.735352e+00  2.000000e-01
     vertex  9.308293e-01 -7.778694e+00  2.000000e+00
     vertex  9.235120e-01 -7.803843e+00  2.000000e-01
   endloop
 endfacet
 facet normal  7.071070e-01 -7.071066e-01  0.000000e+00
   outer loop
     vertex  8.769531e-01 -7.876953e+00  2.000000e-01
     vertex  4.355469e-01 -8.318359e+00  2.000000e+00
     vertex  4.355469e-01 -8.318359e+00  2.000000e-01
   endloop
 endfacet
 facet normal  7.071070e-01 -7.071066e-01  0.000000e+00
   outer loop
     vertex  8.769531e-01 -7.876953e+00  2.000000e-01
     vertex  8.769531e-01 -7.876953e+00  2.000000e+00
     vertex  4.355469e-01 -8.318359e+00  2.000000e+00
   endloop
 endfacet
 facet normal  1.000000e+00  0.000000e+00  0.000000e+00
   outer loop
     vertex  4.355469e-01 -8.318359e+00  2.000000e-01
     vertex  4.355469e-01 -9.035156e+00  2.000000e+00
     vertex  4.355469e-01 -9.035156e+00  2.000000e-01
   endloop
 endfacet
 facet normal  1.000000e+00  0.000000e+00 -0.000000e+00
   outer loop
     vertex  4.355469e-01 -8.318359e+00  2.000000e-01
     vertex  4.355469e-01 -8.318359e+00  2.000000e+00
     vertex  4.355469e-01 -9.035156e+00  2.000000e+00
   endloop
 endfacet
 facet normal  0.000000e+00  1.000000e+00 -0.000000e+00
   outer loop
     vertex  1.235352e+00 -9.035156e+00  2.000000e-01
     vertex  4.355469e-01 -9.035156e+00  2.000000e+00
     vertex  1.235352e+00 -9.035156e+00  2.000000e+00
   endloop
 endfacet
 facet normal  0.000000e+00  1.000000e+00  0.000000e+00
   outer loop
     vertex  4.355469e-01 -9.035156e+00  2.000000e-01
     vertex  4.355469e-01 -9.035156e+00  2.000000e+00
     vertex  1.235352e+00 -9.035156e+00  2.000000e-01
   endloop
 endfacet
 facet normal  9.858102e-01  1.678636e-01  0.000000e+00
   outer loop
     vertex  1.424216e+00 -9.168811e+00  2.000000e-01
     vertex  1.435547e+00 -9.235351e+00  2.000000e+00
     vertex  1.435547e+00 -9.235351e+00  2.000000e-01
   endloop
 endfacet
 facet normal  9.752987e-01  2.208807e-01  2.026048e-03
   outer loop
     vertex  1.424216e+00 -9.168811e+00  2.000000e-01
     vertex  1.415954e+00 -9.148839e+00  2.000000e+00
     vertex  1.435547e+00 -9.235351e+00  2.000000e+00
   endloop
 endfacet
 facet normal  7.838751e-01  6.209123e-01  2.763194e-03
   outer loop
     vertex  1.391398e+00 -9.109828e+00  2.000000e-01
     vertex  1.360876e+00 -9.079306e+00  2.000000e+00
     vertex  1.415954e+00 -9.148839e+00  2.000000e+00
   endloop
 endfacet
 facet normal  8.738439e-01  4.862046e-01 -1.383621e-03
   outer loop
     vertex  1.391398e+00 -9.109828e+00  2.000000e-01
     vertex  1.415954e+00 -9.148839e+00  2.000000e+00
     vertex  1.424216e+00 -9.168811e+00  2.000000e-01
   endloop
 endfacet
 facet normal  4.862114e-01  8.738401e-01  1.383649e-03
   outer loop
     vertex  1.321865e+00 -9.054749e+00  2.000000e-01
     vertex  1.301893e+00 -9.046487e+00  2.000000e+00
     vertex  1.360876e+00 -9.079306e+00  2.000000e+00
   endloop
 endfacet
 facet normal  6.209184e-01  7.838703e-01 -2.763250e-03
   outer loop
     vertex  1.321865e+00 -9.054749e+00  2.000000e-01
     vertex  1.360876e+00 -9.079306e+00  2.000000e+00
     vertex  1.391398e+00 -9.109828e+00  2.000000e-01
   endloop
 endfacet
 facet normal  1.678666e-01  9.858097e-01 -0.000000e+00
   outer loop
     vertex  1.235352e+00 -9.035156e+00  2.000000e-01
     vertex  1.235352e+00 -9.035156e+00  2.000000e+00
     vertex  1.301893e+00 -9.046487e+00  2.000000e+00
   endloop
 endfacet
 facet normal  2.208837e-01  9.752981e-01 -2.026076e-03
   outer loop
     vertex  1.235352e+00 -9.035156e+00  2.000000e-01
     vertex  1.301893e+00 -9.046487e+00  2.000000e+00
     vertex  1.321865e+00 -9.054749e+00  2.000000e-01
   endloop
 endfacet
 facet normal  1.000000e+00 -1.593740e-15  0.000000e+00
   outer loop
     vertex  1.435547e+00 -9.235351e+00  2.000000e-01
     vertex  1.435547e+00 -9.653320e+00  2.000000e+00
     vertex  1.435547e+00 -9.653320e+00  2.000000e-01
   endloop
 endfacet
 facet normal  1.000000e+00 -1.593740e-15  0.000000e+00
   outer loop
     vertex  1.435547e+00 -9.235351e+00  2.000000e-01
     vertex  1.435547e+00 -9.235351e+00  2.000000e+00
     vertex  1.435547e+00 -9.653320e+00  2.000000e+00
   endloop
 endfacet
 facet normal -9.905534e-01  1.371273e-01  0.000000e+00
   outer loop
     vertex  9.617611e+00 -1.778149e+00  2.000000e-01
     vertex  9.665039e+00 -1.435547e+00  2.000000e+00
     vertex  9.665039e+00 -1.435547e+00  2.000000e-01
   endloop
 endfacet
 facet normal -9.886388e-01  1.502892e-01 -2.555602e-03
   outer loop
     vertex  9.617611e+00 -1.778149e+00  2.000000e-01
     vertex  9.581950e+00 -1.982126e+00  2.000000e+00
     vertex  9.665039e+00 -1.435547e+00  2.000000e+00
   endloop
 endfacet
 facet normal -9.757405e-01  2.189214e-01 -1.990402e-03
   outer loop
     vertex  9.555064e+00 -2.118324e+00  2.000000e-01
     vertex  9.460211e+00 -2.524720e+00  2.000000e+00
     vertex  9.581950e+00 -1.982126e+00  2.000000e+00
   endloop
 endfacet
 facet normal -9.835129e-01  1.808354e-01  1.007476e-03
   outer loop
     vertex  9.555064e+00 -2.118324e+00  2.000000e-01
     vertex  9.581950e+00 -1.982126e+00  2.000000e+00
     vertex  9.617611e+00 -1.778149e+00  2.000000e-01
   endloop
 endfacet
 facet normal -9.585063e-01  2.850669e-01 -1.610809e-03
   outer loop
     vertex  9.433634e+00 -2.624256e+00  2.000000e-01
     vertex  9.295475e+00 -3.078627e+00  2.000000e+00
     vertex  9.460211e+00 -2.524720e+00  2.000000e+00
   endloop
 endfacet
 facet normal -9.723834e-01  2.333848e-01  1.451991e-03
   outer loop
     vertex  9.433634e+00 -2.624256e+00  2.000000e-01
     vertex  9.460211e+00 -2.524720e+00  2.000000e+00
     vertex  9.555064e+00 -2.118324e+00  2.000000e-01
   endloop
 endfacet
 facet normal -9.371051e-01  3.490459e-01 -9.436182e-04
   outer loop
     vertex  9.277577e+00 -3.131547e+00  2.000000e-01
     vertex  9.089270e+00 -3.632240e+00  2.000000e+00
     vertex  9.295475e+00 -3.078627e+00  2.000000e+00
   endloop
 endfacet
 facet normal -9.557959e-01  2.940297e-01  8.597039e-04
   outer loop
     vertex  9.277577e+00 -3.131547e+00  2.000000e-01
     vertex  9.295475e+00 -3.078627e+00  2.000000e+00
     vertex  9.433634e+00 -2.624256e+00  2.000000e-01
   endloop
 endfacet
 facet normal -9.358749e-01  3.523324e-01  9.925871e-05
   outer loop
     vertex  9.087004e+00 -3.637751e+00  2.000000e-01
     vertex  9.089270e+00 -3.632240e+00  2.000000e+00
     vertex  9.277577e+00 -3.131547e+00  2.000000e-01
   endloop
 endfacet
 facet normal -9.119860e-01  4.102205e-01 -7.828143e-04
   outer loop
     vertex  8.862336e+00 -4.140185e+00  2.000000e-01
     vertex  8.841827e+00 -4.182344e+00  2.000000e+00
     vertex  9.089270e+00 -3.632240e+00  2.000000e+00
   endloop
 endfacet
 facet normal -9.128894e-01  4.082071e-01 -1.007527e-04
   outer loop
     vertex  8.862336e+00 -4.140185e+00  2.000000e-01
     vertex  9.089270e+00 -3.632240e+00  2.000000e+00
     vertex  9.087004e+00 -3.637751e+00  2.000000e-01
   endloop
 endfacet
 facet normal -8.834308e-01  4.685592e-01 -1.525119e-03
   outer loop
     vertex  8.604325e+00 -4.635995e+00  2.000000e-01
     vertex  8.553812e+00 -4.725374e+00  2.000000e+00
     vertex  8.841827e+00 -4.182344e+00  2.000000e+00
   endloop
 endfacet
 facet normal -8.870774e-01  4.616202e-01  7.048593e-04
   outer loop
     vertex  8.604325e+00 -4.635995e+00  2.000000e-01
     vertex  8.841827e+00 -4.182344e+00  2.000000e+00
     vertex  8.862336e+00 -4.140185e+00  2.000000e-01
   endloop
 endfacet
 facet normal -8.516692e-01  5.240755e-01 -2.107479e-03
   outer loop
     vertex  8.314106e+00 -5.122156e+00  2.000000e-01
     vertex  8.226374e+00 -5.257489e+00  2.000000e+00
     vertex  8.553812e+00 -4.725374e+00  2.000000e+00
   endloop
 endfacet
 facet normal -8.586415e-01  5.125749e-01  1.356149e-03
   outer loop
     vertex  8.314106e+00 -5.122156e+00  2.000000e-01
     vertex  8.553812e+00 -4.725374e+00  2.000000e+00
     vertex  8.604325e+00 -4.635995e+00  2.000000e-01
   endloop
 endfacet
 facet normal -8.168764e-01  5.768072e-01 -2.517392e-03
   outer loop
     vertex  7.993136e+00 -5.595657e+00  2.000000e-01
     vertex  7.861177e+00 -5.774682e+00  2.000000e+00
     vertex  8.226374e+00 -5.257489e+00  2.000000e+00
   endloop
 endfacet
 facet normal -8.277464e-01  5.610994e-01  1.842148e-03
   outer loop
     vertex  7.993136e+00 -5.595657e+00  2.000000e-01
     vertex  8.226374e+00 -5.257489e+00  2.000000e+00
     vertex  8.314106e+00 -5.122156e+00  2.000000e-01
   endloop
 endfacet
 facet normal -7.791761e-01  6.267991e-01 -2.739955e-03
   outer loop
     vertex  7.643194e+00 -6.053526e+00  2.000000e-01
     vertex  7.460386e+00 -6.272907e+00  2.000000e+00
     vertex  7.861177e+00 -5.774682e+00  2.000000e+00
   endloop
 endfacet
 facet normal -7.945175e-01  6.072374e-01  2.148288e-03
   outer loop
     vertex  7.643194e+00 -6.053526e+00  2.000000e-01
     vertex  7.861177e+00 -5.774682e+00  2.000000e+00
     vertex  7.993136e+00 -5.595657e+00  2.000000e-01
   endloop
 endfacet
 facet normal -7.407438e-01  6.717838e-01 -2.251057e-03
   outer loop
     vertex  7.266342e+00 -6.492902e+00  2.000000e-01
     vertex  7.071410e+00 -6.701812e+00  2.000000e+00
     vertex  7.460386e+00 -6.272907e+00  2.000000e+00
   endloop
 endfacet
 facet normal -7.590459e-01  6.510332e-01  2.258076e-03
   outer loop
     vertex  7.266342e+00 -6.492902e+00  2.000000e-01
     vertex  7.460386e+00 -6.272907e+00  2.000000e+00
     vertex  7.643194e+00 -6.053526e+00  2.000000e-01
   endloop
 endfacet
 facet normal -7.020129e-01  7.121607e-01 -2.256060e-03
   outer loop
     vertex  6.864872e+00 -6.911109e+00  2.000000e-01
     vertex  6.657955e+00 -7.109376e+00  2.000000e+00
     vertex  7.071410e+00 -6.701812e+00  2.000000e+00
   endloop
 endfacet
 facet normal -7.213937e-01  6.925215e-01  2.251325e-03
   outer loop
     vertex  6.864872e+00 -6.911109e+00  2.000000e-01
     vertex  7.071410e+00 -6.701812e+00  2.000000e+00
     vertex  7.266342e+00 -6.492902e+00  2.000000e-01
   endloop
 endfacet
 facet normal -6.793283e-01  7.338294e-01  2.738388e-03
   outer loop
     vertex  6.392888e+00 -7.348040e+00  2.000000e-01
     vertex  6.657955e+00 -7.109376e+00  2.000000e+00
     vertex  6.864872e+00 -6.911109e+00  2.000000e-01
   endloop
 endfacet
 facet normal -6.610464e-01  7.503420e-01 -2.143218e-03
   outer loop
     vertex  6.392888e+00 -7.348040e+00  2.000000e-01
     vertex  6.222393e+00 -7.493103e+00  2.000000e+00
     vertex  6.657955e+00 -7.109376e+00  2.000000e+00
   endloop
 endfacet
 facet normal -6.325004e-01  7.745560e-01  2.512064e-03
   outer loop
     vertex  5.896961e+00 -7.753012e+00  2.000000e-01
     vertex  6.222393e+00 -7.493103e+00  2.000000e+00
     vertex  6.392888e+00 -7.348040e+00  2.000000e-01
   endloop
 endfacet
 facet normal -6.178530e-01  7.862915e-01 -1.830654e-03
   outer loop
     vertex  5.896961e+00 -7.753012e+00  2.000000e-01
     vertex  5.767211e+00 -7.850777e+00  2.000000e+00
     vertex  6.222393e+00 -7.493103e+00  2.000000e+00
   endloop
 endfacet
 facet normal -5.830768e-01  8.124144e-01  2.094971e-03
   outer loop
     vertex  5.380480e+00 -8.123696e+00  2.000000e-01
     vertex  5.767211e+00 -7.850777e+00  2.000000e+00
     vertex  5.896961e+00 -7.753012e+00  2.000000e-01
   endloop
 endfacet
 facet normal -5.724415e-01  8.199445e-01 -1.331740e-03
   outer loop
     vertex  5.380480e+00 -8.123696e+00  2.000000e-01
     vertex  5.294934e+00 -8.180495e+00  2.000000e+00
     vertex  5.767211e+00 -7.850777e+00  2.000000e+00
   endloop
 endfacet
 facet normal -5.310756e-01  8.473231e-01  1.498127e-03
   outer loop
     vertex  4.846716e+00 -8.458242e+00  2.000000e-01
     vertex  5.294934e+00 -8.180495e+00  2.000000e+00
     vertex  5.380480e+00 -8.123696e+00  2.000000e-01
   endloop
 endfacet
 facet normal -5.248297e-01  8.512070e-01 -6.564531e-04
   outer loop
     vertex  4.846716e+00 -8.458242e+00  2.000000e-01
     vertex  4.808061e+00 -8.480687e+00  2.000000e+00
     vertex  5.294934e+00 -8.180495e+00  2.000000e+00
   endloop
 endfacet
 facet normal -4.765306e-01  8.791576e-01  7.292805e-04
   outer loop
     vertex  4.298701e+00 -8.755283e+00  2.000000e-01
     vertex  4.808061e+00 -8.480687e+00  2.000000e+00
     vertex  4.846716e+00 -8.458242e+00  2.000000e-01
   endloop
 endfacet
 facet normal -4.750532e-01  8.799570e-01  1.892732e-04
   outer loop
     vertex  4.298701e+00 -8.755283e+00  2.000000e-01
     vertex  4.308996e+00 -8.750112e+00  2.000000e+00
     vertex  4.808061e+00 -8.480687e+00  2.000000e+00
   endloop
 endfacet
 facet normal -4.231743e-01  9.060483e-01 -1.824028e-04
   outer loop
     vertex  4.298701e+00 -8.755283e+00  2.000000e-01
     vertex  3.799997e+00 -8.987843e+00  2.000000e+00
     vertex  4.308996e+00 -8.750112e+00  2.000000e+00
   endloop
 endfacet
 facet normal -4.195043e-01  9.077527e-01  1.054633e-03
   outer loop
     vertex  3.739220e+00 -9.013839e+00  2.000000e-01
     vertex  3.799997e+00 -8.987843e+00  2.000000e+00
     vertex  4.298701e+00 -8.755283e+00  2.000000e-01
   endloop
 endfacet
 facet normal -3.692890e-01  9.293141e-01 -9.522871e-04
   outer loop
     vertex  3.739220e+00 -9.013839e+00  2.000000e-01
     vertex  3.283140e+00 -9.193231e+00  2.000000e+00
     vertex  3.799997e+00 -8.987843e+00  2.000000e+00
   endloop
 endfacet
 facet normal -3.601039e-01  9.329106e-01  1.733459e-03
   outer loop
     vertex  3.170739e+00 -9.233273e+00  2.000000e-01
     vertex  3.283140e+00 -9.193231e+00  2.000000e+00
     vertex  3.739220e+00 -9.013839e+00  2.000000e-01
   endloop
 endfacet
 facet normal -3.135336e-01  9.495758e-01 -1.545344e-03
   outer loop
     vertex  3.170739e+00 -9.233273e+00  2.000000e-01
     vertex  2.760288e+00 -9.365867e+00  2.000000e+00
     vertex  3.283140e+00 -9.193231e+00  2.000000e+00
   endloop
 endfacet
 facet normal -2.984893e-01  9.544104e-01  2.241324e-03
   outer loop
     vertex  2.595389e+00 -9.413212e+00  2.000000e-01
     vertex  2.760288e+00 -9.365867e+00  2.000000e+00
     vertex  3.170739e+00 -9.233273e+00  2.000000e-01
   endloop
 endfacet
 facet normal -2.560899e-01  9.666510e-01 -1.964880e-03
   outer loop
     vertex  2.595389e+00 -9.413212e+00  2.000000e-01
     vertex  2.233084e+00 -9.505537e+00  2.000000e+00
     vertex  2.760288e+00 -9.365867e+00  2.000000e+00
   endloop
 endfacet
 facet normal -2.351311e-01  9.719604e-01  2.526040e-03
   outer loop
     vertex  2.019468e+00 -9.552535e+00  2.000000e-01
     vertex  2.233084e+00 -9.505537e+00  2.000000e+00
     vertex  2.595389e+00 -9.413212e+00  2.000000e-01
   endloop
 endfacet
 facet normal -2.046817e-01  9.788278e-01 -1.266876e-03
   outer loop
     vertex  2.019468e+00 -9.552535e+00  2.000000e-01
     vertex  1.836933e+00 -9.588375e+00  2.000000e+00
     vertex  2.233084e+00 -9.505537e+00  2.000000e+00
   endloop
 endfacet
 facet normal -1.700853e-01  9.854265e-01  2.372877e-03
   outer loop
     vertex  1.435547e+00 -9.653320e+00  2.000000e-01
     vertex  1.836933e+00 -9.588375e+00  2.000000e+00
     vertex  2.019468e+00 -9.552535e+00  2.000000e-01
   endloop
 endfacet
 facet normal -1.597250e-01  9.871616e-01  0.000000e+00
   outer loop
     vertex  1.435547e+00 -9.653320e+00  2.000000e-01
     vertex  1.435547e+00 -9.653320e+00  2.000000e+00
     vertex  1.836933e+00 -9.588375e+00  2.000000e+00
   endloop
 endfacet
 facet normal  0.000000e+00 -1.000000e+00  0.000000e+00
   outer loop
     vertex  9.235352e+00 -1.435547e+00  2.000000e-01
     vertex  9.665039e+00 -1.435547e+00  2.000000e+00
     vertex  9.235352e+00 -1.435547e+00  2.000000e+00
   endloop
 endfacet
 facet normal  0.000000e+00 -1.000000e+00  0.000000e+00
   outer loop
     vertex  9.665039e+00 -1.435547e+00  2.000000e-01
     vertex  9.665039e+00 -1.435547e+00  2.000000e+00
     vertex  9.235352e+00 -1.435547e+00  2.000000e-01
   endloop
 endfacet
 facet normal -9.858101e-01 -1.678643e-01  0.000000e+00
   outer loop
     vertex  9.046487e+00 -1.301892e+00  2.000000e-01
     vertex  9.035156e+00 -1.235352e+00  2.000000e+00
     vertex  9.035156e+00 -1.235352e+00  2.000000e-01
   endloop
 endfacet
 facet normal -9.752986e-01 -2.208814e-01  2.026048e-03
   outer loop
     vertex  9.046487e+00 -1.301892e+00  2.000000e-01
     vertex  9.054749e+00 -1.321864e+00  2.000000e+00
     vertex  9.035156e+00 -1.235352e+00  2.000000e+00
   endloop
 endfacet
 facet normal -7.838747e-01 -6.209129e-01  2.763194e-03
   outer loop
     vertex  9.079305e+00 -1.360875e+00  2.000000e-01
     vertex  9.109827e+00 -1.391397e+00  2.000000e+00
     vertex  9.054749e+00 -1.321864e+00  2.000000e+00
   endloop
 endfacet
 facet normal -8.738435e-01 -4.862053e-01 -1.383621e-03
   outer loop
     vertex  9.079305e+00 -1.360875e+00  2.000000e-01
     vertex  9.054749e+00 -1.321864e+00  2.000000e+00
     vertex  9.046487e+00 -1.301892e+00  2.000000e-01
   endloop
 endfacet
 facet normal -4.862108e-01 -8.738405e-01  1.383649e-03
   outer loop
     vertex  9.148838e+00 -1.415954e+00  2.000000e-01
     vertex  9.168810e+00 -1.424216e+00  2.000000e+00
     vertex  9.109827e+00 -1.391397e+00  2.000000e+00
   endloop
 endfacet
 facet normal -6.209178e-01 -7.838708e-01 -2.763250e-03
   outer loop
     vertex  9.148838e+00 -1.415954e+00  2.000000e-01
     vertex  9.109827e+00 -1.391397e+00  2.000000e+00
     vertex  9.079305e+00 -1.360875e+00  2.000000e-01
   endloop
 endfacet
 facet normal -1.678658e-01 -9.858098e-01  0.000000e+00
   outer loop
     vertex  9.235352e+00 -1.435547e+00  2.000000e-01
     vertex  9.235352e+00 -1.435547e+00  2.000000e+00
     vertex  9.168810e+00 -1.424216e+00  2.000000e+00
   endloop
 endfacet
 facet normal -2.208830e-01 -9.752982e-01 -2.026076e-03
   outer loop
     vertex  9.235352e+00 -1.435547e+00  2.000000e-01
     vertex  9.168810e+00 -1.424216e+00  2.000000e+00
     vertex  9.148838e+00 -1.415954e+00  2.000000e-01
   endloop
 endfacet
 facet normal -1.000000e+00  0.000000e+00  0.000000e+00
   outer loop
     vertex  9.035156e+00 -1.235352e+00  2.000000e-01
     vertex  9.035156e+00 -8.183593e-01  2.000000e+00
     vertex  9.035156e+00 -8.183593e-01  2.000000e-01
   endloop
 endfacet
 facet normal -1.000000e+00  0.000000e+00  0.000000e+00
   outer loop
     vertex  9.035156e+00 -1.235352e+00  2.000000e-01
     vertex  9.035156e+00 -1.235352e+00  2.000000e+00
     vertex  9.035156e+00 -8.183593e-01  2.000000e+00
   endloop
 endfacet
 facet normal -7.071070e-01 -7.071066e-01  0.000000e+00
   outer loop
     vertex  9.035156e+00 -8.183593e-01  2.000000e-01
     vertex  8.593750e+00 -3.769531e-01  2.000000e+00
     vertex  8.593750e+00 -3.769531e-01  2.000000e-01
   endloop
 endfacet
 facet normal -7.071070e-01 -7.071066e-01  0.000000e+00
   outer loop
     vertex  9.035156e+00 -8.183593e-01  2.000000e-01
     vertex  9.035156e+00 -8.183593e-01  2.000000e+00
     vertex  8.593750e+00 -3.769531e-01  2.000000e+00
   endloop
 endfacet
 facet normal -9.941284e-01 -1.082065e-01  0.000000e+00
   outer loop
     vertex  8.539874e+00 -2.786937e-01  2.000000e-01
     vertex  8.535156e+00 -2.353516e-01  2.000000e+00
     vertex  8.535156e+00 -2.353516e-01  2.000000e-01
   endloop
 endfacet
 facet normal -9.849094e-01 -1.730634e-01  1.585847e-03
   outer loop
     vertex  8.539874e+00 -2.786937e-01  2.000000e-01
     vertex  8.547191e+00 -3.038429e-01  2.000000e+00
     vertex  8.535156e+00 -2.353516e-01  2.000000e+00
   endloop
 endfacet
 facet normal -8.969993e-01 -4.420315e-01  6.354001e-04
   outer loop
     vertex  8.553870e+00 -3.199839e-01  2.000000e-01
     vertex  8.566463e+00 -3.429503e-01  2.000000e+00
     vertex  8.547191e+00 -3.038429e-01  2.000000e+00
   endloop
 endfacet
 facet normal -9.470675e-01 -3.210339e-01 -6.353986e-04
   outer loop
     vertex  8.553870e+00 -3.199839e-01  2.000000e-01
     vertex  8.547191e+00 -3.038429e-01  2.000000e+00
     vertex  8.539874e+00 -2.786937e-01  2.000000e-01
   endloop
 endfacet
 facet normal -7.799161e-01 -6.258841e-01  0.000000e+00
   outer loop
     vertex  8.593750e+00 -3.769531e-01  2.000000e-01
     vertex  8.593750e+00 -3.769531e-01  2.000000e+00
     vertex  8.566463e+00 -3.429503e-01  2.000000e+00
   endloop
 endfacet
 facet normal -8.192206e-01 -5.734763e-01 -1.585850e-03
   outer loop
     vertex  8.593750e+00 -3.769531e-01  2.000000e-01
     vertex  8.566463e+00 -3.429503e-01  2.000000e+00
     vertex  8.553870e+00 -3.199839e-01  2.000000e-01
   endloop
 endfacet
 facet normal -1.000000e+00  0.000000e+00  0.000000e+00
   outer loop
     vertex  8.535156e+00 -2.353516e-01  2.000000e-01
     vertex  8.535156e+00  2.646484e-01  2.000000e+00
     vertex  8.535156e+00  2.646484e-01  2.000000e-01
   endloop
 endfacet
 facet normal -1.000000e+00  0.000000e+00  0.000000e+00
   outer loop
     vertex  8.535156e+00 -2.353516e-01  2.000000e-01
     vertex  8.535156e+00 -2.353516e-01  2.000000e+00
     vertex  8.535156e+00  2.646484e-01  2.000000e+00
   endloop
 endfacet
 facet normal -7.799161e-01  6.258840e-01  0.000000e+00
   outer loop
     vertex  8.566463e+00  3.722471e-01  2.000000e-01
     vertex  8.593750e+00  4.062500e-01  2.000000e+00
     vertex  8.593750e+00  4.062500e-01  2.000000e-01
   endloop
 endfacet
 facet normal -8.192206e-01  5.734763e-01  1.585847e-03
   outer loop
     vertex  8.566463e+00  3.722471e-01  2.000000e-01
     vertex  8.553870e+00  3.492808e-01  2.000000e+00
     vertex  8.593750e+00  4.062500e-01  2.000000e+00
   endloop
 endfacet
 facet normal -9.470675e-01  3.210338e-01  6.354002e-04
   outer loop
     vertex  8.547191e+00  3.331398e-01  2.000000e-01
     vertex  8.539874e+00  3.079905e-01  2.000000e+00
     vertex  8.553870e+00  3.492808e-01  2.000000e+00
   endloop
 endfacet
 facet normal -8.969993e-01  4.420315e-01 -6.353986e-04
   outer loop
     vertex  8.547191e+00  3.331398e-01  2.000000e-01
     vertex  8.553870e+00  3.492808e-01  2.000000e+00
     vertex  8.566463e+00  3.722471e-01  2.000000e-01
   endloop
 endfacet
 facet normal -9.941284e-01  1.082064e-01  0.000000e+00
   outer loop
     vertex  8.535156e+00  2.646484e-01  2.000000e-01
     vertex  8.535156e+00  2.646484e-01  2.000000e+00
     vertex  8.539874e+00  3.079905e-01  2.000000e+00
   endloop
 endfacet
 facet normal -9.849094e-01  1.730635e-01 -1.585850e-03
   outer loop
     vertex  8.535156e+00  2.646484e-01  2.000000e-01
     vertex  8.539874e+00  3.079905e-01  2.000000e+00
     vertex  8.547191e+00  3.331398e-01  2.000000e-01
   endloop
 endfacet
 facet normal -7.071070e-01  7.071066e-01  0.000000e+00
   outer loop
     vertex  8.593750e+00  4.062500e-01  2.000000e-01
     vertex  9.035156e+00  8.476562e-01  2.000000e+00
     vertex  9.035156e+00  8.476562e-01  2.000000e-01
   endloop
 endfacet
 facet normal -7.071070e-01  7.071066e-01  0.000000e+00
   outer loop
     vertex  8.593750e+00  4.062500e-01  2.000000e-01
     vertex  8.593750e+00  4.062500e-01  2.000000e+00
     vertex  9.035156e+00  8.476562e-01  2.000000e+00
   endloop
 endfacet
 facet normal -1.000000e+00  0.000000e+00  0.000000e+00
   outer loop
     vertex  9.035156e+00  8.476562e-01  2.000000e-01
     vertex  9.035156e+00  1.264648e+00  2.000000e+00
     vertex  9.035156e+00  1.264648e+00  2.000000e-01
   endloop
 endfacet
 facet normal -1.000000e+00  0.000000e+00  0.000000e+00
   outer loop
     vertex  9.035156e+00  8.476562e-01  2.000000e-01
     vertex  9.035156e+00  8.476562e-01  2.000000e+00
     vertex  9.035156e+00  1.264648e+00  2.000000e+00
   endloop
 endfacet
 facet normal -1.678635e-01  9.858102e-01  0.000000e+00
   outer loop
     vertex  9.168811e+00  1.453513e+00  2.000000e-01
     vertex  9.235352e+00  1.464844e+00  2.000000e+00
     vertex  9.235352e+00  1.464844e+00  2.000000e-01
   endloop
 endfacet
 facet normal -2.208807e-01  9.752987e-01  2.026050e-03
   outer loop
     vertex  9.168811e+00  1.453513e+00  2.000000e-01
     vertex  9.148839e+00  1.445251e+00  2.000000e+00
     vertex  9.235352e+00  1.464844e+00  2.000000e+00
   endloop
 endfacet
 facet normal -6.209123e-01  7.838751e-01  2.763194e-03
   outer loop
     vertex  9.109828e+00  1.420695e+00  2.000000e-01
     vertex  9.079306e+00  1.390173e+00  2.000000e+00
     vertex  9.148839e+00  1.445251e+00  2.000000e+00
   endloop
 endfacet
 facet normal -4.862045e-01  8.738440e-01 -1.383621e-03
   outer loop
     vertex  9.109828e+00  1.420695e+00  2.000000e-01
     vertex  9.148839e+00  1.445251e+00  2.000000e+00
     vertex  9.168811e+00  1.453513e+00  2.000000e-01
   endloop
 endfacet
 facet normal -8.738401e-01  4.862115e-01  1.383649e-03
   outer loop
     vertex  9.054749e+00  1.351162e+00  2.000000e-01
     vertex  9.046487e+00  1.331190e+00  2.000000e+00
     vertex  9.079306e+00  1.390173e+00  2.000000e+00
   endloop
 endfacet
 facet normal -7.838702e-01  6.209186e-01 -2.763250e-03
   outer loop
     vertex  9.054749e+00  1.351162e+00  2.000000e-01
     vertex  9.079306e+00  1.390173e+00  2.000000e+00
     vertex  9.109828e+00  1.420695e+00  2.000000e-01
   endloop
 endfacet
 facet normal -9.858097e-01  1.678668e-01  0.000000e+00
   outer loop
     vertex  9.035156e+00  1.264648e+00  2.000000e-01
     vertex  9.035156e+00  1.264648e+00  2.000000e+00
     vertex  9.046487e+00  1.331190e+00  2.000000e+00
   endloop
 endfacet
 facet normal -9.752980e-01  2.208839e-01 -2.026077e-03
   outer loop
     vertex  9.035156e+00  1.264648e+00  2.000000e-01
     vertex  9.046487e+00  1.331190e+00  2.000000e+00
     vertex  9.054749e+00  1.351162e+00  2.000000e-01
   endloop
 endfacet
 facet normal  0.000000e+00  1.000000e+00  0.000000e+00
   outer loop
     vertex  9.235352e+00  1.464844e+00  2.000000e-01
     vertex  9.659180e+00  1.464844e+00  2.000000e+00
     vertex  9.659180e+00  1.464844e+00  2.000000e-01
   endloop
 endfacet
 facet normal  0.000000e+00  1.000000e+00  0.000000e+00
   outer loop
     vertex  9.235352e+00  1.464844e+00  2.000000e-01
     vertex  9.235352e+00  1.464844e+00  2.000000e+00
     vertex  9.659180e+00  1.464844e+00  2.000000e+00
   endloop
 endfacet
 facet normal -1.476939e-01 -9.890331e-01  0.000000e+00
   outer loop
     vertex  1.787352e+00  9.639847e+00  2.000000e-01
     vertex  1.435547e+00  9.692383e+00  2.000000e+00
     vertex  1.435547e+00  9.692383e+00  2.000000e-01
   endloop
 endfacet
 facet normal -1.606814e-01 -9.870029e-01 -2.597629e-03
   outer loop
     vertex  1.787352e+00  9.639847e+00  2.000000e-01
     vertex  2.008093e+00  9.599174e+00  2.000000e+00
     vertex  1.435547e+00  9.692383e+00  2.000000e+00
   endloop
 endfacet
 facet normal -2.265872e-01 -9.739891e-01 -1.874480e-03
   outer loop
     vertex  2.136662e+00  9.572728e+00  2.000000e-01
     vertex  2.571706e+00  9.468056e+00  2.000000e+00
     vertex  2.008093e+00  9.599174e+00  2.000000e+00
   endloop
 endfacet
 facet normal -1.886961e-01 -9.820351e-01  9.501877e-04
   outer loop
     vertex  2.136662e+00  9.572728e+00  2.000000e-01
     vertex  2.008093e+00  9.599174e+00  2.000000e+00
     vertex  1.787352e+00  9.639847e+00  2.000000e-01
   endloop
 endfacet
 facet normal -2.907339e-01 -9.568029e-01 -1.390675e-03
   outer loop
     vertex  2.656804e+00  9.444814e+00  2.000000e-01
     vertex  3.139884e+00  9.295410e+00  2.000000e+00
     vertex  2.571706e+00  9.468056e+00  2.000000e+00
   endloop
 endfacet
 facet normal -2.388054e-01 -9.710666e-01  1.248490e-03
   outer loop
     vertex  2.656804e+00  9.444814e+00  2.000000e-01
     vertex  2.571706e+00  9.468056e+00  2.000000e+00
     vertex  2.136662e+00  9.572728e+00  2.000000e-01
   endloop
 endfacet
 facet normal -3.532624e-01 -9.355241e-01 -6.219855e-04
   outer loop
     vertex  3.174088e+00  9.283691e+00  2.000000e-01
     vertex  3.702684e+00  9.082891e+00  2.000000e+00
     vertex  3.139884e+00  9.295410e+00  2.000000e+00
   endloop
 endfacet
 facet normal -2.973879e-01 -9.547566e-01  5.649563e-04
   outer loop
     vertex  3.174088e+00  9.283691e+00  2.000000e-01
     vertex  3.139884e+00  9.295410e+00  2.000000e+00
     vertex  2.656804e+00  9.444814e+00  2.000000e-01
   endloop
 endfacet
 facet normal -3.542308e-01 -9.351580e-01 -2.967468e-04
   outer loop
     vertex  3.686617e+00  9.089548e+00  2.000000e-01
     vertex  3.702684e+00  9.082891e+00  2.000000e+00
     vertex  3.174088e+00  9.283691e+00  2.000000e-01
   endloop
 endfacet
 facet normal -4.135215e-01 -9.104936e-01 -1.149829e-03
   outer loop
     vertex  4.192288e+00  8.862800e+00  2.000000e-01
     vertex  4.257572e+00  8.830876e+00  2.000000e+00
     vertex  3.702684e+00  9.082891e+00  2.000000e+00
   endloop
 endfacet
 facet normal -4.091594e-01 -9.124629e-01  2.774792e-04
   outer loop
     vertex  4.192288e+00  8.862800e+00  2.000000e-01
     vertex  3.702684e+00  9.082891e+00  2.000000e+00
     vertex  3.686617e+00  9.089548e+00  2.000000e-01
   endloop
 endfacet
 facet normal -4.713600e-01 -8.819390e-01 -1.822893e-03
   outer loop
     vertex  4.688840e+00  8.604102e+00  2.000000e-01
     vertex  4.801730e+00  8.540046e+00  2.000000e+00
     vertex  4.257572e+00  8.830876e+00  2.000000e+00
   endloop
 endfacet
 facet normal -4.620424e-01 -8.868572e-01  1.029162e-03
   outer loop
     vertex  4.688840e+00  8.604102e+00  2.000000e-01
     vertex  4.257572e+00  8.830876e+00  2.000000e+00
     vertex  4.192288e+00  8.862800e+00  2.000000e-01
   endloop
 endfacet
 facet normal -5.266743e-01 -8.500640e-01 -2.321518e-03
   outer loop
     vertex  5.173890e+00  8.314383e+00  2.000000e-01
     vertex  5.332105e+00  8.211442e+00  2.000000e+00
     vertex  4.801730e+00  8.540046e+00  2.000000e+00
   endloop
 endfacet
 facet normal -5.127878e-01 -8.585139e-01  1.608934e-03
   outer loop
     vertex  5.173890e+00  8.314383e+00  2.000000e-01
     vertex  4.801730e+00  8.540046e+00  2.000000e+00
     vertex  4.688840e+00  8.604102e+00  2.000000e-01
   endloop
 endfacet
 facet normal -5.793965e-01 -8.150415e-01 -2.638575e-03
   outer loop
     vertex  5.644957e+00  7.994868e+00  2.000000e-01
     vertex  5.845466e+00  7.846503e+00  2.000000e+00
     vertex  5.332105e+00  8.211442e+00  2.000000e+00
   endloop
 endfacet
 facet normal -5.613336e-01 -8.275872e-01  2.010370e-03
   outer loop
     vertex  5.644957e+00  7.994868e+00  2.000000e-01
     vertex  5.332105e+00  8.211442e+00  2.000000e+00
     vertex  5.173890e+00  8.314383e+00  2.000000e-01
   endloop
 endfacet
 facet normal -6.294810e-01 -7.770109e-01 -2.764234e-03
   outer loop
     vertex  6.099566e+00  7.647053e+00  2.000000e-01
     vertex  6.338492e+00  7.447088e+00  2.000000e+00
     vertex  5.845466e+00  7.846503e+00  2.000000e+00
   endloop
 endfacet
 facet normal -6.076401e-01 -7.942094e-01  2.224676e-03
   outer loop
     vertex  6.099566e+00  7.647053e+00  2.000000e-01
     vertex  5.845466e+00  7.846503e+00  2.000000e+00
     vertex  5.644957e+00  7.994868e+00  2.000000e-01
   endloop
 endfacet
 facet normal -6.768914e-01 -7.360780e-01 -2.686580e-03
   outer loop
     vertex  6.535270e+00  7.272702e+00  2.000000e-01
     vertex  6.807857e+00  7.015464e+00  2.000000e+00
     vertex  6.338492e+00  7.447088e+00  2.000000e+00
   endloop
 endfacet
 facet normal -6.516827e-01 -7.584884e-01  2.240420e-03
   outer loop
     vertex  6.535270e+00  7.272702e+00  2.000000e-01
     vertex  6.338492e+00  7.447088e+00  2.000000e+00
     vertex  6.099566e+00  7.647053e+00  2.000000e-01
   endloop
 endfacet
 facet normal -7.194178e-01 -6.945745e-01 -2.043325e-03
   outer loop
     vertex  6.949723e+00  6.873819e+00  2.000000e-01
     vertex  7.207395e+00  6.601635e+00  2.000000e+00
     vertex  6.807857e+00  7.015464e+00  2.000000e+00
   endloop
 endfacet
 facet normal -6.934423e-01 -7.205093e-01  2.044765e-03
   outer loop
     vertex  6.949723e+00  6.873819e+00  2.000000e-01
     vertex  6.807857e+00  7.015464e+00  2.000000e+00
     vertex  6.535270e+00  7.272702e+00  2.000000e-01
   endloop
 endfacet
 facet normal -7.350166e-01 -6.780438e-01  2.689308e-03
   outer loop
     vertex  7.382622e+00  6.404545e+00  2.000000e-01
     vertex  7.207395e+00  6.601635e+00  2.000000e+00
     vertex  6.949723e+00  6.873819e+00  2.000000e-01
   endloop
 endfacet
 facet normal -7.574043e-01 -6.529424e-01 -2.238582e-03
   outer loop
     vertex  7.382622e+00  6.404545e+00  2.000000e-01
     vertex  7.582905e+00  6.166048e+00  2.000000e+00
     vertex  7.207395e+00  6.601635e+00  2.000000e+00
   endloop
 endfacet
 facet normal -7.759656e-01 -6.307691e-01  2.764625e-03
   outer loop
     vertex  7.783865e+00  5.910940e+00  2.000000e-01
     vertex  7.582905e+00  6.166048e+00  2.000000e+00
     vertex  7.382622e+00  6.404545e+00  2.000000e-01
   endloop
 endfacet
 facet normal -7.930941e-01 -6.090951e-01 -2.219466e-03
   outer loop
     vertex  7.783865e+00  5.910940e+00  2.000000e-01
     vertex  7.932372e+00  5.711012e+00  2.000000e+00
     vertex  7.582905e+00  6.166048e+00  2.000000e+00
   endloop
 endfacet
 facet normal -8.139680e-01 -5.809038e-01  2.633941e-03
   outer loop
     vertex  8.151156e+00  5.396288e+00  2.000000e-01
     vertex  7.932372e+00  5.711012e+00  2.000000e+00
     vertex  7.783865e+00  5.910940e+00  2.000000e-01
   endloop
 endfacet
 facet normal -8.264150e-01 -5.630579e-01 -1.999248e-03
   outer loop
     vertex  8.151156e+00  5.396288e+00  2.000000e-01
     vertex  8.254008e+00  5.238938e+00  2.000000e+00
     vertex  7.932372e+00  5.711012e+00  2.000000e+00
   endloop
 endfacet
 facet normal -8.489365e-01 -5.284898e-01  2.309448e-03
   outer loop
     vertex  8.482598e+00  4.863879e+00  2.000000e-01
     vertex  8.254008e+00  5.238938e+00  2.000000e+00
     vertex  8.151156e+00  5.396288e+00  2.000000e-01
   endloop
 endfacet
 facet normal -8.572731e-01 -5.148595e-01 -1.589349e-03
   outer loop
     vertex  8.482598e+00  4.863879e+00  2.000000e-01
     vertex  8.546289e+00  4.752273e+00  2.000000e+00
     vertex  8.254008e+00  5.238938e+00  2.000000e+00
   endloop
 endfacet
 facet normal -8.807517e-01 -4.735750e-01  1.801185e-03
   outer loop
     vertex  8.776711e+00  4.316889e+00  2.000000e-01
     vertex  8.546289e+00  4.752273e+00  2.000000e+00
     vertex  8.482598e+00  4.863879e+00  2.000000e-01
   endloop
 endfacet
 facet normal -8.855516e-01 -4.645399e-01 -9.986805e-04
   outer loop
     vertex  8.776711e+00  4.316889e+00  2.000000e-01
     vertex  8.807964e+00  4.253442e+00  2.000000e+00
     vertex  8.546289e+00  4.752273e+00  2.000000e+00
   endloop
 endfacet
 facet normal -9.092615e-01 -4.162238e-01  1.116032e-03
   outer loop
     vertex  9.032402e+00  3.758320e+00  2.000000e-01
     vertex  8.807964e+00  4.253442e+00  2.000000e+00
     vertex  8.776711e+00  4.316889e+00  2.000000e-01
   endloop
 endfacet
 facet normal -9.111124e-01 -4.121579e-01 -2.331331e-04
   outer loop
     vertex  9.032402e+00  3.758320e+00  2.000000e-01
     vertex  9.038061e+00  3.744792e+00  2.000000e+00
     vertex  8.807964e+00  4.253442e+00  2.000000e+00
   endloop
 endfacet
 facet normal -9.337983e-01 -3.577997e-01  2.467335e-04
   outer loop
     vertex  9.032402e+00  3.758320e+00  2.000000e-01
     vertex  9.235870e+00  3.228543e+00  2.000000e+00
     vertex  9.038061e+00  3.744792e+00  2.000000e+00
   endloop
 endfacet
 facet normal -9.342829e-01 -3.565319e-01  6.746587e-04
   outer loop
     vertex  9.248918e+00  3.190944e+00  2.000000e-01
     vertex  9.235870e+00  3.228543e+00  2.000000e+00
     vertex  9.032402e+00  3.758320e+00  2.000000e-01
   endloop
 endfacet
 facet normal -9.534389e-01 -3.015856e-01 -6.119482e-04
   outer loop
     vertex  9.248918e+00  3.190944e+00  2.000000e-01
     vertex  9.400920e+00  2.706752e+00  2.000000e+00
     vertex  9.235870e+00  3.228543e+00  2.000000e+00
   endloop
 endfacet
 facet normal -9.556081e-01 -2.946372e-01  1.440323e-03
   outer loop
     vertex  9.425807e+00  2.617235e+00  2.000000e-01
     vertex  9.400920e+00  2.706752e+00  2.000000e+00
     vertex  9.248918e+00  3.190944e+00  2.000000e-01
   endloop
 endfacet
 facet normal -9.698559e-01 -2.436757e-01 -1.291058e-03
   outer loop
     vertex  9.425807e+00  2.617235e+00  2.000000e-01
     vertex  9.532943e+00  2.181285e+00  2.000000e+00
     vertex  9.400920e+00  2.706752e+00  2.000000e+00
   endloop
 endfacet
 facet normal -9.729420e-01 -2.310412e-01  1.952628e-03
   outer loop
     vertex  9.561709e+00  2.044935e+00  2.000000e-01
     vertex  9.532943e+00  2.181285e+00  2.000000e+00
     vertex  9.425807e+00  2.617235e+00  2.000000e-01
   endloop
 endfacet
 facet normal -9.810062e-01 -1.939741e-01 -9.840729e-04
   outer loop
     vertex  9.561709e+00  2.044935e+00  2.000000e-01
     vertex  9.603433e+00  1.824787e+00  2.000000e+00
     vertex  9.532943e+00  2.181285e+00  2.000000e+00
   endloop
 endfacet
 facet normal -9.861723e-01 -1.657031e-01  2.593354e-03
   outer loop
     vertex  9.659180e+00  1.464844e+00  2.000000e-01
     vertex  9.603433e+00  1.824787e+00  2.000000e+00
     vertex  9.561709e+00  2.044935e+00  2.000000e-01
   endloop
 endfacet
 facet normal -9.882183e-01 -1.530511e-01  0.000000e+00
   outer loop
     vertex  9.659180e+00  1.464844e+00  2.000000e-01
     vertex  9.659180e+00  1.464844e+00  2.000000e+00
     vertex  9.603433e+00  1.824787e+00  2.000000e+00
   endloop
 endfacet
 facet normal  1.000000e+00  0.000000e+00  0.000000e+00
   outer loop
     vertex  1.435547e+00  9.692383e+00  2.000000e-01
     vertex  1.435547e+00  9.264648e+00  2.000000e+00
     vertex  1.435547e+00  9.264648e+00  2.000000e-01
   endloop
 endfacet
 facet normal  1.000000e+00  0.000000e+00 -0.000000e+00
   outer loop
     vertex  1.435547e+00  9.692383e+00  2.000000e-01
     vertex  1.435547e+00  9.692383e+00  2.000000e+00
     vertex  1.435547e+00  9.264648e+00  2.000000e+00
   endloop
 endfacet
 facet normal  1.678643e-01 -9.858101e-01  0.000000e+00
   outer loop
     vertex  1.301892e+00  9.075784e+00  2.000000e-01
     vertex  1.235352e+00  9.064453e+00  2.000000e+00
     vertex  1.235352e+00  9.064453e+00  2.000000e-01
   endloop
 endfacet
 facet normal  2.208814e-01 -9.752986e-01  2.026048e-03
   outer loop
     vertex  1.301892e+00  9.075784e+00  2.000000e-01
     vertex  1.321864e+00  9.084046e+00  2.000000e+00
     vertex  1.235352e+00  9.064453e+00  2.000000e+00
   endloop
 endfacet
 facet normal  6.209129e-01 -7.838747e-01  2.763194e-03
   outer loop
     vertex  1.360875e+00  9.108602e+00  2.000000e-01
     vertex  1.391397e+00  9.139124e+00  2.000000e+00
     vertex  1.321864e+00  9.084046e+00  2.000000e+00
   endloop
 endfacet
 facet normal  4.862053e-01 -8.738435e-01 -1.383621e-03
   outer loop
     vertex  1.360875e+00  9.108602e+00  2.000000e-01
     vertex  1.321864e+00  9.084046e+00  2.000000e+00
     vertex  1.301892e+00  9.075784e+00  2.000000e-01
   endloop
 endfacet
 facet normal  8.738405e-01 -4.862108e-01  1.383649e-03
   outer loop
     vertex  1.415954e+00  9.178135e+00  2.000000e-01
     vertex  1.424216e+00  9.198107e+00  2.000000e+00
     vertex  1.391397e+00  9.139124e+00  2.000000e+00
   endloop
 endfacet
 facet normal  7.838708e-01 -6.209178e-01 -2.763250e-03
   outer loop
     vertex  1.415954e+00  9.178135e+00  2.000000e-01
     vertex  1.391397e+00  9.139124e+00  2.000000e+00
     vertex  1.360875e+00  9.108602e+00  2.000000e-01
   endloop
 endfacet
 facet normal  9.858098e-01 -1.678658e-01  0.000000e+00
   outer loop
     vertex  1.435547e+00  9.264648e+00  2.000000e-01
     vertex  1.435547e+00  9.264648e+00  2.000000e+00
     vertex  1.424216e+00  9.198107e+00  2.000000e+00
   endloop
 endfacet
 facet normal  9.752982e-01 -2.208830e-01 -2.026076e-03
   outer loop
     vertex  1.435547e+00  9.264648e+00  2.000000e-01
     vertex  1.424216e+00  9.198107e+00  2.000000e+00
     vertex  1.415954e+00  9.178135e+00  2.000000e-01
   endloop
 endfacet
 facet normal  0.000000e+00 -1.000000e+00  0.000000e+00
   outer loop
     vertex  1.235352e+00  9.064453e+00  2.000000e-01
     vertex -1.264648e+00  9.064453e+00  2.000000e+00
     vertex -1.264648e+00  9.064453e+00  2.000000e-01
   endloop
 endfacet
 facet normal  0.000000e+00 -1.000000e+00  0.000000e+00
   outer loop
     vertex  1.235352e+00  9.064453e+00  2.000000e-01
     vertex  1.235352e+00  9.064453e+00  2.000000e+00
     vertex -1.264648e+00  9.064453e+00  2.000000e+00
   endloop
 endfacet
 facet normal -9.858102e-01 -1.678635e-01  0.000000e+00
   outer loop
     vertex -1.453513e+00  9.198108e+00  2.000000e-01
     vertex -1.464844e+00  9.264649e+00  2.000000e+00
     vertex -1.464844e+00  9.264649e+00  2.000000e-01
   endloop
 endfacet
 facet normal -9.752987e-01 -2.208807e-01  2.026050e-03
   outer loop
     vertex -1.453513e+00  9.198108e+00  2.000000e-01
     vertex -1.445251e+00  9.178136e+00  2.000000e+00
     vertex -1.464844e+00  9.264649e+00  2.000000e+00
   endloop
 endfacet
 facet normal -7.838751e-01 -6.209123e-01  2.763194e-03
   outer loop
     vertex -1.420695e+00  9.139125e+00  2.000000e-01
     vertex -1.390173e+00  9.108603e+00  2.000000e+00
     vertex -1.445251e+00  9.178136e+00  2.000000e+00
   endloop
 endfacet
 facet normal -8.738440e-01 -4.862045e-01 -1.383621e-03
   outer loop
     vertex -1.420695e+00  9.139125e+00  2.000000e-01
     vertex -1.445251e+00  9.178136e+00  2.000000e+00
     vertex -1.453513e+00  9.198108e+00  2.000000e-01
   endloop
 endfacet
 facet normal -4.862115e-01 -8.738401e-01  1.383649e-03
   outer loop
     vertex -1.351162e+00  9.084046e+00  2.000000e-01
     vertex -1.331190e+00  9.075784e+00  2.000000e+00
     vertex -1.390173e+00  9.108603e+00  2.000000e+00
   endloop
 endfacet
 facet normal -6.209186e-01 -7.838702e-01 -2.763250e-03
   outer loop
     vertex -1.351162e+00  9.084046e+00  2.000000e-01
     vertex -1.390173e+00  9.108603e+00  2.000000e+00
     vertex -1.420695e+00  9.139125e+00  2.000000e-01
   endloop
 endfacet
 facet normal -1.678668e-01 -9.858097e-01  0.000000e+00
   outer loop
     vertex -1.264648e+00  9.064453e+00  2.000000e-01
     vertex -1.264648e+00  9.064453e+00  2.000000e+00
     vertex -1.331190e+00  9.075784e+00  2.000000e+00
   endloop
 endfacet
 facet normal -2.208839e-01 -9.752980e-01 -2.026077e-03
   outer loop
     vertex -1.264648e+00  9.064453e+00  2.000000e-01
     vertex -1.331190e+00  9.075784e+00  2.000000e+00
     vertex -1.351162e+00  9.084046e+00  2.000000e-01
   endloop
 endfacet
 facet normal -1.000000e+00  0.000000e+00  0.000000e+00
   outer loop
     vertex -1.464844e+00  9.264649e+00  2.000000e-01
     vertex -1.464844e+00  9.692383e+00  2.000000e+00
     vertex -1.464844e+00  9.692383e+00  2.000000e-01
   endloop
 endfacet
 facet normal -1.000000e+00  0.000000e+00  0.000000e+00
   outer loop
     vertex -1.464844e+00  9.264649e+00  2.000000e-01
     vertex -1.464844e+00  9.264649e+00  2.000000e+00
     vertex -1.464844e+00  9.692383e+00  2.000000e+00
   endloop
 endfacet
 facet normal  6.768774e-01 -7.360957e-01  0.000000e+00
   outer loop
     vertex -6.406372e+00  7.422552e+00  2.000000e-01
     vertex -6.821289e+00  7.041015e+00  2.000000e+00
     vertex -6.821289e+00  7.041015e+00  2.000000e-01
   endloop
 endfacet
 facet normal  6.765716e-01 -7.363769e-01 -1.300838e-04
   outer loop
     vertex -6.406372e+00  7.422552e+00  2.000000e-01
     vertex -6.400079e+00  7.428016e+00  2.000000e+00
     vertex -6.821289e+00  7.041015e+00  2.000000e+00
   endloop
 endfacet
 facet normal  6.333848e-01 -7.738370e-01 -1.004314e-04
   outer loop
     vertex -5.970657e+00  7.779732e+00  2.000000e-01
     vertex -5.965655e+00  7.783592e+00  2.000000e+00
     vertex -6.400079e+00  7.428016e+00  2.000000e+00
   endloop
 endfacet
 facet normal  6.339657e-01 -7.733611e-01  1.311442e-04
   outer loop
     vertex -5.970657e+00  7.779732e+00  2.000000e-01
     vertex -6.400079e+00  7.428016e+00  2.000000e+00
     vertex -6.406372e+00  7.422552e+00  2.000000e-01
   endloop
 endfacet
 facet normal  5.848684e-01 -8.111263e-01 -1.740591e-03
   outer loop
     vertex -5.565795e+00  8.075777e+00  2.000000e-01
     vertex -5.466642e+00  8.143409e+00  2.000000e+00
     vertex -5.965655e+00  7.783592e+00  2.000000e+00
   endloop
 endfacet
 facet normal  5.902561e-01 -8.072160e-01  9.100202e-05
   outer loop
     vertex -5.565795e+00  8.075777e+00  2.000000e-01
     vertex -5.965655e+00  7.783592e+00  2.000000e+00
     vertex -5.970657e+00  7.779732e+00  2.000000e-01
   endloop
 endfacet
 facet normal  5.309784e-01 -8.473814e-01 -2.587834e-03
   outer loop
     vertex -5.145930e+00  8.349868e+00  2.000000e-01
     vertex -4.949276e+00  8.467597e+00  2.000000e+00
     vertex -5.466642e+00  8.143409e+00  2.000000e+00
   endloop
 endfacet
 facet normal  5.466395e-01 -8.373670e-01  1.351194e-03
   outer loop
     vertex -5.145930e+00  8.349868e+00  2.000000e-01
     vertex -5.466642e+00  8.143409e+00  2.000000e+00
     vertex -5.565795e+00  8.075777e+00  2.000000e-01
   endloop
 endfacet
 facet normal  4.747782e-01 -8.801012e-01 -2.741707e-03
   outer loop
     vertex -4.667523e+00  8.625198e+00  2.000000e-01
     vertex -4.412123e+00  8.757368e+00  2.000000e+00
     vertex -4.949276e+00  8.467597e+00  2.000000e+00
   endloop
 endfacet
 facet normal  4.988048e-01 -8.667116e-01  2.191500e-03
   outer loop
     vertex -4.667523e+00  8.625198e+00  2.000000e-01
     vertex -4.949276e+00  8.467597e+00  2.000000e+00
     vertex -5.145930e+00  8.349868e+00  2.000000e-01
   endloop
 endfacet
 facet normal  4.169301e-01 -9.089352e-01 -2.473020e-03
   outer loop
     vertex -4.222851e+00  8.849085e+00  2.000000e-01
     vertex -3.853515e+00  9.013603e+00  2.000000e+00
     vertex -4.412123e+00  8.757368e+00  2.000000e+00
   endloop
 endfacet
 facet normal  4.497037e-01 -8.931760e-01  1.776144e-03
   outer loop
     vertex -4.222851e+00  8.849085e+00  2.000000e-01
     vertex -4.412123e+00  8.757368e+00  2.000000e+00
     vertex -4.667523e+00  8.625198e+00  2.000000e-01
   endloop
 endfacet
 facet normal  3.581427e-01 -9.336646e-01 -2.080220e-03
   outer loop
     vertex -3.706992e+00  9.073817e+00  2.000000e-01
     vertex -3.271541e+00  9.236841e+00  2.000000e+00
     vertex -3.853515e+00  9.013603e+00  2.000000e+00
   endloop
 endfacet
 facet normal  3.993920e-01 -9.167784e-01  1.842423e-03
   outer loop
     vertex -3.706992e+00  9.073817e+00  2.000000e-01
     vertex -3.853515e+00  9.013603e+00  2.000000e+00
     vertex -4.222851e+00  8.849085e+00  2.000000e-01
   endloop
 endfacet
 facet normal  2.991344e-01 -9.542097e-01 -1.550341e-03
   outer loop
     vertex -3.168932e+00  9.271932e+00  2.000000e-01
     vertex -2.664045e+00  9.427284e+00  2.000000e+00
     vertex -3.271541e+00  9.236841e+00  2.000000e+00
   endloop
 endfacet
 facet normal  3.455241e-01 -9.384088e-01  1.402127e-03
   outer loop
     vertex -3.168932e+00  9.271932e+00  2.000000e-01
     vertex -3.271541e+00  9.236841e+00  2.000000e+00
     vertex -3.706992e+00  9.073817e+00  2.000000e-01
   endloop
 endfacet
 facet normal  2.951021e-01 -9.554657e-01 -3.109121e-04
   outer loop
     vertex -2.685336e+00  9.421294e+00  2.000000e-01
     vertex -2.664045e+00  9.427284e+00  2.000000e+00
     vertex -3.168932e+00  9.271932e+00  2.000000e-01
   endloop
 endfacet
 facet normal  2.425248e-01 -9.701452e-01 -1.158130e-04
   outer loop
     vertex -2.078953e+00  9.573765e+00  2.000000e-01
     vertex -2.071509e+00  9.575411e+00  2.000000e+00
     vertex -2.664045e+00  9.427284e+00  2.000000e+00
   endloop
 endfacet
 facet normal  2.438531e-01 -9.698121e-01  3.430299e-04
   outer loop
     vertex -2.078953e+00  9.573765e+00  2.000000e-01
     vertex -2.664045e+00  9.427284e+00  2.000000e+00
     vertex -2.685336e+00  9.421294e+00  2.000000e-01
   endloop
 endfacet
 facet normal  1.893238e-01 -9.819147e-01  0.000000e+00
   outer loop
     vertex -1.464844e+00  9.692383e+00  2.000000e-01
     vertex -1.464844e+00  9.692383e+00  2.000000e+00
     vertex -2.071509e+00  9.575411e+00  2.000000e+00
   endloop
 endfacet
 facet normal  1.896487e-01 -9.818520e-01  1.135822e-04
   outer loop
     vertex -1.464844e+00  9.692383e+00  2.000000e-01
     vertex -2.071509e+00  9.575411e+00  2.000000e+00
     vertex -2.078953e+00  9.573765e+00  2.000000e-01
   endloop
 endfacet
 facet normal  7.113279e-01  7.028603e-01  0.000000e+00
   outer loop
     vertex -6.821289e+00  7.041015e+00  2.000000e-01
     vertex -6.740235e+00  6.958984e+00  2.000000e+00
     vertex -6.740235e+00  6.958984e+00  2.000000e-01
   endloop
 endfacet
 facet normal  7.113279e-01  7.028603e-01 -0.000000e+00
   outer loop
     vertex -6.821289e+00  7.041015e+00  2.000000e-01
     vertex -6.821289e+00  7.041015e+00  2.000000e+00
     vertex -6.740235e+00  6.958984e+00  2.000000e+00
   endloop
 endfacet
 facet normal -1.510761e-01  9.885221e-01  0.000000e+00
   outer loop
     vertex -2.068647e+00  9.420460e+00  2.000000e-01
     vertex -1.791016e+00  9.462890e+00  2.000000e+00
     vertex -1.791016e+00  9.462890e+00  2.000000e-01
   endloop
 endfacet
 facet normal -1.652370e-01  9.862513e-01  2.237706e-03
   outer loop
     vertex -2.068647e+00  9.420460e+00  2.000000e-01
     vertex -2.288652e+00  9.379516e+00  2.000000e+00
     vertex -1.791016e+00  9.462890e+00  2.000000e+00
   endloop
 endfacet
 facet normal -2.288344e-01  9.734649e-01  9.157159e-04
   outer loop
     vertex -2.344599e+00  9.368058e+00  2.000000e-01
     vertex -2.783206e+00  9.263260e+00  2.000000e+00
     vertex -2.288652e+00  9.379516e+00  2.000000e+00
   endloop
 endfacet
 facet normal -1.865618e-01  9.824431e-01 -4.553409e-04
   outer loop
     vertex -2.344599e+00  9.368058e+00  2.000000e-01
     vertex -2.288652e+00  9.379516e+00  2.000000e+00
     vertex -2.068647e+00  9.420460e+00  2.000000e-01
   endloop
 endfacet
 facet normal -2.911459e-01  9.566783e-01  8.602781e-04
   outer loop
     vertex -2.835309e+00  9.249023e+00  2.000000e-01
     vertex -3.268907e+00  9.115447e+00  2.000000e+00
     vertex -2.783206e+00  9.263260e+00  2.000000e+00
   endloop
 endfacet
 facet normal -2.357408e-01  9.718156e-01 -8.632132e-04
   outer loop
     vertex -2.835309e+00  9.249023e+00  2.000000e-01
     vertex -2.783206e+00  9.263260e+00  2.000000e+00
     vertex -2.344599e+00  9.368058e+00  2.000000e-01
   endloop
 endfacet
 facet normal -3.513658e-01  9.362378e-01  8.885165e-04
   outer loop
     vertex -3.322584e+00  9.097011e+00  2.000000e-01
     vertex -3.750039e+00  8.934880e+00  2.000000e+00
     vertex -3.268907e+00  9.115447e+00  2.000000e+00
   endloop
 endfacet
 facet normal -2.978081e-01  9.546253e-01 -8.969153e-04
   outer loop
     vertex -3.322584e+00  9.097011e+00  2.000000e-01
     vertex -3.268907e+00  9.115447e+00  2.000000e+00
     vertex -2.835309e+00  9.249023e+00  2.000000e-01
   endloop
 endfacet
 facet normal -4.123257e-01  9.110354e-01  1.423254e-03
   outer loop
     vertex -3.830626e+00  8.901220e+00  2.000000e-01
     vertex -4.280255e+00  8.694910e+00  2.000000e+00
     vertex -3.750039e+00  8.934880e+00  2.000000e+00
   endloop
 endfacet
 facet normal -3.596030e-01  9.331044e-01 -1.349840e-03
   outer loop
     vertex -3.830626e+00  8.901220e+00  2.000000e-01
     vertex -3.750039e+00  8.934880e+00  2.000000e+00
     vertex -3.322584e+00  9.097011e+00  2.000000e-01
   endloop
 endfacet
 facet normal -4.730359e-01  8.810429e-01  6.470505e-04
   outer loop
     vertex -4.313298e+00  8.678491e+00  2.000000e-01
     vertex -4.806820e+00  8.412195e+00  2.000000e+00
     vertex -4.280255e+00  8.694910e+00  2.000000e+00
   endloop
 endfacet
 facet normal -4.189914e-01  9.079900e-01 -5.908552e-04
   outer loop
     vertex -4.313298e+00  8.678491e+00  2.000000e-01
     vertex -4.280255e+00  8.694910e+00  2.000000e+00
     vertex -3.830626e+00  8.901220e+00  2.000000e-01
   endloop
 endfacet
 facet normal -4.741868e-01  8.804242e-01  2.399594e-04
   outer loop
     vertex -4.794737e+00  8.419193e+00  2.000000e-01
     vertex -4.806820e+00  8.412195e+00  2.000000e+00
     vertex -4.313298e+00  8.678491e+00  2.000000e-01
   endloop
 endfacet
 facet normal -5.297753e-01  8.481374e-01  1.047568e-03
   outer loop
     vertex -5.275490e+00  8.121671e+00  2.000000e-01
     vertex -5.330637e+00  8.085001e+00  2.000000e+00
     vertex -4.806820e+00  8.412195e+00  2.000000e+00
   endloop
 endfacet
 facet normal -5.262437e-01  8.503338e-01 -2.264459e-04
   outer loop
     vertex -5.275490e+00  8.121671e+00  2.000000e-01
     vertex -4.806820e+00  8.412195e+00  2.000000e+00
     vertex -4.794737e+00  8.419193e+00  2.000000e-01
   endloop
 endfacet
 facet normal -5.822652e-01  8.129972e-01  1.671198e-03
   outer loop
     vertex -5.755988e+00  7.784066e+00  2.000000e-01
     vertex -5.852476e+00  7.711262e+00  2.000000e+00
     vertex -5.330637e+00  8.085001e+00  2.000000e+00
   endloop
 endfacet
 facet normal -5.748965e-01  8.182256e-01 -9.441869e-04
   outer loop
     vertex -5.755988e+00  7.784066e+00  2.000000e-01
     vertex -5.330637e+00  8.085001e+00  2.000000e+00
     vertex -5.275490e+00  8.121671e+00  2.000000e-01
   endloop
 endfacet
 facet normal -6.270519e-01  7.789772e-01  6.504013e-04
   outer loop
     vertex -6.259274e+00  7.385305e+00  2.000000e-01
     vertex -6.298374e+00  7.352329e+00  2.000000e+00
     vertex -5.852476e+00  7.711262e+00  2.000000e+00
   endloop
 endfacet
 facet normal -6.210144e-01  7.837975e-01 -1.586944e-03
   outer loop
     vertex -6.259274e+00  7.385305e+00  2.000000e-01
     vertex -5.852476e+00  7.711262e+00  2.000000e+00
     vertex -5.755988e+00  7.784066e+00  2.000000e-01
   endloop
 endfacet
 facet normal -6.649104e-01  7.469231e-01  0.000000e+00
   outer loop
     vertex -6.740235e+00  6.958984e+00  2.000000e-01
     vertex -6.740235e+00  6.958984e+00  2.000000e+00
     vertex -6.298374e+00  7.352329e+00  2.000000e+00
   endloop
 endfacet
 facet normal -6.633206e-01  7.483350e-01 -6.987922e-04
   outer loop
     vertex -6.740235e+00  6.958984e+00  2.000000e-01
     vertex -6.298374e+00  7.352329e+00  2.000000e+00
     vertex -6.259274e+00  7.385305e+00  2.000000e-01
   endloop
 endfacet
 facet normal  8.190663e-01 -5.736988e-01  0.000000e+00
   outer loop
     vertex -1.582940e+00  9.180307e+00  2.000000e-01
     vertex -1.623047e+00  9.123047e+00  2.000000e+00
     vertex -1.623047e+00  9.123047e+00  2.000000e-01
   endloop
 endfacet
 facet normal  8.456163e-01 -5.337880e-01  1.861169e-03
   outer loop
     vertex -1.582940e+00  9.180307e+00  2.000000e-01
     vertex -1.575698e+00  9.198056e+00  2.000000e+00
     vertex -1.623047e+00  9.123047e+00  2.000000e+00
   endloop
 endfacet
 facet normal  9.932893e-01 -1.156241e-01  2.709916e-03
   outer loop
     vertex -1.564988e+00  9.247871e+00  2.000000e-01
     vertex -1.565442e+00  9.286165e+00  2.000000e+00
     vertex -1.575698e+00  9.198056e+00  2.000000e+00
   endloop
 endfacet
 facet normal  9.664652e-01 -2.567941e-01 -1.356518e-03
   outer loop
     vertex -1.564988e+00  9.247871e+00  2.000000e-01
     vertex -1.575698e+00  9.198056e+00  2.000000e+00
     vertex -1.582940e+00  9.180307e+00  2.000000e-01
   endloop
 endfacet
 facet normal  9.456144e-01  3.252785e-01  2.709940e-03
   outer loop
     vertex -1.577326e+00  9.335711e+00  2.000000e-01
     vertex -1.594295e+00  9.370045e+00  2.000000e+00
     vertex -1.565442e+00  9.286165e+00  2.000000e+00
   endloop
 endfacet
 facet normal  9.902758e-01  1.390916e-01 -2.709827e-03
   outer loop
     vertex -1.577326e+00  9.335711e+00  2.000000e-01
     vertex -1.565442e+00  9.286165e+00  2.000000e+00
     vertex -1.564988e+00  9.247871e+00  2.000000e-01
   endloop
 endfacet
 facet normal  7.119659e-01  7.022088e-01  2.709905e-03
   outer loop
     vertex -1.626437e+00  9.409580e+00  2.000000e-01
     vertex -1.656584e+00  9.433199e+00  2.000000e+00
     vertex -1.594295e+00  9.370045e+00  2.000000e+00
   endloop
 endfacet
 facet normal  8.327496e-01  5.536432e-01 -2.709976e-03
   outer loop
     vertex -1.626437e+00  9.409580e+00  2.000000e-01
     vertex -1.594295e+00  9.370045e+00  2.000000e+00
     vertex -1.577326e+00  9.335711e+00  2.000000e-01
   endloop
 endfacet
 facet normal  3.829963e-01  9.237489e-01  1.356616e-03
   outer loop
     vertex -1.702665e+00  9.454949e+00  2.000000e-01
     vertex -1.721165e+00  9.459975e+00  2.000000e+00
     vertex -1.656584e+00  9.433199e+00  2.000000e+00
   endloop
 endfacet
 facet normal  5.114379e-01  8.593160e-01 -2.710097e-03
   outer loop
     vertex -1.702665e+00  9.454949e+00  2.000000e-01
     vertex -1.656584e+00  9.433199e+00  2.000000e+00
     vertex -1.626437e+00  9.409580e+00  2.000000e-01
   endloop
 endfacet
 facet normal  4.169827e-02  9.991302e-01 -0.000000e+00
   outer loop
     vertex -1.791016e+00  9.462890e+00  2.000000e-01
     vertex -1.791016e+00  9.462890e+00  2.000000e+00
     vertex -1.721165e+00  9.459975e+00  2.000000e+00
   endloop
 endfacet
 facet normal  8.953037e-02  9.959824e-01 -1.861274e-03
   outer loop
     vertex -1.791016e+00  9.462890e+00  2.000000e-01
     vertex -1.721165e+00  9.459975e+00  2.000000e+00
     vertex -1.702665e+00  9.454949e+00  2.000000e-01
   endloop
 endfacet
 facet normal  7.071069e-01 -7.071067e-01  0.000000e+00
   outer loop
     vertex -1.623047e+00  9.123047e+00  2.000000e-01
     vertex -2.564453e+00  8.181640e+00  2.000000e+00
     vertex -2.564453e+00  8.181640e+00  2.000000e-01
   endloop
 endfacet
 facet normal  7.071069e-01 -7.071067e-01  0.000000e+00
   outer loop
     vertex -1.623047e+00  9.123047e+00  2.000000e-01
     vertex -1.623047e+00  9.123047e+00  2.000000e+00
     vertex -2.564453e+00  8.181640e+00  2.000000e+00
   endloop
 endfacet
 facet normal  1.000000e+00  0.000000e+00  0.000000e+00
   outer loop
     vertex -2.564453e+00  8.181640e+00  2.000000e-01
     vertex -2.564453e+00  4.847656e+00  2.000000e+00
     vertex -2.564453e+00  4.847656e+00  2.000000e-01
   endloop
 endfacet
 facet normal  1.000000e+00  0.000000e+00 -0.000000e+00
   outer loop
     vertex -2.564453e+00  8.181640e+00  2.000000e-01
     vertex -2.564453e+00  8.181640e+00  2.000000e+00
     vertex -2.564453e+00  4.847656e+00  2.000000e+00
   endloop
 endfacet
 facet normal  7.071068e-01  7.071068e-01  0.000000e+00
   outer loop
     vertex -2.564453e+00  4.847656e+00  2.000000e-01
     vertex -1.681641e+00  3.964844e+00  2.000000e+00
     vertex -1.681641e+00  3.964844e+00  2.000000e-01
   endloop
 endfacet
 facet normal  7.071068e-01  7.071068e-01 -0.000000e+00
   outer loop
     vertex -2.564453e+00  4.847656e+00  2.000000e-01
     vertex -2.564453e+00  4.847656e+00  2.000000e+00
     vertex -1.681641e+00  3.964844e+00  2.000000e+00
   endloop
 endfacet
 facet normal  0.000000e+00  1.000000e+00  0.000000e+00
   outer loop
     vertex -1.681641e+00  3.964844e+00  2.000000e-01
     vertex -4.648438e-01  3.964844e+00  2.000000e+00
     vertex -4.648438e-01  3.964844e+00  2.000000e-01
   endloop
 endfacet
 facet normal  0.000000e+00  1.000000e+00  0.000000e+00
   outer loop
     vertex -1.681641e+00  3.964844e+00  2.000000e-01
     vertex -1.681641e+00  3.964844e+00  2.000000e+00
     vertex -4.648438e-01  3.964844e+00  2.000000e+00
   endloop
 endfacet
 facet normal -1.000000e+00  0.000000e+00  0.000000e+00
   outer loop
     vertex -4.648438e-01  3.964844e+00  2.000000e-01
     vertex -4.648438e-01  5.681640e+00  2.000000e+00
     vertex -4.648438e-01  5.681640e+00  2.000000e-01
   endloop
 endfacet
 facet normal -1.000000e+00  0.000000e+00  0.000000e+00
   outer loop
     vertex -4.648438e-01  3.964844e+00  2.000000e-01
     vertex -4.648438e-01  3.964844e+00  2.000000e+00
     vertex -4.648438e-01  5.681640e+00  2.000000e+00
   endloop
 endfacet
 facet normal -7.071070e-01 -7.071066e-01  0.000000e+00
   outer loop
     vertex -4.648438e-01  5.681640e+00  2.000000e-01
     vertex -9.062500e-01  6.123047e+00  2.000000e+00
     vertex -9.062500e-01  6.123047e+00  2.000000e-01
   endloop
 endfacet
 facet normal -7.071070e-01 -7.071066e-01  0.000000e+00
   outer loop
     vertex -4.648438e-01  5.681640e+00  2.000000e-01
     vertex -4.648438e-01  5.681640e+00  2.000000e+00
     vertex -9.062500e-01  6.123047e+00  2.000000e+00
   endloop
 endfacet
 facet normal -9.941286e-01 -1.082055e-01  0.000000e+00
   outer loop
     vertex -9.601262e-01  6.221306e+00  2.000000e-01
     vertex -9.648438e-01  6.264648e+00  2.000000e+00
     vertex -9.648438e-01  6.264648e+00  2.000000e-01
   endloop
 endfacet
 facet normal -9.849096e-01 -1.730623e-01  1.585844e-03
   outer loop
     vertex -9.601262e-01  6.221306e+00  2.000000e-01
     vertex -9.528089e-01  6.196157e+00  2.000000e+00
     vertex -9.648438e-01  6.264648e+00  2.000000e+00
   endloop
 endfacet
 facet normal -8.969999e-01 -4.420303e-01  6.353988e-04
   outer loop
     vertex -9.461298e-01  6.180016e+00  2.000000e-01
     vertex -9.335372e-01  6.157050e+00  2.000000e+00
     vertex -9.528089e-01  6.196157e+00  2.000000e+00
   endloop
 endfacet
 facet normal -9.470679e-01 -3.210326e-01 -6.353973e-04
   outer loop
     vertex -9.461298e-01  6.180016e+00  2.000000e-01
     vertex -9.528089e-01  6.196157e+00  2.000000e+00
     vertex -9.601262e-01  6.221306e+00  2.000000e-01
   endloop
 endfacet
 facet normal -7.799171e-01 -6.258828e-01  0.000000e+00
   outer loop
     vertex -9.062500e-01  6.123047e+00  2.000000e-01
     vertex -9.062500e-01  6.123047e+00  2.000000e+00
     vertex -9.335372e-01  6.157050e+00  2.000000e+00
   endloop
 endfacet
 facet normal -8.192215e-01 -5.734750e-01 -1.585847e-03
   outer loop
     vertex -9.062500e-01  6.123047e+00  2.000000e-01
     vertex -9.335372e-01  6.157050e+00  2.000000e+00
     vertex -9.461298e-01  6.180016e+00  2.000000e-01
   endloop
 endfacet
 facet normal -1.000000e+00  0.000000e+00  0.000000e+00
   outer loop
     vertex -9.648438e-01  6.264648e+00  2.000000e-01
     vertex -9.648438e-01  6.764648e+00  2.000000e+00
     vertex -9.648438e-01  6.764648e+00  2.000000e-01
   endloop
 endfacet
 facet normal -1.000000e+00  0.000000e+00  0.000000e+00
   outer loop
     vertex -9.648438e-01  6.264648e+00  2.000000e-01
     vertex -9.648438e-01  6.264648e+00  2.000000e+00
     vertex -9.648438e-01  6.764648e+00  2.000000e+00
   endloop
 endfacet
 facet normal -7.799172e-01  6.258827e-01  0.000000e+00
   outer loop
     vertex -9.335373e-01  6.872247e+00  2.000000e-01
     vertex -9.062500e-01  6.906250e+00  2.000000e+00
     vertex -9.062500e-01  6.906250e+00  2.000000e-01
   endloop
 endfacet
 facet normal -8.192215e-01  5.734750e-01  1.585844e-03
   outer loop
     vertex -9.335373e-01  6.872247e+00  2.000000e-01
     vertex -9.461298e-01  6.849281e+00  2.000000e+00
     vertex -9.062500e-01  6.906250e+00  2.000000e+00
   endloop
 endfacet
 facet normal -9.470679e-01  3.210326e-01  6.353988e-04
   outer loop
     vertex -9.528089e-01  6.833140e+00  2.000000e-01
     vertex -9.601262e-01  6.807991e+00  2.000000e+00
     vertex -9.461298e-01  6.849281e+00  2.000000e+00
   endloop
 endfacet
 facet normal -8.969999e-01  4.420302e-01 -6.353973e-04
   outer loop
     vertex -9.528089e-01  6.833140e+00  2.000000e-01
     vertex -9.461298e-01  6.849281e+00  2.000000e+00
     vertex -9.335373e-01  6.872247e+00  2.000000e-01
   endloop
 endfacet
 facet normal -9.941286e-01  1.082054e-01  0.000000e+00
   outer loop
     vertex -9.648438e-01  6.764648e+00  2.000000e-01
     vertex -9.648438e-01  6.764648e+00  2.000000e+00
     vertex -9.601262e-01  6.807991e+00  2.000000e+00
   endloop
 endfacet
 facet normal -9.849096e-01  1.730624e-01 -1.585847e-03
   outer loop
     vertex -9.648438e-01  6.764648e+00  2.000000e-01
     vertex -9.601262e-01  6.807991e+00  2.000000e+00
     vertex -9.528089e-01  6.833140e+00  2.000000e-01
   endloop
 endfacet
 facet normal -7.071068e-01  7.071068e-01  0.000000e+00
   outer loop
     vertex -9.062500e-01  6.906250e+00  2.000000e-01
     vertex -4.062500e-01  7.406250e+00  2.000000e+00
     vertex -4.062500e-01  7.406250e+00  2.000000e-01
   endloop
 endfacet
 facet normal -7.071068e-01  7.071068e-01  0.000000e+00
   outer loop
     vertex -9.062500e-01  6.906250e+00  2.000000e-01
     vertex -9.062500e-01  6.906250e+00  2.000000e+00
     vertex -4.062500e-01  7.406250e+00  2.000000e+00
   endloop
 endfacet
 facet normal -1.082065e-01  9.941284e-01  0.000000e+00
   outer loop
     vertex -3.079905e-01  7.460126e+00  2.000000e-01
     vertex -2.646484e-01  7.464844e+00  2.000000e+00
     vertex -2.646484e-01  7.464844e+00  2.000000e-01
   endloop
 endfacet
 facet normal -1.730634e-01  9.849094e-01  1.585847e-03
   outer loop
     vertex -3.079905e-01  7.460126e+00  2.000000e-01
     vertex -3.331397e-01  7.452809e+00  2.000000e+00
     vertex -2.646484e-01  7.464844e+00  2.000000e+00
   endloop
 endfacet
 facet normal -4.420315e-01  8.969993e-01  6.354002e-04
   outer loop
     vertex -3.492808e-01  7.446130e+00  2.000000e-01
     vertex -3.722472e-01  7.433537e+00  2.000000e+00
     vertex -3.331397e-01  7.452809e+00  2.000000e+00
   endloop
 endfacet
 facet normal -3.210339e-01  9.470675e-01 -6.353986e-04
   outer loop
     vertex -3.492808e-01  7.446130e+00  2.000000e-01
     vertex -3.331397e-01  7.452809e+00  2.000000e+00
     vertex -3.079905e-01  7.460126e+00  2.000000e-01
   endloop
 endfacet
 facet normal -6.258841e-01  7.799161e-01  0.000000e+00
   outer loop
     vertex -4.062500e-01  7.406250e+00  2.000000e-01
     vertex -4.062500e-01  7.406250e+00  2.000000e+00
     vertex -3.722472e-01  7.433537e+00  2.000000e+00
   endloop
 endfacet
 facet normal -5.734763e-01  8.192206e-01 -1.585850e-03
   outer loop
     vertex -4.062500e-01  7.406250e+00  2.000000e-01
     vertex -3.722472e-01  7.433537e+00  2.000000e+00
     vertex -3.492808e-01  7.446130e+00  2.000000e-01
   endloop
 endfacet
 facet normal -1.776357e-15  1.000000e+00  0.000000e+00
   outer loop
     vertex -2.646484e-01  7.464844e+00  2.000000e-01
     vertex  2.353516e-01  7.464844e+00  2.000000e+00
     vertex  2.353516e-01  7.464844e+00  2.000000e-01
   endloop
 endfacet
 facet normal -1.776357e-15  1.000000e+00  0.000000e+00
   outer loop
     vertex -2.646484e-01  7.464844e+00  2.000000e-01
     vertex -2.646484e-01  7.464844e+00  2.000000e+00
     vertex  2.353516e-01  7.464844e+00  2.000000e+00
   endloop
 endfacet
 facet normal  6.258840e-01  7.799161e-01  0.000000e+00
   outer loop
     vertex  3.429503e-01  7.433537e+00  2.000000e-01
     vertex  3.769531e-01  7.406250e+00  2.000000e+00
     vertex  3.769531e-01  7.406250e+00  2.000000e-01
   endloop
 endfacet
 facet normal  5.734763e-01  8.192206e-01  1.585847e-03
   outer loop
     vertex  3.429503e-01  7.433537e+00  2.000000e-01
     vertex  3.199839e-01  7.446130e+00  2.000000e+00
     vertex  3.769531e-01  7.406250e+00  2.000000e+00
   endloop
 endfacet
 facet normal  3.210338e-01  9.470675e-01  6.354001e-04
   outer loop
     vertex  3.038429e-01  7.452809e+00  2.000000e-01
     vertex  2.786936e-01  7.460126e+00  2.000000e+00
     vertex  3.199839e-01  7.446130e+00  2.000000e+00
   endloop
 endfacet
 facet normal  4.420315e-01  8.969993e-01 -6.353986e-04
   outer loop
     vertex  3.038429e-01  7.452809e+00  2.000000e-01
     vertex  3.199839e-01  7.446130e+00  2.000000e+00
     vertex  3.429503e-01  7.433537e+00  2.000000e-01
   endloop
 endfacet
 facet normal  1.082064e-01  9.941284e-01 -0.000000e+00
   outer loop
     vertex  2.353516e-01  7.464844e+00  2.000000e-01
     vertex  2.353516e-01  7.464844e+00  2.000000e+00
     vertex  2.786936e-01  7.460126e+00  2.000000e+00
   endloop
 endfacet
 facet normal  1.730635e-01  9.849094e-01 -1.585850e-03
   outer loop
     vertex  2.353516e-01  7.464844e+00  2.000000e-01
     vertex  2.786936e-01  7.460126e+00  2.000000e+00
     vertex  3.038429e-01  7.452809e+00  2.000000e-01
   endloop
 endfacet
 facet normal  7.071068e-01  7.071068e-01  0.000000e+00
   outer loop
     vertex  3.769531e-01  7.406250e+00  2.000000e-01
     vertex  8.769531e-01  6.906250e+00  2.000000e+00
     vertex  8.769531e-01  6.906250e+00  2.000000e-01
   endloop
 endfacet
 facet normal  7.071068e-01  7.071068e-01 -0.000000e+00
   outer loop
     vertex  3.769531e-01  7.406250e+00  2.000000e-01
     vertex  3.769531e-01  7.406250e+00  2.000000e+00
     vertex  8.769531e-01  6.906250e+00  2.000000e+00
   endloop
 endfacet
 facet normal  9.941286e-01  1.082055e-01  0.000000e+00
   outer loop
     vertex  9.308293e-01  6.807991e+00  2.000000e-01
     vertex  9.355468e-01  6.764648e+00  2.000000e+00
     vertex  9.355468e-01  6.764648e+00  2.000000e-01
   endloop
 endfacet
 facet normal  9.849096e-01  1.730623e-01  1.585844e-03
   outer loop
     vertex  9.308293e-01  6.807991e+00  2.000000e-01
     vertex  9.235120e-01  6.833140e+00  2.000000e+00
     vertex  9.355468e-01  6.764648e+00  2.000000e+00
   endloop
 endfacet
 facet normal  8.969999e-01  4.420303e-01  6.353988e-04
   outer loop
     vertex  9.168329e-01  6.849281e+00  2.000000e-01
     vertex  9.042403e-01  6.872247e+00  2.000000e+00
     vertex  9.235120e-01  6.833140e+00  2.000000e+00
   endloop
 endfacet
 facet normal  9.470679e-01  3.210326e-01 -6.353973e-04
   outer loop
     vertex  9.168329e-01  6.849281e+00  2.000000e-01
     vertex  9.235120e-01  6.833140e+00  2.000000e+00
     vertex  9.308293e-01  6.807991e+00  2.000000e-01
   endloop
 endfacet
 facet normal  7.799171e-01  6.258828e-01 -0.000000e+00
   outer loop
     vertex  8.769531e-01  6.906250e+00  2.000000e-01
     vertex  8.769531e-01  6.906250e+00  2.000000e+00
     vertex  9.042403e-01  6.872247e+00  2.000000e+00
   endloop
 endfacet
 facet normal  8.192215e-01  5.734750e-01 -1.585847e-03
   outer loop
     vertex  8.769531e-01  6.906250e+00  2.000000e-01
     vertex  9.042403e-01  6.872247e+00  2.000000e+00
     vertex  9.168329e-01  6.849281e+00  2.000000e-01
   endloop
 endfacet
 facet normal  1.000000e+00  0.000000e+00  0.000000e+00
   outer loop
     vertex  9.355468e-01  6.764648e+00  2.000000e-01
     vertex  9.355468e-01  6.264649e+00  2.000000e+00
     vertex  9.355468e-01  6.264649e+00  2.000000e-01
   endloop
 endfacet
 facet normal  1.000000e+00  0.000000e+00 -0.000000e+00
   outer loop
     vertex  9.355468e-01  6.764648e+00  2.000000e-01
     vertex  9.355468e-01  6.764648e+00  2.000000e+00
     vertex  9.355468e-01  6.264649e+00  2.000000e+00
   endloop
 endfacet
 facet normal  7.799172e-01 -6.258827e-01  0.000000e+00
   outer loop
     vertex  9.042404e-01  6.157050e+00  2.000000e-01
     vertex  8.769531e-01  6.123047e+00  2.000000e+00
     vertex  8.769531e-01  6.123047e+00  2.000000e-01
   endloop
 endfacet
 facet normal  8.192215e-01 -5.734750e-01  1.585844e-03
   outer loop
     vertex  9.042404e-01  6.157050e+00  2.000000e-01
     vertex  9.168329e-01  6.180016e+00  2.000000e+00
     vertex  8.769531e-01  6.123047e+00  2.000000e+00
   endloop
 endfacet
 facet normal  9.470679e-01 -3.210326e-01  6.353988e-04
   outer loop
     vertex  9.235120e-01  6.196157e+00  2.000000e-01
     vertex  9.308293e-01  6.221306e+00  2.000000e+00
     vertex  9.168329e-01  6.180016e+00  2.000000e+00
   endloop
 endfacet
 facet normal  8.969999e-01 -4.420302e-01 -6.353973e-04
   outer loop
     vertex  9.235120e-01  6.196157e+00  2.000000e-01
     vertex  9.168329e-01  6.180016e+00  2.000000e+00
     vertex  9.042404e-01  6.157050e+00  2.000000e-01
   endloop
 endfacet
 facet normal  9.941286e-01 -1.082054e-01  0.000000e+00
   outer loop
     vertex  9.355468e-01  6.264649e+00  2.000000e-01
     vertex  9.355468e-01  6.264649e+00  2.000000e+00
     vertex  9.308293e-01  6.221306e+00  2.000000e+00
   endloop
 endfacet
 facet normal  9.849096e-01 -1.730624e-01 -1.585847e-03
   outer loop
     vertex  9.355468e-01  6.264649e+00  2.000000e-01
     vertex  9.308293e-01  6.221306e+00  2.000000e+00
     vertex  9.235120e-01  6.196157e+00  2.000000e-01
   endloop
 endfacet
 facet normal  7.071070e-01 -7.071066e-01  0.000000e+00
   outer loop
     vertex  8.769531e-01  6.123047e+00  2.000000e-01
     vertex  4.355469e-01  5.681641e+00  2.000000e+00
     vertex  4.355469e-01  5.681641e+00  2.000000e-01
   endloop
 endfacet
 facet normal  7.071070e-01 -7.071066e-01  0.000000e+00
   outer loop
     vertex  8.769531e-01  6.123047e+00  2.000000e-01
     vertex  8.769531e-01  6.123047e+00  2.000000e+00
     vertex  4.355469e-01  5.681641e+00  2.000000e+00
   endloop
 endfacet
 facet normal  1.000000e+00  0.000000e+00  0.000000e+00
   outer loop
     vertex  4.355469e-01  5.681641e+00  2.000000e-01
     vertex  4.355469e-01  3.964844e+00  2.000000e+00
     vertex  4.355469e-01  3.964844e+00  2.000000e-01
   endloop
 endfacet
 facet normal  1.000000e+00  0.000000e+00 -0.000000e+00
   outer loop
     vertex  4.355469e-01  5.681641e+00  2.000000e-01
     vertex  4.355469e-01  5.681641e+00  2.000000e+00
     vertex  4.355469e-01  3.964844e+00  2.000000e+00
   endloop
 endfacet
 facet normal  0.000000e+00  1.000000e+00  0.000000e+00
   outer loop
     vertex  4.355469e-01  3.964844e+00  2.000000e-01
     vertex  1.652344e+00  3.964844e+00  2.000000e+00
     vertex  1.652344e+00  3.964844e+00  2.000000e-01
   endloop
 endfacet
 facet normal  0.000000e+00  1.000000e+00  0.000000e+00
   outer loop
     vertex  4.355469e-01  3.964844e+00  2.000000e-01
     vertex  4.355469e-01  3.964844e+00  2.000000e+00
     vertex  1.652344e+00  3.964844e+00  2.000000e+00
   endloop
 endfacet
 facet normal -7.071068e-01  7.071068e-01  0.000000e+00
   outer loop
     vertex  1.652344e+00  3.964844e+00  2.000000e-01
     vertex  2.535156e+00  4.847656e+00  2.000000e+00
     vertex  2.535156e+00  4.847656e+00  2.000000e-01
   endloop
 endfacet
 facet normal -7.071068e-01  7.071068e-01  0.000000e+00
   outer loop
     vertex  1.652344e+00  3.964844e+00  2.000000e-01
     vertex  1.652344e+00  3.964844e+00  2.000000e+00
     vertex  2.535156e+00  4.847656e+00  2.000000e+00
   endloop
 endfacet
 facet normal -1.000000e+00  0.000000e+00  0.000000e+00
   outer loop
     vertex  2.535156e+00  4.847656e+00  2.000000e-01
     vertex  2.535156e+00  8.181641e+00  2.000000e+00
     vertex  2.535156e+00  8.181641e+00  2.000000e-01
   endloop
 endfacet
 facet normal -1.000000e+00  0.000000e+00  0.000000e+00
   outer loop
     vertex  2.535156e+00  4.847656e+00  2.000000e-01
     vertex  2.535156e+00  4.847656e+00  2.000000e+00
     vertex  2.535156e+00  8.181641e+00  2.000000e+00
   endloop
 endfacet
 facet normal -7.071069e-01 -7.071067e-01  0.000000e+00
   outer loop
     vertex  2.535156e+00  8.181641e+00  2.000000e-01
     vertex  1.593750e+00  9.123047e+00  2.000000e+00
     vertex  1.593750e+00  9.123047e+00  2.000000e-01
   endloop
 endfacet
 facet normal -7.071069e-01 -7.071067e-01  0.000000e+00
   outer loop
     vertex  2.535156e+00  8.181641e+00  2.000000e-01
     vertex  2.535156e+00  8.181641e+00  2.000000e+00
     vertex  1.593750e+00  9.123047e+00  2.000000e+00
   endloop
 endfacet
 facet normal -1.014600e-01  9.948396e-01  0.000000e+00
   outer loop
     vertex  1.684884e+00  9.457624e+00  2.000000e-01
     vertex  1.746094e+00  9.463867e+00  2.000000e+00
     vertex  1.746094e+00  9.463867e+00  2.000000e-01
   endloop
 endfacet
 facet normal -1.699856e-01  9.854437e-01  2.362813e-03
   outer loop
     vertex  1.684884e+00  9.457624e+00  2.000000e-01
     vertex  1.658681e+00  9.448789e+00  2.000000e+00
     vertex  1.746094e+00  9.463867e+00  2.000000e+00
   endloop
 endfacet
 facet normal -5.794098e-01  8.150322e-01  2.609427e-03
   outer loop
     vertex  1.628468e+00  9.433073e+00  2.000000e-01
     vertex  1.586384e+00  9.397393e+00  2.000000e+00
     vertex  1.658681e+00  9.448789e+00  2.000000e+00
   endloop
 endfacet
 facet normal -3.990343e-01  9.169350e-01 -1.307849e-03
   outer loop
     vertex  1.628468e+00  9.433073e+00  2.000000e-01
     vertex  1.658681e+00  9.448789e+00  2.000000e+00
     vertex  1.684884e+00  9.457624e+00  2.000000e-01
   endloop
 endfacet
 facet normal -8.748818e-01  4.843294e-01  2.609405e-03
   outer loop
     vertex  1.565939e+00  9.370158e+00  2.000000e-01
     vertex  1.543422e+00  9.319787e+00  2.000000e+00
     vertex  1.586384e+00  9.397393e+00  2.000000e+00
   endloop
 endfacet
 facet normal -7.092744e-01  7.049277e-01 -2.609344e-03
   outer loop
     vertex  1.565939e+00  9.370158e+00  2.000000e-01
     vertex  1.586384e+00  9.397393e+00  2.000000e+00
     vertex  1.628468e+00  9.433073e+00  2.000000e-01
   endloop
 endfacet
 facet normal -9.982914e-01  5.837373e-02  2.609418e-03
   outer loop
     vertex  1.536764e+00  9.286389e+00  2.000000e-01
     vertex  1.538244e+00  9.231235e+00  2.000000e+00
     vertex  1.543422e+00  9.319787e+00  2.000000e+00
   endloop
 endfacet
 facet normal -9.443634e-01  3.288936e-01 -2.609474e-03
   outer loop
     vertex  1.536764e+00  9.286389e+00  2.000000e-01
     vertex  1.543422e+00  9.319787e+00  2.000000e+00
     vertex  1.565939e+00  9.370158e+00  2.000000e-01
   endloop
 endfacet
 facet normal -9.493570e-01 -3.141968e-01  1.307967e-03
   outer loop
     vertex  1.546685e+00  9.198238e+00  2.000000e-01
     vertex  1.557577e+00  9.172821e+00  2.000000e+00
     vertex  1.538244e+00  9.231235e+00  2.000000e+00
   endloop
 endfacet
 facet normal -9.937236e-01 -1.118329e-01 -2.609655e-03
   outer loop
     vertex  1.546685e+00  9.198238e+00  2.000000e-01
     vertex  1.538244e+00  9.231235e+00  2.000000e+00
     vertex  1.536764e+00  9.286389e+00  2.000000e-01
   endloop
 endfacet
 facet normal -8.089367e-01 -5.878958e-01  0.000000e+00
   outer loop
     vertex  1.593750e+00  9.123047e+00  2.000000e-01
     vertex  1.593750e+00  9.123047e+00  2.000000e+00
     vertex  1.557577e+00  9.172821e+00  2.000000e+00
   endloop
 endfacet
 facet normal -8.476379e-01 -5.305699e-01 -2.362930e-03
   outer loop
     vertex  1.593750e+00  9.123047e+00  2.000000e-01
     vertex  1.557577e+00  9.172821e+00  2.000000e+00
     vertex  1.546685e+00  9.198238e+00  2.000000e-01
   endloop
 endfacet
 facet normal  6.654499e-01  7.464425e-01  0.000000e+00
   outer loop
     vertex  6.235617e+00  7.411090e+00  2.000000e-01
     vertex  6.476562e+00  7.196289e+00  2.000000e+00
     vertex  6.476562e+00  7.196289e+00  2.000000e-01
   endloop
 endfacet
 facet normal  6.539088e-01  7.565684e-01  2.753237e-03
   outer loop
     vertex  6.235617e+00  7.411090e+00  2.000000e-01
     vertex  5.991047e+00  7.615925e+00  2.000000e+00
     vertex  6.476562e+00  7.196289e+00  2.000000e+00
   endloop
 endfacet
 facet normal  6.058184e-01  7.956029e-01  6.317985e-05
   outer loop
     vertex  5.988177e+00  7.618253e+00  2.000000e-01
     vertex  5.489645e+00  7.997721e+00  2.000000e+00
     vertex  5.991047e+00  7.615925e+00  2.000000e+00
   endloop
 endfacet
 facet normal  6.419420e-01  7.667532e-01 -3.172312e-05
   outer loop
     vertex  5.988177e+00  7.618253e+00  2.000000e-01
     vertex  5.991047e+00  7.615925e+00  2.000000e+00
     vertex  6.235617e+00  7.411090e+00  2.000000e-01
   endloop
 endfacet
 facet normal  5.570435e-01  8.304833e-01  6.239143e-05
   outer loop
     vertex  5.486431e+00  8.000012e+00  2.000000e-01
     vertex  5.023285e+00  8.310530e+00  2.000000e+00
     vertex  5.489645e+00  7.997721e+00  2.000000e+00
   endloop
 endfacet
 facet normal  6.055180e-01  7.958316e-01 -6.825813e-05
   outer loop
     vertex  5.486431e+00  8.000012e+00  2.000000e-01
     vertex  5.489645e+00  7.997721e+00  2.000000e+00
     vertex  5.988177e+00  7.618253e+00  2.000000e-01
   endloop
 endfacet
 facet normal  5.074988e-01  8.616521e-01  8.350836e-04
   outer loop
     vertex  4.975061e+00  8.340678e+00  2.000000e-01
     vertex  4.551198e+00  8.588582e+00  2.000000e+00
     vertex  5.023285e+00  8.310530e+00  2.000000e+00
   endloop
 endfacet
 facet normal  5.544210e-01  8.322359e-01 -9.147141e-04
   outer loop
     vertex  4.975061e+00  8.340678e+00  2.000000e-01
     vertex  5.023285e+00  8.310530e+00  2.000000e+00
     vertex  5.486431e+00  8.000012e+00  2.000000e-01
   endloop
 endfacet
 facet normal  4.544649e-01  8.907635e-01  1.407205e-03
   outer loop
     vertex  4.460970e+00  8.637459e+00  2.000000e-01
     vertex  4.078630e+00  8.829684e+00  2.000000e+00
     vertex  4.551198e+00  8.588582e+00  2.000000e+00
   endloop
 endfacet
 facet normal  4.999626e-01  8.660456e-01 -1.544629e-03
   outer loop
     vertex  4.460970e+00  8.637459e+00  2.000000e-01
     vertex  4.551198e+00  8.588582e+00  2.000000e+00
     vertex  4.975061e+00  8.340678e+00  2.000000e-01
   endloop
 endfacet
 facet normal  3.974695e-01  9.176136e-01  1.811190e-03
   outer loop
     vertex  3.950960e+00  8.888539e+00  2.000000e-01
     vertex  3.610752e+00  9.032349e+00  2.000000e+00
     vertex  4.078630e+00  8.829684e+00  2.000000e+00
   endloop
 endfacet
 facet normal  4.416790e-01  8.971709e-01 -1.992920e-03
   outer loop
     vertex  3.950960e+00  8.888539e+00  2.000000e-01
     vertex  4.078630e+00  8.829684e+00  2.000000e+00
     vertex  4.460970e+00  8.637459e+00  2.000000e-01
   endloop
 endfacet
 facet normal  3.360015e-01  9.418591e-01  2.078853e-03
   outer loop
     vertex  3.451043e+00  9.093296e+00  2.000000e-01
     vertex  3.152406e+00  9.195860e+00  2.000000e+00
     vertex  3.610752e+00  9.032349e+00  2.000000e+00
   endloop
 endfacet
 facet normal  3.790229e-01  9.253844e-01 -2.296134e-03
   outer loop
     vertex  3.451043e+00  9.093296e+00  2.000000e-01
     vertex  3.610752e+00  9.032349e+00  2.000000e+00
     vertex  3.950960e+00  8.888539e+00  2.000000e-01
   endloop
 endfacet
 facet normal  2.695460e-01  9.629849e-01  2.236419e-03
   outer loop
     vertex  2.966488e+00  9.252080e+00  2.000000e-01
     vertex  2.707890e+00  9.320283e+00  2.000000e+00
     vertex  3.152406e+00  9.195860e+00  2.000000e+00
   endloop
 endfacet
 facet normal  3.113960e-01  9.502770e-01 -2.483084e-03
   outer loop
     vertex  2.966488e+00  9.252080e+00  2.000000e-01
     vertex  3.152406e+00  9.195860e+00  2.000000e+00
     vertex  3.451043e+00  9.093296e+00  2.000000e-01
   endloop
 endfacet
 facet normal  1.976360e-01  9.802738e-01  1.823599e-03
   outer loop
     vertex  2.591143e+00  9.347169e+00  2.000000e-01
     vertex  2.280782e+00  9.406394e+00  2.000000e+00
     vertex  2.707890e+00  9.320283e+00  2.000000e+00
   endloop
 endfacet
 facet normal  2.455800e-01  9.693752e-01 -1.448805e-03
   outer loop
     vertex  2.591143e+00  9.347169e+00  2.000000e-01
     vertex  2.707890e+00  9.320283e+00  2.000000e+00
     vertex  2.966488e+00  9.252080e+00  2.000000e-01
   endloop
 endfacet
 facet normal  1.335758e-01  9.910381e-01  9.620218e-04
   outer loop
     vertex  2.170678e+00  9.422981e+00  2.000000e-01
     vertex  2.011164e+00  9.442734e+00  2.000000e+00
     vertex  2.280782e+00  9.406394e+00  2.000000e+00
   endloop
 endfacet
 facet normal  1.774432e-01  9.841294e-01 -1.784958e-03
   outer loop
     vertex  2.170678e+00  9.422981e+00  2.000000e-01
     vertex  2.280782e+00  9.406394e+00  2.000000e+00
     vertex  2.591143e+00  9.347169e+00  2.000000e-01
   endloop
 endfacet
 facet normal  7.947428e-02  9.968369e-01 -0.000000e+00
   outer loop
     vertex  1.746094e+00  9.463867e+00  2.000000e-01
     vertex  1.746094e+00  9.463867e+00  2.000000e+00
     vertex  2.011164e+00  9.442734e+00  2.000000e+00
   endloop
 endfacet
 facet normal  9.585218e-02  9.953926e-01 -2.428786e-03
   outer loop
     vertex  1.746094e+00  9.463867e+00  2.000000e-01
     vertex  2.011164e+00  9.442734e+00  2.000000e+00
     vertex  2.170678e+00  9.422981e+00  2.000000e-01
   endloop
 endfacet
 facet normal  9.873915e-01  1.582973e-01  0.000000e+00
   outer loop
     vertex  9.380767e+00  2.121503e+00  2.000000e-01
     vertex  9.433594e+00  1.791992e+00  2.000000e+00
     vertex  9.433594e+00  1.791992e+00  2.000000e-01
   endloop
 endfacet
 facet normal  9.850531e-01  1.722309e-01  2.619335e-03
   outer loop
     vertex  9.380767e+00  2.121503e+00  2.000000e-01
     vertex  9.337374e+00  2.342308e+00  2.000000e+00
     vertex  9.433594e+00  1.791992e+00  2.000000e+00
   endloop
 endfacet
 facet normal  9.707917e-01  2.399180e-01  1.655198e-03
   outer loop
     vertex  9.314209e+00  2.448459e+00  2.000000e-01
     vertex  9.204801e+00  2.878743e+00  2.000000e+00
     vertex  9.337374e+00  2.342308e+00  2.000000e+00
   endloop
 endfacet
 facet normal  9.799023e-01  1.994763e-01 -8.470170e-04
   outer loop
     vertex  9.314209e+00  2.448459e+00  2.000000e-01
     vertex  9.337374e+00  2.342308e+00  2.000000e+00
     vertex  9.380767e+00  2.121503e+00  2.000000e-01
   endloop
 endfacet
 facet normal  9.521361e-01  3.056721e-01  1.211265e-03
   outer loop
     vertex  9.184679e+00  2.948553e+00  2.000000e-01
     vertex  9.030415e+00  3.421937e+00  2.000000e+00
     vertex  9.204801e+00  2.878743e+00  2.000000e+00
   endloop
 endfacet
 facet normal  9.680548e-01  2.507365e-01 -1.097283e-03
   outer loop
     vertex  9.184679e+00  2.948553e+00  2.000000e-01
     vertex  9.204801e+00  2.878743e+00  2.000000e+00
     vertex  9.314209e+00  2.448459e+00  2.000000e-01
   endloop
 endfacet
 facet normal  9.291610e-01  3.696750e-01  4.620387e-04
   outer loop
     vertex  9.021700e+00  3.446093e+00  2.000000e-01
     vertex  8.816314e+00  3.960072e+00  2.000000e+00
     vertex  9.030415e+00  3.421937e+00  2.000000e+00
   endloop
 endfacet
 facet normal  9.503131e-01  3.112954e-01 -4.238427e-04
   outer loop
     vertex  9.021700e+00  3.446093e+00  2.000000e-01
     vertex  9.030415e+00  3.421937e+00  2.000000e+00
     vertex  9.184679e+00  2.948553e+00  2.000000e-01
   endloop
 endfacet
 facet normal  9.290747e-01  3.698919e-01  3.902490e-04
   outer loop
     vertex  8.825071e+00  3.939975e+00  2.000000e-01
     vertex  8.816314e+00  3.960072e+00  2.000000e+00
     vertex  9.021700e+00  3.446093e+00  2.000000e-01
   endloop
 endfacet
 facet normal  9.023823e-01  4.309364e-01  2.936992e-04
   outer loop
     vertex  8.570047e+00  4.476982e+00  2.000000e-01
     vertex  8.562459e+00  4.491644e+00  2.000000e+00
     vertex  8.816314e+00  3.960072e+00  2.000000e+00
   endloop
 endfacet
 facet normal  9.033129e-01  4.289822e-01 -3.948160e-04
   outer loop
     vertex  8.570047e+00  4.476982e+00  2.000000e-01
     vertex  8.816314e+00  3.960072e+00  2.000000e+00
     vertex  8.825071e+00  3.939975e+00  2.000000e-01
   endloop
 endfacet
 facet normal  8.721524e-01  4.892331e-01  1.057432e-03
   outer loop
     vertex  8.303012e+00  4.958048e+00  2.000000e-01
     vertex  8.269058e+00  5.014689e+00  2.000000e+00
     vertex  8.562459e+00  4.491644e+00  2.000000e+00
   endloop
 endfacet
 facet normal  8.743305e-01  4.853309e-01 -2.676303e-04
   outer loop
     vertex  8.303012e+00  4.958048e+00  2.000000e-01
     vertex  8.562459e+00  4.491644e+00  2.000000e+00
     vertex  8.570047e+00  4.476982e+00  2.000000e-01
   endloop
 endfacet
 facet normal  8.387946e-01  5.444453e-01  1.680774e-03
   outer loop
     vertex  8.003226e+00  5.429796e+00  2.000000e-01
     vertex  7.936701e+00  5.526730e+00  2.000000e+00
     vertex  8.269058e+00  5.014689e+00  2.000000e+00
   endloop
 endfacet
 facet normal  8.439989e-01  5.363441e-01 -9.560776e-04
   outer loop
     vertex  8.003226e+00  5.429796e+00  2.000000e-01
     vertex  8.269058e+00  5.014689e+00  2.000000e+00
     vertex  8.303012e+00  4.958048e+00  2.000000e-01
   endloop
 endfacet
 facet normal  8.025780e-01  5.965444e-01  1.788612e-03
   outer loop
     vertex  7.646377e+00  5.922723e+00  2.000000e-01
     vertex  7.566528e+00  6.024753e+00  2.000000e+00
     vertex  7.936701e+00  5.526730e+00  2.000000e+00
   endloop
 endfacet
 facet normal  8.100175e-01  5.864034e-01 -1.642314e-03
   outer loop
     vertex  7.646377e+00  5.922723e+00  2.000000e-01
     vertex  7.936701e+00  5.526730e+00  2.000000e+00
     vertex  8.003226e+00  5.429796e+00  2.000000e-01
   endloop
 endfacet
 facet normal  7.636934e-01  6.455752e-01  2.255436e-03
   outer loop
     vertex  7.282971e+00  6.366480e+00  2.000000e-01
     vertex  7.160395e+00  6.505195e+00  2.000000e+00
     vertex  7.566528e+00  6.024753e+00  2.000000e+00
   endloop
 endfacet
 facet normal  7.736725e-01  6.335837e-01 -1.593152e-03
   outer loop
     vertex  7.282971e+00  6.366480e+00  2.000000e-01
     vertex  7.566528e+00  6.024753e+00  2.000000e+00
     vertex  7.646377e+00  5.922723e+00  2.000000e-01
   endloop
 endfacet
 facet normal  7.271501e-01  6.864778e-01  1.009729e-03
   outer loop
     vertex  6.891382e+00  6.792794e+00  2.000000e-01
     vertex  6.824953e+00  6.860511e+00  2.000000e+00
     vertex  7.160395e+00  6.505195e+00  2.000000e+00
   endloop
 endfacet
 facet normal  7.364626e-01  6.764753e-01 -1.980199e-03
   outer loop
     vertex  6.891382e+00  6.792794e+00  2.000000e-01
     vertex  7.160395e+00  6.505195e+00  2.000000e+00
     vertex  7.282971e+00  6.366480e+00  2.000000e-01
   endloop
 endfacet
 facet normal  6.939535e-01  7.200198e-01 -0.000000e+00
   outer loop
     vertex  6.476562e+00  7.196289e+00  2.000000e-01
     vertex  6.476562e+00  7.196289e+00  2.000000e+00
     vertex  6.824953e+00  6.860511e+00  2.000000e+00
   endloop
 endfacet
 facet normal  6.972541e-01  7.168230e-01 -1.235202e-03
   outer loop
     vertex  6.476562e+00  7.196289e+00  2.000000e-01
     vertex  6.824953e+00  6.860511e+00  2.000000e+00
     vertex  6.891382e+00  6.792794e+00  2.000000e-01
   endloop
 endfacet
 facet normal -5.732066e-01 -8.194109e-01  0.000000e+00
   outer loop
     vertex  9.151584e+00  1.582590e+00  2.000000e-01
     vertex  9.093750e+00  1.623047e+00  2.000000e+00
     vertex  9.093750e+00  1.623047e+00  2.000000e-01
   endloop
 endfacet
 facet normal -5.347221e-01 -8.450260e-01  1.812243e-03
   outer loop
     vertex  9.151584e+00  1.582590e+00  2.000000e-01
     vertex  9.168707e+00  1.575615e+00  2.000000e+00
     vertex  9.093750e+00  1.623047e+00  2.000000e+00
   endloop
 endfacet
 facet normal -1.167216e-01 -9.931610e-01  2.683198e-03
   outer loop
     vertex  9.219870e+00  1.564739e+00  2.000000e-01
     vertex  9.256804e+00  1.565261e+00  2.000000e+00
     vertex  9.168707e+00  1.575615e+00  2.000000e+00
   endloop
 endfacet
 facet normal -2.529143e-01 -9.674877e-01 -1.343036e-03
   outer loop
     vertex  9.219870e+00  1.564739e+00  2.000000e-01
     vertex  9.168707e+00  1.575615e+00  2.000000e+00
     vertex  9.151584e+00  1.582590e+00  2.000000e-01
   endloop
 endfacet
 facet normal  3.242335e-01 -9.459733e-01  2.683226e-03
   outer loop
     vertex  9.307638e+00  1.577579e+00  2.000000e-01
     vertex  9.340716e+00  1.594022e+00  2.000000e+00
     vertex  9.256804e+00  1.565261e+00  2.000000e+00
   endloop
 endfacet
 facet normal  1.447519e-01 -9.894643e-01 -2.683111e-03
   outer loop
     vertex  9.307638e+00  1.577579e+00  2.000000e-01
     vertex  9.256804e+00  1.565261e+00  2.000000e+00
     vertex  9.219870e+00  1.564739e+00  2.000000e-01
   endloop
 endfacet
 facet normal  7.014217e-01 -7.127415e-01  2.683188e-03
   outer loop
     vertex  9.381225e+00  1.627111e+00  2.000000e-01
     vertex  9.403939e+00  1.656241e+00  2.000000e+00
     vertex  9.340716e+00  1.594022e+00  2.000000e+00
   endloop
 endfacet
 facet normal  5.583960e-01 -8.295702e-01 -2.683259e-03
   outer loop
     vertex  9.381225e+00  1.627111e+00  2.000000e-01
     vertex  9.340716e+00  1.594022e+00  2.000000e+00
     vertex  9.307638e+00  1.577579e+00  2.000000e-01
   endloop
 endfacet
 facet normal  9.239789e-01 -3.824411e-01  1.343131e-03
   outer loop
     vertex  9.426157e+00  1.703597e+00  2.000000e-01
     vertex  9.430933e+00  1.721459e+00  2.000000e+00
     vertex  9.403939e+00  1.656241e+00  2.000000e+00
   endloop
 endfacet
 facet normal  8.622265e-01 -5.065159e-01 -2.683375e-03
   outer loop
     vertex  9.426157e+00  1.703597e+00  2.000000e-01
     vertex  9.403939e+00  1.656241e+00  2.000000e+00
     vertex  9.381225e+00  1.627111e+00  2.000000e-01
   endloop
 endfacet
 facet normal  9.992895e-01 -3.768883e-02  0.000000e+00
   outer loop
     vertex  9.433594e+00  1.791992e+00  2.000000e-01
     vertex  9.433594e+00  1.791992e+00  2.000000e+00
     vertex  9.430933e+00  1.721459e+00  2.000000e+00
   endloop
 endfacet
 facet normal  9.964781e-01 -8.383354e-02 -1.812345e-03
   outer loop
     vertex  9.433594e+00  1.791992e+00  2.000000e-01
     vertex  9.430933e+00  1.721459e+00  2.000000e+00
     vertex  9.426157e+00  1.703597e+00  2.000000e-01
   endloop
 endfacet
 facet normal -7.071067e-01 -7.071069e-01  0.000000e+00
   outer loop
     vertex  9.093750e+00  1.623047e+00  2.000000e-01
     vertex  8.152344e+00  2.564453e+00  2.000000e+00
     vertex  8.152344e+00  2.564453e+00  2.000000e-01
   endloop
 endfacet
 facet normal -7.071067e-01 -7.071069e-01  0.000000e+00
   outer loop
     vertex  9.093750e+00  1.623047e+00  2.000000e-01
     vertex  9.093750e+00  1.623047e+00  2.000000e+00
     vertex  8.152344e+00  2.564453e+00  2.000000e+00
   endloop
 endfacet
 facet normal  0.000000e+00 -1.000000e+00  0.000000e+00
   outer loop
     vertex  8.152344e+00  2.564453e+00  2.000000e-01
     vertex  4.818359e+00  2.564453e+00  2.000000e+00
     vertex  4.818359e+00  2.564453e+00  2.000000e-01
   endloop
 endfacet
 facet normal  0.000000e+00 -1.000000e+00  0.000000e+00
   outer loop
     vertex  8.152344e+00  2.564453e+00  2.000000e-01
     vertex  8.152344e+00  2.564453e+00  2.000000e+00
     vertex  4.818359e+00  2.564453e+00  2.000000e+00
   endloop
 endfacet
 facet normal  7.071067e-01 -7.071068e-01  0.000000e+00
   outer loop
     vertex  4.818359e+00  2.564453e+00  2.000000e-01
     vertex  3.935547e+00  1.681641e+00  2.000000e+00
     vertex  3.935547e+00  1.681641e+00  2.000000e-01
   endloop
 endfacet
 facet normal  7.071067e-01 -7.071068e-01  0.000000e+00
   outer loop
     vertex  4.818359e+00  2.564453e+00  2.000000e-01
     vertex  4.818359e+00  2.564453e+00  2.000000e+00
     vertex  3.935547e+00  1.681641e+00  2.000000e+00
   endloop
 endfacet
 facet normal  1.000000e+00  0.000000e+00  0.000000e+00
   outer loop
     vertex  3.935547e+00  1.681641e+00  2.000000e-01
     vertex  3.935547e+00  9.648438e-01  2.000000e+00
     vertex  3.935547e+00  9.648438e-01  2.000000e-01
   endloop
 endfacet
 facet normal  1.000000e+00  0.000000e+00 -0.000000e+00
   outer loop
     vertex  3.935547e+00  1.681641e+00  2.000000e-01
     vertex  3.935547e+00  1.681641e+00  2.000000e+00
     vertex  3.935547e+00  9.648438e-01  2.000000e+00
   endloop
 endfacet
 facet normal  0.000000e+00  1.000000e+00  0.000000e+00
   outer loop
     vertex  3.935547e+00  9.648438e-01  2.000000e-01
     vertex  4.652344e+00  9.648438e-01  2.000000e+00
     vertex  4.652344e+00  9.648438e-01  2.000000e-01
   endloop
 endfacet
 facet normal  0.000000e+00  1.000000e+00  0.000000e+00
   outer loop
     vertex  3.935547e+00  9.648438e-01  2.000000e-01
     vertex  3.935547e+00  9.648438e-01  2.000000e+00
     vertex  4.652344e+00  9.648438e-01  2.000000e+00
   endloop
 endfacet
 facet normal -7.071068e-01  7.071068e-01  0.000000e+00
   outer loop
     vertex  4.652344e+00  9.648438e-01  2.000000e-01
     vertex  5.093750e+00  1.406250e+00  2.000000e+00
     vertex  5.093750e+00  1.406250e+00  2.000000e-01
   endloop
 endfacet
 facet normal -7.071068e-01  7.071068e-01  0.000000e+00
   outer loop
     vertex  4.652344e+00  9.648438e-01  2.000000e-01
     vertex  4.652344e+00  9.648438e-01  2.000000e+00
     vertex  5.093750e+00  1.406250e+00  2.000000e+00
   endloop
 endfacet
 facet normal -1.082055e-01  9.941286e-01  0.000000e+00
   outer loop
     vertex  5.192009e+00  1.460126e+00  2.000000e-01
     vertex  5.235352e+00  1.464844e+00  2.000000e+00
     vertex  5.235352e+00  1.464844e+00  2.000000e-01
   endloop
 endfacet
 facet normal -1.730623e-01  9.849096e-01  1.585844e-03
   outer loop
     vertex  5.192009e+00  1.460126e+00  2.000000e-01
     vertex  5.166860e+00  1.452809e+00  2.000000e+00
     vertex  5.235352e+00  1.464844e+00  2.000000e+00
   endloop
 endfacet
 facet normal -4.420303e-01  8.969999e-01  6.353988e-04
   outer loop
     vertex  5.150719e+00  1.446130e+00  2.000000e-01
     vertex  5.127753e+00  1.433537e+00  2.000000e+00
     vertex  5.166860e+00  1.452809e+00  2.000000e+00
   endloop
 endfacet
 facet normal -3.210326e-01  9.470679e-01 -6.353973e-04
   outer loop
     vertex  5.150719e+00  1.446130e+00  2.000000e-01
     vertex  5.166860e+00  1.452809e+00  2.000000e+00
     vertex  5.192009e+00  1.460126e+00  2.000000e-01
   endloop
 endfacet
 facet normal -6.258828e-01  7.799171e-01  0.000000e+00
   outer loop
     vertex  5.093750e+00  1.406250e+00  2.000000e-01
     vertex  5.093750e+00  1.406250e+00  2.000000e+00
     vertex  5.127753e+00  1.433537e+00  2.000000e+00
   endloop
 endfacet
 facet normal -5.734750e-01  8.192215e-01 -1.585847e-03
   outer loop
     vertex  5.093750e+00  1.406250e+00  2.000000e-01
     vertex  5.127753e+00  1.433537e+00  2.000000e+00
     vertex  5.150719e+00  1.446130e+00  2.000000e-01
   endloop
 endfacet
 facet normal -0.000000e+00  1.000000e+00  0.000000e+00
   outer loop
     vertex  5.235352e+00  1.464844e+00  2.000000e+00
     vertex  7.735351e+00  1.464844e+00  2.000000e+00
     vertex  7.735351e+00  1.464844e+00  2.000000e-01
   endloop
 endfacet
 facet normal  0.000000e+00  1.000000e+00  0.000000e+00
   outer loop
     vertex  5.235352e+00  1.464844e+00  2.000000e-01
     vertex  5.235352e+00  1.464844e+00  2.000000e+00
     vertex  7.735351e+00  1.464844e+00  2.000000e-01
   endloop
 endfacet
 facet normal  9.858101e-01  1.678645e-01  0.000000e+00
   outer loop
     vertex  7.924216e+00  1.331189e+00  2.000000e-01
     vertex  7.935547e+00  1.264648e+00  2.000000e+00
     vertex  7.935547e+00  1.264648e+00  2.000000e-01
   endloop
 endfacet
 facet normal  9.752985e-01  2.208817e-01  2.026050e-03
   outer loop
     vertex  7.924216e+00  1.331189e+00  2.000000e-01
     vertex  7.915954e+00  1.351161e+00  2.000000e+00
     vertex  7.935547e+00  1.264648e+00  2.000000e+00
   endloop
 endfacet
 facet normal  7.838745e-01  6.209131e-01  2.763194e-03
   outer loop
     vertex  7.891398e+00  1.390172e+00  2.000000e-01
     vertex  7.860876e+00  1.420694e+00  2.000000e+00
     vertex  7.915954e+00  1.351161e+00  2.000000e+00
   endloop
 endfacet
 facet normal  8.738435e-01  4.862053e-01 -1.383621e-03
   outer loop
     vertex  7.891398e+00  1.390172e+00  2.000000e-01
     vertex  7.915954e+00  1.351161e+00  2.000000e+00
     vertex  7.924216e+00  1.331189e+00  2.000000e-01
   endloop
 endfacet
 facet normal  4.862106e-01  8.738406e-01  1.383649e-03
   outer loop
     vertex  7.821865e+00  1.445250e+00  2.000000e-01
     vertex  7.801893e+00  1.453513e+00  2.000000e+00
     vertex  7.860876e+00  1.420694e+00  2.000000e+00
   endloop
 endfacet
 facet normal  6.209178e-01  7.838708e-01 -2.763250e-03
   outer loop
     vertex  7.821865e+00  1.445250e+00  2.000000e-01
     vertex  7.860876e+00  1.420694e+00  2.000000e+00
     vertex  7.891398e+00  1.390172e+00  2.000000e-01
   endloop
 endfacet
 facet normal  1.678658e-01  9.858099e-01 -0.000000e+00
   outer loop
     vertex  7.735351e+00  1.464844e+00  2.000000e-01
     vertex  7.735351e+00  1.464844e+00  2.000000e+00
     vertex  7.801893e+00  1.453513e+00  2.000000e+00
   endloop
 endfacet
 facet normal  2.208830e-01  9.752982e-01 -2.026077e-03
   outer loop
     vertex  7.735351e+00  1.464844e+00  2.000000e-01
     vertex  7.801893e+00  1.453513e+00  2.000000e+00
     vertex  7.821865e+00  1.445250e+00  2.000000e-01
   endloop
 endfacet
 facet normal  1.000000e+00  0.000000e+00  0.000000e+00
   outer loop
     vertex  7.935547e+00  1.264648e+00  2.000000e-01
     vertex  7.935547e+00  7.646484e-01  2.000000e+00
     vertex  7.935547e+00  7.646484e-01  2.000000e-01
   endloop
 endfacet
 facet normal  1.000000e+00  0.000000e+00 -0.000000e+00
   outer loop
     vertex  7.935547e+00  1.264648e+00  2.000000e-01
     vertex  7.935547e+00  1.264648e+00  2.000000e+00
     vertex  7.935547e+00  7.646484e-01  2.000000e+00
   endloop
 endfacet
 facet normal  1.678636e-01 -9.858102e-01  0.000000e+00
   outer loop
     vertex  7.801892e+00  5.757836e-01  2.000000e-01
     vertex  7.735352e+00  5.644531e-01  2.000000e+00
     vertex  7.735352e+00  5.644531e-01  2.000000e-01
   endloop
 endfacet
 facet normal  2.208807e-01 -9.752987e-01  2.026048e-03
   outer loop
     vertex  7.801892e+00  5.757836e-01  2.000000e-01
     vertex  7.821864e+00  5.840461e-01  2.000000e+00
     vertex  7.735352e+00  5.644531e-01  2.000000e+00
   endloop
 endfacet
 facet normal  6.209123e-01 -7.838751e-01  2.763194e-03
   outer loop
     vertex  7.860875e+00  6.086016e-01  2.000000e-01
     vertex  7.891397e+00  6.391235e-01  2.000000e+00
     vertex  7.821864e+00  5.840461e-01  2.000000e+00
   endloop
 endfacet
 facet normal  4.862046e-01 -8.738439e-01 -1.383621e-03
   outer loop
     vertex  7.860875e+00  6.086016e-01  2.000000e-01
     vertex  7.821864e+00  5.840461e-01  2.000000e+00
     vertex  7.801892e+00  5.757836e-01  2.000000e-01
   endloop
 endfacet
 facet normal  8.738401e-01 -4.862114e-01  1.383649e-03
   outer loop
     vertex  7.915954e+00  6.781348e-01  2.000000e-01
     vertex  7.924216e+00  6.981071e-01  2.000000e+00
     vertex  7.891397e+00  6.391235e-01  2.000000e+00
   endloop
 endfacet
 facet normal  7.838703e-01 -6.209184e-01 -2.763250e-03
   outer loop
     vertex  7.915954e+00  6.781348e-01  2.000000e-01
     vertex  7.891397e+00  6.391235e-01  2.000000e+00
     vertex  7.860875e+00  6.086016e-01  2.000000e-01
   endloop
 endfacet
 facet normal  9.858097e-01 -1.678666e-01  0.000000e+00
   outer loop
     vertex  7.935547e+00  7.646484e-01  2.000000e-01
     vertex  7.935547e+00  7.646484e-01  2.000000e+00
     vertex  7.924216e+00  6.981071e-01  2.000000e+00
   endloop
 endfacet
 facet normal  9.752981e-01 -2.208837e-01 -2.026076e-03
   outer loop
     vertex  7.935547e+00  7.646484e-01  2.000000e-01
     vertex  7.924216e+00  6.981071e-01  2.000000e+00
     vertex  7.915954e+00  6.781348e-01  2.000000e-01
   endloop
 endfacet
 facet normal  0.000000e+00 -1.000000e+00  0.000000e+00
   outer loop
     vertex  7.735352e+00  5.644531e-01  2.000000e-01
     vertex  5.818359e+00  5.644531e-01  2.000000e+00
     vertex  5.818359e+00  5.644531e-01  2.000000e-01
   endloop
 endfacet
 facet normal  0.000000e+00 -1.000000e+00  0.000000e+00
   outer loop
     vertex  7.735352e+00  5.644531e-01  2.000000e-01
     vertex  7.735352e+00  5.644531e-01  2.000000e+00
     vertex  5.818359e+00  5.644531e-01  2.000000e+00
   endloop
 endfacet
 facet normal  7.071068e-01 -7.071068e-01  0.000000e+00
   outer loop
     vertex  5.818359e+00  5.644531e-01  2.000000e-01
     vertex  5.435547e+00  1.816406e-01  2.000000e+00
     vertex  5.435547e+00  1.816406e-01  2.000000e-01
   endloop
 endfacet
 facet normal  7.071068e-01 -7.071068e-01  0.000000e+00
   outer loop
     vertex  5.818359e+00  5.644531e-01  2.000000e-01
     vertex  5.818359e+00  5.644531e-01  2.000000e+00
     vertex  5.435547e+00  1.816406e-01  2.000000e+00
   endloop
 endfacet
 facet normal  1.000000e+00  0.000000e+00  0.000000e+00
   outer loop
     vertex  5.435547e+00  1.816406e-01  2.000000e-01
     vertex  5.435547e+00 -1.523437e-01  2.000000e+00
     vertex  5.435547e+00 -1.523437e-01  2.000000e-01
   endloop
 endfacet
 facet normal  1.000000e+00  0.000000e+00 -0.000000e+00
   outer loop
     vertex  5.435547e+00  1.816406e-01  2.000000e-01
     vertex  5.435547e+00  1.816406e-01  2.000000e+00
     vertex  5.435547e+00 -1.523437e-01  2.000000e+00
   endloop
 endfacet
 facet normal  7.071068e-01  7.071068e-01  0.000000e+00
   outer loop
     vertex  5.435547e+00 -1.523437e-01  2.000000e-01
     vertex  5.818359e+00 -5.351562e-01  2.000000e+00
     vertex  5.818359e+00 -5.351562e-01  2.000000e-01
   endloop
 endfacet
 facet normal  7.071068e-01  7.071068e-01 -0.000000e+00
   outer loop
     vertex  5.435547e+00 -1.523437e-01  2.000000e-01
     vertex  5.435547e+00 -1.523437e-01  2.000000e+00
     vertex  5.818359e+00 -5.351562e-01  2.000000e+00
   endloop
 endfacet
 facet normal -0.000000e+00  1.000000e+00  0.000000e+00
   outer loop
     vertex  5.818359e+00 -5.351562e-01  2.000000e+00
     vertex  7.735351e+00 -5.351562e-01  2.000000e+00
     vertex  7.735351e+00 -5.351562e-01  2.000000e-01
   endloop
 endfacet
 facet normal  0.000000e+00  1.000000e+00  0.000000e+00
   outer loop
     vertex  5.818359e+00 -5.351562e-01  2.000000e-01
     vertex  5.818359e+00 -5.351562e-01  2.000000e+00
     vertex  7.735351e+00 -5.351562e-01  2.000000e-01
   endloop
 endfacet
 facet normal  9.858101e-01  1.678645e-01  0.000000e+00
   outer loop
     vertex  7.924216e+00 -6.688111e-01  2.000000e-01
     vertex  7.935547e+00 -7.353515e-01  2.000000e+00
     vertex  7.935547e+00 -7.353515e-01  2.000000e-01
   endloop
 endfacet
 facet normal  9.752985e-01  2.208817e-01  2.026050e-03
   outer loop
     vertex  7.924216e+00 -6.688111e-01  2.000000e-01
     vertex  7.915954e+00 -6.488388e-01  2.000000e+00
     vertex  7.935547e+00 -7.353515e-01  2.000000e+00
   endloop
 endfacet
 facet normal  7.838745e-01  6.209131e-01  2.763194e-03
   outer loop
     vertex  7.891398e+00 -6.098281e-01  2.000000e-01
     vertex  7.860876e+00 -5.793059e-01  2.000000e+00
     vertex  7.915954e+00 -6.488388e-01  2.000000e+00
   endloop
 endfacet
 facet normal  8.738435e-01  4.862053e-01 -1.383621e-03
   outer loop
     vertex  7.891398e+00 -6.098281e-01  2.000000e-01
     vertex  7.915954e+00 -6.488388e-01  2.000000e+00
     vertex  7.924216e+00 -6.688111e-01  2.000000e-01
   endloop
 endfacet
 facet normal  4.862106e-01  8.738406e-01  1.383649e-03
   outer loop
     vertex  7.821865e+00 -5.547496e-01  2.000000e-01
     vertex  7.801893e+00 -5.464871e-01  2.000000e+00
     vertex  7.860876e+00 -5.793059e-01  2.000000e+00
   endloop
 endfacet
 facet normal  6.209178e-01  7.838708e-01 -2.763250e-03
   outer loop
     vertex  7.821865e+00 -5.547496e-01  2.000000e-01
     vertex  7.860876e+00 -5.793059e-01  2.000000e+00
     vertex  7.891398e+00 -6.098281e-01  2.000000e-01
   endloop
 endfacet
 facet normal  1.678658e-01  9.858099e-01 -0.000000e+00
   outer loop
     vertex  7.735351e+00 -5.351562e-01  2.000000e-01
     vertex  7.735351e+00 -5.351562e-01  2.000000e+00
     vertex  7.801893e+00 -5.464871e-01  2.000000e+00
   endloop
 endfacet
 facet normal  2.208830e-01  9.752982e-01 -2.026077e-03
   outer loop
     vertex  7.735351e+00 -5.351562e-01  2.000000e-01
     vertex  7.801893e+00 -5.464871e-01  2.000000e+00
     vertex  7.821865e+00 -5.547496e-01  2.000000e-01
   endloop
 endfacet
 facet normal  1.000000e+00  0.000000e+00  0.000000e+00
   outer loop
     vertex  7.935547e+00 -7.353515e-01  2.000000e-01
     vertex  7.935547e+00 -1.235352e+00  2.000000e+00
     vertex  7.935547e+00 -1.235352e+00  2.000000e-01
   endloop
 endfacet
 facet normal  1.000000e+00  0.000000e+00 -0.000000e+00
   outer loop
     vertex  7.935547e+00 -7.353515e-01  2.000000e-01
     vertex  7.935547e+00 -7.353515e-01  2.000000e+00
     vertex  7.935547e+00 -1.235352e+00  2.000000e+00
   endloop
 endfacet
 facet normal  1.678636e-01 -9.858102e-01  0.000000e+00
   outer loop
     vertex  7.801892e+00 -1.424216e+00  2.000000e-01
     vertex  7.735352e+00 -1.435547e+00  2.000000e+00
     vertex  7.735352e+00 -1.435547e+00  2.000000e-01
   endloop
 endfacet
 facet normal  2.208807e-01 -9.752987e-01  2.026048e-03
   outer loop
     vertex  7.801892e+00 -1.424216e+00  2.000000e-01
     vertex  7.821864e+00 -1.415954e+00  2.000000e+00
     vertex  7.735352e+00 -1.435547e+00  2.000000e+00
   endloop
 endfacet
 facet normal  6.209123e-01 -7.838751e-01  2.763194e-03
   outer loop
     vertex  7.860875e+00 -1.391398e+00  2.000000e-01
     vertex  7.891397e+00 -1.360876e+00  2.000000e+00
     vertex  7.821864e+00 -1.415954e+00  2.000000e+00
   endloop
 endfacet
 facet normal  4.862046e-01 -8.738439e-01 -1.383621e-03
   outer loop
     vertex  7.860875e+00 -1.391398e+00  2.000000e-01
     vertex  7.821864e+00 -1.415954e+00  2.000000e+00
     vertex  7.801892e+00 -1.424216e+00  2.000000e-01
   endloop
 endfacet
 facet normal  8.738401e-01 -4.862114e-01  1.383649e-03
   outer loop
     vertex  7.915954e+00 -1.321865e+00  2.000000e-01
     vertex  7.924216e+00 -1.301893e+00  2.000000e+00
     vertex  7.891397e+00 -1.360876e+00  2.000000e+00
   endloop
 endfacet
 facet normal  7.838703e-01 -6.209184e-01 -2.763250e-03
   outer loop
     vertex  7.915954e+00 -1.321865e+00  2.000000e-01
     vertex  7.891397e+00 -1.360876e+00  2.000000e+00
     vertex  7.860875e+00 -1.391398e+00  2.000000e-01
   endloop
 endfacet
 facet normal  9.858097e-01 -1.678666e-01  0.000000e+00
   outer loop
     vertex  7.935547e+00 -1.235352e+00  2.000000e-01
     vertex  7.935547e+00 -1.235352e+00  2.000000e+00
     vertex  7.924216e+00 -1.301893e+00  2.000000e+00
   endloop
 endfacet
 facet normal  9.752981e-01 -2.208837e-01 -2.026076e-03
   outer loop
     vertex  7.935547e+00 -1.235352e+00  2.000000e-01
     vertex  7.924216e+00 -1.301893e+00  2.000000e+00
     vertex  7.915954e+00 -1.321865e+00  2.000000e-01
   endloop
 endfacet
 facet normal  0.000000e+00 -1.000000e+00  0.000000e+00
   outer loop
     vertex  7.735352e+00 -1.435547e+00  2.000000e-01
     vertex  5.235352e+00 -1.435547e+00  2.000000e+00
     vertex  5.235352e+00 -1.435547e+00  2.000000e-01
   endloop
 endfacet
 facet normal  0.000000e+00 -1.000000e+00  0.000000e+00
   outer loop
     vertex  7.735352e+00 -1.435547e+00  2.000000e-01
     vertex  7.735352e+00 -1.435547e+00  2.000000e+00
     vertex  5.235352e+00 -1.435547e+00  2.000000e+00
   endloop
 endfacet
 facet normal -6.258827e-01 -7.799172e-01  0.000000e+00
   outer loop
     vertex  5.127753e+00 -1.404240e+00  2.000000e-01
     vertex  5.093750e+00 -1.376953e+00  2.000000e+00
     vertex  5.093750e+00 -1.376953e+00  2.000000e-01
   endloop
 endfacet
 facet normal -5.734750e-01 -8.192215e-01  1.585844e-03
   outer loop
     vertex  5.127753e+00 -1.404240e+00  2.000000e-01
     vertex  5.150719e+00 -1.416833e+00  2.000000e+00
     vertex  5.093750e+00 -1.376953e+00  2.000000e+00
   endloop
 endfacet
 facet normal -3.210326e-01 -9.470679e-01  6.353988e-04
   outer loop
     vertex  5.166860e+00 -1.423512e+00  2.000000e-01
     vertex  5.192009e+00 -1.430829e+00  2.000000e+00
     vertex  5.150719e+00 -1.416833e+00  2.000000e+00
   endloop
 endfacet
 facet normal -4.420302e-01 -8.969999e-01 -6.353973e-04
   outer loop
     vertex  5.166860e+00 -1.423512e+00  2.000000e-01
     vertex  5.150719e+00 -1.416833e+00  2.000000e+00
     vertex  5.127753e+00 -1.404240e+00  2.000000e-01
   endloop
 endfacet
 facet normal -1.082054e-01 -9.941286e-01  0.000000e+00
   outer loop
     vertex  5.235352e+00 -1.435547e+00  2.000000e-01
     vertex  5.235352e+00 -1.435547e+00  2.000000e+00
     vertex  5.192009e+00 -1.430829e+00  2.000000e+00
   endloop
 endfacet
 facet normal -1.730624e-01 -9.849096e-01 -1.585847e-03
   outer loop
     vertex  5.235352e+00 -1.435547e+00  2.000000e-01
     vertex  5.192009e+00 -1.430829e+00  2.000000e+00
     vertex  5.166860e+00 -1.423512e+00  2.000000e-01
   endloop
 endfacet
 facet normal -7.071068e-01 -7.071067e-01  0.000000e+00
   outer loop
     vertex  5.093750e+00 -1.376953e+00  2.000000e-01
     vertex  4.652344e+00 -9.355469e-01  2.000000e+00
     vertex  4.652344e+00 -9.355469e-01  2.000000e-01
   endloop
 endfacet
 facet normal -7.071068e-01 -7.071067e-01  0.000000e+00
   outer loop
     vertex  5.093750e+00 -1.376953e+00  2.000000e-01
     vertex  5.093750e+00 -1.376953e+00  2.000000e+00
     vertex  4.652344e+00 -9.355469e-01  2.000000e+00
   endloop
 endfacet
 facet normal  0.000000e+00 -1.000000e+00  0.000000e+00
   outer loop
     vertex  4.652344e+00 -9.355469e-01  2.000000e-01
     vertex  3.935547e+00 -9.355469e-01  2.000000e+00
     vertex  3.935547e+00 -9.355469e-01  2.000000e-01
   endloop
 endfacet
 facet normal  0.000000e+00 -1.000000e+00  0.000000e+00
   outer loop
     vertex  4.652344e+00 -9.355469e-01  2.000000e-01
     vertex  4.652344e+00 -9.355469e-01  2.000000e+00
     vertex  3.935547e+00 -9.355469e-01  2.000000e+00
   endloop
 endfacet
 facet normal  1.000000e+00  0.000000e+00  0.000000e+00
   outer loop
     vertex  3.935547e+00 -9.355469e-01  2.000000e-01
     vertex  3.935547e+00 -1.652344e+00  2.000000e+00
     vertex  3.935547e+00 -1.652344e+00  2.000000e-01
   endloop
 endfacet
 facet normal  1.000000e+00  0.000000e+00 -0.000000e+00
   outer loop
     vertex  3.935547e+00 -9.355469e-01  2.000000e-01
     vertex  3.935547e+00 -9.355469e-01  2.000000e+00
     vertex  3.935547e+00 -1.652344e+00  2.000000e+00
   endloop
 endfacet
 facet normal  7.071068e-01  7.071068e-01  0.000000e+00
   outer loop
     vertex  3.935547e+00 -1.652344e+00  2.000000e-01
     vertex  4.818359e+00 -2.535156e+00  2.000000e+00
     vertex  4.818359e+00 -2.535156e+00  2.000000e-01
   endloop
 endfacet
 facet normal  7.071068e-01  7.071068e-01 -0.000000e+00
   outer loop
     vertex  3.935547e+00 -1.652344e+00  2.000000e-01
     vertex  3.935547e+00 -1.652344e+00  2.000000e+00
     vertex  4.818359e+00 -2.535156e+00  2.000000e+00
   endloop
 endfacet
 facet normal  0.000000e+00  1.000000e+00  0.000000e+00
   outer loop
     vertex  4.818359e+00 -2.535156e+00  2.000000e-01
     vertex  8.152344e+00 -2.535156e+00  2.000000e+00
     vertex  8.152344e+00 -2.535156e+00  2.000000e-01
   endloop
 endfacet
 facet normal  0.000000e+00  1.000000e+00  0.000000e+00
   outer loop
     vertex  4.818359e+00 -2.535156e+00  2.000000e-01
     vertex  4.818359e+00 -2.535156e+00  2.000000e+00
     vertex  8.152344e+00 -2.535156e+00  2.000000e+00
   endloop
 endfacet
 facet normal -7.071067e-01  7.071069e-01  0.000000e+00
   outer loop
     vertex  8.152344e+00 -2.535156e+00  2.000000e-01
     vertex  9.093750e+00 -1.593750e+00  2.000000e+00
     vertex  9.093750e+00 -1.593750e+00  2.000000e-01
   endloop
 endfacet
 facet normal -7.071067e-01  7.071069e-01  0.000000e+00
   outer loop
     vertex  8.152344e+00 -2.535156e+00  2.000000e-01
     vertex  8.152344e+00 -2.535156e+00  2.000000e+00
     vertex  9.093750e+00 -1.593750e+00  2.000000e+00
   endloop
 endfacet
 facet normal  9.942676e-01  1.069201e-01  0.000000e+00
   outer loop
     vertex  9.428954e+00 -1.682828e+00  2.000000e-01
     vertex  9.435547e+00 -1.744141e+00  2.000000e+00
     vertex  9.435547e+00 -1.744141e+00  2.000000e-01
   endloop
 endfacet
 facet normal  9.845575e-01  1.750459e-01  2.356113e-03
   outer loop
     vertex  9.428954e+00 -1.682828e+00  2.000000e-01
     vertex  9.420020e+00 -1.656806e+00  2.000000e+00
     vertex  9.435547e+00 -1.744141e+00  2.000000e+00
   endloop
 endfacet
 facet normal  8.120448e-01  5.835892e-01  2.617641e-03
   outer loop
     vertex  9.403997e+00 -1.626437e+00  2.000000e-01
     vertex  9.368253e+00 -1.584775e+00  2.000000e+00
     vertex  9.420020e+00 -1.656806e+00  2.000000e+00
   endloop
 endfacet
 facet normal  9.144453e-01  4.047074e-01 -1.311934e-03
   outer loop
     vertex  9.403997e+00 -1.626437e+00  2.000000e-01
     vertex  9.420020e+00 -1.656806e+00  2.000000e+00
     vertex  9.428954e+00 -1.682828e+00  2.000000e-01
   endloop
 endfacet
 facet normal  4.798284e-01  8.773584e-01  2.617620e-03
   outer loop
     vertex  9.340674e+00 -1.564321e+00  2.000000e-01
     vertex  9.290428e+00 -1.542212e+00  2.000000e+00
     vertex  9.368253e+00 -1.584775e+00  2.000000e+00
   endloop
 endfacet
 facet normal  7.002683e-01  7.138750e-01 -2.617557e-03
   outer loop
     vertex  9.340674e+00 -1.564321e+00  2.000000e-01
     vertex  9.368253e+00 -1.584775e+00  2.000000e+00
     vertex  9.403997e+00 -1.626437e+00  2.000000e-01
   endloop
 endfacet
 facet normal  5.324439e-02  9.985781e-01  2.617632e-03
   outer loop
     vertex  9.256715e+00 -1.535696e+00  2.000000e-01
     vertex  9.201850e+00 -1.537489e+00  2.000000e+00
     vertex  9.290428e+00 -1.542212e+00  2.000000e+00
   endloop
 endfacet
 facet normal  3.227029e-01  9.464967e-01 -2.617688e-03
   outer loop
     vertex  9.256715e+00 -1.535696e+00  2.000000e-01
     vertex  9.290428e+00 -1.542212e+00  2.000000e+00
     vertex  9.340674e+00 -1.564321e+00  2.000000e-01
   endloop
 endfacet
 facet normal -3.194040e-01  9.476177e-01  1.312052e-03
   outer loop
     vertex  9.168632e+00 -1.546193e+00  2.000000e-01
     vertex  9.143411e+00 -1.557187e+00  2.000000e+00
     vertex  9.201850e+00 -1.537489e+00  2.000000e+00
   endloop
 endfacet
 facet normal -1.183374e-01  9.929700e-01 -2.617868e-03
   outer loop
     vertex  9.168632e+00 -1.546193e+00  2.000000e-01
     vertex  9.201850e+00 -1.537489e+00  2.000000e+00
     vertex  9.256715e+00 -1.535696e+00  2.000000e-01
   endloop
 endfacet
 facet normal -5.928962e-01  8.052789e-01  0.000000e+00
   outer loop
     vertex  9.093750e+00 -1.593750e+00  2.000000e-01
     vertex  9.093750e+00 -1.593750e+00  2.000000e+00
     vertex  9.143411e+00 -1.557187e+00  2.000000e+00
   endloop
 endfacet
 facet normal -5.361088e-01  8.441456e-01 -2.356230e-03
   outer loop
     vertex  9.093750e+00 -1.593750e+00  2.000000e-01
     vertex  9.143411e+00 -1.557187e+00  2.000000e+00
     vertex  9.168632e+00 -1.546193e+00  2.000000e-01
   endloop
 endfacet
 facet normal  7.545495e-01 -6.562432e-01  0.000000e+00
   outer loop
     vertex  7.528958e+00 -5.958036e+00  2.000000e-01
     vertex  7.135742e+00 -6.410157e+00  2.000000e+00
     vertex  7.135742e+00 -6.410157e+00  2.000000e-01
   endloop
 endfacet
 facet normal  7.564914e-01 -6.540029e-01  9.869214e-04
   outer loop
     vertex  7.528958e+00 -5.958036e+00  2.000000e-01
     vertex  7.570706e+00 -5.907030e+00  2.000000e+00
     vertex  7.135742e+00 -6.410157e+00  2.000000e+00
   endloop
 endfacet
 facet normal  7.943163e-01 -6.075023e-01  1.635274e-03
   outer loop
     vertex  7.896837e+00 -5.485454e+00  2.000000e-01
     vertex  7.966466e+00 -5.389568e+00  2.000000e+00
     vertex  7.570706e+00 -5.907030e+00  2.000000e+00
   endloop
 endfacet
 facet normal  7.890965e-01 -6.142686e-01 -8.952148e-04
   outer loop
     vertex  7.896837e+00 -5.485454e+00  2.000000e-01
     vertex  7.570706e+00 -5.907030e+00  2.000000e+00
     vertex  7.528958e+00 -5.958036e+00  2.000000e-01
   endloop
 endfacet
 facet normal  8.284151e-01 -5.601140e-01  8.909103e-04
   outer loop
     vertex  8.255228e+00 -4.965349e+00  2.000000e-01
     vertex  8.289374e+00 -4.911984e+00  2.000000e+00
     vertex  7.966466e+00 -5.389568e+00  2.000000e+00
   endloop
 endfacet
 facet normal  8.234353e-01 -5.674078e-01 -1.626954e-03
   outer loop
     vertex  8.255228e+00 -4.965349e+00  2.000000e-01
     vertex  7.966466e+00 -5.389568e+00  2.000000e+00
     vertex  7.896837e+00 -5.485454e+00  2.000000e-01
   endloop
 endfacet
 facet normal  8.592044e-01 -5.116324e-01  2.594798e-04
   outer loop
     vertex  8.566944e+00 -4.446763e+00  2.000000e-01
     vertex  8.574826e+00 -4.432613e+00  2.000000e+00
     vertex  8.289374e+00 -4.911984e+00  2.000000e+00
   endloop
 endfacet
 facet normal  8.883336e-01 -4.591987e-01 -2.802873e-04
   outer loop
     vertex  8.566944e+00 -4.446763e+00  2.000000e-01
     vertex  8.820324e+00 -3.957689e+00  2.000000e+00
     vertex  8.574826e+00 -4.432613e+00  2.000000e+00
   endloop
 endfacet
 facet normal  8.570811e-01 -5.151806e-01 -9.850161e-04
   outer loop
     vertex  8.566944e+00 -4.446763e+00  2.000000e-01
     vertex  8.289374e+00 -4.911984e+00  2.000000e+00
     vertex  8.255228e+00 -4.965349e+00  2.000000e-01
   endloop
 endfacet
 facet normal  9.155883e-01 -4.021168e-01  3.804267e-04
   outer loop
     vertex  8.829945e+00 -3.937486e+00  2.000000e-01
     vertex  9.024354e+00 -3.493130e+00  2.000000e+00
     vertex  8.820324e+00 -3.957689e+00  2.000000e+00
   endloop
 endfacet
 facet normal  8.885146e-01 -4.588481e-01 -4.010244e-04
   outer loop
     vertex  8.829945e+00 -3.937486e+00  2.000000e-01
     vertex  8.820324e+00 -3.957689e+00  2.000000e+00
     vertex  8.566944e+00 -4.446763e+00  2.000000e-01
   endloop
 endfacet
 facet normal  9.405629e-01 -3.396183e-01  8.913732e-04
   outer loop
     vertex  9.043759e+00 -3.444113e+00  2.000000e-01
     vertex  9.186452e+00 -3.044205e+00  2.000000e+00
     vertex  9.024354e+00 -3.493130e+00  2.000000e+00
   endloop
 endfacet
 facet normal  9.175426e-01 -3.976363e-01 -9.367243e-04
   outer loop
     vertex  9.043759e+00 -3.444113e+00  2.000000e-01
     vertex  9.024354e+00 -3.493130e+00  2.000000e+00
     vertex  8.829945e+00 -3.937486e+00  2.000000e-01
   endloop
 endfacet
 facet normal  9.626053e-01 -2.709049e-01  1.285761e-03
   outer loop
     vertex  9.209168e+00 -2.972032e+00  2.000000e-01
     vertex  9.307163e+00 -2.615284e+00  2.000000e+00
     vertex  9.186452e+00 -3.044205e+00  2.000000e+00
   endloop
 endfacet
 facet normal  9.437450e-01 -3.306713e-01 -1.348656e-03
   outer loop
     vertex  9.209168e+00 -2.972032e+00  2.000000e-01
     vertex  9.186452e+00 -3.044205e+00  2.000000e+00
     vertex  9.043759e+00 -3.444113e+00  2.000000e-01
   endloop
 endfacet
 facet normal  9.807580e-01 -1.952209e-01  1.591341e-03
   outer loop
     vertex  9.328017e+00 -2.525190e+00  2.000000e-01
     vertex  9.387898e+00 -2.209681e+00  2.000000e+00
     vertex  9.307163e+00 -2.615284e+00  2.000000e+00
   endloop
 endfacet
 facet normal  9.663998e-01 -2.570383e-01 -1.669101e-03
   outer loop
     vertex  9.328017e+00 -2.525190e+00  2.000000e-01
     vertex  9.307163e+00 -2.615284e+00  2.000000e+00
     vertex  9.209168e+00 -2.972032e+00  2.000000e-01
   endloop
 endfacet
 facet normal  9.916953e-01 -1.286074e-01  7.412282e-04
   outer loop
     vertex  9.398727e+00 -2.136554e+00  2.000000e-01
     vertex  9.418411e+00 -1.974395e+00  2.000000e+00
     vertex  9.387898e+00 -2.209681e+00  2.000000e+00
   endloop
 endfacet
 facet normal  9.838470e-01 -1.790065e-01 -1.353518e-03
   outer loop
     vertex  9.398727e+00 -2.136554e+00  2.000000e-01
     vertex  9.387898e+00 -2.209681e+00  2.000000e+00
     vertex  9.328017e+00 -2.525190e+00  2.000000e-01
   endloop
 endfacet
 facet normal  9.972422e-01 -7.421564e-02  0.000000e+00
   outer loop
     vertex  9.435547e+00 -1.744141e+00  2.000000e-01
     vertex  9.435547e+00 -1.744141e+00  2.000000e+00
     vertex  9.418411e+00 -1.974395e+00  2.000000e+00
   endloop
 endfacet
 facet normal  9.956238e-01 -9.341863e-02 -2.471831e-03
   outer loop
     vertex  9.435547e+00 -1.744141e+00  2.000000e-01
     vertex  9.418411e+00 -1.974395e+00  2.000000e+00
     vertex  9.398727e+00 -2.136554e+00  2.000000e-01
   endloop
 endfacet
 facet normal  1.654265e-01 -9.862221e-01  0.000000e+00
   outer loop
     vertex  2.104695e+00 -9.376391e+00  2.000000e-01
     vertex  1.763672e+00 -9.433594e+00  2.000000e+00
     vertex  1.763672e+00 -9.433594e+00  2.000000e-01
   endloop
 endfacet
 facet normal  1.781805e-01 -9.839947e-01  2.487121e-03
   outer loop
     vertex  2.104695e+00 -9.376391e+00  2.000000e-01
     vertex  2.292583e+00 -9.337819e+00  2.000000e+00
     vertex  1.763672e+00 -9.433594e+00  2.000000e+00
   endloop
 endfacet
 facet normal  2.477314e-01 -9.688264e-01  2.126676e-03
   outer loop
     vertex  2.442650e+00 -9.303398e+00  2.000000e-01
     vertex  2.810277e+00 -9.205443e+00  2.000000e+00
     vertex  2.292583e+00 -9.337819e+00  2.000000e+00
   endloop
 endfacet
 facet normal  2.111175e-01 -9.774601e-01 -1.090945e-03
   outer loop
     vertex  2.442650e+00 -9.303398e+00  2.000000e-01
     vertex  2.292583e+00 -9.337819e+00  2.000000e+00
     vertex  2.104695e+00 -9.376391e+00  2.000000e-01
   endloop
 endfacet
 facet normal  3.146208e-01 -9.492155e-01  1.896321e-03
   outer loop
     vertex  2.930805e+00 -9.169090e+00  2.000000e-01
     vertex  3.340572e+00 -9.029675e+00  2.000000e+00
     vertex  2.810277e+00 -9.205443e+00  2.000000e+00
   endloop
 endfacet
 facet normal  2.652758e-01 -9.641710e-01 -1.709889e-03
   outer loop
     vertex  2.930805e+00 -9.169090e+00  2.000000e-01
     vertex  2.810277e+00 -9.205443e+00  2.000000e+00
     vertex  2.442650e+00 -9.303398e+00  2.000000e-01
   endloop
 endfacet
 facet normal  3.791759e-01 -9.253236e-01  1.372734e-03
   outer loop
     vertex  3.420013e+00 -8.999792e+00  2.000000e-01
     vertex  3.870183e+00 -8.812653e+00  2.000000e+00
     vertex  3.340572e+00 -9.029675e+00  2.000000e+00
   endloop
 endfacet
 facet normal  3.270348e-01 -9.450115e-01 -1.255314e-03
   outer loop
     vertex  3.420013e+00 -8.999792e+00  2.000000e-01
     vertex  3.340572e+00 -9.029675e+00  2.000000e+00
     vertex  2.930805e+00 -9.169090e+00  2.000000e-01
   endloop
 endfacet
 facet normal  4.403392e-01 -8.978312e-01  7.334489e-04
   outer loop
     vertex  3.909093e+00 -8.795040e+00  2.000000e-01
     vertex  4.397562e+00 -8.554001e+00  2.000000e+00
     vertex  3.870183e+00 -8.812653e+00  2.000000e+00
   endloop
 endfacet
 facet normal  3.861719e-01 -9.224266e-01 -6.781424e-04
   outer loop
     vertex  3.909093e+00 -8.795040e+00  2.000000e-01
     vertex  3.870183e+00 -8.812653e+00  2.000000e+00
     vertex  3.420013e+00 -8.999792e+00  2.000000e-01
   endloop
 endfacet
 facet normal  4.424498e-01 -8.967933e-01  2.171218e-05
   outer loop
     vertex  4.396425e+00 -8.554605e+00  2.000000e-01
     vertex  4.397562e+00 -8.554001e+00  2.000000e+00
     vertex  3.909093e+00 -8.795040e+00  2.000000e-01
   endloop
 endfacet
 facet normal  4.979851e-01 -8.671852e-01  7.805334e-04
   outer loop
     vertex  4.879948e+00 -8.278609e+00  2.000000e-01
     vertex  4.920602e+00 -8.253643e+00  2.000000e+00
     vertex  4.397562e+00 -8.554001e+00  2.000000e+00
   endloop
 endfacet
 facet normal  4.957299e-01 -8.684768e-01 -2.145296e-05
   outer loop
     vertex  4.879948e+00 -8.278609e+00  2.000000e-01
     vertex  4.397562e+00 -8.554001e+00  2.000000e+00
     vertex  4.396425e+00 -8.554605e+00  2.000000e-01
   endloop
 endfacet
 facet normal  5.521075e-01 -8.337717e-01  1.419464e-03
   outer loop
     vertex  5.357133e+00 -7.967645e+00  2.000000e-01
     vertex  5.436557e+00 -7.911987e+00  2.000000e+00
     vertex  4.920602e+00 -8.253643e+00  2.000000e+00
   endloop
 endfacet
 facet normal  5.459674e-01 -8.378061e-01 -7.106442e-04
   outer loop
     vertex  5.357133e+00 -7.967645e+00  2.000000e-01
     vertex  4.920602e+00 -8.253643e+00  2.000000e+00
     vertex  4.879948e+00 -8.278609e+00  2.000000e-01
   endloop
 endfacet
 facet normal  6.028005e-01 -7.978896e-01  1.947184e-03
   outer loop
     vertex  5.824458e+00 -7.623324e+00  2.000000e-01
     vertex  5.941991e+00 -7.530135e+00  2.000000e+00
     vertex  5.436557e+00 -7.911987e+00  2.000000e+00
   endloop
 endfacet
 facet normal  5.931725e-01 -8.050743e-01 -1.279860e-03
   outer loop
     vertex  5.824458e+00 -7.623324e+00  2.000000e-01
     vertex  5.436557e+00 -7.911987e+00  2.000000e+00
     vertex  5.357133e+00 -7.967645e+00  2.000000e-01
   endloop
 endfacet
 facet normal  6.502350e-01 -7.597295e-01  2.346997e-03
   outer loop
     vertex  6.279332e+00 -7.246974e+00  2.000000e-01
     vertex  6.432741e+00 -7.110114e+00  2.000000e+00
     vertex  5.941991e+00 -7.530135e+00  2.000000e+00
   endloop
 endfacet
 facet normal  6.374687e-01 -7.704743e-01 -1.735848e-03
   outer loop
     vertex  6.279332e+00 -7.246974e+00  2.000000e-01
     vertex  5.941991e+00 -7.530135e+00  2.000000e+00
     vertex  5.824458e+00 -7.623324e+00  2.000000e-01
   endloop
 endfacet
 facet normal  6.894945e-01 -7.242901e-01  1.048834e-03
   outer loop
     vertex  6.719021e+00 -6.840193e+00  2.000000e-01
     vertex  6.793862e+00 -6.766341e+00  2.000000e+00
     vertex  6.432741e+00 -7.110114e+00  2.000000e+00
   endloop
 endfacet
 facet normal  6.791016e-01 -7.340414e-01 -2.066362e-03
   outer loop
     vertex  6.719021e+00 -6.840193e+00  2.000000e-01
     vertex  6.432741e+00 -7.110114e+00  2.000000e+00
     vertex  6.279332e+00 -7.246974e+00  2.000000e-01
   endloop
 endfacet
 facet normal  7.214456e-01 -6.924711e-01  0.000000e+00
   outer loop
     vertex  7.135742e+00 -6.410157e+00  2.000000e-01
     vertex  7.135742e+00 -6.410157e+00  2.000000e+00
     vertex  6.793862e+00 -6.766341e+00  2.000000e+00
   endloop
 endfacet
 facet normal  7.181373e-01 -6.959002e-01 -1.306903e-03
   outer loop
     vertex  7.135742e+00 -6.410157e+00  2.000000e-01
     vertex  6.793862e+00 -6.766341e+00  2.000000e+00
     vertex  6.719021e+00 -6.840193e+00  2.000000e-01
   endloop
 endfacet
 facet normal -8.197373e-01  5.727396e-01  0.000000e+00
   outer loop
     vertex  1.552935e+00 -9.152166e+00  2.000000e-01
     vertex  1.593750e+00 -9.093750e+00  2.000000e+00
     vertex  1.593750e+00 -9.093750e+00  2.000000e-01
   endloop
 endfacet
 facet normal -8.444043e-01  5.357035e-01  1.761267e-03
   outer loop
     vertex  1.552935e+00 -9.152166e+00  2.000000e-01
     vertex  1.546231e+00 -9.168652e+00  2.000000e+00
     vertex  1.593750e+00 -9.093750e+00  2.000000e+00
   endloop
 endfacet
 facet normal -9.930249e-01  1.178753e-01  2.650789e-03
   outer loop
     vertex  1.535190e+00 -9.221183e+00  2.000000e-01
     vertex  1.535775e+00 -9.256737e+00  2.000000e+00
     vertex  1.546231e+00 -9.168652e+00  2.000000e+00
   endloop
 endfacet
 facet normal -9.684999e-01  2.490105e-01 -1.326709e-03
   outer loop
     vertex  1.535190e+00 -9.221183e+00  2.000000e-01
     vertex  1.546231e+00 -9.168652e+00  2.000000e+00
     vertex  1.552935e+00 -9.152166e+00  2.000000e-01
   endloop
 endfacet
 facet normal -9.463494e-01 -3.231343e-01  2.650821e-03
   outer loop
     vertex  1.548536e+00 -9.308876e+00  2.000000e-01
     vertex  1.564438e+00 -9.340682e+00  2.000000e+00
     vertex  1.535775e+00 -9.256737e+00  2.000000e+00
   endloop
 endfacet
 facet normal -9.886136e-01 -1.504533e-01 -2.650706e-03
   outer loop
     vertex  1.548536e+00 -9.308876e+00  2.000000e-01
     vertex  1.535775e+00 -9.256737e+00  2.000000e+00
     vertex  1.535190e+00 -9.221183e+00  2.000000e-01
   endloop
 endfacet
 facet normal -7.135559e-01 -7.005933e-01  2.650780e-03
   outer loop
     vertex  1.598492e+00 -9.382176e+00  2.000000e-01
     vertex  1.626584e+00 -9.403978e+00  2.000000e+00
     vertex  1.564438e+00 -9.340682e+00  2.000000e+00
   endloop
 endfacet
 facet normal -8.263376e-01 -5.631688e-01 -2.650851e-03
   outer loop
     vertex  1.598492e+00 -9.382176e+00  2.000000e-01
     vertex  1.564438e+00 -9.340682e+00  2.000000e+00
     vertex  1.548536e+00 -9.308876e+00  2.000000e-01
   endloop
 endfacet
 facet normal -3.819145e-01 -9.241967e-01  1.326803e-03
   outer loop
     vertex  1.675236e+00 -9.426667e+00  2.000000e-01
     vertex  1.692447e+00 -9.431195e+00  2.000000e+00
     vertex  1.626584e+00 -9.403978e+00  2.000000e+00
   endloop
 endfacet
 facet normal -5.015371e-01 -8.651321e-01 -2.650962e-03
   outer loop
     vertex  1.675236e+00 -9.426667e+00  2.000000e-01
     vertex  1.626584e+00 -9.403978e+00  2.000000e+00
     vertex  1.598492e+00 -9.382176e+00  2.000000e-01
   endloop
 endfacet
 facet normal -3.365817e-02 -9.994334e-01  0.000000e+00
   outer loop
     vertex  1.763672e+00 -9.433594e+00  2.000000e-01
     vertex  1.763672e+00 -9.433594e+00  2.000000e+00
     vertex  1.692447e+00 -9.431195e+00  2.000000e+00
   endloop
 endfacet
 facet normal -7.808770e-02 -9.969449e-01 -1.761366e-03
   outer loop
     vertex  1.763672e+00 -9.433594e+00  2.000000e-01
     vertex  1.692447e+00 -9.431195e+00  2.000000e+00
     vertex  1.675236e+00 -9.426667e+00  2.000000e-01
   endloop
 endfacet
 facet normal -7.071069e-01  7.071067e-01  0.000000e+00
   outer loop
     vertex  1.593750e+00 -9.093750e+00  2.000000e-01
     vertex  2.535156e+00 -8.152344e+00  2.000000e+00
     vertex  2.535156e+00 -8.152344e+00  2.000000e-01
   endloop
 endfacet
 facet normal -7.071069e-01  7.071067e-01  0.000000e+00
   outer loop
     vertex  1.593750e+00 -9.093750e+00  2.000000e-01
     vertex  1.593750e+00 -9.093750e+00  2.000000e+00
     vertex  2.535156e+00 -8.152344e+00  2.000000e+00
   endloop
 endfacet
 facet normal -1.000000e+00  0.000000e+00  0.000000e+00
   outer loop
     vertex  2.535156e+00 -8.152344e+00  2.000000e-01
     vertex  2.535156e+00 -6.318360e+00  2.000000e+00
     vertex  2.535156e+00 -6.318360e+00  2.000000e-01
   endloop
 endfacet
 facet normal -1.000000e+00  0.000000e+00  0.000000e+00
   outer loop
     vertex  2.535156e+00 -8.152344e+00  2.000000e-01
     vertex  2.535156e+00 -8.152344e+00  2.000000e+00
     vertex  2.535156e+00 -6.318360e+00  2.000000e+00
   endloop
 endfacet
 facet normal -7.071068e-01 -7.071068e-01  0.000000e+00
   outer loop
     vertex  2.535156e+00 -6.318360e+00  2.000000e-01
     vertex  2.152344e+00 -5.935547e+00  2.000000e+00
     vertex  2.152344e+00 -5.935547e+00  2.000000e-01
   endloop
 endfacet
 facet normal -7.071068e-01 -7.071068e-01  0.000000e+00
   outer loop
     vertex  2.535156e+00 -6.318360e+00  2.000000e-01
     vertex  2.535156e+00 -6.318360e+00  2.000000e+00
     vertex  2.152344e+00 -5.935547e+00  2.000000e+00
   endloop
 endfacet
 facet normal  0.000000e+00 -1.000000e+00  0.000000e+00
   outer loop
     vertex  2.152344e+00 -5.935547e+00  2.000000e-01
     vertex -1.264648e+00 -5.935547e+00  2.000000e+00
     vertex -1.264648e+00 -5.935547e+00  2.000000e-01
   endloop
 endfacet
 facet normal  0.000000e+00 -1.000000e+00  0.000000e+00
   outer loop
     vertex  2.152344e+00 -5.935547e+00  2.000000e-01
     vertex  2.152344e+00 -5.935547e+00  2.000000e+00
     vertex -1.264648e+00 -5.935547e+00  2.000000e+00
   endloop
 endfacet
 facet normal -9.858102e-01 -1.678635e-01  0.000000e+00
   outer loop
     vertex -1.453513e+00 -5.801892e+00  2.000000e-01
     vertex -1.464844e+00 -5.735351e+00  2.000000e+00
     vertex -1.464844e+00 -5.735351e+00  2.000000e-01
   endloop
 endfacet
 facet normal -9.752987e-01 -2.208807e-01  2.026050e-03
   outer loop
     vertex -1.453513e+00 -5.801892e+00  2.000000e-01
     vertex -1.445251e+00 -5.821864e+00  2.000000e+00
     vertex -1.464844e+00 -5.735351e+00  2.000000e+00
   endloop
 endfacet
 facet normal -7.838751e-01 -6.209123e-01  2.763194e-03
   outer loop
     vertex -1.420695e+00 -5.860875e+00  2.000000e-01
     vertex -1.390173e+00 -5.891397e+00  2.000000e+00
     vertex -1.445251e+00 -5.821864e+00  2.000000e+00
   endloop
 endfacet
 facet normal -8.738440e-01 -4.862045e-01 -1.383621e-03
   outer loop
     vertex -1.420695e+00 -5.860875e+00  2.000000e-01
     vertex -1.445251e+00 -5.821864e+00  2.000000e+00
     vertex -1.453513e+00 -5.801892e+00  2.000000e-01
   endloop
 endfacet
 facet normal -4.862115e-01 -8.738401e-01  1.383649e-03
   outer loop
     vertex -1.351162e+00 -5.915954e+00  2.000000e-01
     vertex -1.331190e+00 -5.924216e+00  2.000000e+00
     vertex -1.390173e+00 -5.891397e+00  2.000000e+00
   endloop
 endfacet
 facet normal -6.209186e-01 -7.838702e-01 -2.763250e-03
   outer loop
     vertex -1.351162e+00 -5.915954e+00  2.000000e-01
     vertex -1.390173e+00 -5.891397e+00  2.000000e+00
     vertex -1.420695e+00 -5.860875e+00  2.000000e-01
   endloop
 endfacet
 facet normal -1.678668e-01 -9.858097e-01  0.000000e+00
   outer loop
     vertex -1.264648e+00 -5.935547e+00  2.000000e-01
     vertex -1.264648e+00 -5.935547e+00  2.000000e+00
     vertex -1.331190e+00 -5.924216e+00  2.000000e+00
   endloop
 endfacet
 facet normal -2.208839e-01 -9.752980e-01 -2.026077e-03
   outer loop
     vertex -1.264648e+00 -5.935547e+00  2.000000e-01
     vertex -1.331190e+00 -5.924216e+00  2.000000e+00
     vertex -1.351162e+00 -5.915954e+00  2.000000e-01
   endloop
 endfacet
 facet normal -1.000000e+00 -4.440892e-16  0.000000e+00
   outer loop
     vertex -1.464844e+00 -5.735351e+00  2.000000e-01
     vertex -1.464844e+00 -5.235352e+00  2.000000e+00
     vertex -1.464844e+00 -5.235352e+00  2.000000e-01
   endloop
 endfacet
 facet normal -1.000000e+00 -4.440892e-16  0.000000e+00
   outer loop
     vertex -1.464844e+00 -5.735351e+00  2.000000e-01
     vertex -1.464844e+00 -5.735351e+00  2.000000e+00
     vertex -1.464844e+00 -5.235352e+00  2.000000e+00
   endloop
 endfacet
 facet normal -1.678639e-01  9.858102e-01  0.000000e+00
   outer loop
     vertex -1.331189e+00 -5.046487e+00  2.000000e-01
     vertex -1.264648e+00 -5.035157e+00  2.000000e+00
     vertex -1.264648e+00 -5.035157e+00  2.000000e-01
   endloop
 endfacet
 facet normal -2.208817e-01  9.752985e-01  2.026066e-03
   outer loop
     vertex -1.331189e+00 -5.046487e+00  2.000000e-01
     vertex -1.351161e+00 -5.054750e+00  2.000000e+00
     vertex -1.264648e+00 -5.035157e+00  2.000000e+00
   endloop
 endfacet
 facet normal -6.209131e-01  7.838745e-01  2.763196e-03
   outer loop
     vertex -1.390171e+00 -5.079305e+00  2.000000e-01
     vertex -1.420694e+00 -5.109827e+00  2.000000e+00
     vertex -1.351161e+00 -5.054750e+00  2.000000e+00
   endloop
 endfacet
 facet normal -4.862037e-01  8.738444e-01 -1.383622e-03
   outer loop
     vertex -1.390171e+00 -5.079305e+00  2.000000e-01
     vertex -1.351161e+00 -5.054750e+00  2.000000e+00
     vertex -1.331189e+00 -5.046487e+00  2.000000e-01
   endloop
 endfacet
 facet normal -8.738403e-01  4.862111e-01  1.383651e-03
   outer loop
     vertex -1.445250e+00 -5.148838e+00  2.000000e-01
     vertex -1.453513e+00 -5.168810e+00  2.000000e+00
     vertex -1.420694e+00 -5.109827e+00  2.000000e+00
   endloop
 endfacet
 facet normal -7.838692e-01  6.209198e-01 -2.763252e-03
   outer loop
     vertex -1.445250e+00 -5.148838e+00  2.000000e-01
     vertex -1.420694e+00 -5.109827e+00  2.000000e+00
     vertex -1.390171e+00 -5.079305e+00  2.000000e-01
   endloop
 endfacet
 facet normal -9.858095e-01  1.678676e-01  0.000000e+00
   outer loop
     vertex -1.464844e+00 -5.235352e+00  2.000000e-01
     vertex -1.464844e+00 -5.235352e+00  2.000000e+00
     vertex -1.453513e+00 -5.168810e+00  2.000000e+00
   endloop
 endfacet
 facet normal -9.752977e-01  2.208854e-01 -2.026093e-03
   outer loop
     vertex -1.464844e+00 -5.235352e+00  2.000000e-01
     vertex -1.453513e+00 -5.168810e+00  2.000000e+00
     vertex -1.445250e+00 -5.148838e+00  2.000000e-01
   endloop
 endfacet
 facet normal  0.000000e+00  1.000000e+00  0.000000e+00
   outer loop
     vertex -1.264648e+00 -5.035157e+00  2.000000e-01
     vertex  2.535156e+00 -5.035157e+00  2.000000e+00
     vertex  2.535156e+00 -5.035157e+00  2.000000e-01
   endloop
 endfacet
 facet normal  0.000000e+00  1.000000e+00  0.000000e+00
   outer loop
     vertex -1.264648e+00 -5.035157e+00  2.000000e-01
     vertex -1.264648e+00 -5.035157e+00  2.000000e+00
     vertex  2.535156e+00 -5.035157e+00  2.000000e+00
   endloop
 endfacet
 facet normal -1.000000e+00  0.000000e+00  0.000000e+00
   outer loop
     vertex  2.535156e+00 -5.035157e+00  2.000000e-01
     vertex  2.535156e+00 -4.818359e+00  2.000000e+00
     vertex  2.535156e+00 -4.818359e+00  2.000000e-01
   endloop
 endfacet
 facet normal -1.000000e+00  0.000000e+00  0.000000e+00
   outer loop
     vertex  2.535156e+00 -5.035157e+00  2.000000e-01
     vertex  2.535156e+00 -5.035157e+00  2.000000e+00
     vertex  2.535156e+00 -4.818359e+00  2.000000e+00
   endloop
 endfacet
 facet normal -7.071068e-01 -7.071068e-01  0.000000e+00
   outer loop
     vertex  2.535156e+00 -4.818359e+00  2.000000e-01
     vertex  1.652344e+00 -3.935547e+00  2.000000e+00
     vertex  1.652344e+00 -3.935547e+00  2.000000e-01
   endloop
 endfacet
 facet normal -7.071068e-01 -7.071068e-01  0.000000e+00
   outer loop
     vertex  2.535156e+00 -4.818359e+00  2.000000e-01
     vertex  2.535156e+00 -4.818359e+00  2.000000e+00
     vertex  1.652344e+00 -3.935547e+00  2.000000e+00
   endloop
 endfacet
 facet normal  0.000000e+00 -1.000000e+00  0.000000e+00
   outer loop
     vertex  1.652344e+00 -3.935547e+00  2.000000e-01
     vertex -1.681641e+00 -3.935547e+00  2.000000e+00
     vertex -1.681641e+00 -3.935547e+00  2.000000e-01
   endloop
 endfacet
 facet normal  0.000000e+00 -1.000000e+00  0.000000e+00
   outer loop
     vertex  1.652344e+00 -3.935547e+00  2.000000e-01
     vertex  1.652344e+00 -3.935547e+00  2.000000e+00
     vertex -1.681641e+00 -3.935547e+00  2.000000e+00
   endloop
 endfacet
 facet normal  7.071068e-01 -7.071067e-01  0.000000e+00
   outer loop
     vertex -1.681641e+00 -3.935547e+00  2.000000e-01
     vertex -2.564453e+00 -4.818359e+00  2.000000e+00
     vertex -2.564453e+00 -4.818359e+00  2.000000e-01
   endloop
 endfacet
 facet normal  7.071068e-01 -7.071067e-01  0.000000e+00
   outer loop
     vertex -1.681641e+00 -3.935547e+00  2.000000e-01
     vertex -1.681641e+00 -3.935547e+00  2.000000e+00
     vertex -2.564453e+00 -4.818359e+00  2.000000e+00
   endloop
 endfacet
 facet normal  1.000000e+00  0.000000e+00  0.000000e+00
   outer loop
     vertex -2.564453e+00 -4.818359e+00  2.000000e-01
     vertex -2.564453e+00 -8.152344e+00  2.000000e+00
     vertex -2.564453e+00 -8.152344e+00  2.000000e-01
   endloop
 endfacet
 facet normal  1.000000e+00  0.000000e+00 -0.000000e+00
   outer loop
     vertex -2.564453e+00 -4.818359e+00  2.000000e-01
     vertex -2.564453e+00 -4.818359e+00  2.000000e+00
     vertex -2.564453e+00 -8.152344e+00  2.000000e+00
   endloop
 endfacet
 facet normal  7.071069e-01  7.071067e-01  0.000000e+00
   outer loop
     vertex -2.564453e+00 -8.152344e+00  2.000000e-01
     vertex -1.623047e+00 -9.093750e+00  2.000000e+00
     vertex -1.623047e+00 -9.093750e+00  2.000000e-01
   endloop
 endfacet
 facet normal  7.071069e-01  7.071067e-01 -0.000000e+00
   outer loop
     vertex -2.564453e+00 -8.152344e+00  2.000000e-01
     vertex -2.564453e+00 -8.152344e+00  2.000000e+00
     vertex -1.623047e+00 -9.093750e+00  2.000000e+00
   endloop
 endfacet
 facet normal  4.567975e-02 -9.989561e-01  0.000000e+00
   outer loop
     vertex -1.720865e+00 -9.430430e+00  2.000000e-01
     vertex -1.790039e+00 -9.433594e+00  2.000000e+00
     vertex -1.790039e+00 -9.433594e+00  2.000000e-01
   endloop
 endfacet
 facet normal  9.517187e-02 -9.954590e-01  1.908128e-03
   outer loop
     vertex -1.720865e+00 -9.430430e+00  2.000000e-01
     vertex -1.701738e+00 -9.425151e+00  2.000000e+00
     vertex -1.790039e+00 -9.433594e+00  2.000000e+00
   endloop
 endfacet
 facet normal  5.162832e-01 -8.564136e-01  2.731187e-03
   outer loop
     vertex -1.656915e+00 -9.403870e+00  2.000000e-01
     vertex -1.625771e+00 -9.379355e+00  2.000000e+00
     vertex -1.701738e+00 -9.425151e+00  2.000000e+00
   endloop
 endfacet
 facet normal  3.835564e-01 -9.235164e-01 -1.367279e-03
   outer loop
     vertex -1.656915e+00 -9.403870e+00  2.000000e-01
     vertex -1.701738e+00 -9.425151e+00  2.000000e+00
     vertex -1.720865e+00 -9.430430e+00  2.000000e-01
   endloop
 endfacet
 facet normal  8.358575e-01 -5.489396e-01  2.731207e-03
   outer loop
     vertex -1.594558e+00 -9.340785e+00  2.000000e-01
     vertex -1.577077e+00 -9.305211e+00  2.000000e+00
     vertex -1.625771e+00 -9.379355e+00  2.000000e+00
   endloop
 endfacet
 facet normal  7.112032e-01 -7.029812e-01 -2.731096e-03
   outer loop
     vertex -1.594558e+00 -9.340785e+00  2.000000e-01
     vertex -1.625771e+00 -9.379355e+00  2.000000e+00
     vertex -1.656915e+00 -9.403870e+00  2.000000e-01
   endloop
 endfacet
 facet normal  9.910442e-01 -1.335060e-01  2.731175e-03
   outer loop
     vertex -1.565614e+00 -9.256935e+00  2.000000e-01
     vertex -1.565235e+00 -9.217301e+00  2.000000e+00
     vertex -1.577077e+00 -9.305211e+00  2.000000e+00
   endloop
 endfacet
 facet normal  9.452605e-01 -3.263053e-01 -2.731245e-03
   outer loop
     vertex -1.565614e+00 -9.256935e+00  2.000000e-01
     vertex -1.577077e+00 -9.305211e+00  2.000000e+00
     vertex -1.594558e+00 -9.340785e+00  2.000000e-01
   endloop
 endfacet
 facet normal  9.654385e-01  2.606273e-01  1.367378e-03
   outer loop
     vertex -1.575775e+00 -9.168812e+00  2.000000e-01
     vertex -1.583283e+00 -9.150445e+00  2.000000e+00
     vertex -1.565235e+00 -9.217301e+00  2.000000e+00
   endloop
 endfacet
 facet normal  9.934131e-01  1.145555e-01 -2.731371e-03
   outer loop
     vertex -1.575775e+00 -9.168812e+00  2.000000e-01
     vertex -1.565235e+00 -9.217301e+00  2.000000e+00
     vertex -1.565614e+00 -9.256935e+00  2.000000e-01
   endloop
 endfacet
 facet normal  8.187087e-01  5.742091e-01 -0.000000e+00
   outer loop
     vertex -1.623047e+00 -9.093750e+00  2.000000e-01
     vertex -1.623047e+00 -9.093750e+00  2.000000e+00
     vertex -1.583283e+00 -9.150445e+00  2.000000e+00
   endloop
 endfacet
 facet normal  8.461806e-01  5.328928e-01 -1.908235e-03
   outer loop
     vertex -1.623047e+00 -9.093750e+00  2.000000e-01
     vertex -1.583283e+00 -9.150445e+00  2.000000e+00
     vertex -1.575775e+00 -9.168812e+00  2.000000e-01
   endloop
 endfacet
 facet normal -9.906629e-01 -1.363343e-01  0.000000e+00
   outer loop
     vertex -9.413952e+00 -2.119538e+00  2.000000e-01
     vertex -9.463867e+00 -1.756836e+00  2.000000e+00
     vertex -9.463867e+00 -1.756836e+00  2.000000e-01
   endloop
 endfacet
 facet normal -9.892125e-01 -1.464726e-01  2.083094e-03
   outer loop
     vertex -9.413952e+00 -2.119538e+00  2.000000e-01
     vertex -9.391144e+00 -2.247974e+00  2.000000e+00
     vertex -9.463867e+00 -1.756836e+00  2.000000e+00
   endloop
 endfacet
 facet normal -9.752649e-01 -2.210244e-01  2.578216e-03
   outer loop
     vertex -9.343567e+00 -2.478903e+00  2.000000e-01
     vertex -9.278663e+00 -2.744294e+00  2.000000e+00
     vertex -9.391144e+00 -2.247974e+00  2.000000e+00
   endloop
 endfacet
 facet normal -9.813535e-01 -1.922072e-01 -1.279794e-03
   outer loop
     vertex -9.343567e+00 -2.478903e+00  2.000000e-01
     vertex -9.391144e+00 -2.247974e+00  2.000000e+00
     vertex -9.413952e+00 -2.119538e+00  2.000000e-01
   endloop
 endfacet
 facet normal -9.566754e-01 -2.911448e-01  2.631352e-03
   outer loop
     vertex -9.218958e+00 -2.956749e+00  2.000000e-01
     vertex -9.119839e+00 -3.266175e+00  2.000000e+00
     vertex -9.278663e+00 -2.744294e+00  2.000000e+00
   endloop
 endfacet
 facet normal -9.676374e-01 -2.523341e-01 -2.313104e-03
   outer loop
     vertex -9.218958e+00 -2.956749e+00  2.000000e-01
     vertex -9.278663e+00 -2.744294e+00  2.000000e+00
     vertex -9.343567e+00 -2.478903e+00  2.000000e-01
   endloop
 endfacet
 facet normal -9.337942e-01 -3.578023e-01  2.429199e-03
   outer loop
     vertex -9.056688e+00 -3.443208e+00  2.000000e-01
     vertex -8.916312e+00 -3.797341e+00  2.000000e+00
     vertex -9.119839e+00 -3.266175e+00  2.000000e+00
   endloop
 endfacet
 facet normal -9.486128e-01 -3.164319e-01 -2.159557e-03
   outer loop
     vertex -9.056688e+00 -3.443208e+00  2.000000e-01
     vertex -9.119839e+00 -3.266175e+00  2.000000e+00
     vertex -9.218958e+00 -2.956749e+00  2.000000e-01
   endloop
 endfacet
 facet normal -9.073068e-01 -4.204641e-01  2.083347e-03
   outer loop
     vertex -8.857088e+00 -3.934057e+00  2.000000e-01
     vertex -8.668304e+00 -4.332510e+00  2.000000e+00
     vertex -8.916312e+00 -3.797341e+00  2.000000e+00
   endloop
 endfacet
 facet normal -9.263384e-01 -3.766878e-01 -1.867785e-03
   outer loop
     vertex -8.857088e+00 -3.934057e+00  2.000000e-01
     vertex -8.916312e+00 -3.797341e+00  2.000000e+00
     vertex -9.056688e+00 -3.443208e+00  2.000000e-01
   endloop
 endfacet
 facet normal -8.775497e-01 -4.794831e-01  1.567609e-03
   outer loop
     vertex -8.621135e+00 -4.424724e+00  2.000000e-01
     vertex -8.376919e+00 -4.865802e+00  2.000000e+00
     vertex -8.668304e+00 -4.332510e+00  2.000000e+00
   endloop
 endfacet
 facet normal -9.012114e-01 -4.333774e-01 -1.414453e-03
   outer loop
     vertex -8.621135e+00 -4.424724e+00  2.000000e-01
     vertex -8.668304e+00 -4.332510e+00  2.000000e+00
     vertex -8.857088e+00 -3.934057e+00  2.000000e-01
   endloop
 endfacet
 facet normal -8.447237e-01 -5.352019e-01  8.525422e-04
   outer loop
     vertex -8.350421e+00 -4.910493e+00  2.000000e-01
     vertex -8.044161e+00 -5.391004e+00  2.000000e+00
     vertex -8.376919e+00 -4.865802e+00  2.000000e+00
   endloop
 endfacet
 facet normal -8.735132e-01 -4.867999e-01 -7.730013e-04
   outer loop
     vertex -8.350421e+00 -4.910493e+00  2.000000e-01
     vertex -8.376919e+00 -4.865802e+00  2.000000e+00
     vertex -8.621135e+00 -4.424724e+00  2.000000e-01
   endloop
 endfacet
 facet normal -8.434238e-01 -5.372487e-01  8.497401e-05
   outer loop
     vertex -8.047102e+00 -5.386671e+00  2.000000e-01
     vertex -8.044161e+00 -5.391004e+00  2.000000e+00
     vertex -8.350421e+00 -4.910493e+00  2.000000e-01
   endloop
 endfacet
 facet normal -8.107843e-01 -5.853451e-01  5.441831e-05
   outer loop
     vertex -7.713758e+00 -5.848825e+00  2.000000e-01
     vertex -7.711654e+00 -5.851572e+00  2.000000e+00
     vertex -8.044161e+00 -5.391004e+00  2.000000e+00
   endloop
 endfacet
 facet normal -8.110403e-01 -5.849902e-01 -8.285135e-05
   outer loop
     vertex -7.713758e+00 -5.848825e+00  2.000000e-01
     vertex -8.044161e+00 -5.391004e+00  2.000000e+00
     vertex -8.047102e+00 -5.386671e+00  2.000000e-01
   endloop
 endfacet
 facet normal -7.761532e-01 -6.305443e-01  6.601578e-05
   outer loop
     vertex -7.353295e+00 -6.292875e+00  2.000000e-01
     vertex -7.350545e+00 -6.296070e+00  2.000000e+00
     vertex -7.711654e+00 -5.851572e+00  2.000000e+00
   endloop
 endfacet
 facet normal -7.390820e-01 -6.736155e-01 -6.708108e-05
   outer loop
     vertex -7.353295e+00 -6.292875e+00  2.000000e-01
     vertex -6.963717e+00 -6.720493e+00  2.000000e+00
     vertex -7.350545e+00 -6.296070e+00  2.000000e+00
   endloop
 endfacet
 facet normal -7.763934e-01 -6.302486e-01 -5.432491e-05
   outer loop
     vertex -7.353295e+00 -6.292875e+00  2.000000e-01
     vertex -7.711654e+00 -5.851572e+00  2.000000e+00
     vertex -7.713758e+00 -5.848825e+00  2.000000e-01
   endloop
 endfacet
 facet normal -6.995070e-01 -7.146253e-01  8.006669e-04
   outer loop
     vertex -6.924752e+00 -6.760651e+00  2.000000e-01
     vertex -6.554238e+00 -7.121310e+00  2.000000e+00
     vertex -6.963717e+00 -6.720493e+00  2.000000e+00
   endloop
 endfacet
 facet normal -7.373517e-01 -6.755085e-01 -8.912810e-04
   outer loop
     vertex -6.924752e+00 -6.760651e+00  2.000000e-01
     vertex -6.963717e+00 -6.720493e+00  2.000000e+00
     vertex -7.353295e+00 -6.292875e+00  2.000000e-01
   endloop
 endfacet
 facet normal -6.573545e-01 -7.535801e-01  1.447953e-03
   outer loop
     vertex -6.470865e+00 -7.197495e+00  2.000000e-01
     vertex -6.125221e+00 -7.495545e+00  2.000000e+00
     vertex -6.554238e+00 -7.121310e+00  2.000000e+00
   endloop
 endfacet
 facet normal -6.934498e-01 -7.205032e-01 -1.623889e-03
   outer loop
     vertex -6.470865e+00 -7.197495e+00  2.000000e-01
     vertex -6.554238e+00 -7.121310e+00  2.000000e+00
     vertex -6.924752e+00 -6.760651e+00  2.000000e-01
   endloop
 endfacet
 facet normal -6.465822e-01 -7.628413e-01 -2.154081e-03
   outer loop
     vertex -5.995666e+00 -7.600272e+00  2.000000e-01
     vertex -6.125221e+00 -7.495545e+00  2.000000e+00
     vertex -6.470865e+00 -7.197495e+00  2.000000e-01
   endloop
 endfacet
 facet normal -6.125549e-01 -7.904258e-01  1.899956e-03
   outer loop
     vertex -5.995666e+00 -7.600272e+00  2.000000e-01
     vertex -5.679706e+00 -7.840804e+00  2.000000e+00
     vertex -6.125221e+00 -7.495545e+00  2.000000e+00
   endloop
 endfacet
 facet normal -5.966518e-01 -8.024963e-01 -2.504542e-03
   outer loop
     vertex -5.502898e+00 -7.966643e+00  2.000000e-01
     vertex -5.679706e+00 -7.840804e+00  2.000000e+00
     vertex -5.995666e+00 -7.600272e+00  2.000000e-01
   endloop
 endfacet
 facet normal -5.650570e-01 -8.250490e-01  2.175586e-03
   outer loop
     vertex -5.502898e+00 -7.966643e+00  2.000000e-01
     vertex -5.220559e+00 -8.155264e+00  2.000000e+00
     vertex -5.679706e+00 -7.840804e+00  2.000000e+00
   endloop
 endfacet
 facet normal -5.435852e-01 -8.393497e-01 -2.690915e-03
   outer loop
     vertex -4.995926e+00 -8.294971e+00  2.000000e-01
     vertex -5.220559e+00 -8.155264e+00  2.000000e+00
     vertex -5.502898e+00 -7.966643e+00  2.000000e-01
   endloop
 endfacet
 facet normal -5.148417e-01 -8.572822e-01  2.288005e-03
   outer loop
     vertex -4.995926e+00 -8.294971e+00  2.000000e-01
     vertex -4.750393e+00 -8.437622e+00  2.000000e+00
     vertex -5.220559e+00 -8.155264e+00  2.000000e+00
   endloop
 endfacet
 facet normal -4.873551e-01 -8.731996e-01 -2.722833e-03
   outer loop
     vertex -4.477678e+00 -8.584219e+00  2.000000e-01
     vertex -4.750393e+00 -8.437622e+00  2.000000e+00
     vertex -4.995926e+00 -8.294971e+00  2.000000e-01
   endloop
 endfacet
 facet normal -4.619354e-01 -8.869107e-01  2.245136e-03
   outer loop
     vertex -4.477678e+00 -8.584219e+00  2.000000e-01
     vertex -4.271528e+00 -8.687033e+00  2.000000e+00
     vertex -4.750393e+00 -8.437622e+00  2.000000e+00
   endloop
 endfacet
 facet normal -4.279926e-01 -9.037785e-01 -2.605706e-03
   outer loop
     vertex -3.950502e+00 -8.833868e+00  2.000000e-01
     vertex -4.271528e+00 -8.687033e+00  2.000000e+00
     vertex -4.477678e+00 -8.584219e+00  2.000000e-01
   endloop
 endfacet
 facet normal -4.064214e-01 -9.136834e-01  2.049475e-03
   outer loop
     vertex -3.950502e+00 -8.833868e+00  2.000000e-01
     vertex -3.785964e+00 -8.903020e+00  2.000000e+00
     vertex -4.271528e+00 -8.687033e+00  2.000000e+00
   endloop
 endfacet
 facet normal -3.656070e-01 -9.307664e-01 -2.337656e-03
   outer loop
     vertex -3.416341e+00 -9.043687e+00  2.000000e-01
     vertex -3.785964e+00 -8.903020e+00  2.000000e+00
     vertex -3.950502e+00 -8.833868e+00  2.000000e-01
   endloop
 endfacet
 facet normal -3.484500e-01 -9.373258e-01  1.698075e-03
   outer loop
     vertex -3.416341e+00 -9.043687e+00  2.000000e-01
     vertex -3.295378e+00 -9.085395e+00  2.000000e+00
     vertex -3.785964e+00 -8.903020e+00  2.000000e+00
   endloop
 endfacet
 facet normal -3.004092e-01 -9.538085e-01 -1.912278e-03
   outer loop
     vertex -2.876761e+00 -9.213632e+00  2.000000e-01
     vertex -3.295378e+00 -9.085395e+00  2.000000e+00
     vertex -3.416341e+00 -9.043687e+00  2.000000e-01
   endloop
 endfacet
 facet normal -2.882443e-01 -9.575562e-01  1.183835e-03
   outer loop
     vertex -2.876761e+00 -9.213632e+00  2.000000e-01
     vertex -2.801136e+00 -9.234172e+00  2.000000e+00
     vertex -3.295378e+00 -9.085395e+00  2.000000e+00
   endloop
 endfacet
 facet normal -2.329949e-01 -9.724771e-01 -1.307676e-03
   outer loop
     vertex -2.337318e+00 -9.342877e+00  2.000000e-01
     vertex -2.801136e+00 -9.234172e+00  2.000000e+00
     vertex -2.876761e+00 -9.213632e+00  2.000000e-01
   endloop
 endfacet
 facet normal -2.258949e-01 -9.741515e-01  6.229358e-04
   outer loop
     vertex -2.337318e+00 -9.342877e+00  2.000000e-01
     vertex -2.301007e+00 -9.350146e+00  2.000000e+00
     vertex -2.801136e+00 -9.234172e+00  2.000000e+00
   endloop
 endfacet
 facet normal -1.635280e-01 -9.865385e-01 -6.851942e-04
   outer loop
     vertex -1.790039e+00 -9.433594e+00  2.000000e-01
     vertex -2.301007e+00 -9.350146e+00  2.000000e+00
     vertex -2.337318e+00 -9.342877e+00  2.000000e-01
   endloop
 endfacet
 facet normal -1.611774e-01 -9.869254e-01  0.000000e+00
   outer loop
     vertex -1.790039e+00 -9.433594e+00  2.000000e-01
     vertex -1.790039e+00 -9.433594e+00  2.000000e+00
     vertex -2.301007e+00 -9.350146e+00  2.000000e+00
   endloop
 endfacet
 facet normal  5.801348e-01  8.145205e-01  0.000000e+00
   outer loop
     vertex -9.178432e+00 -1.554303e+00  2.000000e-01
     vertex -9.123047e+00 -1.593750e+00  2.000000e+00
     vertex -9.123047e+00 -1.593750e+00  2.000000e-01
   endloop
 endfacet
 facet normal  5.363465e-01  8.439955e-01  1.993294e-03
   outer loop
     vertex -9.178432e+00 -1.554303e+00  2.000000e-01
     vertex -9.197913e+00 -1.546174e+00  2.000000e+00
     vertex -9.123047e+00 -1.593750e+00  2.000000e+00
   endloop
 endfacet
 facet normal  1.186318e-01  9.929345e-01  2.757634e-03
   outer loop
     vertex -9.243832e+00 -1.535689e+00  2.000000e-01
     vertex -9.285990e+00 -1.535651e+00  2.000000e+00
     vertex -9.197913e+00 -1.546174e+00  2.000000e+00
   endloop
 endfacet
 facet normal  2.737453e-01  9.618012e-01 -1.380744e-03
   outer loop
     vertex -9.243832e+00 -1.535689e+00  2.000000e-01
     vertex -9.197913e+00 -1.546174e+00  2.000000e+00
     vertex -9.178432e+00 -1.554303e+00  2.000000e-01
   endloop
 endfacet
 facet normal -3.224131e-01  9.465951e-01  2.757646e-03
   outer loop
     vertex -9.331926e+00 -1.546053e+00  2.000000e-01
     vertex -9.369957e+00 -1.564250e+00  2.000000e+00
     vertex -9.285990e+00 -1.535651e+00  2.000000e+00
   endloop
 endfacet
 facet normal -1.168442e-01  9.931464e-01 -2.757540e-03
   outer loop
     vertex -9.331926e+00 -1.546053e+00  2.000000e-01
     vertex -9.285990e+00 -1.535651e+00  2.000000e+00
     vertex -9.243832e+00 -1.535689e+00  2.000000e-01
   endloop
 endfacet
 facet normal -7.000492e-01  7.140893e-01  2.757621e-03
   outer loop
     vertex -9.406878e+00 -1.593495e+00  2.000000e-01
     vertex -9.433299e+00 -1.626347e+00  2.000000e+00
     vertex -9.369957e+00 -1.564250e+00  2.000000e+00
   endloop
 endfacet
 facet normal -5.348249e-01  8.449584e-01 -2.757690e-03
   outer loop
     vertex -9.406878e+00 -1.593495e+00  2.000000e-01
     vertex -9.369957e+00 -1.564250e+00  2.000000e+00
     vertex -9.331926e+00 -1.546053e+00  2.000000e-01
   endloop
 endfacet
 facet normal -9.207023e-01  3.902632e-01  1.380846e-03
   outer loop
     vertex -9.453945e+00 -1.668686e+00  2.000000e-01
     vertex -9.459837e+00 -1.688955e+00  2.000000e+00
     vertex -9.433299e+00 -1.626347e+00  2.000000e+00
   endloop
 endfacet
 facet normal -8.476278e-01  5.305842e-01 -2.757825e-03
   outer loop
     vertex -9.453945e+00 -1.668686e+00  2.000000e-01
     vertex -9.433299e+00 -1.626347e+00  2.000000e+00
     vertex -9.406878e+00 -1.593495e+00  2.000000e-01
   endloop
 endfacet
 facet normal -9.982427e-01  5.925774e-02  0.000000e+00
   outer loop
     vertex -9.463867e+00 -1.756836e+00  2.000000e-01
     vertex -9.463867e+00 -1.756836e+00  2.000000e+00
     vertex -9.459837e+00 -1.688955e+00  2.000000e+00
   endloop
 endfacet
 facet normal -9.937232e-01  1.118488e-01 -1.993404e-03
   outer loop
     vertex -9.463867e+00 -1.756836e+00  2.000000e-01
     vertex -9.459837e+00 -1.688955e+00  2.000000e+00
     vertex -9.453945e+00 -1.668686e+00  2.000000e-01
   endloop
 endfacet
 facet normal  7.071067e-01  7.071069e-01  0.000000e+00
   outer loop
     vertex -9.123047e+00 -1.593750e+00  2.000000e-01
     vertex -8.181641e+00 -2.535156e+00  2.000000e+00
     vertex -8.181641e+00 -2.535156e+00  2.000000e-01
   endloop
 endfacet
 facet normal  7.071067e-01  7.071069e-01 -0.000000e+00
   outer loop
     vertex -9.123047e+00 -1.593750e+00  2.000000e-01
     vertex -9.123047e+00 -1.593750e+00  2.000000e+00
     vertex -8.181641e+00 -2.535156e+00  2.000000e+00
   endloop
 endfacet
 facet normal  0.000000e+00  1.000000e+00  0.000000e+00
   outer loop
     vertex -8.181641e+00 -2.535156e+00  2.000000e-01
     vertex -4.847656e+00 -2.535156e+00  2.000000e+00
     vertex -4.847656e+00 -2.535156e+00  2.000000e-01
   endloop
 endfacet
 facet normal  0.000000e+00  1.000000e+00  0.000000e+00
   outer loop
     vertex -8.181641e+00 -2.535156e+00  2.000000e-01
     vertex -8.181641e+00 -2.535156e+00  2.000000e+00
     vertex -4.847656e+00 -2.535156e+00  2.000000e+00
   endloop
 endfacet
 facet normal -7.071068e-01  7.071068e-01  0.000000e+00
   outer loop
     vertex -4.847656e+00 -2.535156e+00  2.000000e-01
     vertex -3.964844e+00 -1.652344e+00  2.000000e+00
     vertex -3.964844e+00 -1.652344e+00  2.000000e-01
   endloop
 endfacet
 facet normal -7.071068e-01  7.071068e-01  0.000000e+00
   outer loop
     vertex -4.847656e+00 -2.535156e+00  2.000000e-01
     vertex -4.847656e+00 -2.535156e+00  2.000000e+00
     vertex -3.964844e+00 -1.652344e+00  2.000000e+00
   endloop
 endfacet
 facet normal -1.000000e+00  0.000000e+00  0.000000e+00
   outer loop
     vertex -3.964844e+00 -1.652344e+00  2.000000e-01
     vertex -3.964844e+00  1.681641e+00  2.000000e+00
     vertex -3.964844e+00  1.681641e+00  2.000000e-01
   endloop
 endfacet
 facet normal -1.000000e+00  0.000000e+00  0.000000e+00
   outer loop
     vertex -3.964844e+00 -1.652344e+00  2.000000e-01
     vertex -3.964844e+00 -1.652344e+00  2.000000e+00
     vertex -3.964844e+00  1.681641e+00  2.000000e+00
   endloop
 endfacet
 facet normal -7.071068e-01 -7.071068e-01  0.000000e+00
   outer loop
     vertex -3.964844e+00  1.681641e+00  2.000000e-01
     vertex -4.847656e+00  2.564453e+00  2.000000e+00
     vertex -4.847656e+00  2.564453e+00  2.000000e-01
   endloop
 endfacet
 facet normal -7.071068e-01 -7.071068e-01  0.000000e+00
   outer loop
     vertex -3.964844e+00  1.681641e+00  2.000000e-01
     vertex -3.964844e+00  1.681641e+00  2.000000e+00
     vertex -4.847656e+00  2.564453e+00  2.000000e+00
   endloop
 endfacet
 facet normal  0.000000e+00 -1.000000e+00  0.000000e+00
   outer loop
     vertex -4.847656e+00  2.564453e+00  2.000000e-01
     vertex -6.064453e+00  2.564453e+00  2.000000e+00
     vertex -6.064453e+00  2.564453e+00  2.000000e-01
   endloop
 endfacet
 facet normal  0.000000e+00 -1.000000e+00  0.000000e+00
   outer loop
     vertex -4.847656e+00  2.564453e+00  2.000000e-01
     vertex -4.847656e+00  2.564453e+00  2.000000e+00
     vertex -6.064453e+00  2.564453e+00  2.000000e+00
   endloop
 endfacet
 facet normal  1.000000e+00  0.000000e+00  0.000000e+00
   outer loop
     vertex -6.064453e+00  2.564453e+00  2.000000e-01
     vertex -6.064453e+00  1.847656e+00  2.000000e+00
     vertex -6.064453e+00  1.847656e+00  2.000000e-01
   endloop
 endfacet
 facet normal  1.000000e+00  0.000000e+00 -0.000000e+00
   outer loop
     vertex -6.064453e+00  2.564453e+00  2.000000e-01
     vertex -6.064453e+00  2.564453e+00  2.000000e+00
     vertex -6.064453e+00  1.847656e+00  2.000000e+00
   endloop
 endfacet
 facet normal  7.071070e-01  7.071066e-01  0.000000e+00
   outer loop
     vertex -6.064453e+00  1.847656e+00  2.000000e-01
     vertex -5.623047e+00  1.406250e+00  2.000000e+00
     vertex -5.623047e+00  1.406250e+00  2.000000e-01
   endloop
 endfacet
 facet normal  7.071070e-01  7.071066e-01 -0.000000e+00
   outer loop
     vertex -6.064453e+00  1.847656e+00  2.000000e-01
     vertex -6.064453e+00  1.847656e+00  2.000000e+00
     vertex -5.623047e+00  1.406250e+00  2.000000e+00
   endloop
 endfacet
 facet normal  9.941284e-01  1.082066e-01  0.000000e+00
   outer loop
     vertex -5.569171e+00  1.307991e+00  2.000000e-01
     vertex -5.564453e+00  1.264648e+00  2.000000e+00
     vertex -5.564453e+00  1.264648e+00  2.000000e-01
   endloop
 endfacet
 facet normal  9.849094e-01  1.730634e-01  1.585847e-03
   outer loop
     vertex -5.569171e+00  1.307991e+00  2.000000e-01
     vertex -5.576488e+00  1.333140e+00  2.000000e+00
     vertex -5.564453e+00  1.264648e+00  2.000000e+00
   endloop
 endfacet
 facet normal  8.969993e-01  4.420316e-01  6.354000e-04
   outer loop
     vertex -5.583167e+00  1.349281e+00  2.000000e-01
     vertex -5.595760e+00  1.372247e+00  2.000000e+00
     vertex -5.576488e+00  1.333140e+00  2.000000e+00
   endloop
 endfacet
 facet normal  9.470675e-01  3.210339e-01 -6.353985e-04
   outer loop
     vertex -5.583167e+00  1.349281e+00  2.000000e-01
     vertex -5.576488e+00  1.333140e+00  2.000000e+00
     vertex -5.569171e+00  1.307991e+00  2.000000e-01
   endloop
 endfacet
 facet normal  7.799161e-01  6.258841e-01 -0.000000e+00
   outer loop
     vertex -5.623047e+00  1.406250e+00  2.000000e-01
     vertex -5.623047e+00  1.406250e+00  2.000000e+00
     vertex -5.595760e+00  1.372247e+00  2.000000e+00
   endloop
 endfacet
 facet normal  8.192206e-01  5.734763e-01 -1.585850e-03
   outer loop
     vertex -5.623047e+00  1.406250e+00  2.000000e-01
     vertex -5.595760e+00  1.372247e+00  2.000000e+00
     vertex -5.583167e+00  1.349281e+00  2.000000e-01
   endloop
 endfacet
 facet normal  1.000000e+00  0.000000e+00  0.000000e+00
   outer loop
     vertex -5.564453e+00  1.264648e+00  2.000000e-01
     vertex -5.564453e+00  7.646484e-01  2.000000e+00
     vertex -5.564453e+00  7.646484e-01  2.000000e-01
   endloop
 endfacet
 facet normal  1.000000e+00  0.000000e+00 -0.000000e+00
   outer loop
     vertex -5.564453e+00  1.264648e+00  2.000000e-01
     vertex -5.564453e+00  1.264648e+00  2.000000e+00
     vertex -5.564453e+00  7.646484e-01  2.000000e+00
   endloop
 endfacet
 facet normal  1.678636e-01 -9.858102e-01  0.000000e+00
   outer loop
     vertex -5.698108e+00  5.757836e-01  2.000000e-01
     vertex -5.764648e+00  5.644531e-01  2.000000e+00
     vertex -5.764648e+00  5.644531e-01  2.000000e-01
   endloop
 endfacet
 facet normal  2.208807e-01 -9.752987e-01  2.026048e-03
   outer loop
     vertex -5.698108e+00  5.757836e-01  2.000000e-01
     vertex -5.678136e+00  5.840461e-01  2.000000e+00
     vertex -5.764648e+00  5.644531e-01  2.000000e+00
   endloop
 endfacet
 facet normal  6.209123e-01 -7.838751e-01  2.763194e-03
   outer loop
     vertex -5.639125e+00  6.086016e-01  2.000000e-01
     vertex -5.608603e+00  6.391235e-01  2.000000e+00
     vertex -5.678136e+00  5.840461e-01  2.000000e+00
   endloop
 endfacet
 facet normal  4.862046e-01 -8.738439e-01 -1.383621e-03
   outer loop
     vertex -5.639125e+00  6.086016e-01  2.000000e-01
     vertex -5.678136e+00  5.840461e-01  2.000000e+00
     vertex -5.698108e+00  5.757836e-01  2.000000e-01
   endloop
 endfacet
 facet normal  8.738401e-01 -4.862114e-01  1.383649e-03
   outer loop
     vertex -5.584046e+00  6.781348e-01  2.000000e-01
     vertex -5.575784e+00  6.981071e-01  2.000000e+00
     vertex -5.608603e+00  6.391235e-01  2.000000e+00
   endloop
 endfacet
 facet normal  7.838703e-01 -6.209184e-01 -2.763250e-03
   outer loop
     vertex -5.584046e+00  6.781348e-01  2.000000e-01
     vertex -5.608603e+00  6.391235e-01  2.000000e+00
     vertex -5.639125e+00  6.086016e-01  2.000000e-01
   endloop
 endfacet
 facet normal  9.858097e-01 -1.678666e-01  0.000000e+00
   outer loop
     vertex -5.564453e+00  7.646484e-01  2.000000e-01
     vertex -5.564453e+00  7.646484e-01  2.000000e+00
     vertex -5.575784e+00  6.981071e-01  2.000000e+00
   endloop
 endfacet
 facet normal  9.752981e-01 -2.208837e-01 -2.026076e-03
   outer loop
     vertex -5.564453e+00  7.646484e-01  2.000000e-01
     vertex -5.575784e+00  6.981071e-01  2.000000e+00
     vertex -5.584046e+00  6.781348e-01  2.000000e-01
   endloop
 endfacet
 facet normal  0.000000e+00 -1.000000e+00  0.000000e+00
   outer loop
     vertex -7.264648e+00  5.644531e-01  2.000000e-01
     vertex -5.764648e+00  5.644531e-01  2.000000e+00
     vertex -7.264648e+00  5.644531e-01  2.000000e+00
   endloop
 endfacet
 facet normal  0.000000e+00 -1.000000e+00  0.000000e+00
   outer loop
     vertex -5.764648e+00  5.644531e-01  2.000000e-01
     vertex -5.764648e+00  5.644531e-01  2.000000e+00
     vertex -7.264648e+00  5.644531e-01  2.000000e-01
   endloop
 endfacet
 facet normal -9.858101e-01 -1.678643e-01  0.000000e+00
   outer loop
     vertex -7.453513e+00  6.981080e-01  2.000000e-01
     vertex -7.464844e+00  7.646484e-01  2.000000e+00
     vertex -7.464844e+00  7.646484e-01  2.000000e-01
   endloop
 endfacet
 facet normal -9.752986e-01 -2.208814e-01  2.026048e-03
   outer loop
     vertex -7.453513e+00  6.981080e-01  2.000000e-01
     vertex -7.445251e+00  6.781356e-01  2.000000e+00
     vertex -7.464844e+00  7.646484e-01  2.000000e+00
   endloop
 endfacet
 facet normal -7.838747e-01 -6.209129e-01  2.763194e-03
   outer loop
     vertex -7.420695e+00  6.391250e-01  2.000000e-01
     vertex -7.390173e+00  6.086028e-01  2.000000e+00
     vertex -7.445251e+00  6.781356e-01  2.000000e+00
   endloop
 endfacet
 facet normal -8.738435e-01 -4.862053e-01 -1.383621e-03
   outer loop
     vertex -7.420695e+00  6.391250e-01  2.000000e-01
     vertex -7.445251e+00  6.781356e-01  2.000000e+00
     vertex -7.453513e+00  6.981080e-01  2.000000e-01
   endloop
 endfacet
 facet normal -4.862108e-01 -8.738405e-01  1.383649e-03
   outer loop
     vertex -7.351162e+00  5.840465e-01  2.000000e-01
     vertex -7.331190e+00  5.757839e-01  2.000000e+00
     vertex -7.390173e+00  6.086028e-01  2.000000e+00
   endloop
 endfacet
 facet normal -6.209178e-01 -7.838708e-01 -2.763250e-03
   outer loop
     vertex -7.351162e+00  5.840465e-01  2.000000e-01
     vertex -7.390173e+00  6.086028e-01  2.000000e+00
     vertex -7.420695e+00  6.391250e-01  2.000000e-01
   endloop
 endfacet
 facet normal -1.678658e-01 -9.858098e-01  0.000000e+00
   outer loop
     vertex -7.264648e+00  5.644531e-01  2.000000e-01
     vertex -7.264648e+00  5.644531e-01  2.000000e+00
     vertex -7.331190e+00  5.757839e-01  2.000000e+00
   endloop
 endfacet
 facet normal -2.208830e-01 -9.752982e-01 -2.026076e-03
   outer loop
     vertex -7.264648e+00  5.644531e-01  2.000000e-01
     vertex -7.331190e+00  5.757839e-01  2.000000e+00
     vertex -7.351162e+00  5.840465e-01  2.000000e-01
   endloop
 endfacet
 facet normal -1.000000e+00  0.000000e+00  0.000000e+00
   outer loop
     vertex -7.464844e+00  7.646484e-01  2.000000e-01
     vertex -7.464844e+00  1.264648e+00  2.000000e+00
     vertex -7.464844e+00  1.264648e+00  2.000000e-01
   endloop
 endfacet
 facet normal -1.000000e+00  0.000000e+00  0.000000e+00
   outer loop
     vertex -7.464844e+00  7.646484e-01  2.000000e-01
     vertex -7.464844e+00  7.646484e-01  2.000000e+00
     vertex -7.464844e+00  1.264648e+00  2.000000e+00
   endloop
 endfacet
 facet normal -7.799161e-01  6.258840e-01  0.000000e+00
   outer loop
     vertex -7.433537e+00  1.372247e+00  2.000000e-01
     vertex -7.406250e+00  1.406250e+00  2.000000e+00
     vertex -7.406250e+00  1.406250e+00  2.000000e-01
   endloop
 endfacet
 facet normal -8.192206e-01  5.734763e-01  1.585847e-03
   outer loop
     vertex -7.433537e+00  1.372247e+00  2.000000e-01
     vertex -7.446130e+00  1.349281e+00  2.000000e+00
     vertex -7.406250e+00  1.406250e+00  2.000000e+00
   endloop
 endfacet
 facet normal -9.470675e-01  3.210339e-01  6.354000e-04
   outer loop
     vertex -7.452809e+00  1.333140e+00  2.000000e-01
     vertex -7.460126e+00  1.307991e+00  2.000000e+00
     vertex -7.446130e+00  1.349281e+00  2.000000e+00
   endloop
 endfacet
 facet normal -8.969993e-01  4.420315e-01 -6.353985e-04
   outer loop
     vertex -7.452809e+00  1.333140e+00  2.000000e-01
     vertex -7.446130e+00  1.349281e+00  2.000000e+00
     vertex -7.433537e+00  1.372247e+00  2.000000e-01
   endloop
 endfacet
 facet normal -9.941284e-01  1.082065e-01  0.000000e+00
   outer loop
     vertex -7.464844e+00  1.264648e+00  2.000000e-01
     vertex -7.464844e+00  1.264648e+00  2.000000e+00
     vertex -7.460126e+00  1.307991e+00  2.000000e+00
   endloop
 endfacet
 facet normal -9.849094e-01  1.730635e-01 -1.585850e-03
   outer loop
     vertex -7.464844e+00  1.264648e+00  2.000000e-01
     vertex -7.460126e+00  1.307991e+00  2.000000e+00
     vertex -7.452809e+00  1.333140e+00  2.000000e-01
   endloop
 endfacet
 facet normal -7.071058e-01  7.071078e-01  0.000000e+00
   outer loop
     vertex -7.406250e+00  1.406250e+00  2.000000e-01
     vertex -6.964843e+00  1.847656e+00  2.000000e+00
     vertex -6.964843e+00  1.847656e+00  2.000000e-01
   endloop
 endfacet
 facet normal -7.071058e-01  7.071078e-01  0.000000e+00
   outer loop
     vertex -7.406250e+00  1.406250e+00  2.000000e-01
     vertex -7.406250e+00  1.406250e+00  2.000000e+00
     vertex -6.964843e+00  1.847656e+00  2.000000e+00
   endloop
 endfacet
 facet normal -1.000000e+00  0.000000e+00  0.000000e+00
   outer loop
     vertex -6.964843e+00  1.847656e+00  2.000000e-01
     vertex -6.964843e+00  2.564453e+00  2.000000e+00
     vertex -6.964843e+00  2.564453e+00  2.000000e-01
   endloop
 endfacet
 facet normal -1.000000e+00  0.000000e+00  0.000000e+00
   outer loop
     vertex -6.964843e+00  1.847656e+00  2.000000e-01
     vertex -6.964843e+00  1.847656e+00  2.000000e+00
     vertex -6.964843e+00  2.564453e+00  2.000000e+00
   endloop
 endfacet
 facet normal  0.000000e+00 -1.000000e+00  0.000000e+00
   outer loop
     vertex -6.964843e+00  2.564453e+00  2.000000e-01
     vertex -8.181639e+00  2.564453e+00  2.000000e+00
     vertex -8.181639e+00  2.564453e+00  2.000000e-01
   endloop
 endfacet
 facet normal  0.000000e+00 -1.000000e+00  0.000000e+00
   outer loop
     vertex -6.964843e+00  2.564453e+00  2.000000e-01
     vertex -6.964843e+00  2.564453e+00  2.000000e+00
     vertex -8.181639e+00  2.564453e+00  2.000000e+00
   endloop
 endfacet
 facet normal  7.071067e-01 -7.071069e-01  0.000000e+00
   outer loop
     vertex -8.181639e+00  2.564453e+00  2.000000e-01
     vertex -9.123045e+00  1.623047e+00  2.000000e+00
     vertex -9.123045e+00  1.623047e+00  2.000000e-01
   endloop
 endfacet
 facet normal  7.071067e-01 -7.071069e-01  0.000000e+00
   outer loop
     vertex -8.181639e+00  2.564453e+00  2.000000e-01
     vertex -8.181639e+00  2.564453e+00  2.000000e+00
     vertex -9.123045e+00  1.623047e+00  2.000000e+00
   endloop
 endfacet
 facet normal -9.992898e-01 -3.768076e-02  0.000000e+00
   outer loop
     vertex -9.460229e+00  1.721462e+00  2.000000e-01
     vertex -9.462889e+00  1.791992e+00  2.000000e+00
     vertex -9.462889e+00  1.791992e+00  2.000000e-01
   endloop
 endfacet
 facet normal -9.964788e-01 -8.382503e-02  1.812243e-03
   outer loop
     vertex -9.460229e+00  1.721462e+00  2.000000e-01
     vertex -9.455453e+00  1.703601e+00  2.000000e+00
     vertex -9.462889e+00  1.791992e+00  2.000000e+00
   endloop
 endfacet
 facet normal -8.622398e-01 -5.064931e-01  2.683198e-03
   outer loop
     vertex -9.433238e+00  1.656247e+00  2.000000e-01
     vertex -9.410525e+00  1.627116e+00  2.000000e+00
     vertex -9.455453e+00  1.703601e+00  2.000000e+00
   endloop
 endfacet
 facet normal -9.239885e-01 -3.824178e-01 -1.343036e-03
   outer loop
     vertex -9.433238e+00  1.656247e+00  2.000000e-01
     vertex -9.455453e+00  1.703601e+00  2.000000e+00
     vertex -9.460229e+00  1.721462e+00  2.000000e-01
   endloop
 endfacet
 facet normal -5.584265e-01 -8.295497e-01  2.683226e-03
   outer loop
     vertex -9.370018e+00  1.594026e+00  2.000000e-01
     vertex -9.336941e+00  1.577582e+00  2.000000e+00
     vertex -9.410525e+00  1.627116e+00  2.000000e+00
   endloop
 endfacet
 facet normal -7.014475e-01 -7.127160e-01 -2.683111e-03
   outer loop
     vertex -9.370018e+00  1.594026e+00  2.000000e-01
     vertex -9.410525e+00  1.627116e+00  2.000000e+00
     vertex -9.433238e+00  1.656247e+00  2.000000e-01
   endloop
 endfacet
 facet normal -1.447878e-01 -9.894591e-01  2.683188e-03
   outer loop
     vertex -9.286107e+00  1.565262e+00  2.000000e-01
     vertex -9.249172e+00  1.564739e+00  2.000000e+00
     vertex -9.336941e+00  1.577582e+00  2.000000e+00
   endloop
 endfacet
 facet normal -3.242683e-01 -9.459614e-01 -2.683259e-03
   outer loop
     vertex -9.286107e+00  1.565262e+00  2.000000e-01
     vertex -9.336941e+00  1.577582e+00  2.000000e+00
     vertex -9.370018e+00  1.594026e+00  2.000000e-01
   endloop
 endfacet
 facet normal  2.528899e-01 -9.674941e-01  1.343131e-03
   outer loop
     vertex -9.198006e+00  1.575614e+00  2.000000e-01
     vertex -9.180883e+00  1.582588e+00  2.000000e+00
     vertex -9.249172e+00  1.564739e+00  2.000000e+00
   endloop
 endfacet
 facet normal  1.166954e-01 -9.931641e-01 -2.683375e-03
   outer loop
     vertex -9.198006e+00  1.575614e+00  2.000000e-01
     vertex -9.249172e+00  1.564739e+00  2.000000e+00
     vertex -9.286107e+00  1.565262e+00  2.000000e-01
   endloop
 endfacet
 facet normal  5.732000e-01 -8.194155e-01  0.000000e+00
   outer loop
     vertex -9.123045e+00  1.623047e+00  2.000000e-01
     vertex -9.123045e+00  1.623047e+00  2.000000e+00
     vertex -9.180883e+00  1.582588e+00  2.000000e+00
   endloop
 endfacet
 facet normal  5.347149e-01 -8.450306e-01 -1.812345e-03
   outer loop
     vertex -9.123045e+00  1.623047e+00  2.000000e-01
     vertex -9.180883e+00  1.582588e+00  2.000000e+00
     vertex -9.198006e+00  1.575614e+00  2.000000e-01
   endloop
 endfacet
 facet normal -7.716844e-01  6.360057e-01  5.212513e-09
   outer loop
     vertex -7.708020e+00  5.936008e+00  2.000000e-01
     vertex -7.390278e+00  6.321534e+00  2.000000e+00
     vertex -7.390278e+00  6.321534e+00  2.000000e-01
   endloop
 endfacet
 facet normal -7.749453e-01  6.320267e-01  1.427851e-03
   outer loop
     vertex -7.708020e+00  5.936008e+00  2.000000e-01
     vertex -7.763673e+00  5.863704e+00  2.000000e+00
     vertex -7.390278e+00  6.321534e+00  2.000000e+00
   endloop
 endfacet
 facet normal -8.150182e-01  5.794312e-01  2.186138e-03
   outer loop
     vertex -8.003323e+00  5.533408e+00  2.000000e-01
     vertex -8.098319e+00  5.392997e+00  2.000000e+00
     vertex -7.763673e+00  5.863704e+00  2.000000e+00
   endloop
 endfacet
 facet normal -8.063448e-01  5.914446e-01 -1.173078e-03
   outer loop
     vertex -8.003323e+00  5.533408e+00  2.000000e-01
     vertex -7.763673e+00  5.863704e+00  2.000000e+00
     vertex -7.708020e+00  5.936008e+00  2.000000e-01
   endloop
 endfacet
 facet normal -8.516391e-01  5.241240e-01  2.196700e-03
   outer loop
     vertex -8.322794e+00  5.035796e+00  2.000000e-01
     vertex -8.405310e+00  4.894173e+00  2.000000e+00
     vertex -8.098319e+00  5.392997e+00  2.000000e+00
   endloop
 endfacet
 facet normal -8.415012e-01  5.402505e-01 -2.267825e-03
   outer loop
     vertex -8.322794e+00  5.035796e+00  2.000000e-01
     vertex -8.098319e+00  5.392997e+00  2.000000e+00
     vertex -8.003323e+00  5.533408e+00  2.000000e-01
   endloop
 endfacet
 facet normal -8.848283e-01  4.659124e-01  2.147331e-03
   outer loop
     vertex -8.607614e+00  4.518266e+00  2.000000e-01
     vertex -8.677769e+00  4.376737e+00  2.000000e+00
     vertex -8.405310e+00  4.894173e+00  2.000000e+00
   endloop
 endfacet
 facet normal -8.760855e-01  4.821506e-01 -2.226425e-03
   outer loop
     vertex -8.607614e+00  4.518266e+00  2.000000e-01
     vertex -8.405310e+00  4.894173e+00  2.000000e+00
     vertex -8.322794e+00  5.035796e+00  2.000000e-01
   endloop
 endfacet
 facet normal -9.140605e-01  4.055701e-01  2.511909e-03
   outer loop
     vertex -8.833362e+00  4.037215e+00  2.000000e-01
     vertex -8.914772e+00  3.842588e+00  2.000000e+00
     vertex -8.677769e+00  4.376737e+00  2.000000e+00
   endloop
 endfacet
 facet normal -9.052727e-01  4.248267e-01 -1.879949e-03
   outer loop
     vertex -8.833362e+00  4.037215e+00  2.000000e-01
     vertex -8.677769e+00  4.376737e+00  2.000000e+00
     vertex -8.607614e+00  4.518266e+00  2.000000e-01
   endloop
 endfacet
 facet normal -9.391983e-01  3.433663e-01  2.481694e-03
   outer loop
     vertex -9.049091e+00  3.488200e+00  2.000000e-01
     vertex -9.115278e+00  3.294150e+00  2.000000e+00
     vertex -8.914772e+00  3.842588e+00  2.000000e+00
   endloop
 endfacet
 facet normal -9.307231e-01  3.657159e-01 -2.550973e-03
   outer loop
     vertex -9.049091e+00  3.488200e+00  2.000000e-01
     vertex -8.914772e+00  3.842588e+00  2.000000e+00
     vertex -8.833362e+00  4.037215e+00  2.000000e-01
   endloop
 endfacet
 facet normal -9.601399e-01  2.795090e-01  2.454907e-03
   outer loop
     vertex -9.226691e+00  2.927244e+00  2.000000e-01
     vertex -9.278204e+00  2.734483e+00  2.000000e+00
     vertex -9.115278e+00  3.294150e+00  2.000000e+00
   endloop
 endfacet
 facet normal -9.533565e-01  3.018362e-01 -2.516076e-03
   outer loop
     vertex -9.226691e+00  2.927244e+00  2.000000e-01
     vertex -9.115278e+00  3.294150e+00  2.000000e+00
     vertex -9.049091e+00  3.488200e+00  2.000000e-01
   endloop
 endfacet
 facet normal -9.755963e-01  2.195682e-01  1.286320e-03
   outer loop
     vertex -9.364105e+00  2.363349e+00  2.000000e-01
     vertex -9.384736e+00  2.261137e+00  2.000000e+00
     vertex -9.278204e+00  2.734483e+00  2.000000e+00
   endloop
 endfacet
 facet normal -9.715656e-01  2.367578e-01 -2.450279e-03
   outer loop
     vertex -9.364105e+00  2.363349e+00  2.000000e-01
     vertex -9.278204e+00  2.734483e+00  2.000000e+00
     vertex -9.226691e+00  2.927244e+00  2.000000e-01
   endloop
 endfacet
 facet normal -9.864068e-01  1.643218e-01  0.000000e+00
   outer loop
     vertex -9.462889e+00  1.791992e+00  2.000000e-01
     vertex -9.462889e+00  1.791992e+00  2.000000e+00
     vertex -9.384736e+00  2.261137e+00  2.000000e+00
   endloop
 endfacet
 facet normal -9.853796e-01  1.703654e-01 -1.619781e-03
   outer loop
     vertex -9.462889e+00  1.791992e+00  2.000000e-01
     vertex -9.384736e+00  2.261137e+00  2.000000e+00
     vertex -9.364105e+00  2.363349e+00  2.000000e-01
   endloop
 endfacet
 facet normal  5.378997e-01  8.430088e-01 -0.000000e+00
   outer loop
     vertex -6.978514e+00  6.479492e+00  2.000000e-01
     vertex -7.036006e+00  6.516176e+00  2.000000e+00
     vertex -6.978514e+00  6.479492e+00  2.000000e+00
   endloop
 endfacet
 facet normal  2.233748e-01  9.747326e-01  7.180791e-10
   outer loop
     vertex -7.036006e+00  6.516176e+00  2.000000e-01
     vertex -7.102482e+00  6.531410e+00  2.000000e+00
     vertex -7.036006e+00  6.516176e+00  2.000000e+00
   endloop
 endfacet
 facet normal  5.378997e-01  8.430089e-01 -6.967724e-10
   outer loop
     vertex -7.036006e+00  6.516176e+00  2.000000e-01
     vertex -7.036006e+00  6.516176e+00  2.000000e+00
     vertex -6.978514e+00  6.479492e+00  2.000000e-01
   endloop
 endfacet
 facet normal  2.233748e-01  9.747326e-01  1.039109e-10
   outer loop
     vertex -7.102482e+00  6.531410e+00  2.000000e-01
     vertex -7.102482e+00  6.531410e+00  2.000000e+00
     vertex -7.036006e+00  6.516176e+00  2.000000e-01
   endloop
 endfacet
 facet normal  8.432982e-01 -5.374460e-01  0.000000e+00
   outer loop
     vertex -6.928773e+00  6.253864e+00  2.000000e-01
     vertex -6.964844e+00  6.197266e+00  2.000000e+00
     vertex -6.964844e+00  6.197266e+00  2.000000e-01
   endloop
 endfacet
 facet normal  8.715761e-01 -4.902559e-01  2.050490e-03
   outer loop
     vertex -6.928773e+00  6.253864e+00  2.000000e-01
     vertex -6.921359e+00  6.274574e+00  2.000000e+00
     vertex -6.964844e+00  6.197266e+00  2.000000e+00
   endloop
 endfacet
 facet normal  9.978733e-01 -6.512460e-02  2.765523e-03
   outer loop
     vertex -6.913457e+00  6.319208e+00  2.000000e-01
     vertex -6.915582e+00  6.363085e+00  2.000000e+00
     vertex -6.921359e+00  6.274574e+00  2.000000e+00
   endloop
 endfacet
 facet normal  9.736121e-01 -2.282051e-01 -1.384860e-03
   outer loop
     vertex -6.913457e+00  6.319208e+00  2.000000e-01
     vertex -6.921359e+00  6.274574e+00  2.000000e+00
     vertex -6.928773e+00  6.253864e+00  2.000000e-01
   endloop
 endfacet
 facet normal  9.470016e-01  3.212258e-01  1.384889e-03
   outer loop
     vertex -6.927760e+00  6.406747e+00  2.000000e-01
     vertex -6.937142e+00  6.426644e+00  2.000000e+00
     vertex -6.915582e+00  6.363085e+00  2.000000e+00
   endloop
 endfacet
 facet normal  9.869092e-01  1.612532e-01 -2.765580e-03
   outer loop
     vertex -6.927760e+00  6.406747e+00  2.000000e-01
     vertex -6.915582e+00  6.363085e+00  2.000000e+00
     vertex -6.913457e+00  6.319208e+00  2.000000e-01
   endloop
 endfacet
 facet normal  7.874101e-01  6.164295e-01 -0.000000e+00
   outer loop
     vertex -6.978514e+00  6.479492e+00  2.000000e-01
     vertex -6.978514e+00  6.479492e+00  2.000000e+00
     vertex -6.937142e+00  6.426644e+00  2.000000e+00
   endloop
 endfacet
 facet normal  8.201162e-01  5.721933e-01 -2.050517e-03
   outer loop
     vertex -6.978514e+00  6.479492e+00  2.000000e-01
     vertex -6.937142e+00  6.426644e+00  2.000000e+00
     vertex -6.927760e+00  6.406747e+00  2.000000e-01
   endloop
 endfacet
 facet normal  9.688238e-01 -2.477507e-01  0.000000e+00
   outer loop
     vertex -8.734096e+00  2.940186e+00  2.000000e-01
     vertex -8.858398e+00  2.454102e+00  2.000000e+00
     vertex -8.858398e+00  2.454102e+00  2.000000e-01
   endloop
 endfacet
 facet normal  9.676653e-01 -2.522343e-01 -1.290774e-03
   outer loop
     vertex -8.734096e+00  2.940186e+00  2.000000e-01
     vertex -8.708465e+00  3.029304e+00  2.000000e+00
     vertex -8.858398e+00  2.454102e+00  2.000000e+00
   endloop
 endfacet
 facet normal  9.500857e-01 -3.119796e-01 -2.441210e-03
   outer loop
     vertex -8.584896e+00  3.419698e+00  2.000000e-01
     vertex -8.519464e+00  3.604875e+00  2.000000e+00
     vertex -8.708465e+00  3.029304e+00  2.000000e+00
   endloop
 endfacet
 facet normal  9.548461e-01 -2.970988e-01  1.113022e-03
   outer loop
     vertex -8.584896e+00  3.419698e+00  2.000000e-01
     vertex -8.708465e+00  3.029304e+00  2.000000e+00
     vertex -8.734096e+00  2.940186e+00  2.000000e-01
   endloop
 endfacet
 facet normal  9.279318e-01 -3.727449e-01 -1.953366e-03
   outer loop
     vertex -8.379834e+00  3.961912e+00  2.000000e-01
     vertex -8.318548e+00  4.105047e+00  2.000000e+00
     vertex -8.519464e+00  3.604875e+00  2.000000e+00
   endloop
 endfacet
 facet normal  9.353406e-01 -3.537403e-01  2.390977e-03
   outer loop
     vertex -8.379834e+00  3.961912e+00  2.000000e-01
     vertex -8.519464e+00  3.604875e+00  2.000000e+00
     vertex -8.584896e+00  3.419698e+00  2.000000e-01
   endloop
 endfacet
 facet normal  9.021664e-01 -4.313852e-01 -1.610854e-03
   outer loop
     vertex -8.145025e+00  4.474661e+00  2.000000e-01
     vertex -8.093215e+00  4.576291e+00  2.000000e+00
     vertex -8.318548e+00  4.105047e+00  2.000000e+00
   endloop
 endfacet
 facet normal  9.091980e-01 -4.163586e-01  2.152599e-03
   outer loop
     vertex -8.145025e+00  4.474661e+00  2.000000e-01
     vertex -8.318548e+00  4.105047e+00  2.000000e+00
     vertex -8.379834e+00  3.961912e+00  2.000000e-01
   endloop
 endfacet
 facet normal  8.720632e-01 -4.893919e-01 -1.121817e-03
   outer loop
     vertex -7.879810e+00  4.960690e+00  2.000000e-01
     vertex -7.843316e+00  5.021594e+00  2.000000e+00
     vertex -8.093215e+00  4.576291e+00  2.000000e+00
   endloop
 endfacet
 facet normal  8.778121e-01 -4.790018e-01  1.778633e-03
   outer loop
     vertex -7.879810e+00  4.960690e+00  2.000000e-01
     vertex -8.093215e+00  4.576291e+00  2.000000e+00
     vertex -8.145025e+00  4.474661e+00  2.000000e-01
   endloop
 endfacet
 facet normal  8.377800e-01 -5.460077e-01 -4.528465e-04
   outer loop
     vertex -7.583275e+00  5.422087e+00  2.000000e-01
     vertex -7.568504e+00  5.443259e+00  2.000000e+00
     vertex -7.843316e+00  5.021594e+00  2.000000e+00
   endloop
 endfacet
 facet normal  8.412419e-01 -5.406575e-01  1.237676e-03
   outer loop
     vertex -7.583275e+00  5.422087e+00  2.000000e-01
     vertex -7.843316e+00  5.021594e+00  2.000000e+00
     vertex -7.879810e+00  4.960690e+00  2.000000e-01
   endloop
 endfacet
 facet normal  8.005371e-01 -5.992832e-01 -1.204092e-04
   outer loop
     vertex -7.287021e+00  5.819633e+00  2.000000e-01
     vertex -7.282695e+00  5.825050e+00  2.000000e+00
     vertex -7.568504e+00  5.443259e+00  2.000000e+00
   endloop
 endfacet
 facet normal  8.018402e-01 -5.975384e-01  4.482054e-04
   outer loop
     vertex -7.287021e+00  5.819633e+00  2.000000e-01
     vertex -7.568504e+00  5.443259e+00  2.000000e+00
     vertex -7.583275e+00  5.422087e+00  2.000000e-01
   endloop
 endfacet
 facet normal  7.604577e-01 -6.493874e-01  0.000000e+00
   outer loop
     vertex -6.964844e+00  6.197266e+00  2.000000e-01
     vertex -6.964844e+00  6.197266e+00  2.000000e+00
     vertex -7.282695e+00  5.825050e+00  2.000000e+00
   endloop
 endfacet
 facet normal  7.607560e-01 -6.490380e-01  1.249275e-04
   outer loop
     vertex -6.964844e+00  6.197266e+00  2.000000e-01
     vertex -7.282695e+00  5.825050e+00  2.000000e+00
     vertex -7.287021e+00  5.819633e+00  2.000000e-01
   endloop
 endfacet
 facet normal -7.071067e-01  7.071068e-01  0.000000e+00
   outer loop
     vertex -8.858398e+00  2.454102e+00  2.000000e-01
     vertex -8.406250e+00  2.906250e+00  2.000000e+00
     vertex -8.406250e+00  2.906250e+00  2.000000e-01
   endloop
 endfacet
 facet normal -7.071067e-01  7.071068e-01  0.000000e+00
   outer loop
     vertex -8.858398e+00  2.454102e+00  2.000000e-01
     vertex -8.858398e+00  2.454102e+00  2.000000e+00
     vertex -8.406250e+00  2.906250e+00  2.000000e+00
   endloop
 endfacet
 facet normal -1.082055e-01  9.941286e-01  0.000000e+00
   outer loop
     vertex -8.307991e+00  2.960126e+00  2.000000e-01
     vertex -8.264648e+00  2.964844e+00  2.000000e+00
     vertex -8.264648e+00  2.964844e+00  2.000000e-01
   endloop
 endfacet
 facet normal -1.730623e-01  9.849096e-01  1.585844e-03
   outer loop
     vertex -8.307991e+00  2.960126e+00  2.000000e-01
     vertex -8.333140e+00  2.952809e+00  2.000000e+00
     vertex -8.264648e+00  2.964844e+00  2.000000e+00
   endloop
 endfacet
 facet normal -4.420303e-01  8.969999e-01  6.353988e-04
   outer loop
     vertex -8.349281e+00  2.946130e+00  2.000000e-01
     vertex -8.372247e+00  2.933537e+00  2.000000e+00
     vertex -8.333140e+00  2.952809e+00  2.000000e+00
   endloop
 endfacet
 facet normal -3.210326e-01  9.470679e-01 -6.353973e-04
   outer loop
     vertex -8.349281e+00  2.946130e+00  2.000000e-01
     vertex -8.333140e+00  2.952809e+00  2.000000e+00
     vertex -8.307991e+00  2.960126e+00  2.000000e-01
   endloop
 endfacet
 facet normal -6.258828e-01  7.799171e-01  0.000000e+00
   outer loop
     vertex -8.406250e+00  2.906250e+00  2.000000e-01
     vertex -8.406250e+00  2.906250e+00  2.000000e+00
     vertex -8.372247e+00  2.933537e+00  2.000000e+00
   endloop
 endfacet
 facet normal -5.734750e-01  8.192215e-01 -1.585847e-03
   outer loop
     vertex -8.406250e+00  2.906250e+00  2.000000e-01
     vertex -8.372247e+00  2.933537e+00  2.000000e+00
     vertex -8.349281e+00  2.946130e+00  2.000000e-01
   endloop
 endfacet
 facet normal  0.000000e+00  1.000000e+00 -0.000000e+00
   outer loop
     vertex -6.764649e+00  2.964844e+00  2.000000e-01
     vertex -8.264648e+00  2.964844e+00  2.000000e+00
     vertex -6.764649e+00  2.964844e+00  2.000000e+00
   endloop
 endfacet
 facet normal  0.000000e+00  1.000000e+00  0.000000e+00
   outer loop
     vertex -8.264648e+00  2.964844e+00  2.000000e-01
     vertex -8.264648e+00  2.964844e+00  2.000000e+00
     vertex -6.764649e+00  2.964844e+00  2.000000e-01
   endloop
 endfacet
 facet normal  9.858101e-01  1.678645e-01  0.000000e+00
   outer loop
     vertex -6.575784e+00  2.831189e+00  2.000000e-01
     vertex -6.564453e+00  2.764648e+00  2.000000e+00
     vertex -6.564453e+00  2.764648e+00  2.000000e-01
   endloop
 endfacet
 facet normal  9.752985e-01  2.208817e-01  2.026050e-03
   outer loop
     vertex -6.575784e+00  2.831189e+00  2.000000e-01
     vertex -6.584046e+00  2.851161e+00  2.000000e+00
     vertex -6.564453e+00  2.764648e+00  2.000000e+00
   endloop
 endfacet
 facet normal  7.838745e-01  6.209131e-01  2.763194e-03
   outer loop
     vertex -6.608602e+00  2.890172e+00  2.000000e-01
     vertex -6.639124e+00  2.920694e+00  2.000000e+00
     vertex -6.584046e+00  2.851161e+00  2.000000e+00
   endloop
 endfacet
 facet normal  8.738435e-01  4.862053e-01 -1.383621e-03
   outer loop
     vertex -6.608602e+00  2.890172e+00  2.000000e-01
     vertex -6.584046e+00  2.851161e+00  2.000000e+00
     vertex -6.575784e+00  2.831189e+00  2.000000e-01
   endloop
 endfacet
 facet normal  4.862106e-01  8.738406e-01  1.383649e-03
   outer loop
     vertex -6.678135e+00  2.945250e+00  2.000000e-01
     vertex -6.698107e+00  2.953513e+00  2.000000e+00
     vertex -6.639124e+00  2.920694e+00  2.000000e+00
   endloop
 endfacet
 facet normal  6.209178e-01  7.838708e-01 -2.763250e-03
   outer loop
     vertex -6.678135e+00  2.945250e+00  2.000000e-01
     vertex -6.639124e+00  2.920694e+00  2.000000e+00
     vertex -6.608602e+00  2.890172e+00  2.000000e-01
   endloop
 endfacet
 facet normal  1.678658e-01  9.858099e-01 -0.000000e+00
   outer loop
     vertex -6.764649e+00  2.964844e+00  2.000000e-01
     vertex -6.764649e+00  2.964844e+00  2.000000e+00
     vertex -6.698107e+00  2.953513e+00  2.000000e+00
   endloop
 endfacet
 facet normal  2.208830e-01  9.752982e-01 -2.026077e-03
   outer loop
     vertex -6.764649e+00  2.964844e+00  2.000000e-01
     vertex -6.698107e+00  2.953513e+00  2.000000e+00
     vertex -6.678135e+00  2.945250e+00  2.000000e-01
   endloop
 endfacet
 facet normal  1.000000e+00  0.000000e+00  0.000000e+00
   outer loop
     vertex -6.564453e+00  2.764648e+00  2.000000e-01
     vertex -6.564453e+00  1.764648e+00  2.000000e+00
     vertex -6.564453e+00  1.764648e+00  2.000000e-01
   endloop
 endfacet
 facet normal  1.000000e+00  0.000000e+00 -0.000000e+00
   outer loop
     vertex -6.564453e+00  2.764648e+00  2.000000e-01
     vertex -6.564453e+00  2.764648e+00  2.000000e+00
     vertex -6.564453e+00  1.764648e+00  2.000000e+00
   endloop
 endfacet
 facet normal  7.799161e-01 -6.258840e-01  0.000000e+00
   outer loop
     vertex -6.595760e+00  1.657050e+00  2.000000e-01
     vertex -6.623047e+00  1.623047e+00  2.000000e+00
     vertex -6.623047e+00  1.623047e+00  2.000000e-01
   endloop
 endfacet
 facet normal  8.192206e-01 -5.734763e-01  1.585847e-03
   outer loop
     vertex -6.595760e+00  1.657050e+00  2.000000e-01
     vertex -6.583167e+00  1.680016e+00  2.000000e+00
     vertex -6.623047e+00  1.623047e+00  2.000000e+00
   endloop
 endfacet
 facet normal  9.470675e-01 -3.210339e-01  6.354000e-04
   outer loop
     vertex -6.576488e+00  1.696157e+00  2.000000e-01
     vertex -6.569171e+00  1.721306e+00  2.000000e+00
     vertex -6.583167e+00  1.680016e+00  2.000000e+00
   endloop
 endfacet
 facet normal  8.969993e-01 -4.420315e-01 -6.353985e-04
   outer loop
     vertex -6.576488e+00  1.696157e+00  2.000000e-01
     vertex -6.583167e+00  1.680016e+00  2.000000e+00
     vertex -6.595760e+00  1.657050e+00  2.000000e-01
   endloop
 endfacet
 facet normal  9.941284e-01 -1.082065e-01  0.000000e+00
   outer loop
     vertex -6.564453e+00  1.764648e+00  2.000000e-01
     vertex -6.564453e+00  1.764648e+00  2.000000e+00
     vertex -6.569171e+00  1.721306e+00  2.000000e+00
   endloop
 endfacet
 facet normal  9.849094e-01 -1.730635e-01 -1.585850e-03
   outer loop
     vertex -6.564453e+00  1.764648e+00  2.000000e-01
     vertex -6.569171e+00  1.721306e+00  2.000000e+00
     vertex -6.576488e+00  1.696157e+00  2.000000e-01
   endloop
 endfacet
 facet normal  7.071070e-01 -7.071066e-01  0.000000e+00
   outer loop
     vertex -6.623047e+00  1.623047e+00  2.000000e-01
     vertex -7.064453e+00  1.181641e+00  2.000000e+00
     vertex -7.064453e+00  1.181641e+00  2.000000e-01
   endloop
 endfacet
 facet normal  7.071070e-01 -7.071066e-01  0.000000e+00
   outer loop
     vertex -6.623047e+00  1.623047e+00  2.000000e-01
     vertex -6.623047e+00  1.623047e+00  2.000000e+00
     vertex -7.064453e+00  1.181641e+00  2.000000e+00
   endloop
 endfacet
 facet normal  1.000000e+00  0.000000e+00  0.000000e+00
   outer loop
     vertex -7.064453e+00  1.181641e+00  2.000000e-01
     vertex -7.064453e+00  9.648438e-01  2.000000e+00
     vertex -7.064453e+00  9.648438e-01  2.000000e-01
   endloop
 endfacet
 facet normal  1.000000e+00  0.000000e+00 -0.000000e+00
   outer loop
     vertex -7.064453e+00  1.181641e+00  2.000000e-01
     vertex -7.064453e+00  1.181641e+00  2.000000e+00
     vertex -7.064453e+00  9.648438e-01  2.000000e+00
   endloop
 endfacet
 facet normal  0.000000e+00  1.000000e+00  0.000000e+00
   outer loop
     vertex -7.064453e+00  9.648438e-01  2.000000e-01
     vertex -5.964844e+00  9.648438e-01  2.000000e+00
     vertex -5.964844e+00  9.648438e-01  2.000000e-01
   endloop
 endfacet
 facet normal  0.000000e+00  1.000000e+00  0.000000e+00
   outer loop
     vertex -7.064453e+00  9.648438e-01  2.000000e-01
     vertex -7.064453e+00  9.648438e-01  2.000000e+00
     vertex -5.964844e+00  9.648438e-01  2.000000e+00
   endloop
 endfacet
 facet normal -1.000000e+00  0.000000e+00  0.000000e+00
   outer loop
     vertex -5.964844e+00  9.648438e-01  2.000000e-01
     vertex -5.964844e+00  1.181641e+00  2.000000e+00
     vertex -5.964844e+00  1.181641e+00  2.000000e-01
   endloop
 endfacet
 facet normal -1.000000e+00  0.000000e+00  0.000000e+00
   outer loop
     vertex -5.964844e+00  9.648438e-01  2.000000e-01
     vertex -5.964844e+00  9.648438e-01  2.000000e+00
     vertex -5.964844e+00  1.181641e+00  2.000000e+00
   endloop
 endfacet
 facet normal -7.071070e-01 -7.071066e-01  0.000000e+00
   outer loop
     vertex -5.964844e+00  1.181641e+00  2.000000e-01
     vertex -6.406250e+00  1.623047e+00  2.000000e+00
     vertex -6.406250e+00  1.623047e+00  2.000000e-01
   endloop
 endfacet
 facet normal -7.071070e-01 -7.071066e-01  0.000000e+00
   outer loop
     vertex -5.964844e+00  1.181641e+00  2.000000e-01
     vertex -5.964844e+00  1.181641e+00  2.000000e+00
     vertex -6.406250e+00  1.623047e+00  2.000000e+00
   endloop
 endfacet
 facet normal -9.941284e-01 -1.082066e-01  0.000000e+00
   outer loop
     vertex -6.460126e+00  1.721306e+00  2.000000e-01
     vertex -6.464844e+00  1.764648e+00  2.000000e+00
     vertex -6.464844e+00  1.764648e+00  2.000000e-01
   endloop
 endfacet
 facet normal -9.849094e-01 -1.730634e-01  1.585847e-03
   outer loop
     vertex -6.460126e+00  1.721306e+00  2.000000e-01
     vertex -6.452809e+00  1.696157e+00  2.000000e+00
     vertex -6.464844e+00  1.764648e+00  2.000000e+00
   endloop
 endfacet
 facet normal -8.969993e-01 -4.420316e-01  6.354000e-04
   outer loop
     vertex -6.446130e+00  1.680016e+00  2.000000e-01
     vertex -6.433537e+00  1.657050e+00  2.000000e+00
     vertex -6.452809e+00  1.696157e+00  2.000000e+00
   endloop
 endfacet
 facet normal -9.470675e-01 -3.210339e-01 -6.353985e-04
   outer loop
     vertex -6.446130e+00  1.680016e+00  2.000000e-01
     vertex -6.452809e+00  1.696157e+00  2.000000e+00
     vertex -6.460126e+00  1.721306e+00  2.000000e-01
   endloop
 endfacet
 facet normal -7.799161e-01 -6.258841e-01  0.000000e+00
   outer loop
     vertex -6.406250e+00  1.623047e+00  2.000000e-01
     vertex -6.406250e+00  1.623047e+00  2.000000e+00
     vertex -6.433537e+00  1.657050e+00  2.000000e+00
   endloop
 endfacet
 facet normal -8.192206e-01 -5.734763e-01 -1.585850e-03
   outer loop
     vertex -6.406250e+00  1.623047e+00  2.000000e-01
     vertex -6.433537e+00  1.657050e+00  2.000000e+00
     vertex -6.446130e+00  1.680016e+00  2.000000e-01
   endloop
 endfacet
 facet normal -1.000000e+00  0.000000e+00  0.000000e+00
   outer loop
     vertex -6.464844e+00  1.764648e+00  2.000000e-01
     vertex -6.464844e+00  2.764648e+00  2.000000e+00
     vertex -6.464844e+00  2.764648e+00  2.000000e-01
   endloop
 endfacet
 facet normal -1.000000e+00  0.000000e+00  0.000000e+00
   outer loop
     vertex -6.464844e+00  1.764648e+00  2.000000e-01
     vertex -6.464844e+00  1.764648e+00  2.000000e+00
     vertex -6.464844e+00  2.764648e+00  2.000000e+00
   endloop
 endfacet
 facet normal -1.678635e-01  9.858102e-01  0.000000e+00
   outer loop
     vertex -6.331189e+00  2.953513e+00  2.000000e-01
     vertex -6.264648e+00  2.964844e+00  2.000000e+00
     vertex -6.264648e+00  2.964844e+00  2.000000e-01
   endloop
 endfacet
 facet normal -2.208807e-01  9.752987e-01  2.026050e-03
   outer loop
     vertex -6.331189e+00  2.953513e+00  2.000000e-01
     vertex -6.351161e+00  2.945251e+00  2.000000e+00
     vertex -6.264648e+00  2.964844e+00  2.000000e+00
   endloop
 endfacet
 facet normal -6.209123e-01  7.838751e-01  2.763194e-03
   outer loop
     vertex -6.390172e+00  2.920695e+00  2.000000e-01
     vertex -6.420694e+00  2.890173e+00  2.000000e+00
     vertex -6.351161e+00  2.945251e+00  2.000000e+00
   endloop
 endfacet
 facet normal -4.862045e-01  8.738440e-01 -1.383621e-03
   outer loop
     vertex -6.390172e+00  2.920695e+00  2.000000e-01
     vertex -6.351161e+00  2.945251e+00  2.000000e+00
     vertex -6.331189e+00  2.953513e+00  2.000000e-01
   endloop
 endfacet
 facet normal -8.738401e-01  4.862115e-01  1.383649e-03
   outer loop
     vertex -6.445251e+00  2.851162e+00  2.000000e-01
     vertex -6.453513e+00  2.831190e+00  2.000000e+00
     vertex -6.420694e+00  2.890173e+00  2.000000e+00
   endloop
 endfacet
 facet normal -7.838702e-01  6.209186e-01 -2.763250e-03
   outer loop
     vertex -6.445251e+00  2.851162e+00  2.000000e-01
     vertex -6.420694e+00  2.890173e+00  2.000000e+00
     vertex -6.390172e+00  2.920695e+00  2.000000e-01
   endloop
 endfacet
 facet normal -9.858097e-01  1.678668e-01  0.000000e+00
   outer loop
     vertex -6.464844e+00  2.764648e+00  2.000000e-01
     vertex -6.464844e+00  2.764648e+00  2.000000e+00
     vertex -6.453513e+00  2.831190e+00  2.000000e+00
   endloop
 endfacet
 facet normal -9.752980e-01  2.208839e-01 -2.026077e-03
   outer loop
     vertex -6.464844e+00  2.764648e+00  2.000000e-01
     vertex -6.453513e+00  2.831190e+00  2.000000e+00
     vertex -6.445251e+00  2.851162e+00  2.000000e-01
   endloop
 endfacet
 facet normal  0.000000e+00  1.000000e+00  0.000000e+00
   outer loop
     vertex -6.264648e+00  2.964844e+00  2.000000e-01
     vertex -4.764648e+00  2.964844e+00  2.000000e+00
     vertex -4.764648e+00  2.964844e+00  2.000000e-01
   endloop
 endfacet
 facet normal  0.000000e+00  1.000000e+00  0.000000e+00
   outer loop
     vertex -6.264648e+00  2.964844e+00  2.000000e-01
     vertex -6.264648e+00  2.964844e+00  2.000000e+00
     vertex -4.764648e+00  2.964844e+00  2.000000e+00
   endloop
 endfacet
 facet normal  6.258827e-01  7.799172e-01  0.000000e+00
   outer loop
     vertex -4.657050e+00  2.933537e+00  2.000000e-01
     vertex -4.623047e+00  2.906250e+00  2.000000e+00
     vertex -4.623047e+00  2.906250e+00  2.000000e-01
   endloop
 endfacet
 facet normal  5.734750e-01  8.192215e-01  1.585845e-03
   outer loop
     vertex -4.657050e+00  2.933537e+00  2.000000e-01
     vertex -4.680016e+00  2.946130e+00  2.000000e+00
     vertex -4.623047e+00  2.906250e+00  2.000000e+00
   endloop
 endfacet
 facet normal  3.210325e-01  9.470680e-01  6.353992e-04
   outer loop
     vertex -4.696157e+00  2.952809e+00  2.000000e-01
     vertex -4.721306e+00  2.960126e+00  2.000000e+00
     vertex -4.680016e+00  2.946130e+00  2.000000e+00
   endloop
 endfacet
 facet normal  4.420301e-01  8.970000e-01 -6.353977e-04
   outer loop
     vertex -4.696157e+00  2.952809e+00  2.000000e-01
     vertex -4.680016e+00  2.946130e+00  2.000000e+00
     vertex -4.657050e+00  2.933537e+00  2.000000e-01
   endloop
 endfacet
 facet normal  1.082052e-01  9.941286e-01 -0.000000e+00
   outer loop
     vertex -4.764648e+00  2.964844e+00  2.000000e-01
     vertex -4.764648e+00  2.964844e+00  2.000000e+00
     vertex -4.721306e+00  2.960126e+00  2.000000e+00
   endloop
 endfacet
 facet normal  1.730622e-01  9.849096e-01 -1.585848e-03
   outer loop
     vertex -4.764648e+00  2.964844e+00  2.000000e-01
     vertex -4.721306e+00  2.960126e+00  2.000000e+00
     vertex -4.696157e+00  2.952809e+00  2.000000e-01
   endloop
 endfacet
 facet normal  7.071068e-01  7.071068e-01 -0.000000e+00
   outer loop
     vertex -3.623047e+00  1.906250e+00  2.000000e-01
     vertex -4.623047e+00  2.906250e+00  2.000000e+00
     vertex -3.623047e+00  1.906250e+00  2.000000e+00
   endloop
 endfacet
 facet normal  7.071068e-01  7.071068e-01 -0.000000e+00
   outer loop
     vertex -4.623047e+00  2.906250e+00  2.000000e-01
     vertex -4.623047e+00  2.906250e+00  2.000000e+00
     vertex -3.623047e+00  1.906250e+00  2.000000e-01
   endloop
 endfacet
 facet normal  9.941286e-01  1.082053e-01  0.000000e+00
   outer loop
     vertex -3.569171e+00  1.807991e+00  2.000000e-01
     vertex -3.564453e+00  1.764648e+00  2.000000e+00
     vertex -3.564453e+00  1.764648e+00  2.000000e-01
   endloop
 endfacet
 facet normal  9.849096e-01  1.730621e-01  1.585845e-03
   outer loop
     vertex -3.569171e+00  1.807991e+00  2.000000e-01
     vertex -3.576488e+00  1.833140e+00  2.000000e+00
     vertex -3.564453e+00  1.764648e+00  2.000000e+00
   endloop
 endfacet
 facet normal  8.970000e-01  4.420302e-01  6.353992e-04
   outer loop
     vertex -3.583167e+00  1.849281e+00  2.000000e-01
     vertex -3.595760e+00  1.872247e+00  2.000000e+00
     vertex -3.576488e+00  1.833140e+00  2.000000e+00
   endloop
 endfacet
 facet normal  9.470680e-01  3.210325e-01 -6.353977e-04
   outer loop
     vertex -3.583167e+00  1.849281e+00  2.000000e-01
     vertex -3.576488e+00  1.833140e+00  2.000000e+00
     vertex -3.569171e+00  1.807991e+00  2.000000e-01
   endloop
 endfacet
 facet normal  7.799171e-01  6.258828e-01 -0.000000e+00
   outer loop
     vertex -3.623047e+00  1.906250e+00  2.000000e-01
     vertex -3.623047e+00  1.906250e+00  2.000000e+00
     vertex -3.595760e+00  1.872247e+00  2.000000e+00
   endloop
 endfacet
 facet normal  8.192216e-01  5.734749e-01 -1.585848e-03
   outer loop
     vertex -3.623047e+00  1.906250e+00  2.000000e-01
     vertex -3.595760e+00  1.872247e+00  2.000000e+00
     vertex -3.583167e+00  1.849281e+00  2.000000e-01
   endloop
 endfacet
 facet normal  1.000000e+00  0.000000e+00  0.000000e+00
   outer loop
     vertex -3.564453e+00  1.764648e+00  2.000000e-01
     vertex -3.564453e+00 -1.735352e+00  2.000000e+00
     vertex -3.564453e+00 -1.735352e+00  2.000000e-01
   endloop
 endfacet
 facet normal  1.000000e+00  0.000000e+00 -0.000000e+00
   outer loop
     vertex -3.564453e+00  1.764648e+00  2.000000e-01
     vertex -3.564453e+00  1.764648e+00  2.000000e+00
     vertex -3.564453e+00 -1.735352e+00  2.000000e+00
   endloop
 endfacet
 facet normal  7.799172e-01 -6.258827e-01  0.000000e+00
   outer loop
     vertex -3.595760e+00 -1.842950e+00  2.000000e-01
     vertex -3.623047e+00 -1.876953e+00  2.000000e+00
     vertex -3.623047e+00 -1.876953e+00  2.000000e-01
   endloop
 endfacet
 facet normal  8.192216e-01 -5.734749e-01  1.585846e-03
   outer loop
     vertex -3.595760e+00 -1.842950e+00  2.000000e-01
     vertex -3.583167e+00 -1.819984e+00  2.000000e+00
     vertex -3.623047e+00 -1.876953e+00  2.000000e+00
   endloop
 endfacet
 facet normal  9.470680e-01 -3.210323e-01  6.353996e-04
   outer loop
     vertex -3.576488e+00 -1.803843e+00  2.000000e-01
     vertex -3.569171e+00 -1.778694e+00  2.000000e+00
     vertex -3.583167e+00 -1.819984e+00  2.000000e+00
   endloop
 endfacet
 facet normal  8.970000e-01 -4.420301e-01 -6.353981e-04
   outer loop
     vertex -3.576488e+00 -1.803843e+00  2.000000e-01
     vertex -3.583167e+00 -1.819984e+00  2.000000e+00
     vertex -3.595760e+00 -1.842950e+00  2.000000e-01
   endloop
 endfacet
 facet normal  9.941286e-01 -1.082049e-01  0.000000e+00
   outer loop
     vertex -3.564453e+00 -1.735352e+00  2.000000e-01
     vertex -3.564453e+00 -1.735352e+00  2.000000e+00
     vertex -3.569171e+00 -1.778694e+00  2.000000e+00
   endloop
 endfacet
 facet normal  9.849097e-01 -1.730620e-01 -1.585849e-03
   outer loop
     vertex -3.564453e+00 -1.735352e+00  2.000000e-01
     vertex -3.569171e+00 -1.778694e+00  2.000000e+00
     vertex -3.576488e+00 -1.803843e+00  2.000000e-01
   endloop
 endfacet
 facet normal  7.071067e-01 -7.071068e-01  0.000000e+00
   outer loop
     vertex -3.623047e+00 -1.876953e+00  2.000000e-01
     vertex -4.623047e+00 -2.876953e+00  2.000000e+00
     vertex -4.623047e+00 -2.876953e+00  2.000000e-01
   endloop
 endfacet
 facet normal  7.071067e-01 -7.071068e-01  0.000000e+00
   outer loop
     vertex -3.623047e+00 -1.876953e+00  2.000000e-01
     vertex -3.623047e+00 -1.876953e+00  2.000000e+00
     vertex -4.623047e+00 -2.876953e+00  2.000000e+00
   endloop
 endfacet
 facet normal  1.082053e-01 -9.941286e-01  0.000000e+00
   outer loop
     vertex -4.721306e+00 -2.930829e+00  2.000000e-01
     vertex -4.764648e+00 -2.935547e+00  2.000000e+00
     vertex -4.764648e+00 -2.935547e+00  2.000000e-01
   endloop
 endfacet
 facet normal  1.730621e-01 -9.849096e-01  1.585845e-03
   outer loop
     vertex -4.721306e+00 -2.930829e+00  2.000000e-01
     vertex -4.696157e+00 -2.923512e+00  2.000000e+00
     vertex -4.764648e+00 -2.935547e+00  2.000000e+00
   endloop
 endfacet
 facet normal  4.420302e-01 -8.970000e-01  6.353992e-04
   outer loop
     vertex -4.680016e+00 -2.916833e+00  2.000000e-01
     vertex -4.657050e+00 -2.904240e+00  2.000000e+00
     vertex -4.696157e+00 -2.923512e+00  2.000000e+00
   endloop
 endfacet
 facet normal  3.210325e-01 -9.470680e-01 -6.353977e-04
   outer loop
     vertex -4.680016e+00 -2.916833e+00  2.000000e-01
     vertex -4.696157e+00 -2.923512e+00  2.000000e+00
     vertex -4.721306e+00 -2.930829e+00  2.000000e-01
   endloop
 endfacet
 facet normal  6.258828e-01 -7.799171e-01  0.000000e+00
   outer loop
     vertex -4.623047e+00 -2.876953e+00  2.000000e-01
     vertex -4.623047e+00 -2.876953e+00  2.000000e+00
     vertex -4.657050e+00 -2.904240e+00  2.000000e+00
   endloop
 endfacet
 facet normal  5.734749e-01 -8.192216e-01 -1.585848e-03
   outer loop
     vertex -4.623047e+00 -2.876953e+00  2.000000e-01
     vertex -4.657050e+00 -2.904240e+00  2.000000e+00
     vertex -4.680016e+00 -2.916833e+00  2.000000e-01
   endloop
 endfacet
 facet normal  0.000000e+00 -1.000000e+00  0.000000e+00
   outer loop
     vertex -4.764648e+00 -2.935547e+00  2.000000e-01
     vertex -8.264648e+00 -2.935547e+00  2.000000e+00
     vertex -8.264648e+00 -2.935547e+00  2.000000e-01
   endloop
 endfacet
 facet normal  0.000000e+00 -1.000000e+00  0.000000e+00
   outer loop
     vertex -4.764648e+00 -2.935547e+00  2.000000e-01
     vertex -4.764648e+00 -2.935547e+00  2.000000e+00
     vertex -8.264648e+00 -2.935547e+00  2.000000e+00
   endloop
 endfacet
 facet normal -6.258827e-01 -7.799172e-01  0.000000e+00
   outer loop
     vertex -8.372247e+00 -2.904240e+00  2.000000e-01
     vertex -8.406250e+00 -2.876953e+00  2.000000e+00
     vertex -8.406250e+00 -2.876953e+00  2.000000e-01
   endloop
 endfacet
 facet normal -5.734750e-01 -8.192215e-01  1.585844e-03
   outer loop
     vertex -8.372247e+00 -2.904240e+00  2.000000e-01
     vertex -8.349281e+00 -2.916833e+00  2.000000e+00
     vertex -8.406250e+00 -2.876953e+00  2.000000e+00
   endloop
 endfacet
 facet normal -3.210326e-01 -9.470679e-01  6.353988e-04
   outer loop
     vertex -8.333140e+00 -2.923512e+00  2.000000e-01
     vertex -8.307991e+00 -2.930829e+00  2.000000e+00
     vertex -8.349281e+00 -2.916833e+00  2.000000e+00
   endloop
 endfacet
 facet normal -4.420302e-01 -8.969999e-01 -6.353973e-04
   outer loop
     vertex -8.333140e+00 -2.923512e+00  2.000000e-01
     vertex -8.349281e+00 -2.916833e+00  2.000000e+00
     vertex -8.372247e+00 -2.904240e+00  2.000000e-01
   endloop
 endfacet
 facet normal -1.082054e-01 -9.941286e-01  0.000000e+00
   outer loop
     vertex -8.264648e+00 -2.935547e+00  2.000000e-01
     vertex -8.264648e+00 -2.935547e+00  2.000000e+00
     vertex -8.307991e+00 -2.930829e+00  2.000000e+00
   endloop
 endfacet
 facet normal -1.730624e-01 -9.849096e-01 -1.585847e-03
   outer loop
     vertex -8.264648e+00 -2.935547e+00  2.000000e-01
     vertex -8.307991e+00 -2.930829e+00  2.000000e+00
     vertex -8.333140e+00 -2.923512e+00  2.000000e-01
   endloop
 endfacet
 facet normal -7.071066e-01 -7.071069e-01  0.000000e+00
   outer loop
     vertex -8.406250e+00 -2.876953e+00  2.000000e-01
     vertex -8.840820e+00 -2.442383e+00  2.000000e+00
     vertex -8.840820e+00 -2.442383e+00  2.000000e-01
   endloop
 endfacet
 facet normal -7.071066e-01 -7.071069e-01  0.000000e+00
   outer loop
     vertex -8.406250e+00 -2.876953e+00  2.000000e-01
     vertex -8.406250e+00 -2.876953e+00  2.000000e+00
     vertex -8.840820e+00 -2.442383e+00  2.000000e+00
   endloop
 endfacet
 facet normal  2.448840e-01  9.695524e-01  0.000000e+00
   outer loop
     vertex -2.746642e+00 -8.795358e+00  2.000000e-01
     vertex -2.400391e+00 -8.882812e+00  2.000000e+00
     vertex -2.400391e+00 -8.882812e+00  2.000000e-01
   endloop
 endfacet
 facet normal  2.567966e-01  9.664624e-01 -2.441651e-03
   outer loop
     vertex -2.746642e+00 -8.795358e+00  2.000000e-01
     vertex -2.923492e+00 -8.743820e+00  2.000000e+00
     vertex -2.400391e+00 -8.882812e+00  2.000000e+00
   endloop
 endfacet
 facet normal  3.249379e-01  9.457326e-01 -2.284654e-03
   outer loop
     vertex -3.088321e+00 -8.691536e+00  2.000000e-01
     vertex -3.431687e+00 -8.569213e+00  2.000000e+00
     vertex -2.923492e+00 -8.743820e+00  2.000000e+00
   endloop
 endfacet
 facet normal  2.907327e-01  9.568036e-01  1.169145e-03
   outer loop
     vertex -3.088321e+00 -8.691536e+00  2.000000e-01
     vertex -2.923492e+00 -8.743820e+00  2.000000e+00
     vertex -2.746642e+00 -8.795358e+00  2.000000e-01
   endloop
 endfacet
 facet normal  3.904430e-01  9.206248e-01 -2.052069e-03
   outer loop
     vertex -3.562041e+00 -8.517941e+00  2.000000e-01
     vertex -3.944309e+00 -8.351807e+00  2.000000e+00
     vertex -3.431687e+00 -8.569213e+00  2.000000e+00
   endloop
 endfacet
 facet normal  3.440753e-01  9.389403e-01  1.827552e-03
   outer loop
     vertex -3.562041e+00 -8.517941e+00  2.000000e-01
     vertex -3.431687e+00 -8.569213e+00  2.000000e+00
     vertex -3.088321e+00 -8.691536e+00  2.000000e-01
   endloop
 endfacet
 facet normal  4.535707e-01  8.912190e-01 -1.533374e-03
   outer loop
     vertex -4.030985e+00 -8.310792e+00  2.000000e-01
     vertex -4.449384e+00 -8.094757e+00  2.000000e+00
     vertex -3.944309e+00 -8.351807e+00  2.000000e+00
   endloop
 endfacet
 facet normal  4.040688e-01  9.147276e-01  1.385951e-03
   outer loop
     vertex -4.030985e+00 -8.310792e+00  2.000000e-01
     vertex -3.944309e+00 -8.351807e+00  2.000000e+00
     vertex -3.562041e+00 -8.517941e+00  2.000000e-01
   endloop
 endfacet
 facet normal  5.134151e-01  8.581400e-01 -8.723834e-04
   outer loop
     vertex -4.493542e+00 -8.070168e+00  2.000000e-01
     vertex -4.944813e+00 -7.798348e+00  2.000000e+00
     vertex -4.449384e+00 -8.094757e+00  2.000000e+00
   endloop
 endfacet
 facet normal  4.614939e-01  8.871430e-01  7.975403e-04
   outer loop
     vertex -4.493542e+00 -8.070168e+00  2.000000e-01
     vertex -4.449384e+00 -8.094757e+00  2.000000e+00
     vertex -4.030985e+00 -8.310792e+00  2.000000e-01
   endloop
 endfacet
 facet normal  5.161433e-01  8.565022e-01  5.891242e-05
   outer loop
     vertex -4.947717e+00 -7.796475e+00  2.000000e-01
     vertex -4.944813e+00 -7.798348e+00  2.000000e+00
     vertex -4.493542e+00 -8.070168e+00  2.000000e-01
   endloop
 endfacet
 facet normal  5.698491e-01  8.217490e-01 -7.777677e-04
   outer loop
     vertex -5.391169e+00 -7.490523e+00  2.000000e-01
     vertex -5.428018e+00 -7.463265e+00  2.000000e+00
     vertex -4.944813e+00 -7.798348e+00  2.000000e+00
   endloop
 endfacet
 facet normal  5.678877e-01  8.231060e-01 -5.931618e-05
   outer loop
     vertex -5.391169e+00 -7.490523e+00  2.000000e-01
     vertex -4.944813e+00 -7.798348e+00  2.000000e+00
     vertex -4.947717e+00 -7.796475e+00  2.000000e-01
   endloop
 endfacet
 facet normal  6.228399e-01  7.823479e-01 -1.481626e-03
   outer loop
     vertex -5.821299e+00 -7.153577e+00  2.000000e-01
     vertex -5.895939e+00 -7.090746e+00  2.000000e+00
     vertex -5.428018e+00 -7.463265e+00  2.000000e+00
   endloop
 endfacet
 facet normal  6.166734e-01  7.872188e-01  7.037133e-04
   outer loop
     vertex -5.821299e+00 -7.153577e+00  2.000000e-01
     vertex -5.428018e+00 -7.463265e+00  2.000000e+00
     vertex -5.391169e+00 -7.490523e+00  2.000000e-01
   endloop
 endfacet
 facet normal  6.724280e-01  7.401597e-01 -2.042901e-03
   outer loop
     vertex -6.235224e+00 -6.787477e+00  2.000000e-01
     vertex -6.345054e+00 -6.682729e+00  2.000000e+00
     vertex -5.895939e+00 -7.090746e+00  2.000000e+00
   endloop
 endfacet
 facet normal  6.625080e-01  7.490537e-01  1.325444e-03
   outer loop
     vertex -6.235224e+00 -6.787477e+00  2.000000e-01
     vertex -5.895939e+00 -7.090746e+00  2.000000e+00
     vertex -5.821299e+00 -7.153577e+00  2.000000e-01
   endloop
 endfacet
 facet normal  7.187038e-01  6.953121e-01 -2.452536e-03
   outer loop
     vertex -6.629848e+00 -6.394703e+00  2.000000e-01
     vertex -6.771456e+00 -6.241982e+00  2.000000e+00
     vertex -6.345054e+00 -6.682729e+00  2.000000e+00
   endloop
 endfacet
 facet normal  7.054420e-01  7.087654e-01  1.798447e-03
   outer loop
     vertex -6.629848e+00 -6.394703e+00  2.000000e-01
     vertex -6.345054e+00 -6.682729e+00  2.000000e+00
     vertex -6.235224e+00 -6.787477e+00  2.000000e-01
   endloop
 endfacet
 facet normal  7.617813e-01  6.478287e-01 -2.694979e-03
   outer loop
     vertex -7.001973e+00 -5.978406e+00  2.000000e-01
     vertex -7.170966e+00 -5.772199e+00  2.000000e+00
     vertex -6.771456e+00 -6.241982e+00  2.000000e+00
   endloop
 endfacet
 facet normal  7.455528e-01  6.664433e-01  2.109071e-03
   outer loop
     vertex -7.001973e+00 -5.978406e+00  2.000000e-01
     vertex -6.771456e+00 -6.241982e+00  2.000000e+00
     vertex -6.629848e+00 -6.394703e+00  2.000000e-01
   endloop
 endfacet
 facet normal  8.017719e-01  5.976240e-01 -2.701958e-03
   outer loop
     vertex -7.385206e+00 -5.492912e+00  2.000000e-01
     vertex -7.539312e+00 -5.278026e+00  2.000000e+00
     vertex -7.170966e+00 -5.772199e+00  2.000000e+00
   endloop
 endfacet
 facet normal  7.849199e-01  6.195914e-01  2.712245e-03
   outer loop
     vertex -7.385206e+00 -5.492912e+00  2.000000e-01
     vertex -7.170966e+00 -5.772199e+00  2.000000e+00
     vertex -7.001973e+00 -5.978406e+00  2.000000e-01
   endloop
 endfacet
 facet normal  8.387548e-01  5.445025e-01 -2.719571e-03
   outer loop
     vertex -7.732730e+00 -4.989074e+00  2.000000e-01
     vertex -7.872353e+00 -4.765008e+00  2.000000e+00
     vertex -7.539312e+00 -5.278026e+00  2.000000e+00
   endloop
 endfacet
 facet normal  8.231723e-01  5.677853e-01  2.692401e-03
   outer loop
     vertex -7.732730e+00 -4.989074e+00  2.000000e-01
     vertex -7.539312e+00 -5.278026e+00  2.000000e+00
     vertex -7.385206e+00 -5.492912e+00  2.000000e-01
   endloop
 endfacet
 facet normal  8.711231e-01  4.910602e-01 -2.125249e-03
   outer loop
     vertex -8.041166e+00 -4.473330e+00  2.000000e-01
     vertex -8.138772e+00 -4.292390e+00  2.000000e+00
     vertex -7.872353e+00 -4.765008e+00  2.000000e+00
   endloop
 endfacet
 facet normal  8.582309e-01  5.132568e-01  2.680657e-03
   outer loop
     vertex -8.041166e+00 -4.473330e+00  2.000000e-01
     vertex -7.872353e+00 -4.765008e+00  2.000000e+00
     vertex -7.732730e+00 -4.989074e+00  2.000000e-01
   endloop
 endfacet
 facet normal  8.992346e-01  4.374627e-01 -1.853362e-03
   outer loop
     vertex -8.307899e+00 -3.952364e+00  2.000000e-01
     vertex -8.371206e+00 -3.814605e+00  2.000000e+00
     vertex -8.138772e+00 -4.292390e+00  2.000000e+00
   endloop
 endfacet
 facet normal  8.901122e-01  4.557348e-01  2.455440e-03
   outer loop
     vertex -8.307899e+00 -3.952364e+00  2.000000e-01
     vertex -8.138772e+00 -4.292390e+00  2.000000e+00
     vertex -8.041166e+00 -4.473330e+00  2.000000e-01
   endloop
 endfacet
 facet normal  9.247207e-01  3.806435e-01 -1.458221e-03
   outer loop
     vertex -8.531261e+00 -3.432669e+00  2.000000e-01
     vertex -8.567944e+00 -3.336658e+00  2.000000e+00
     vertex -8.371206e+00 -3.814605e+00  2.000000e+00
   endloop
 endfacet
 facet normal  9.187353e-01  3.948685e-01  2.092341e-03
   outer loop
     vertex -8.531261e+00 -3.432669e+00  2.000000e-01
     vertex -8.371206e+00 -3.814605e+00  2.000000e+00
     vertex -8.307899e+00 -3.952364e+00  2.000000e-01
   endloop
 endfacet
 facet normal  9.433761e-01  3.317216e-01  1.531424e-03
   outer loop
     vertex -8.703488e+00 -2.942878e+00  2.000000e-01
     vertex -8.567944e+00 -3.336658e+00  2.000000e+00
     vertex -8.531261e+00 -3.432669e+00  2.000000e-01
   endloop
 endfacet
 facet normal  9.467704e-01  3.219084e-01 -8.709995e-04
   outer loop
     vertex -8.703488e+00 -2.942878e+00  2.000000e-01
     vertex -8.720269e+00 -2.888653e+00  2.000000e+00
     vertex -8.567944e+00 -3.336658e+00  2.000000e+00
   endloop
 endfacet
 facet normal  9.643543e-01  2.646124e-01  1.018955e-03
   outer loop
     vertex -8.840820e+00 -2.442383e+00  2.000000e-01
     vertex -8.720269e+00 -2.888653e+00  2.000000e+00
     vertex -8.703488e+00 -2.942878e+00  2.000000e-01
   endloop
 endfacet
 facet normal  9.653971e-01  2.607842e-01 -0.000000e+00
   outer loop
     vertex -8.840820e+00 -2.442383e+00  2.000000e-01
     vertex -8.840820e+00 -2.442383e+00  2.000000e+00
     vertex -8.720269e+00 -2.888653e+00  2.000000e+00
   endloop
 endfacet
 facet normal -7.071069e-01 -7.071067e-01  0.000000e+00
   outer loop
     vertex -2.400391e+00 -8.882812e+00  2.000000e-01
     vertex -2.906250e+00 -8.376953e+00  2.000000e+00
     vertex -2.906250e+00 -8.376953e+00  2.000000e-01
   endloop
 endfacet
 facet normal -7.071069e-01 -7.071067e-01  0.000000e+00
   outer loop
     vertex -2.400391e+00 -8.882812e+00  2.000000e-01
     vertex -2.400391e+00 -8.882812e+00  2.000000e+00
     vertex -2.906250e+00 -8.376953e+00  2.000000e+00
   endloop
 endfacet
 facet normal -9.941286e-01 -1.082055e-01  0.000000e+00
   outer loop
     vertex -2.960126e+00 -8.278694e+00  2.000000e-01
     vertex -2.964844e+00 -8.235352e+00  2.000000e+00
     vertex -2.964844e+00 -8.235352e+00  2.000000e-01
   endloop
 endfacet
 facet normal -9.849096e-01 -1.730623e-01  1.585844e-03
   outer loop
     vertex -2.960126e+00 -8.278694e+00  2.000000e-01
     vertex -2.952809e+00 -8.303843e+00  2.000000e+00
     vertex -2.964844e+00 -8.235352e+00  2.000000e+00
   endloop
 endfacet
 facet normal -8.969999e-01 -4.420303e-01  6.353988e-04
   outer loop
     vertex -2.946130e+00 -8.319984e+00  2.000000e-01
     vertex -2.933537e+00 -8.342950e+00  2.000000e+00
     vertex -2.952809e+00 -8.303843e+00  2.000000e+00
   endloop
 endfacet
 facet normal -9.470679e-01 -3.210326e-01 -6.353973e-04
   outer loop
     vertex -2.946130e+00 -8.319984e+00  2.000000e-01
     vertex -2.952809e+00 -8.303843e+00  2.000000e+00
     vertex -2.960126e+00 -8.278694e+00  2.000000e-01
   endloop
 endfacet
 facet normal -7.799171e-01 -6.258828e-01  0.000000e+00
   outer loop
     vertex -2.906250e+00 -8.376953e+00  2.000000e-01
     vertex -2.906250e+00 -8.376953e+00  2.000000e+00
     vertex -2.933537e+00 -8.342950e+00  2.000000e+00
   endloop
 endfacet
 facet normal -8.192215e-01 -5.734750e-01 -1.585847e-03
   outer loop
     vertex -2.906250e+00 -8.376953e+00  2.000000e-01
     vertex -2.933537e+00 -8.342950e+00  2.000000e+00
     vertex -2.946130e+00 -8.319984e+00  2.000000e-01
   endloop
 endfacet
 facet normal -1.000000e+00  0.000000e+00  0.000000e+00
   outer loop
     vertex -2.964844e+00 -8.235352e+00  2.000000e-01
     vertex -2.964844e+00 -4.735352e+00  2.000000e+00
     vertex -2.964844e+00 -4.735352e+00  2.000000e-01
   endloop
 endfacet
 facet normal -1.000000e+00  0.000000e+00  0.000000e+00
   outer loop
     vertex -2.964844e+00 -8.235352e+00  2.000000e-01
     vertex -2.964844e+00 -8.235352e+00  2.000000e+00
     vertex -2.964844e+00 -4.735352e+00  2.000000e+00
   endloop
 endfacet
 facet normal -7.799172e-01  6.258827e-01  0.000000e+00
   outer loop
     vertex -2.933537e+00 -4.627753e+00  2.000000e-01
     vertex -2.906250e+00 -4.593750e+00  2.000000e+00
     vertex -2.906250e+00 -4.593750e+00  2.000000e-01
   endloop
 endfacet
 facet normal -8.192215e-01  5.734750e-01  1.585845e-03
   outer loop
     vertex -2.933537e+00 -4.627753e+00  2.000000e-01
     vertex -2.946130e+00 -4.650719e+00  2.000000e+00
     vertex -2.906250e+00 -4.593750e+00  2.000000e+00
   endloop
 endfacet
 facet normal -9.470680e-01  3.210325e-01  6.353992e-04
   outer loop
     vertex -2.952809e+00 -4.666860e+00  2.000000e-01
     vertex -2.960126e+00 -4.692010e+00  2.000000e+00
     vertex -2.946130e+00 -4.650719e+00  2.000000e+00
   endloop
 endfacet
 facet normal -8.970000e-01  4.420301e-01 -6.353977e-04
   outer loop
     vertex -2.952809e+00 -4.666860e+00  2.000000e-01
     vertex -2.946130e+00 -4.650719e+00  2.000000e+00
     vertex -2.933537e+00 -4.627753e+00  2.000000e-01
   endloop
 endfacet
 facet normal -9.941286e-01  1.082052e-01  0.000000e+00
   outer loop
     vertex -2.964844e+00 -4.735352e+00  2.000000e-01
     vertex -2.964844e+00 -4.735352e+00  2.000000e+00
     vertex -2.960126e+00 -4.692010e+00  2.000000e+00
   endloop
 endfacet
 facet normal -9.849096e-01  1.730622e-01 -1.585848e-03
   outer loop
     vertex -2.964844e+00 -4.735352e+00  2.000000e-01
     vertex -2.960126e+00 -4.692010e+00  2.000000e+00
     vertex -2.952809e+00 -4.666860e+00  2.000000e-01
   endloop
 endfacet
 facet normal -7.071068e-01  7.071068e-01  0.000000e+00
   outer loop
     vertex -2.906250e+00 -4.593750e+00  2.000000e-01
     vertex -1.906250e+00 -3.593750e+00  2.000000e+00
     vertex -1.906250e+00 -3.593750e+00  2.000000e-01
   endloop
 endfacet
 facet normal -7.071068e-01  7.071068e-01  0.000000e+00
   outer loop
     vertex -2.906250e+00 -4.593750e+00  2.000000e-01
     vertex -2.906250e+00 -4.593750e+00  2.000000e+00
     vertex -1.906250e+00 -3.593750e+00  2.000000e+00
   endloop
 endfacet
 facet normal -1.082053e-01  9.941286e-01  0.000000e+00
   outer loop
     vertex -1.807991e+00 -3.539874e+00  2.000000e-01
     vertex -1.764648e+00 -3.535156e+00  2.000000e+00
     vertex -1.764648e+00 -3.535156e+00  2.000000e-01
   endloop
 endfacet
 facet normal -1.730621e-01  9.849096e-01  1.585845e-03
   outer loop
     vertex -1.807991e+00 -3.539874e+00  2.000000e-01
     vertex -1.833140e+00 -3.547191e+00  2.000000e+00
     vertex -1.764648e+00 -3.535156e+00  2.000000e+00
   endloop
 endfacet
 facet normal -4.420302e-01  8.970000e-01  6.353992e-04
   outer loop
     vertex -1.849281e+00 -3.553870e+00  2.000000e-01
     vertex -1.872247e+00 -3.566463e+00  2.000000e+00
     vertex -1.833140e+00 -3.547191e+00  2.000000e+00
   endloop
 endfacet
 facet normal -3.210325e-01  9.470680e-01 -6.353977e-04
   outer loop
     vertex -1.849281e+00 -3.553870e+00  2.000000e-01
     vertex -1.833140e+00 -3.547191e+00  2.000000e+00
     vertex -1.807991e+00 -3.539874e+00  2.000000e-01
   endloop
 endfacet
 facet normal -6.258828e-01  7.799171e-01  0.000000e+00
   outer loop
     vertex -1.906250e+00 -3.593750e+00  2.000000e-01
     vertex -1.906250e+00 -3.593750e+00  2.000000e+00
     vertex -1.872247e+00 -3.566463e+00  2.000000e+00
   endloop
 endfacet
 facet normal -5.734749e-01  8.192216e-01 -1.585848e-03
   outer loop
     vertex -1.906250e+00 -3.593750e+00  2.000000e-01
     vertex -1.872247e+00 -3.566463e+00  2.000000e+00
     vertex -1.849281e+00 -3.553870e+00  2.000000e-01
   endloop
 endfacet
 facet normal  0.000000e+00  1.000000e+00  0.000000e+00
   outer loop
     vertex -1.764648e+00 -3.535156e+00  2.000000e-01
     vertex  1.735352e+00 -3.535156e+00  2.000000e+00
     vertex  1.735352e+00 -3.535156e+00  2.000000e-01
   endloop
 endfacet
 facet normal  0.000000e+00  1.000000e+00  0.000000e+00
   outer loop
     vertex -1.764648e+00 -3.535156e+00  2.000000e-01
     vertex -1.764648e+00 -3.535156e+00  2.000000e+00
     vertex  1.735352e+00 -3.535156e+00  2.000000e+00
   endloop
 endfacet
 facet normal  6.258827e-01  7.799172e-01  0.000000e+00
   outer loop
     vertex  1.842950e+00 -3.566463e+00  2.000000e-01
     vertex  1.876953e+00 -3.593750e+00  2.000000e+00
     vertex  1.876953e+00 -3.593750e+00  2.000000e-01
   endloop
 endfacet
 facet normal  5.734749e-01  8.192216e-01  1.585846e-03
   outer loop
     vertex  1.842950e+00 -3.566463e+00  2.000000e-01
     vertex  1.819984e+00 -3.553870e+00  2.000000e+00
     vertex  1.876953e+00 -3.593750e+00  2.000000e+00
   endloop
 endfacet
 facet normal  3.210323e-01  9.470680e-01  6.353996e-04
   outer loop
     vertex  1.803843e+00 -3.547191e+00  2.000000e-01
     vertex  1.778694e+00 -3.539874e+00  2.000000e+00
     vertex  1.819984e+00 -3.553870e+00  2.000000e+00
   endloop
 endfacet
 facet normal  4.420301e-01  8.970000e-01 -6.353981e-04
   outer loop
     vertex  1.803843e+00 -3.547191e+00  2.000000e-01
     vertex  1.819984e+00 -3.553870e+00  2.000000e+00
     vertex  1.842950e+00 -3.566463e+00  2.000000e-01
   endloop
 endfacet
 facet normal  1.082049e-01  9.941286e-01 -0.000000e+00
   outer loop
     vertex  1.735352e+00 -3.535156e+00  2.000000e-01
     vertex  1.735352e+00 -3.535156e+00  2.000000e+00
     vertex  1.778694e+00 -3.539874e+00  2.000000e+00
   endloop
 endfacet
 facet normal  1.730620e-01  9.849097e-01 -1.585849e-03
   outer loop
     vertex  1.735352e+00 -3.535156e+00  2.000000e-01
     vertex  1.778694e+00 -3.539874e+00  2.000000e+00
     vertex  1.803843e+00 -3.547191e+00  2.000000e-01
   endloop
 endfacet
 facet normal  7.071068e-01  7.071068e-01 -0.000000e+00
   outer loop
     vertex  2.876953e+00 -4.593750e+00  2.000000e-01
     vertex  1.876953e+00 -3.593750e+00  2.000000e+00
     vertex  2.876953e+00 -4.593750e+00  2.000000e+00
   endloop
 endfacet
 facet normal  7.071068e-01  7.071068e-01 -0.000000e+00
   outer loop
     vertex  1.876953e+00 -3.593750e+00  2.000000e-01
     vertex  1.876953e+00 -3.593750e+00  2.000000e+00
     vertex  2.876953e+00 -4.593750e+00  2.000000e-01
   endloop
 endfacet
 facet normal  9.941286e-01  1.082053e-01  0.000000e+00
   outer loop
     vertex  2.930829e+00 -4.692009e+00  2.000000e-01
     vertex  2.935547e+00 -4.735352e+00  2.000000e+00
     vertex  2.935547e+00 -4.735352e+00  2.000000e-01
   endloop
 endfacet
 facet normal  9.849096e-01  1.730621e-01  1.585845e-03
   outer loop
     vertex  2.930829e+00 -4.692009e+00  2.000000e-01
     vertex  2.923512e+00 -4.666860e+00  2.000000e+00
     vertex  2.935547e+00 -4.735352e+00  2.000000e+00
   endloop
 endfacet
 facet normal  8.970000e-01  4.420302e-01  6.353992e-04
   outer loop
     vertex  2.916833e+00 -4.650719e+00  2.000000e-01
     vertex  2.904240e+00 -4.627753e+00  2.000000e+00
     vertex  2.923512e+00 -4.666860e+00  2.000000e+00
   endloop
 endfacet
 facet normal  9.470680e-01  3.210325e-01 -6.353977e-04
   outer loop
     vertex  2.916833e+00 -4.650719e+00  2.000000e-01
     vertex  2.923512e+00 -4.666860e+00  2.000000e+00
     vertex  2.930829e+00 -4.692009e+00  2.000000e-01
   endloop
 endfacet
 facet normal  7.799171e-01  6.258828e-01 -0.000000e+00
   outer loop
     vertex  2.876953e+00 -4.593750e+00  2.000000e-01
     vertex  2.876953e+00 -4.593750e+00  2.000000e+00
     vertex  2.904240e+00 -4.627753e+00  2.000000e+00
   endloop
 endfacet
 facet normal  8.192216e-01  5.734749e-01 -1.585848e-03
   outer loop
     vertex  2.876953e+00 -4.593750e+00  2.000000e-01
     vertex  2.904240e+00 -4.627753e+00  2.000000e+00
     vertex  2.916833e+00 -4.650719e+00  2.000000e-01
   endloop
 endfacet
 facet normal  1.000000e+00  8.881785e-16  0.000000e+00
   outer loop
     vertex  2.935547e+00 -4.735352e+00  2.000000e-01
     vertex  2.935547e+00 -5.235352e+00  2.000000e+00
     vertex  2.935547e+00 -5.235352e+00  2.000000e-01
   endloop
 endfacet
 facet normal  1.000000e+00  8.881785e-16 -0.000000e+00
   outer loop
     vertex  2.935547e+00 -4.735352e+00  2.000000e-01
     vertex  2.935547e+00 -4.735352e+00  2.000000e+00
     vertex  2.935547e+00 -5.235352e+00  2.000000e+00
   endloop
 endfacet
 facet normal  1.678645e-01 -9.858101e-01  0.000000e+00
   outer loop
     vertex  2.801892e+00 -5.424216e+00  2.000000e-01
     vertex  2.735352e+00 -5.435547e+00  2.000000e+00
     vertex  2.735352e+00 -5.435547e+00  2.000000e-01
   endloop
 endfacet
 facet normal  2.208817e-01 -9.752985e-01  2.026050e-03
   outer loop
     vertex  2.801892e+00 -5.424216e+00  2.000000e-01
     vertex  2.821864e+00 -5.415954e+00  2.000000e+00
     vertex  2.735352e+00 -5.435547e+00  2.000000e+00
   endloop
 endfacet
 facet normal  6.209131e-01 -7.838745e-01  2.763194e-03
   outer loop
     vertex  2.860875e+00 -5.391398e+00  2.000000e-01
     vertex  2.891397e+00 -5.360876e+00  2.000000e+00
     vertex  2.821864e+00 -5.415954e+00  2.000000e+00
   endloop
 endfacet
 facet normal  4.862053e-01 -8.738435e-01 -1.383621e-03
   outer loop
     vertex  2.860875e+00 -5.391398e+00  2.000000e-01
     vertex  2.821864e+00 -5.415954e+00  2.000000e+00
     vertex  2.801892e+00 -5.424216e+00  2.000000e-01
   endloop
 endfacet
 facet normal  8.738406e-01 -4.862106e-01  1.383649e-03
   outer loop
     vertex  2.915953e+00 -5.321865e+00  2.000000e-01
     vertex  2.924216e+00 -5.301893e+00  2.000000e+00
     vertex  2.891397e+00 -5.360876e+00  2.000000e+00
   endloop
 endfacet
 facet normal  7.838708e-01 -6.209178e-01 -2.763250e-03
   outer loop
     vertex  2.915953e+00 -5.321865e+00  2.000000e-01
     vertex  2.891397e+00 -5.360876e+00  2.000000e+00
     vertex  2.860875e+00 -5.391398e+00  2.000000e-01
   endloop
 endfacet
 facet normal  9.858099e-01 -1.678658e-01  0.000000e+00
   outer loop
     vertex  2.935547e+00 -5.235352e+00  2.000000e-01
     vertex  2.935547e+00 -5.235352e+00  2.000000e+00
     vertex  2.924216e+00 -5.301893e+00  2.000000e+00
   endloop
 endfacet
 facet normal  9.752982e-01 -2.208830e-01 -2.026077e-03
   outer loop
     vertex  2.935547e+00 -5.235352e+00  2.000000e-01
     vertex  2.924216e+00 -5.301893e+00  2.000000e+00
     vertex  2.915953e+00 -5.321865e+00  2.000000e-01
   endloop
 endfacet
 facet normal  0.000000e+00 -1.000000e+00  0.000000e+00
   outer loop
     vertex  2.735352e+00 -5.435547e+00  2.000000e-01
     vertex -1.064453e+00 -5.435547e+00  2.000000e+00
     vertex -1.064453e+00 -5.435547e+00  2.000000e-01
   endloop
 endfacet
 facet normal  0.000000e+00 -1.000000e+00  0.000000e+00
   outer loop
     vertex  2.735352e+00 -5.435547e+00  2.000000e-01
     vertex  2.735352e+00 -5.435547e+00  2.000000e+00
     vertex -1.064453e+00 -5.435547e+00  2.000000e+00
   endloop
 endfacet
 facet normal  1.000000e+00 -2.229151e-15  0.000000e+00
   outer loop
     vertex -1.064453e+00 -5.435547e+00  2.000000e-01
     vertex -1.064453e+00 -5.535157e+00  2.000000e+00
     vertex -1.064453e+00 -5.535157e+00  2.000000e-01
   endloop
 endfacet
 facet normal  1.000000e+00 -2.229151e-15  0.000000e+00
   outer loop
     vertex -1.064453e+00 -5.435547e+00  2.000000e-01
     vertex -1.064453e+00 -5.435547e+00  2.000000e+00
     vertex -1.064453e+00 -5.535157e+00  2.000000e+00
   endloop
 endfacet
 facet normal  0.000000e+00  1.000000e+00  0.000000e+00
   outer loop
     vertex -1.064453e+00 -5.535157e+00  2.000000e-01
     vertex  2.235352e+00 -5.535157e+00  2.000000e+00
     vertex  2.235352e+00 -5.535157e+00  2.000000e-01
   endloop
 endfacet
 facet normal  0.000000e+00  1.000000e+00  0.000000e+00
   outer loop
     vertex -1.064453e+00 -5.535157e+00  2.000000e-01
     vertex -1.064453e+00 -5.535157e+00  2.000000e+00
     vertex  2.235352e+00 -5.535157e+00  2.000000e+00
   endloop
 endfacet
 facet normal  6.258814e-01  7.799183e-01  0.000000e+00
   outer loop
     vertex  2.342950e+00 -5.566463e+00  2.000000e-01
     vertex  2.376953e+00 -5.593750e+00  2.000000e+00
     vertex  2.376953e+00 -5.593750e+00  2.000000e-01
   endloop
 endfacet
 facet normal  5.734736e-01  8.192225e-01  1.585843e-03
   outer loop
     vertex  2.342950e+00 -5.566463e+00  2.000000e-01
     vertex  2.319984e+00 -5.553870e+00  2.000000e+00
     vertex  2.376953e+00 -5.593750e+00  2.000000e+00
   endloop
 endfacet
 facet normal  3.210311e-01  9.470684e-01  6.353984e-04
   outer loop
     vertex  2.303843e+00 -5.547191e+00  2.000000e-01
     vertex  2.278694e+00 -5.539874e+00  2.000000e+00
     vertex  2.319984e+00 -5.553870e+00  2.000000e+00
   endloop
 endfacet
 facet normal  4.420288e-01  8.970007e-01 -6.353968e-04
   outer loop
     vertex  2.303843e+00 -5.547191e+00  2.000000e-01
     vertex  2.319984e+00 -5.553870e+00  2.000000e+00
     vertex  2.342950e+00 -5.566463e+00  2.000000e-01
   endloop
 endfacet
 facet normal  1.082038e-01  9.941287e-01 -0.000000e+00
   outer loop
     vertex  2.235352e+00 -5.535157e+00  2.000000e-01
     vertex  2.235352e+00 -5.535157e+00  2.000000e+00
     vertex  2.278694e+00 -5.539874e+00  2.000000e+00
   endloop
 endfacet
 facet normal  1.730608e-01  9.849099e-01 -1.585845e-03
   outer loop
     vertex  2.235352e+00 -5.535157e+00  2.000000e-01
     vertex  2.278694e+00 -5.539874e+00  2.000000e+00
     vertex  2.303843e+00 -5.547191e+00  2.000000e-01
   endloop
 endfacet
 facet normal  7.071068e-01  7.071068e-01 -0.000000e+00
   outer loop
     vertex  2.876953e+00 -6.093750e+00  2.000000e-01
     vertex  2.376953e+00 -5.593750e+00  2.000000e+00
     vertex  2.876953e+00 -6.093750e+00  2.000000e+00
   endloop
 endfacet
 facet normal  7.071068e-01  7.071068e-01 -0.000000e+00
   outer loop
     vertex  2.376953e+00 -5.593750e+00  2.000000e-01
     vertex  2.376953e+00 -5.593750e+00  2.000000e+00
     vertex  2.876953e+00 -6.093750e+00  2.000000e-01
   endloop
 endfacet
 facet normal  9.941286e-01  1.082055e-01  0.000000e+00
   outer loop
     vertex  2.930829e+00 -6.192009e+00  2.000000e-01
     vertex  2.935547e+00 -6.235351e+00  2.000000e+00
     vertex  2.935547e+00 -6.235351e+00  2.000000e-01
   endloop
 endfacet
 facet normal  9.849096e-01  1.730623e-01  1.585844e-03
   outer loop
     vertex  2.930829e+00 -6.192009e+00  2.000000e-01
     vertex  2.923512e+00 -6.166860e+00  2.000000e+00
     vertex  2.935547e+00 -6.235351e+00  2.000000e+00
   endloop
 endfacet
 facet normal  8.969999e-01  4.420303e-01  6.353988e-04
   outer loop
     vertex  2.916833e+00 -6.150719e+00  2.000000e-01
     vertex  2.904240e+00 -6.127753e+00  2.000000e+00
     vertex  2.923512e+00 -6.166860e+00  2.000000e+00
   endloop
 endfacet
 facet normal  9.470679e-01  3.210326e-01 -6.353973e-04
   outer loop
     vertex  2.916833e+00 -6.150719e+00  2.000000e-01
     vertex  2.923512e+00 -6.166860e+00  2.000000e+00
     vertex  2.930829e+00 -6.192009e+00  2.000000e-01
   endloop
 endfacet
 facet normal  7.799171e-01  6.258828e-01 -0.000000e+00
   outer loop
     vertex  2.876953e+00 -6.093750e+00  2.000000e-01
     vertex  2.876953e+00 -6.093750e+00  2.000000e+00
     vertex  2.904240e+00 -6.127753e+00  2.000000e+00
   endloop
 endfacet
 facet normal  8.192215e-01  5.734750e-01 -1.585847e-03
   outer loop
     vertex  2.876953e+00 -6.093750e+00  2.000000e-01
     vertex  2.904240e+00 -6.127753e+00  2.000000e+00
     vertex  2.916833e+00 -6.150719e+00  2.000000e-01
   endloop
 endfacet
 facet normal  1.000000e+00  0.000000e+00  0.000000e+00
   outer loop
     vertex  2.935547e+00 -6.235351e+00  2.000000e-01
     vertex  2.935547e+00 -8.235352e+00  2.000000e+00
     vertex  2.935547e+00 -8.235352e+00  2.000000e-01
   endloop
 endfacet
 facet normal  1.000000e+00  0.000000e+00 -0.000000e+00
   outer loop
     vertex  2.935547e+00 -6.235351e+00  2.000000e-01
     vertex  2.935547e+00 -6.235351e+00  2.000000e+00
     vertex  2.935547e+00 -8.235352e+00  2.000000e+00
   endloop
 endfacet
 facet normal  7.799172e-01 -6.258827e-01  0.000000e+00
   outer loop
     vertex  2.904240e+00 -8.342950e+00  2.000000e-01
     vertex  2.876953e+00 -8.376953e+00  2.000000e+00
     vertex  2.876953e+00 -8.376953e+00  2.000000e-01
   endloop
 endfacet
 facet normal  8.192215e-01 -5.734750e-01  1.585844e-03
   outer loop
     vertex  2.904240e+00 -8.342950e+00  2.000000e-01
     vertex  2.916833e+00 -8.319984e+00  2.000000e+00
     vertex  2.876953e+00 -8.376953e+00  2.000000e+00
   endloop
 endfacet
 facet normal  9.470679e-01 -3.210326e-01  6.353988e-04
   outer loop
     vertex  2.923512e+00 -8.303843e+00  2.000000e-01
     vertex  2.930829e+00 -8.278694e+00  2.000000e+00
     vertex  2.916833e+00 -8.319984e+00  2.000000e+00
   endloop
 endfacet
 facet normal  8.969999e-01 -4.420302e-01 -6.353973e-04
   outer loop
     vertex  2.923512e+00 -8.303843e+00  2.000000e-01
     vertex  2.916833e+00 -8.319984e+00  2.000000e+00
     vertex  2.904240e+00 -8.342950e+00  2.000000e-01
   endloop
 endfacet
 facet normal  9.941286e-01 -1.082054e-01  0.000000e+00
   outer loop
     vertex  2.935547e+00 -8.235352e+00  2.000000e-01
     vertex  2.935547e+00 -8.235352e+00  2.000000e+00
     vertex  2.930829e+00 -8.278694e+00  2.000000e+00
   endloop
 endfacet
 facet normal  9.849096e-01 -1.730624e-01 -1.585847e-03
   outer loop
     vertex  2.935547e+00 -8.235352e+00  2.000000e-01
     vertex  2.930829e+00 -8.278694e+00  2.000000e+00
     vertex  2.923512e+00 -8.303843e+00  2.000000e-01
   endloop
 endfacet
 facet normal  7.071067e-01 -7.071069e-01  0.000000e+00
   outer loop
     vertex  2.876953e+00 -8.376953e+00  2.000000e-01
     vertex  2.390625e+00 -8.863281e+00  2.000000e+00
     vertex  2.390625e+00 -8.863281e+00  2.000000e-01
   endloop
 endfacet
 facet normal  7.071067e-01 -7.071069e-01  0.000000e+00
   outer loop
     vertex  2.876953e+00 -8.376953e+00  2.000000e-01
     vertex  2.876953e+00 -8.376953e+00  2.000000e+00
     vertex  2.390625e+00 -8.863281e+00  2.000000e+00
   endloop
 endfacet
 facet normal -7.169500e-01  6.971246e-01  0.000000e+00
   outer loop
     vertex  6.840820e+00 -6.139648e+00  2.000000e-01
     vertex  6.446273e+00 -6.545416e+00  2.000000e+00
     vertex  6.840820e+00 -6.139648e+00  2.000000e+00
   endloop
 endfacet
 facet normal -6.756176e-01  7.372522e-01 -3.237603e-04
   outer loop
     vertex  6.431241e+00 -6.559982e+00  2.000000e-01
     vertex  6.025419e+00 -6.931087e+00  2.000000e+00
     vertex  6.446273e+00 -6.545416e+00  2.000000e+00
   endloop
 endfacet
 facet normal -7.162094e-01  6.978853e-01  3.337979e-04
   outer loop
     vertex  6.431241e+00 -6.559982e+00  2.000000e-01
     vertex  6.446273e+00 -6.545416e+00  2.000000e+00
     vertex  6.840820e+00 -6.139648e+00  2.000000e-01
   endloop
 endfacet
 facet normal -6.318927e-01  7.750557e-01 -5.570104e-04
   outer loop
     vertex  5.997263e+00 -6.955335e+00  2.000000e-01
     vertex  5.586496e+00 -7.288935e+00  2.000000e+00
     vertex  6.025419e+00 -6.931087e+00  2.000000e+00
   endloop
 endfacet
 facet normal -6.734446e-01  7.392374e-01  5.754471e-04
   outer loop
     vertex  5.997263e+00 -6.955335e+00  2.000000e-01
     vertex  6.025419e+00 -6.931087e+00  2.000000e+00
     vertex  6.431241e+00 -6.559982e+00  2.000000e-01
   endloop
 endfacet
 facet normal -5.857810e-01  8.104684e-01 -1.256797e-03
   outer loop
     vertex  5.512544e+00 -7.345176e+00  2.000000e-01
     vertex  5.131118e+00 -7.618068e+00  2.000000e+00
     vertex  5.586496e+00 -7.288935e+00  2.000000e+00
   endloop
 endfacet
 facet normal -6.267171e-01  7.792456e-01  1.400606e-03
   outer loop
     vertex  5.512544e+00 -7.345176e+00  2.000000e-01
     vertex  5.586496e+00 -7.288935e+00  2.000000e+00
     vertex  5.997263e+00 -6.955335e+00  2.000000e-01
   endloop
 endfacet
 facet normal -5.370569e-01  8.435442e-01 -1.760105e-03
   outer loop
     vertex  5.010729e+00 -7.698472e+00  2.000000e-01
     vertex  4.662921e+00 -7.916154e+00  2.000000e+00
     vertex  5.131118e+00 -7.618068e+00  2.000000e+00
   endloop
 endfacet
 facet normal -5.756730e-01  8.176776e-01  1.978083e-03
   outer loop
     vertex  5.010729e+00 -7.698472e+00  2.000000e-01
     vertex  5.131118e+00 -7.618068e+00  2.000000e+00
     vertex  5.512544e+00 -7.345176e+00  2.000000e-01
   endloop
 endfacet
 facet normal -4.856304e-01  8.741617e-01 -2.089867e-03
   outer loop
     vertex  4.496247e+00 -8.013051e+00  2.000000e-01
     vertex  4.185276e+00 -8.181504e+00  2.000000e+00
     vertex  4.662921e+00 -7.916154e+00  2.000000e+00
   endloop
 endfacet
 facet normal -5.216581e-01  8.531513e-01  2.377195e-03
   outer loop
     vertex  4.496247e+00 -8.013051e+00  2.000000e-01
     vertex  4.662921e+00 -7.916154e+00  2.000000e+00
     vertex  5.010729e+00 -7.698472e+00  2.000000e-01
   endloop
 endfacet
 facet normal -4.314511e-01  9.021335e-01 -2.262924e-03
   outer loop
     vertex  3.972932e+00 -8.287574e+00  2.000000e-01
     vertex  3.701203e+00 -8.413015e+00  2.000000e+00
     vertex  4.185276e+00 -8.181504e+00  2.000000e+00
   endloop
 endfacet
 facet normal -4.645440e-01  8.855462e-01  2.618466e-03
   outer loop
     vertex  3.972932e+00 -8.287574e+00  2.000000e-01
     vertex  4.185276e+00 -8.181504e+00  2.000000e+00
     vertex  4.496247e+00 -8.013051e+00  2.000000e-01
   endloop
 endfacet
 facet normal -3.745245e-01  9.272142e-01 -2.289531e-03
   outer loop
     vertex  3.444039e+00 -8.521334e+00  2.000000e-01
     vertex  3.213320e+00 -8.610083e+00  2.000000e+00
     vertex  3.701203e+00 -8.413015e+00  2.000000e+00
   endloop
 endfacet
 facet normal -4.042544e-01  9.146426e-01  2.714467e-03
   outer loop
     vertex  3.444039e+00 -8.521334e+00  2.000000e-01
     vertex  3.701203e+00 -8.413015e+00  2.000000e+00
     vertex  3.972932e+00 -8.287574e+00  2.000000e-01
   endloop
 endfacet
 facet normal -3.199896e-01  9.474202e-01 -1.306993e-03
   outer loop
     vertex  2.923258e+00 -8.710534e+00  2.000000e-01
     vertex  2.805646e+00 -8.747774e+00  2.000000e+00
     vertex  3.213320e+00 -8.610083e+00  2.000000e+00
   endloop
 endfacet
 facet normal -3.414623e-01  9.398919e-01  2.573357e-03
   outer loop
     vertex  2.923258e+00 -8.710534e+00  2.000000e-01
     vertex  3.213320e+00 -8.610083e+00  2.000000e+00
     vertex  3.444039e+00 -8.521334e+00  2.000000e-01
   endloop
 endfacet
 facet normal -2.681254e-01  9.633840e-01  0.000000e+00
   outer loop
     vertex  2.390625e+00 -8.863281e+00  2.000000e-01
     vertex  2.390625e+00 -8.863281e+00  2.000000e+00
     vertex  2.805646e+00 -8.747774e+00  2.000000e+00
   endloop
 endfacet
 facet normal -2.756655e-01  9.612518e-01  1.875319e-03
   outer loop
     vertex  2.390625e+00 -8.863281e+00  2.000000e-01
     vertex  2.805646e+00 -8.747774e+00  2.000000e+00
     vertex  2.923258e+00 -8.710534e+00  2.000000e-01
   endloop
 endfacet
 facet normal -9.728299e-01  2.315212e-01  0.000000e+00
   outer loop
     vertex  8.763189e+00 -2.714272e+00  2.000000e-01
     vertex  8.833008e+00 -2.420898e+00  2.000000e+00
     vertex  8.833008e+00 -2.420898e+00  2.000000e-01
   endloop
 endfacet
 facet normal -9.699514e-01  2.432901e-01 -2.029805e-03
   outer loop
     vertex  8.763189e+00 -2.714272e+00  2.000000e-01
     vertex  8.720762e+00 -2.868402e+00  2.000000e+00
     vertex  8.833008e+00 -2.420898e+00  2.000000e+00
   endloop
 endfacet
 facet normal -9.508969e-01  3.095020e-01 -1.900856e-03
   outer loop
     vertex  8.679958e+00 -3.004821e+00  2.000000e-01
     vertex  8.570892e+00 -3.328853e+00  2.000000e+00
     vertex  8.720762e+00 -2.868402e+00  2.000000e+00
   endloop
 endfacet
 facet normal -9.613338e-01  2.753843e-01  9.214705e-04
   outer loop
     vertex  8.679958e+00 -3.004821e+00  2.000000e-01
     vertex  8.720762e+00 -2.868402e+00  2.000000e+00
     vertex  8.763189e+00 -2.714272e+00  2.000000e-01
   endloop
 endfacet
 facet normal -9.282176e-01  3.720328e-01 -1.934334e-03
   outer loop
     vertex  8.517502e+00 -3.471421e+00  2.000000e-01
     vertex  8.384717e+00 -3.793358e+00  2.000000e+00
     vertex  8.570892e+00 -3.328853e+00  2.000000e+00
   endloop
 endfacet
 facet normal -9.443941e-01  3.288100e-01  1.968932e-03
   outer loop
     vertex  8.517502e+00 -3.471421e+00  2.000000e-01
     vertex  8.570892e+00 -3.328853e+00  2.000000e+00
     vertex  8.679958e+00 -3.004821e+00  2.000000e-01
   endloop
 endfacet
 facet normal -9.022340e-01  4.312423e-01 -1.959938e-03
   outer loop
     vertex  8.319166e+00 -3.938683e+00  2.000000e-01
     vertex  8.162983e+00 -4.257264e+00  2.000000e+00
     vertex  8.384717e+00 -3.793358e+00  2.000000e+00
   endloop
 endfacet
 facet normal -9.205069e-01  3.907214e-01  1.977000e-03
   outer loop
     vertex  8.319166e+00 -3.938683e+00  2.000000e-01
     vertex  8.384717e+00 -3.793358e+00  2.000000e+00
     vertex  8.517502e+00 -3.471421e+00  2.000000e-01
   endloop
 endfacet
 facet normal -8.731203e-01  4.875009e-01 -1.967456e-03
   outer loop
     vertex  8.086479e+00 -4.401548e+00  2.000000e-01
     vertex  7.907142e+00 -4.715479e+00  2.000000e+00
     vertex  8.162983e+00 -4.257264e+00  2.000000e+00
   endloop
 endfacet
 facet normal -8.934549e-01  4.491486e-01  1.971048e-03
   outer loop
     vertex  8.086479e+00 -4.401548e+00  2.000000e-01
     vertex  8.162983e+00 -4.257264e+00  2.000000e+00
     vertex  8.319166e+00 -3.938683e+00  2.000000e-01
   endloop
 endfacet
 facet normal -8.410379e-01  5.409726e-01 -1.961822e-03
   outer loop
     vertex  7.821059e+00 -4.855837e+00  2.000000e-01
     vertex  7.618811e+00 -5.163740e+00  2.000000e+00
     vertex  7.907142e+00 -4.715479e+00  2.000000e+00
   endloop
 endfacet
 facet normal -8.634314e-01  5.044625e-01  1.956071e-03
   outer loop
     vertex  7.821059e+00 -4.855837e+00  2.000000e-01
     vertex  7.907142e+00 -4.715479e+00  2.000000e+00
     vertex  8.086479e+00 -4.401548e+00  2.000000e-01
   endloop
 endfacet
 facet normal -8.061377e-01  5.917248e-01 -1.946864e-03
   outer loop
     vertex  7.524498e+00 -5.298151e+00  2.000000e-01
     vertex  7.299626e+00 -5.598583e+00  2.000000e+00
     vertex  7.618811e+00 -5.163740e+00  2.000000e+00
   endloop
 endfacet
 facet normal -8.305846e-01  5.568891e-01  1.935334e-03
   outer loop
     vertex  7.524498e+00 -5.298151e+00  2.000000e-01
     vertex  7.618811e+00 -5.163740e+00  2.000000e+00
     vertex  7.821059e+00 -4.855837e+00  2.000000e-01
   endloop
 endfacet
 facet normal -7.754224e-01  6.314422e-01 -9.560380e-04
   outer loop
     vertex  7.195640e+00 -5.729005e+00  2.000000e-01
     vertex  7.077754e+00 -5.871045e+00  2.000000e+00
     vertex  7.299626e+00 -5.598583e+00  2.000000e+00
   endloop
 endfacet
 facet normal -7.949071e-01  6.067280e-01  1.960292e-03
   outer loop
     vertex  7.195640e+00 -5.729005e+00  2.000000e-01
     vertex  7.299626e+00 -5.598583e+00  2.000000e+00
     vertex  7.524498e+00 -5.298151e+00  2.000000e-01
   endloop
 endfacet
 facet normal -7.499332e-01  6.615135e-01  0.000000e+00
   outer loop
     vertex  6.840820e+00 -6.139648e+00  2.000000e-01
     vertex  6.840820e+00 -6.139648e+00  2.000000e+00
     vertex  7.077754e+00 -5.871045e+00  2.000000e+00
   endloop
 endfacet
 facet normal -7.566639e-01  6.538009e-01  2.036857e-03
   outer loop
     vertex  6.840820e+00 -6.139648e+00  2.000000e-01
     vertex  7.077754e+00 -5.871045e+00  2.000000e+00
     vertex  7.195640e+00 -5.729005e+00  2.000000e-01
   endloop
 endfacet
 facet normal  7.071065e-01 -7.071071e-01  0.000000e+00
   outer loop
     vertex  8.833008e+00 -2.420898e+00  2.000000e-01
     vertex  8.376953e+00 -2.876953e+00  2.000000e+00
     vertex  8.376953e+00 -2.876953e+00  2.000000e-01
   endloop
 endfacet
 facet normal  7.071065e-01 -7.071071e-01  0.000000e+00
   outer loop
     vertex  8.833008e+00 -2.420898e+00  2.000000e-01
     vertex  8.833008e+00 -2.420898e+00  2.000000e+00
     vertex  8.376953e+00 -2.876953e+00  2.000000e+00
   endloop
 endfacet
 facet normal  1.082055e-01 -9.941286e-01  0.000000e+00
   outer loop
     vertex  8.278694e+00 -2.930829e+00  2.000000e-01
     vertex  8.235352e+00 -2.935547e+00  2.000000e+00
     vertex  8.235352e+00 -2.935547e+00  2.000000e-01
   endloop
 endfacet
 facet normal  1.730623e-01 -9.849096e-01  1.585844e-03
   outer loop
     vertex  8.278694e+00 -2.930829e+00  2.000000e-01
     vertex  8.303843e+00 -2.923512e+00  2.000000e+00
     vertex  8.235352e+00 -2.935547e+00  2.000000e+00
   endloop
 endfacet
 facet normal  4.420303e-01 -8.969999e-01  6.353988e-04
   outer loop
     vertex  8.319984e+00 -2.916833e+00  2.000000e-01
     vertex  8.342950e+00 -2.904240e+00  2.000000e+00
     vertex  8.303843e+00 -2.923512e+00  2.000000e+00
   endloop
 endfacet
 facet normal  3.210326e-01 -9.470679e-01 -6.353973e-04
   outer loop
     vertex  8.319984e+00 -2.916833e+00  2.000000e-01
     vertex  8.303843e+00 -2.923512e+00  2.000000e+00
     vertex  8.278694e+00 -2.930829e+00  2.000000e-01
   endloop
 endfacet
 facet normal  6.258828e-01 -7.799171e-01  0.000000e+00
   outer loop
     vertex  8.376953e+00 -2.876953e+00  2.000000e-01
     vertex  8.376953e+00 -2.876953e+00  2.000000e+00
     vertex  8.342950e+00 -2.904240e+00  2.000000e+00
   endloop
 endfacet
 facet normal  5.734750e-01 -8.192215e-01 -1.585847e-03
   outer loop
     vertex  8.376953e+00 -2.876953e+00  2.000000e-01
     vertex  8.342950e+00 -2.904240e+00  2.000000e+00
     vertex  8.319984e+00 -2.916833e+00  2.000000e-01
   endloop
 endfacet
 facet normal  0.000000e+00 -1.000000e+00  0.000000e+00
   outer loop
     vertex  8.235352e+00 -2.935547e+00  2.000000e-01
     vertex  4.735352e+00 -2.935547e+00  2.000000e+00
     vertex  4.735352e+00 -2.935547e+00  2.000000e-01
   endloop
 endfacet
 facet normal  0.000000e+00 -1.000000e+00  0.000000e+00
   outer loop
     vertex  8.235352e+00 -2.935547e+00  2.000000e-01
     vertex  8.235352e+00 -2.935547e+00  2.000000e+00
     vertex  4.735352e+00 -2.935547e+00  2.000000e+00
   endloop
 endfacet
 facet normal -6.258827e-01 -7.799172e-01  0.000000e+00
   outer loop
     vertex  4.627753e+00 -2.904240e+00  2.000000e-01
     vertex  4.593750e+00 -2.876953e+00  2.000000e+00
     vertex  4.593750e+00 -2.876953e+00  2.000000e-01
   endloop
 endfacet
 facet normal -5.734750e-01 -8.192215e-01  1.585845e-03
   outer loop
     vertex  4.627753e+00 -2.904240e+00  2.000000e-01
     vertex  4.650719e+00 -2.916833e+00  2.000000e+00
     vertex  4.593750e+00 -2.876953e+00  2.000000e+00
   endloop
 endfacet
 facet normal -3.210325e-01 -9.470680e-01  6.353992e-04
   outer loop
     vertex  4.666860e+00 -2.923512e+00  2.000000e-01
     vertex  4.692010e+00 -2.930829e+00  2.000000e+00
     vertex  4.650719e+00 -2.916833e+00  2.000000e+00
   endloop
 endfacet
 facet normal -4.420301e-01 -8.970000e-01 -6.353977e-04
   outer loop
     vertex  4.666860e+00 -2.923512e+00  2.000000e-01
     vertex  4.650719e+00 -2.916833e+00  2.000000e+00
     vertex  4.627753e+00 -2.904240e+00  2.000000e-01
   endloop
 endfacet
 facet normal -1.082052e-01 -9.941286e-01  0.000000e+00
   outer loop
     vertex  4.735352e+00 -2.935547e+00  2.000000e-01
     vertex  4.735352e+00 -2.935547e+00  2.000000e+00
     vertex  4.692010e+00 -2.930829e+00  2.000000e+00
   endloop
 endfacet
 facet normal -1.730622e-01 -9.849096e-01 -1.585848e-03
   outer loop
     vertex  4.735352e+00 -2.935547e+00  2.000000e-01
     vertex  4.692010e+00 -2.930829e+00  2.000000e+00
     vertex  4.666860e+00 -2.923512e+00  2.000000e-01
   endloop
 endfacet
 facet normal -7.071068e-01 -7.071068e-01  0.000000e+00
   outer loop
     vertex  4.593750e+00 -2.876953e+00  2.000000e-01
     vertex  3.593750e+00 -1.876953e+00  2.000000e+00
     vertex  3.593750e+00 -1.876953e+00  2.000000e-01
   endloop
 endfacet
 facet normal -7.071068e-01 -7.071068e-01  0.000000e+00
   outer loop
     vertex  4.593750e+00 -2.876953e+00  2.000000e-01
     vertex  4.593750e+00 -2.876953e+00  2.000000e+00
     vertex  3.593750e+00 -1.876953e+00  2.000000e+00
   endloop
 endfacet
 facet normal -9.941286e-01 -1.082050e-01  0.000000e+00
   outer loop
     vertex  3.539874e+00 -1.778694e+00  2.000000e-01
     vertex  3.535156e+00 -1.735352e+00  2.000000e+00
     vertex  3.535156e+00 -1.735352e+00  2.000000e-01
   endloop
 endfacet
 facet normal -9.849097e-01 -1.730619e-01  1.585846e-03
   outer loop
     vertex  3.539874e+00 -1.778694e+00  2.000000e-01
     vertex  3.547191e+00 -1.803843e+00  2.000000e+00
     vertex  3.535156e+00 -1.735352e+00  2.000000e+00
   endloop
 endfacet
 facet normal -8.970000e-01 -4.420301e-01  6.353996e-04
   outer loop
     vertex  3.553870e+00 -1.819984e+00  2.000000e-01
     vertex  3.566463e+00 -1.842950e+00  2.000000e+00
     vertex  3.547191e+00 -1.803843e+00  2.000000e+00
   endloop
 endfacet
 facet normal -9.470680e-01 -3.210324e-01 -6.353981e-04
   outer loop
     vertex  3.553870e+00 -1.819984e+00  2.000000e-01
     vertex  3.547191e+00 -1.803843e+00  2.000000e+00
     vertex  3.539874e+00 -1.778694e+00  2.000000e-01
   endloop
 endfacet
 facet normal -7.799172e-01 -6.258828e-01  0.000000e+00
   outer loop
     vertex  3.593750e+00 -1.876953e+00  2.000000e-01
     vertex  3.593750e+00 -1.876953e+00  2.000000e+00
     vertex  3.566463e+00 -1.842950e+00  2.000000e+00
   endloop
 endfacet
 facet normal -8.192216e-01 -5.734749e-01 -1.585849e-03
   outer loop
     vertex  3.593750e+00 -1.876953e+00  2.000000e-01
     vertex  3.566463e+00 -1.842950e+00  2.000000e+00
     vertex  3.553870e+00 -1.819984e+00  2.000000e-01
   endloop
 endfacet
 facet normal -1.000000e+00  0.000000e+00  0.000000e+00
   outer loop
     vertex  3.535156e+00 -1.735352e+00  2.000000e-01
     vertex  3.535156e+00 -7.353515e-01  2.000000e+00
     vertex  3.535156e+00 -7.353515e-01  2.000000e-01
   endloop
 endfacet
 facet normal -1.000000e+00  0.000000e+00  0.000000e+00
   outer loop
     vertex  3.535156e+00 -1.735352e+00  2.000000e-01
     vertex  3.535156e+00 -1.735352e+00  2.000000e+00
     vertex  3.535156e+00 -7.353515e-01  2.000000e+00
   endloop
 endfacet
 facet normal -1.678642e-01  9.858101e-01  0.000000e+00
   outer loop
     vertex  3.668811e+00 -5.464868e-01  2.000000e-01
     vertex  3.735352e+00 -5.351562e-01  2.000000e+00
     vertex  3.735352e+00 -5.351562e-01  2.000000e-01
   endloop
 endfacet
 facet normal -2.208817e-01  9.752985e-01  2.026056e-03
   outer loop
     vertex  3.668811e+00 -5.464868e-01  2.000000e-01
     vertex  3.648839e+00 -5.547493e-01  2.000000e+00
     vertex  3.735352e+00 -5.351562e-01  2.000000e+00
   endloop
 endfacet
 facet normal -6.209131e-01  7.838745e-01  2.763195e-03
   outer loop
     vertex  3.609828e+00 -5.793047e-01  2.000000e-01
     vertex  3.579306e+00 -6.098268e-01  2.000000e+00
     vertex  3.648839e+00 -5.547493e-01  2.000000e+00
   endloop
 endfacet
 facet normal -4.862047e-01  8.738439e-01 -1.383621e-03
   outer loop
     vertex  3.609828e+00 -5.793047e-01  2.000000e-01
     vertex  3.648839e+00 -5.547493e-01  2.000000e+00
     vertex  3.668811e+00 -5.464868e-01  2.000000e-01
   endloop
 endfacet
 facet normal -8.738405e-01  4.862108e-01  1.383650e-03
   outer loop
     vertex  3.554750e+00 -6.488379e-01  2.000000e-01
     vertex  3.546487e+00 -6.688103e-01  2.000000e+00
     vertex  3.579306e+00 -6.098268e-01  2.000000e+00
   endloop
 endfacet
 facet normal -7.838702e-01  6.209186e-01 -2.763251e-03
   outer loop
     vertex  3.554750e+00 -6.488379e-01  2.000000e-01
     vertex  3.579306e+00 -6.098268e-01  2.000000e+00
     vertex  3.609828e+00 -5.793047e-01  2.000000e-01
   endloop
 endfacet
 facet normal -9.858097e-01  1.678665e-01  0.000000e+00
   outer loop
     vertex  3.535156e+00 -7.353515e-01  2.000000e-01
     vertex  3.535156e+00 -7.353515e-01  2.000000e+00
     vertex  3.546487e+00 -6.688103e-01  2.000000e+00
   endloop
 endfacet
 facet normal -9.752980e-01  2.208839e-01 -2.026084e-03
   outer loop
     vertex  3.535156e+00 -7.353515e-01  2.000000e-01
     vertex  3.546487e+00 -6.688103e-01  2.000000e+00
     vertex  3.554750e+00 -6.488379e-01  2.000000e-01
   endloop
 endfacet
 facet normal  0.000000e+00  1.000000e+00  0.000000e+00
   outer loop
     vertex  3.735352e+00 -5.351562e-01  2.000000e-01
     vertex  4.735352e+00 -5.351562e-01  2.000000e+00
     vertex  4.735352e+00 -5.351562e-01  2.000000e-01
   endloop
 endfacet
 facet normal  0.000000e+00  1.000000e+00  0.000000e+00
   outer loop
     vertex  3.735352e+00 -5.351562e-01  2.000000e-01
     vertex  3.735352e+00 -5.351562e-01  2.000000e+00
     vertex  4.735352e+00 -5.351562e-01  2.000000e+00
   endloop
 endfacet
 facet normal  6.258827e-01  7.799172e-01  0.000000e+00
   outer loop
     vertex  4.842950e+00 -5.664627e-01  2.000000e-01
     vertex  4.876953e+00 -5.937500e-01  2.000000e+00
     vertex  4.876953e+00 -5.937500e-01  2.000000e-01
   endloop
 endfacet
 facet normal  5.734749e-01  8.192216e-01  1.585846e-03
   outer loop
     vertex  4.842950e+00 -5.664627e-01  2.000000e-01
     vertex  4.819984e+00 -5.538702e-01  2.000000e+00
     vertex  4.876953e+00 -5.937500e-01  2.000000e+00
   endloop
 endfacet
 facet normal  3.210323e-01  9.470680e-01  6.353996e-04
   outer loop
     vertex  4.803843e+00 -5.471911e-01  2.000000e-01
     vertex  4.778694e+00 -5.398738e-01  2.000000e+00
     vertex  4.819984e+00 -5.538702e-01  2.000000e+00
   endloop
 endfacet
 facet normal  4.420301e-01  8.970000e-01 -6.353981e-04
   outer loop
     vertex  4.803843e+00 -5.471911e-01  2.000000e-01
     vertex  4.819984e+00 -5.538702e-01  2.000000e+00
     vertex  4.842950e+00 -5.664627e-01  2.000000e-01
   endloop
 endfacet
 facet normal  1.082049e-01  9.941286e-01 -0.000000e+00
   outer loop
     vertex  4.735352e+00 -5.351562e-01  2.000000e-01
     vertex  4.735352e+00 -5.351562e-01  2.000000e+00
     vertex  4.778694e+00 -5.398738e-01  2.000000e+00
   endloop
 endfacet
 facet normal  1.730620e-01  9.849097e-01 -1.585849e-03
   outer loop
     vertex  4.735352e+00 -5.351562e-01  2.000000e-01
     vertex  4.778694e+00 -5.398738e-01  2.000000e+00
     vertex  4.803843e+00 -5.471911e-01  2.000000e-01
   endloop
 endfacet
 facet normal  7.071067e-01  7.071069e-01  0.000000e+00
   outer loop
     vertex  4.876953e+00 -5.937500e-01  2.000000e-01
     vertex  5.318359e+00 -1.035156e+00  2.000000e+00
     vertex  5.318359e+00 -1.035156e+00  2.000000e-01
   endloop
 endfacet
 facet normal  7.071067e-01  7.071069e-01 -0.000000e+00
   outer loop
     vertex  4.876953e+00 -5.937500e-01  2.000000e-01
     vertex  4.876953e+00 -5.937500e-01  2.000000e+00
     vertex  5.318359e+00 -1.035156e+00  2.000000e+00
   endloop
 endfacet
 facet normal  0.000000e+00  1.000000e+00  0.000000e+00
   outer loop
     vertex  5.318359e+00 -1.035156e+00  2.000000e-01
     vertex  7.535157e+00 -1.035156e+00  2.000000e+00
     vertex  7.535157e+00 -1.035156e+00  2.000000e-01
   endloop
 endfacet
 facet normal  0.000000e+00  1.000000e+00  0.000000e+00
   outer loop
     vertex  5.318359e+00 -1.035156e+00  2.000000e-01
     vertex  5.318359e+00 -1.035156e+00  2.000000e+00
     vertex  7.535157e+00 -1.035156e+00  2.000000e+00
   endloop
 endfacet
 facet normal -1.000000e+00  0.000000e+00  0.000000e+00
   outer loop
     vertex  7.535157e+00 -1.035156e+00  2.000000e-01
     vertex  7.535157e+00 -9.355468e-01  2.000000e+00
     vertex  7.535157e+00 -9.355468e-01  2.000000e-01
   endloop
 endfacet
 facet normal -1.000000e+00  0.000000e+00  0.000000e+00
   outer loop
     vertex  7.535157e+00 -1.035156e+00  2.000000e-01
     vertex  7.535157e+00 -1.035156e+00  2.000000e+00
     vertex  7.535157e+00 -9.355468e-01  2.000000e+00
   endloop
 endfacet
 facet normal  0.000000e+00 -1.000000e+00  0.000000e+00
   outer loop
     vertex  7.535157e+00 -9.355468e-01  2.000000e-01
     vertex  5.735352e+00 -9.355468e-01  2.000000e+00
     vertex  5.735352e+00 -9.355468e-01  2.000000e-01
   endloop
 endfacet
 facet normal  0.000000e+00 -1.000000e+00  0.000000e+00
   outer loop
     vertex  7.535157e+00 -9.355468e-01  2.000000e-01
     vertex  7.535157e+00 -9.355468e-01  2.000000e+00
     vertex  5.735352e+00 -9.355468e-01  2.000000e+00
   endloop
 endfacet
 facet normal -6.258827e-01 -7.799172e-01  0.000000e+00
   outer loop
     vertex  5.627753e+00 -9.042404e-01  2.000000e-01
     vertex  5.593750e+00 -8.769531e-01  2.000000e+00
     vertex  5.593750e+00 -8.769531e-01  2.000000e-01
   endloop
 endfacet
 facet normal -5.734750e-01 -8.192215e-01  1.585844e-03
   outer loop
     vertex  5.627753e+00 -9.042404e-01  2.000000e-01
     vertex  5.650719e+00 -9.168329e-01  2.000000e+00
     vertex  5.593750e+00 -8.769531e-01  2.000000e+00
   endloop
 endfacet
 facet normal -3.210326e-01 -9.470679e-01  6.353988e-04
   outer loop
     vertex  5.666860e+00 -9.235120e-01  2.000000e-01
     vertex  5.692009e+00 -9.308293e-01  2.000000e+00
     vertex  5.650719e+00 -9.168329e-01  2.000000e+00
   endloop
 endfacet
 facet normal -4.420302e-01 -8.969999e-01 -6.353973e-04
   outer loop
     vertex  5.666860e+00 -9.235120e-01  2.000000e-01
     vertex  5.650719e+00 -9.168329e-01  2.000000e+00
     vertex  5.627753e+00 -9.042404e-01  2.000000e-01
   endloop
 endfacet
 facet normal -1.082054e-01 -9.941286e-01  0.000000e+00
   outer loop
     vertex  5.735352e+00 -9.355468e-01  2.000000e-01
     vertex  5.735352e+00 -9.355468e-01  2.000000e+00
     vertex  5.692009e+00 -9.308293e-01  2.000000e+00
   endloop
 endfacet
 facet normal -1.730624e-01 -9.849096e-01 -1.585847e-03
   outer loop
     vertex  5.735352e+00 -9.355468e-01  2.000000e-01
     vertex  5.692009e+00 -9.308293e-01  2.000000e+00
     vertex  5.666860e+00 -9.235120e-01  2.000000e-01
   endloop
 endfacet
 facet normal -7.071068e-01 -7.071068e-01  0.000000e+00
   outer loop
     vertex  5.593750e+00 -8.769531e-01  2.000000e-01
     vertex  5.093750e+00 -3.769531e-01  2.000000e+00
     vertex  5.093750e+00 -3.769531e-01  2.000000e-01
   endloop
 endfacet
 facet normal -7.071068e-01 -7.071068e-01  0.000000e+00
   outer loop
     vertex  5.593750e+00 -8.769531e-01  2.000000e-01
     vertex  5.593750e+00 -8.769531e-01  2.000000e+00
     vertex  5.093750e+00 -3.769531e-01  2.000000e+00
   endloop
 endfacet
 facet normal -9.941287e-01 -1.082039e-01  0.000000e+00
   outer loop
     vertex  5.039874e+00 -2.786936e-01  2.000000e-01
     vertex  5.035156e+00 -2.353516e-01  2.000000e+00
     vertex  5.035156e+00 -2.353516e-01  2.000000e-01
   endloop
 endfacet
 facet normal -9.849099e-01 -1.730607e-01  1.585843e-03
   outer loop
     vertex  5.039874e+00 -2.786936e-01  2.000000e-01
     vertex  5.047191e+00 -3.038428e-01  2.000000e+00
     vertex  5.035156e+00 -2.353516e-01  2.000000e+00
   endloop
 endfacet
 facet normal -8.970007e-01 -4.420288e-01  6.353984e-04
   outer loop
     vertex  5.053870e+00 -3.199839e-01  2.000000e-01
     vertex  5.066463e+00 -3.429503e-01  2.000000e+00
     vertex  5.047191e+00 -3.038428e-01  2.000000e+00
   endloop
 endfacet
 facet normal -9.470684e-01 -3.210311e-01 -6.353969e-04
   outer loop
     vertex  5.053870e+00 -3.199839e-01  2.000000e-01
     vertex  5.047191e+00 -3.038428e-01  2.000000e+00
     vertex  5.039874e+00 -2.786936e-01  2.000000e-01
   endloop
 endfacet
 facet normal -7.799182e-01 -6.258815e-01  0.000000e+00
   outer loop
     vertex  5.093750e+00 -3.769531e-01  2.000000e-01
     vertex  5.093750e+00 -3.769531e-01  2.000000e+00
     vertex  5.066463e+00 -3.429503e-01  2.000000e+00
   endloop
 endfacet
 facet normal -8.192225e-01 -5.734736e-01 -1.585846e-03
   outer loop
     vertex  5.093750e+00 -3.769531e-01  2.000000e-01
     vertex  5.066463e+00 -3.429503e-01  2.000000e+00
     vertex  5.053870e+00 -3.199839e-01  2.000000e-01
   endloop
 endfacet
 facet normal -1.000000e+00  0.000000e+00  0.000000e+00
   outer loop
     vertex  5.035156e+00 -2.353516e-01  2.000000e-01
     vertex  5.035156e+00  2.646484e-01  2.000000e+00
     vertex  5.035156e+00  2.646484e-01  2.000000e-01
   endloop
 endfacet
 facet normal -1.000000e+00  0.000000e+00  0.000000e+00
   outer loop
     vertex  5.035156e+00 -2.353516e-01  2.000000e-01
     vertex  5.035156e+00 -2.353516e-01  2.000000e+00
     vertex  5.035156e+00  2.646484e-01  2.000000e+00
   endloop
 endfacet
 facet normal -7.799183e-01  6.258814e-01  0.000000e+00
   outer loop
     vertex  5.066463e+00  3.722471e-01  2.000000e-01
     vertex  5.093750e+00  4.062500e-01  2.000000e+00
     vertex  5.093750e+00  4.062500e-01  2.000000e-01
   endloop
 endfacet
 facet normal -8.192225e-01  5.734736e-01  1.585843e-03
   outer loop
     vertex  5.066463e+00  3.722471e-01  2.000000e-01
     vertex  5.053870e+00  3.492808e-01  2.000000e+00
     vertex  5.093750e+00  4.062500e-01  2.000000e+00
   endloop
 endfacet
 facet normal -9.470685e-01  3.210311e-01  6.353985e-04
   outer loop
     vertex  5.047191e+00  3.331397e-01  2.000000e-01
     vertex  5.039874e+00  3.079905e-01  2.000000e+00
     vertex  5.053870e+00  3.492808e-01  2.000000e+00
   endloop
 endfacet
 facet normal -8.970007e-01  4.420287e-01 -6.353970e-04
   outer loop
     vertex  5.047191e+00  3.331397e-01  2.000000e-01
     vertex  5.053870e+00  3.492808e-01  2.000000e+00
     vertex  5.066463e+00  3.722471e-01  2.000000e-01
   endloop
 endfacet
 facet normal -9.941287e-01  1.082038e-01  0.000000e+00
   outer loop
     vertex  5.035156e+00  2.646484e-01  2.000000e-01
     vertex  5.035156e+00  2.646484e-01  2.000000e+00
     vertex  5.039874e+00  3.079905e-01  2.000000e+00
   endloop
 endfacet
 facet normal -9.849099e-01  1.730608e-01 -1.585846e-03
   outer loop
     vertex  5.035156e+00  2.646484e-01  2.000000e-01
     vertex  5.039874e+00  3.079905e-01  2.000000e+00
     vertex  5.047191e+00  3.331397e-01  2.000000e-01
   endloop
 endfacet
 facet normal -7.071068e-01  7.071068e-01  0.000000e+00
   outer loop
     vertex  5.093750e+00  4.062500e-01  2.000000e-01
     vertex  5.593750e+00  9.062500e-01  2.000000e+00
     vertex  5.593750e+00  9.062500e-01  2.000000e-01
   endloop
 endfacet
 facet normal -7.071068e-01  7.071068e-01  0.000000e+00
   outer loop
     vertex  5.093750e+00  4.062500e-01  2.000000e-01
     vertex  5.093750e+00  4.062500e-01  2.000000e+00
     vertex  5.593750e+00  9.062500e-01  2.000000e+00
   endloop
 endfacet
 facet normal -1.082055e-01  9.941286e-01  0.000000e+00
   outer loop
     vertex  5.692009e+00  9.601262e-01  2.000000e-01
     vertex  5.735352e+00  9.648438e-01  2.000000e+00
     vertex  5.735352e+00  9.648438e-01  2.000000e-01
   endloop
 endfacet
 facet normal -1.730623e-01  9.849096e-01  1.585844e-03
   outer loop
     vertex  5.692009e+00  9.601262e-01  2.000000e-01
     vertex  5.666860e+00  9.528089e-01  2.000000e+00
     vertex  5.735352e+00  9.648438e-01  2.000000e+00
   endloop
 endfacet
 facet normal -4.420303e-01  8.969999e-01  6.353988e-04
   outer loop
     vertex  5.650719e+00  9.461298e-01  2.000000e-01
     vertex  5.627753e+00  9.335372e-01  2.000000e+00
     vertex  5.666860e+00  9.528089e-01  2.000000e+00
   endloop
 endfacet
 facet normal -3.210326e-01  9.470679e-01 -6.353973e-04
   outer loop
     vertex  5.650719e+00  9.461298e-01  2.000000e-01
     vertex  5.666860e+00  9.528089e-01  2.000000e+00
     vertex  5.692009e+00  9.601262e-01  2.000000e-01
   endloop
 endfacet
 facet normal -6.258828e-01  7.799171e-01  0.000000e+00
   outer loop
     vertex  5.593750e+00  9.062500e-01  2.000000e-01
     vertex  5.593750e+00  9.062500e-01  2.000000e+00
     vertex  5.627753e+00  9.335372e-01  2.000000e+00
   endloop
 endfacet
 facet normal -5.734750e-01  8.192215e-01 -1.585847e-03
   outer loop
     vertex  5.593750e+00  9.062500e-01  2.000000e-01
     vertex  5.627753e+00  9.335372e-01  2.000000e+00
     vertex  5.650719e+00  9.461298e-01  2.000000e-01
   endloop
 endfacet
 facet normal  6.168574e-17  1.000000e+00  0.000000e+00
   outer loop
     vertex  5.735352e+00  9.648438e-01  2.000000e-01
     vertex  7.535157e+00  9.648437e-01  2.000000e+00
     vertex  7.535157e+00  9.648437e-01  2.000000e-01
   endloop
 endfacet
 facet normal  6.168574e-17  1.000000e+00 -0.000000e+00
   outer loop
     vertex  5.735352e+00  9.648438e-01  2.000000e-01
     vertex  5.735352e+00  9.648438e-01  2.000000e+00
     vertex  7.535157e+00  9.648437e-01  2.000000e+00
   endloop
 endfacet
 facet normal -1.000000e+00  0.000000e+00  0.000000e+00
   outer loop
     vertex  7.535157e+00  9.648437e-01  2.000000e-01
     vertex  7.535157e+00  1.064453e+00  2.000000e+00
     vertex  7.535157e+00  1.064453e+00  2.000000e-01
   endloop
 endfacet
 facet normal -1.000000e+00  0.000000e+00  0.000000e+00
   outer loop
     vertex  7.535157e+00  9.648437e-01  2.000000e-01
     vertex  7.535157e+00  9.648437e-01  2.000000e+00
     vertex  7.535157e+00  1.064453e+00  2.000000e+00
   endloop
 endfacet
 facet normal  0.000000e+00 -1.000000e+00  0.000000e+00
   outer loop
     vertex  7.535157e+00  1.064453e+00  2.000000e-01
     vertex  5.318360e+00  1.064453e+00  2.000000e+00
     vertex  5.318360e+00  1.064453e+00  2.000000e-01
   endloop
 endfacet
 facet normal  0.000000e+00 -1.000000e+00  0.000000e+00
   outer loop
     vertex  7.535157e+00  1.064453e+00  2.000000e-01
     vertex  7.535157e+00  1.064453e+00  2.000000e+00
     vertex  5.318360e+00  1.064453e+00  2.000000e+00
   endloop
 endfacet
 facet normal  7.071067e-01 -7.071068e-01  0.000000e+00
   outer loop
     vertex  5.318360e+00  1.064453e+00  2.000000e-01
     vertex  4.876953e+00  6.230468e-01  2.000000e+00
     vertex  4.876953e+00  6.230468e-01  2.000000e-01
   endloop
 endfacet
 facet normal  7.071067e-01 -7.071068e-01  0.000000e+00
   outer loop
     vertex  5.318360e+00  1.064453e+00  2.000000e-01
     vertex  5.318360e+00  1.064453e+00  2.000000e+00
     vertex  4.876953e+00  6.230468e-01  2.000000e+00
   endloop
 endfacet
 facet normal  1.082050e-01 -9.941286e-01  0.000000e+00
   outer loop
     vertex  4.778694e+00  5.691706e-01  2.000000e-01
     vertex  4.735352e+00  5.644531e-01  2.000000e+00
     vertex  4.735352e+00  5.644531e-01  2.000000e-01
   endloop
 endfacet
 facet normal  1.730619e-01 -9.849097e-01  1.585846e-03
   outer loop
     vertex  4.778694e+00  5.691706e-01  2.000000e-01
     vertex  4.803843e+00  5.764879e-01  2.000000e+00
     vertex  4.735352e+00  5.644531e-01  2.000000e+00
   endloop
 endfacet
 facet normal  4.420301e-01 -8.970000e-01  6.353996e-04
   outer loop
     vertex  4.819984e+00  5.831670e-01  2.000000e-01
     vertex  4.842950e+00  5.957596e-01  2.000000e+00
     vertex  4.803843e+00  5.764879e-01  2.000000e+00
   endloop
 endfacet
 facet normal  3.210324e-01 -9.470680e-01 -6.353981e-04
   outer loop
     vertex  4.819984e+00  5.831670e-01  2.000000e-01
     vertex  4.803843e+00  5.764879e-01  2.000000e+00
     vertex  4.778694e+00  5.691706e-01  2.000000e-01
   endloop
 endfacet
 facet normal  6.258828e-01 -7.799172e-01  0.000000e+00
   outer loop
     vertex  4.876953e+00  6.230468e-01  2.000000e-01
     vertex  4.876953e+00  6.230468e-01  2.000000e+00
     vertex  4.842950e+00  5.957596e-01  2.000000e+00
   endloop
 endfacet
 facet normal  5.734749e-01 -8.192216e-01 -1.585849e-03
   outer loop
     vertex  4.876953e+00  6.230468e-01  2.000000e-01
     vertex  4.842950e+00  5.957596e-01  2.000000e+00
     vertex  4.819984e+00  5.831670e-01  2.000000e-01
   endloop
 endfacet
 facet normal  0.000000e+00 -1.000000e+00  0.000000e+00
   outer loop
     vertex  3.735352e+00  5.644531e-01  2.000000e-01
     vertex  4.735352e+00  5.644531e-01  2.000000e+00
     vertex  3.735352e+00  5.644531e-01  2.000000e+00
   endloop
 endfacet
 facet normal  0.000000e+00 -1.000000e+00  0.000000e+00
   outer loop
     vertex  4.735352e+00  5.644531e-01  2.000000e-01
     vertex  4.735352e+00  5.644531e-01  2.000000e+00
     vertex  3.735352e+00  5.644531e-01  2.000000e-01
   endloop
 endfacet
 facet normal -9.858102e-01 -1.678641e-01  0.000000e+00
   outer loop
     vertex  3.546487e+00  6.981081e-01  2.000000e-01
     vertex  3.535156e+00  7.646484e-01  2.000000e+00
     vertex  3.535156e+00  7.646484e-01  2.000000e-01
   endloop
 endfacet
 facet normal -9.752986e-01 -2.208814e-01  2.026055e-03
   outer loop
     vertex  3.546487e+00  6.981081e-01  2.000000e-01
     vertex  3.554749e+00  6.781356e-01  2.000000e+00
     vertex  3.535156e+00  7.646484e-01  2.000000e+00
   endloop
 endfacet
 facet normal -7.838747e-01 -6.209129e-01  2.763195e-03
   outer loop
     vertex  3.579305e+00  6.391252e-01  2.000000e-01
     vertex  3.609827e+00  6.086028e-01  2.000000e+00
     vertex  3.554749e+00  6.781356e-01  2.000000e+00
   endloop
 endfacet
 facet normal -8.738439e-01 -4.862046e-01 -1.383621e-03
   outer loop
     vertex  3.579305e+00  6.391252e-01  2.000000e-01
     vertex  3.554749e+00  6.781356e-01  2.000000e+00
     vertex  3.546487e+00  6.981081e-01  2.000000e-01
   endloop
 endfacet
 facet normal -4.862110e-01 -8.738404e-01  1.383650e-03
   outer loop
     vertex  3.648838e+00  5.840466e-01  2.000000e-01
     vertex  3.668810e+00  5.757839e-01  2.000000e+00
     vertex  3.609827e+00  6.086028e-01  2.000000e+00
   endloop
 endfacet
 facet normal -6.209186e-01 -7.838702e-01 -2.763251e-03
   outer loop
     vertex  3.648838e+00  5.840466e-01  2.000000e-01
     vertex  3.609827e+00  6.086028e-01  2.000000e+00
     vertex  3.579305e+00  6.391252e-01  2.000000e-01
   endloop
 endfacet
 facet normal -1.678666e-01 -9.858097e-01  0.000000e+00
   outer loop
     vertex  3.735352e+00  5.644531e-01  2.000000e-01
     vertex  3.735352e+00  5.644531e-01  2.000000e+00
     vertex  3.668810e+00  5.757839e-01  2.000000e+00
   endloop
 endfacet
 facet normal -2.208839e-01 -9.752980e-01 -2.026082e-03
   outer loop
     vertex  3.735352e+00  5.644531e-01  2.000000e-01
     vertex  3.668810e+00  5.757839e-01  2.000000e+00
     vertex  3.648838e+00  5.840466e-01  2.000000e-01
   endloop
 endfacet
 facet normal -1.000000e+00  0.000000e+00  0.000000e+00
   outer loop
     vertex  3.535156e+00  7.646484e-01  2.000000e-01
     vertex  3.535156e+00  1.764648e+00  2.000000e+00
     vertex  3.535156e+00  1.764648e+00  2.000000e-01
   endloop
 endfacet
 facet normal -1.000000e+00  0.000000e+00  0.000000e+00
   outer loop
     vertex  3.535156e+00  7.646484e-01  2.000000e-01
     vertex  3.535156e+00  7.646484e-01  2.000000e+00
     vertex  3.535156e+00  1.764648e+00  2.000000e+00
   endloop
 endfacet
 facet normal -7.799172e-01  6.258827e-01  0.000000e+00
   outer loop
     vertex  3.566463e+00  1.872247e+00  2.000000e-01
     vertex  3.593750e+00  1.906250e+00  2.000000e+00
     vertex  3.593750e+00  1.906250e+00  2.000000e-01
   endloop
 endfacet
 facet normal -8.192215e-01  5.734750e-01  1.585845e-03
   outer loop
     vertex  3.566463e+00  1.872247e+00  2.000000e-01
     vertex  3.553870e+00  1.849281e+00  2.000000e+00
     vertex  3.593750e+00  1.906250e+00  2.000000e+00
   endloop
 endfacet
 facet normal -9.470680e-01  3.210325e-01  6.353992e-04
   outer loop
     vertex  3.547191e+00  1.833140e+00  2.000000e-01
     vertex  3.539874e+00  1.807990e+00  2.000000e+00
     vertex  3.553870e+00  1.849281e+00  2.000000e+00
   endloop
 endfacet
 facet normal -8.970000e-01  4.420301e-01 -6.353977e-04
   outer loop
     vertex  3.547191e+00  1.833140e+00  2.000000e-01
     vertex  3.553870e+00  1.849281e+00  2.000000e+00
     vertex  3.566463e+00  1.872247e+00  2.000000e-01
   endloop
 endfacet
 facet normal -9.941286e-01  1.082052e-01  0.000000e+00
   outer loop
     vertex  3.535156e+00  1.764648e+00  2.000000e-01
     vertex  3.535156e+00  1.764648e+00  2.000000e+00
     vertex  3.539874e+00  1.807990e+00  2.000000e+00
   endloop
 endfacet
 facet normal -9.849096e-01  1.730622e-01 -1.585848e-03
   outer loop
     vertex  3.535156e+00  1.764648e+00  2.000000e-01
     vertex  3.539874e+00  1.807990e+00  2.000000e+00
     vertex  3.547191e+00  1.833140e+00  2.000000e-01
   endloop
 endfacet
 facet normal -7.071068e-01  7.071068e-01  0.000000e+00
   outer loop
     vertex  3.593750e+00  1.906250e+00  2.000000e-01
     vertex  4.593750e+00  2.906250e+00  2.000000e+00
     vertex  4.593750e+00  2.906250e+00  2.000000e-01
   endloop
 endfacet
 facet normal -7.071068e-01  7.071068e-01  0.000000e+00
   outer loop
     vertex  3.593750e+00  1.906250e+00  2.000000e-01
     vertex  3.593750e+00  1.906250e+00  2.000000e+00
     vertex  4.593750e+00  2.906250e+00  2.000000e+00
   endloop
 endfacet
 facet normal -1.082053e-01  9.941286e-01  0.000000e+00
   outer loop
     vertex  4.692009e+00  2.960126e+00  2.000000e-01
     vertex  4.735352e+00  2.964844e+00  2.000000e+00
     vertex  4.735352e+00  2.964844e+00  2.000000e-01
   endloop
 endfacet
 facet normal -1.730621e-01  9.849096e-01  1.585845e-03
   outer loop
     vertex  4.692009e+00  2.960126e+00  2.000000e-01
     vertex  4.666860e+00  2.952809e+00  2.000000e+00
     vertex  4.735352e+00  2.964844e+00  2.000000e+00
   endloop
 endfacet
 facet normal -4.420302e-01  8.970000e-01  6.353992e-04
   outer loop
     vertex  4.650719e+00  2.946130e+00  2.000000e-01
     vertex  4.627753e+00  2.933537e+00  2.000000e+00
     vertex  4.666860e+00  2.952809e+00  2.000000e+00
   endloop
 endfacet
 facet normal -3.210325e-01  9.470680e-01 -6.353977e-04
   outer loop
     vertex  4.650719e+00  2.946130e+00  2.000000e-01
     vertex  4.666860e+00  2.952809e+00  2.000000e+00
     vertex  4.692009e+00  2.960126e+00  2.000000e-01
   endloop
 endfacet
 facet normal -6.258828e-01  7.799171e-01  0.000000e+00
   outer loop
     vertex  4.593750e+00  2.906250e+00  2.000000e-01
     vertex  4.593750e+00  2.906250e+00  2.000000e+00
     vertex  4.627753e+00  2.933537e+00  2.000000e+00
   endloop
 endfacet
 facet normal -5.734749e-01  8.192216e-01 -1.585848e-03
   outer loop
     vertex  4.593750e+00  2.906250e+00  2.000000e-01
     vertex  4.627753e+00  2.933537e+00  2.000000e+00
     vertex  4.650719e+00  2.946130e+00  2.000000e-01
   endloop
 endfacet
 facet normal  0.000000e+00  1.000000e+00  0.000000e+00
   outer loop
     vertex  4.735352e+00  2.964844e+00  2.000000e-01
     vertex  8.235352e+00  2.964844e+00  2.000000e+00
     vertex  8.235352e+00  2.964844e+00  2.000000e-01
   endloop
 endfacet
 facet normal  0.000000e+00  1.000000e+00  0.000000e+00
   outer loop
     vertex  4.735352e+00  2.964844e+00  2.000000e-01
     vertex  4.735352e+00  2.964844e+00  2.000000e+00
     vertex  8.235352e+00  2.964844e+00  2.000000e+00
   endloop
 endfacet
 facet normal  6.258827e-01  7.799172e-01  0.000000e+00
   outer loop
     vertex  8.342950e+00  2.933537e+00  2.000000e-01
     vertex  8.376953e+00  2.906250e+00  2.000000e+00
     vertex  8.376953e+00  2.906250e+00  2.000000e-01
   endloop
 endfacet
 facet normal  5.734750e-01  8.192215e-01  1.585844e-03
   outer loop
     vertex  8.342950e+00  2.933537e+00  2.000000e-01
     vertex  8.319984e+00  2.946130e+00  2.000000e+00
     vertex  8.376953e+00  2.906250e+00  2.000000e+00
   endloop
 endfacet
 facet normal  3.210326e-01  9.470679e-01  6.353988e-04
   outer loop
     vertex  8.303843e+00  2.952809e+00  2.000000e-01
     vertex  8.278694e+00  2.960126e+00  2.000000e+00
     vertex  8.319984e+00  2.946130e+00  2.000000e+00
   endloop
 endfacet
 facet normal  4.420302e-01  8.969999e-01 -6.353973e-04
   outer loop
     vertex  8.303843e+00  2.952809e+00  2.000000e-01
     vertex  8.319984e+00  2.946130e+00  2.000000e+00
     vertex  8.342950e+00  2.933537e+00  2.000000e-01
   endloop
 endfacet
 facet normal  1.082054e-01  9.941286e-01 -0.000000e+00
   outer loop
     vertex  8.235352e+00  2.964844e+00  2.000000e-01
     vertex  8.235352e+00  2.964844e+00  2.000000e+00
     vertex  8.278694e+00  2.960126e+00  2.000000e+00
   endloop
 endfacet
 facet normal  1.730624e-01  9.849096e-01 -1.585847e-03
   outer loop
     vertex  8.235352e+00  2.964844e+00  2.000000e-01
     vertex  8.278694e+00  2.960126e+00  2.000000e+00
     vertex  8.303843e+00  2.952809e+00  2.000000e-01
   endloop
 endfacet
 facet normal  7.071066e-01  7.071070e-01  0.000000e+00
   outer loop
     vertex  8.376953e+00  2.906250e+00  2.000000e-01
     vertex  8.873047e+00  2.410156e+00  2.000000e+00
     vertex  8.873047e+00  2.410156e+00  2.000000e-01
   endloop
 endfacet
 facet normal  7.071066e-01  7.071070e-01 -0.000000e+00
   outer loop
     vertex  8.376953e+00  2.906250e+00  2.000000e-01
     vertex  8.376953e+00  2.906250e+00  2.000000e+00
     vertex  8.873047e+00  2.410156e+00  2.000000e+00
   endloop
 endfacet
 facet normal -6.984959e-01 -7.156140e-01  0.000000e+00
   outer loop
     vertex  6.206055e+00  6.902344e+00  2.000000e-01
     vertex  6.598067e+00  6.519709e+00  2.000000e+00
     vertex  6.206055e+00  6.902344e+00  2.000000e+00
   endloop
 endfacet
 facet normal -7.397658e-01 -6.728642e-01 -6.333078e-04
   outer loop
     vertex  6.626737e+00  6.489882e+00  2.000000e-01
     vertex  6.970062e+00  6.110727e+00  2.000000e+00
     vertex  6.598067e+00  6.519709e+00  2.000000e+00
   endloop
 endfacet
 facet normal -7.000953e-01 -7.140491e-01  6.810102e-04
   outer loop
     vertex  6.626737e+00  6.489882e+00  2.000000e-01
     vertex  6.598067e+00  6.519709e+00  2.000000e+00
     vertex  6.206055e+00  6.902344e+00  2.000000e-01
   endloop
 endfacet
 facet normal -7.784354e-01 -6.277238e-01 -1.102725e-03
   outer loop
     vertex  7.020486e+00  6.051358e+00  2.000000e-01
     vertex  7.315653e+00  5.682163e+00  2.000000e+00
     vertex  6.970062e+00  6.110727e+00  2.000000e+00
   endloop
 endfacet
 facet normal -7.440713e-01 -6.680992e-01  1.191626e-03
   outer loop
     vertex  7.020486e+00  6.051358e+00  2.000000e-01
     vertex  6.970062e+00  6.110727e+00  2.000000e+00
     vertex  6.626737e+00  6.489882e+00  2.000000e-01
   endloop
 endfacet
 facet normal -8.144065e-01 -5.802923e-01 -1.681908e-03
   outer loop
     vertex  7.396090e+00  5.574490e+00  2.000000e-01
     vertex  7.634140e+00  5.235185e+00  2.000000e+00
     vertex  7.315653e+00  5.682163e+00  2.000000e+00
   endloop
 endfacet
 facet normal -7.855785e-01 -6.187590e-01  1.907358e-03
   outer loop
     vertex  7.396090e+00  5.574490e+00  2.000000e-01
     vertex  7.315653e+00  5.682163e+00  2.000000e+00
     vertex  7.020486e+00  6.051358e+00  2.000000e-01
   endloop
 endfacet
 facet normal -8.477037e-01 -5.304660e-01 -2.060144e-03
   outer loop
     vertex  7.737171e+00  5.077527e+00  2.000000e-01
     vertex  7.923533e+00  4.772724e+00  2.000000e+00
     vertex  7.634140e+00  5.235185e+00  2.000000e+00
   endloop
 endfacet
 facet normal -8.244895e-01 -5.658723e-01  2.369778e-03
   outer loop
     vertex  7.737171e+00  5.077527e+00  2.000000e-01
     vertex  7.634140e+00  5.235185e+00  2.000000e+00
     vertex  7.396090e+00  5.574490e+00  2.000000e-01
   endloop
 endfacet
 facet normal -8.782116e-01 -4.782670e-01 -2.253355e-03
   outer loop
     vertex  8.041763e+00  4.564106e+00  2.000000e-01
     vertex  8.182310e+00  4.297548e+00  2.000000e+00
     vertex  7.923533e+00  4.772724e+00  2.000000e+00
   endloop
 endfacet
 facet normal -8.600369e-01 -5.102249e-01  2.644296e-03
   outer loop
     vertex  8.041763e+00  4.564106e+00  2.000000e-01
     vertex  7.923533e+00  4.772724e+00  2.000000e+00
     vertex  7.737171e+00  5.077527e+00  2.000000e-01
   endloop
 endfacet
 facet normal -9.057745e-01 -4.237539e-01 -2.272486e-03
   outer loop
     vertex  8.308497e+00  4.037477e+00  2.000000e-01
     vertex  8.409377e+00  3.812193e+00  2.000000e+00
     vertex  8.182310e+00  4.297548e+00  2.000000e+00
   endloop
 endfacet
 facet normal -8.920952e-01 -4.518391e-01  2.744352e-03
   outer loop
     vertex  8.308497e+00  4.037477e+00  2.000000e-01
     vertex  8.182310e+00  4.297548e+00  2.000000e+00
     vertex  8.041763e+00  4.564106e+00  2.000000e-01
   endloop
 endfacet
 facet normal -9.302056e-01 -3.670326e-01 -2.123259e-03
   outer loop
     vertex  8.536487e+00  3.500458e+00  2.000000e-01
     vertex  8.604009e+00  3.318918e+00  2.000000e+00
     vertex  8.409377e+00  3.812193e+00  2.000000e+00
   endloop
 endfacet
 facet normal -9.204773e-01 -3.907868e-01  2.677617e-03
   outer loop
     vertex  8.536487e+00  3.500458e+00  2.000000e-01
     vertex  8.409377e+00  3.812193e+00  2.000000e+00
     vertex  8.308497e+00  4.037477e+00  2.000000e-01
   endloop
 endfacet
 facet normal -9.503293e-01 -3.112440e-01 -1.196571e-03
   outer loop
     vertex  8.723450e+00  2.961146e+00  2.000000e-01
     vertex  8.751090e+00  2.869831e+00  2.000000e+00
     vertex  8.604009e+00  3.318918e+00  2.000000e+00
   endloop
 endfacet
 facet normal -9.448328e-01 -3.275443e-01  2.408041e-03
   outer loop
     vertex  8.723450e+00  2.961146e+00  2.000000e-01
     vertex  8.604009e+00  3.318918e+00  2.000000e+00
     vertex  8.536487e+00  3.500458e+00  2.000000e-01
   endloop
 endfacet
 facet normal -9.665603e-01 -2.564395e-01  0.000000e+00
   outer loop
     vertex  8.873047e+00  2.410156e+00  2.000000e-01
     vertex  8.873047e+00  2.410156e+00  2.000000e+00
     vertex  8.751090e+00  2.869831e+00  2.000000e+00
   endloop
 endfacet
 facet normal -9.650611e-01 -2.620204e-01  1.526790e-03
   outer loop
     vertex  8.873047e+00  2.410156e+00  2.000000e-01
     vertex  8.751090e+00  2.869831e+00  2.000000e+00
     vertex  8.723450e+00  2.961146e+00  2.000000e-01
   endloop
 endfacet
 facet normal -2.196188e-01 -9.755858e-01  0.000000e+00
   outer loop
     vertex  2.764562e+00  8.794022e+00  2.000000e-01
     vertex  2.409180e+00  8.874023e+00  2.000000e+00
     vertex  2.409180e+00  8.874023e+00  2.000000e-01
   endloop
 endfacet
 facet normal -2.274156e-01 -9.737964e-01 -1.618892e-03
   outer loop
     vertex  2.764562e+00  8.794022e+00  2.000000e-01
     vertex  2.872853e+00  8.765739e+00  2.000000e+00
     vertex  2.409180e+00  8.874023e+00  2.000000e+00
   endloop
 endfacet
 facet normal -2.928338e-01 -9.561606e-01 -2.306468e-03
   outer loop
     vertex  3.115990e+00  8.695618e+00  2.000000e-01
     vertex  3.345690e+00  8.620928e+00  2.000000e+00
     vertex  2.872853e+00  8.765739e+00  2.000000e+00
   endloop
 endfacet
 facet normal -2.696386e-01 -9.629610e-01  1.091565e-03
   outer loop
     vertex  3.115990e+00  8.695618e+00  2.000000e-01
     vertex  2.872853e+00  8.765739e+00  2.000000e+00
     vertex  2.764562e+00  8.794022e+00  2.000000e-01
   endloop
 endfacet
 facet normal -3.555053e-01 -9.346715e-01 -2.280660e-03
   outer loop
     vertex  3.587129e+00  8.533489e+00  2.000000e-01
     vertex  3.815024e+00  8.442416e+00  2.000000e+00
     vertex  3.345690e+00  8.620928e+00  2.000000e+00
   endloop
 endfacet
 facet normal -3.253945e-01 -9.455756e-01  2.287866e-03
   outer loop
     vertex  3.587129e+00  8.533489e+00  2.000000e-01
     vertex  3.345690e+00  8.620928e+00  2.000000e+00
     vertex  3.115990e+00  8.695618e+00  2.000000e-01
   endloop
 endfacet
 facet normal -4.154168e-01 -9.096283e-01 -2.286835e-03
   outer loop
     vertex  4.053731e+00  8.337927e+00  2.000000e-01
     vertex  4.279399e+00  8.230341e+00  2.000000e+00
     vertex  3.815024e+00  8.442416e+00  2.000000e+00
   endloop
 endfacet
 facet normal -3.865414e-01 -9.222692e-01  2.276278e-03
   outer loop
     vertex  4.053731e+00  8.337927e+00  2.000000e-01
     vertex  3.815024e+00  8.442416e+00  2.000000e+00
     vertex  3.587129e+00  8.533489e+00  2.000000e-01
   endloop
 endfacet
 facet normal -4.728984e-01 -8.811140e-01 -2.291507e-03
   outer loop
     vertex  4.511847e+00  8.110266e+00  2.000000e-01
     vertex  4.734626e+00  7.986018e+00  2.000000e+00
     vertex  4.279399e+00  8.230341e+00  2.000000e+00
   endloop
 endfacet
 facet normal -4.450250e-01 -8.955153e-01  2.268703e-03
   outer loop
     vertex  4.511847e+00  8.110266e+00  2.000000e-01
     vertex  4.279399e+00  8.230341e+00  2.000000e+00
     vertex  4.053731e+00  8.337927e+00  2.000000e-01
   endloop
 endfacet
 facet normal -5.279529e-01 -8.492705e-01 -2.294227e-03
   outer loop
     vertex  4.958263e+00  7.851856e+00  2.000000e-01
     vertex  5.177265e+00  7.710850e+00  2.000000e+00
     vertex  4.734626e+00  7.986018e+00  2.000000e+00
   endloop
 endfacet
 facet normal -5.009755e-01 -8.654585e-01  2.264114e-03
   outer loop
     vertex  4.958263e+00  7.851856e+00  2.000000e-01
     vertex  4.734626e+00  7.986018e+00  2.000000e+00
     vertex  4.511847e+00  8.110266e+00  2.000000e-01
   endloop
 endfacet
 facet normal -5.805117e-01 -8.142487e-01 -2.294740e-03
   outer loop
     vertex  5.390396e+00  7.563972e+00  2.000000e-01
     vertex  5.604561e+00  7.406213e+00  2.000000e+00
     vertex  5.177265e+00  7.710850e+00  2.000000e+00
   endloop
 endfacet
 facet normal -5.544249e-01 -8.322307e-01  2.261403e-03
   outer loop
     vertex  5.390396e+00  7.563972e+00  2.000000e-01
     vertex  5.177265e+00  7.710850e+00  2.000000e+00
     vertex  4.958263e+00  7.851856e+00  2.000000e-01
   endloop
 endfacet
 facet normal -6.240312e-01 -7.813986e-01 -1.106634e-03
   outer loop
     vertex  5.808310e+00  7.246046e+00  2.000000e-01
     vertex  5.908271e+00  7.163667e+00  2.000000e+00
     vertex  5.604561e+00  7.406213e+00  2.000000e+00
   endloop
 endfacet
 facet normal -6.054579e-01 -7.958740e-01  2.283796e-03
   outer loop
     vertex  5.808310e+00  7.246046e+00  2.000000e-01
     vertex  5.604561e+00  7.406213e+00  2.000000e+00
     vertex  5.390396e+00  7.563972e+00  2.000000e-01
   endloop
 endfacet
 facet normal -6.595944e-01 -7.516217e-01  0.000000e+00
   outer loop
     vertex  6.206055e+00  6.902344e+00  2.000000e-01
     vertex  6.206055e+00  6.902344e+00  2.000000e+00
     vertex  5.908271e+00  7.163667e+00  2.000000e+00
   endloop
 endfacet
 facet normal -6.538321e-01 -7.566378e-01  1.681536e-03
   outer loop
     vertex  6.206055e+00  6.902344e+00  2.000000e-01
     vertex  5.908271e+00  7.163667e+00  2.000000e+00
     vertex  5.808310e+00  7.246046e+00  2.000000e-01
   endloop
 endfacet
 facet normal  7.071069e-01  7.071067e-01  0.000000e+00
   outer loop
     vertex  2.409180e+00  8.874023e+00  2.000000e-01
     vertex  2.876953e+00  8.406250e+00  2.000000e+00
     vertex  2.876953e+00  8.406250e+00  2.000000e-01
   endloop
 endfacet
 facet normal  7.071069e-01  7.071067e-01 -0.000000e+00
   outer loop
     vertex  2.409180e+00  8.874023e+00  2.000000e-01
     vertex  2.409180e+00  8.874023e+00  2.000000e+00
     vertex  2.876953e+00  8.406250e+00  2.000000e+00
   endloop
 endfacet
 facet normal  9.941286e-01  1.082055e-01  0.000000e+00
   outer loop
     vertex  2.930829e+00  8.307991e+00  2.000000e-01
     vertex  2.935547e+00  8.264648e+00  2.000000e+00
     vertex  2.935547e+00  8.264648e+00  2.000000e-01
   endloop
 endfacet
 facet normal  9.849096e-01  1.730623e-01  1.585844e-03
   outer loop
     vertex  2.930829e+00  8.307991e+00  2.000000e-01
     vertex  2.923512e+00  8.333140e+00  2.000000e+00
     vertex  2.935547e+00  8.264648e+00  2.000000e+00
   endloop
 endfacet
 facet normal  8.969999e-01  4.420303e-01  6.353988e-04
   outer loop
     vertex  2.916833e+00  8.349281e+00  2.000000e-01
     vertex  2.904240e+00  8.372247e+00  2.000000e+00
     vertex  2.923512e+00  8.333140e+00  2.000000e+00
   endloop
 endfacet
 facet normal  9.470679e-01  3.210326e-01 -6.353973e-04
   outer loop
     vertex  2.916833e+00  8.349281e+00  2.000000e-01
     vertex  2.923512e+00  8.333140e+00  2.000000e+00
     vertex  2.930829e+00  8.307991e+00  2.000000e-01
   endloop
 endfacet
 facet normal  7.799171e-01  6.258828e-01 -0.000000e+00
   outer loop
     vertex  2.876953e+00  8.406250e+00  2.000000e-01
     vertex  2.876953e+00  8.406250e+00  2.000000e+00
     vertex  2.904240e+00  8.372247e+00  2.000000e+00
   endloop
 endfacet
 facet normal  8.192215e-01  5.734750e-01 -1.585847e-03
   outer loop
     vertex  2.876953e+00  8.406250e+00  2.000000e-01
     vertex  2.904240e+00  8.372247e+00  2.000000e+00
     vertex  2.916833e+00  8.349281e+00  2.000000e-01
   endloop
 endfacet
 facet normal  1.000000e+00  0.000000e+00  0.000000e+00
   outer loop
     vertex  2.935547e+00  8.264648e+00  2.000000e-01
     vertex  2.935547e+00  4.764648e+00  2.000000e+00
     vertex  2.935547e+00  4.764648e+00  2.000000e-01
   endloop
 endfacet
 facet normal  1.000000e+00  0.000000e+00 -0.000000e+00
   outer loop
     vertex  2.935547e+00  8.264648e+00  2.000000e-01
     vertex  2.935547e+00  8.264648e+00  2.000000e+00
     vertex  2.935547e+00  4.764648e+00  2.000000e+00
   endloop
 endfacet
 facet normal  7.799172e-01 -6.258827e-01  0.000000e+00
   outer loop
     vertex  2.904240e+00  4.657050e+00  2.000000e-01
     vertex  2.876953e+00  4.623047e+00  2.000000e+00
     vertex  2.876953e+00  4.623047e+00  2.000000e-01
   endloop
 endfacet
 facet normal  8.192215e-01 -5.734750e-01  1.585845e-03
   outer loop
     vertex  2.904240e+00  4.657050e+00  2.000000e-01
     vertex  2.916833e+00  4.680016e+00  2.000000e+00
     vertex  2.876953e+00  4.623047e+00  2.000000e+00
   endloop
 endfacet
 facet normal  9.470680e-01 -3.210325e-01  6.353992e-04
   outer loop
     vertex  2.923512e+00  4.696157e+00  2.000000e-01
     vertex  2.930829e+00  4.721306e+00  2.000000e+00
     vertex  2.916833e+00  4.680016e+00  2.000000e+00
   endloop
 endfacet
 facet normal  8.970000e-01 -4.420301e-01 -6.353977e-04
   outer loop
     vertex  2.923512e+00  4.696157e+00  2.000000e-01
     vertex  2.916833e+00  4.680016e+00  2.000000e+00
     vertex  2.904240e+00  4.657050e+00  2.000000e-01
   endloop
 endfacet
 facet normal  9.941286e-01 -1.082052e-01  0.000000e+00
   outer loop
     vertex  2.935547e+00  4.764648e+00  2.000000e-01
     vertex  2.935547e+00  4.764648e+00  2.000000e+00
     vertex  2.930829e+00  4.721306e+00  2.000000e+00
   endloop
 endfacet
 facet normal  9.849096e-01 -1.730622e-01 -1.585848e-03
   outer loop
     vertex  2.935547e+00  4.764648e+00  2.000000e-01
     vertex  2.930829e+00  4.721306e+00  2.000000e+00
     vertex  2.923512e+00  4.696157e+00  2.000000e-01
   endloop
 endfacet
 facet normal  7.071068e-01 -7.071067e-01  0.000000e+00
   outer loop
     vertex  2.876953e+00  4.623047e+00  2.000000e-01
     vertex  1.876953e+00  3.623047e+00  2.000000e+00
     vertex  1.876953e+00  3.623047e+00  2.000000e-01
   endloop
 endfacet
 facet normal  7.071068e-01 -7.071067e-01  0.000000e+00
   outer loop
     vertex  2.876953e+00  4.623047e+00  2.000000e-01
     vertex  2.876953e+00  4.623047e+00  2.000000e+00
     vertex  1.876953e+00  3.623047e+00  2.000000e+00
   endloop
 endfacet
 facet normal  1.082050e-01 -9.941286e-01  0.000000e+00
   outer loop
     vertex  1.778694e+00  3.569171e+00  2.000000e-01
     vertex  1.735352e+00  3.564453e+00  2.000000e+00
     vertex  1.735352e+00  3.564453e+00  2.000000e-01
   endloop
 endfacet
 facet normal  1.730619e-01 -9.849097e-01  1.585846e-03
   outer loop
     vertex  1.778694e+00  3.569171e+00  2.000000e-01
     vertex  1.803843e+00  3.576488e+00  2.000000e+00
     vertex  1.735352e+00  3.564453e+00  2.000000e+00
   endloop
 endfacet
 facet normal  4.420301e-01 -8.970000e-01  6.353996e-04
   outer loop
     vertex  1.819984e+00  3.583167e+00  2.000000e-01
     vertex  1.842950e+00  3.595760e+00  2.000000e+00
     vertex  1.803843e+00  3.576488e+00  2.000000e+00
   endloop
 endfacet
 facet normal  3.210324e-01 -9.470680e-01 -6.353981e-04
   outer loop
     vertex  1.819984e+00  3.583167e+00  2.000000e-01
     vertex  1.803843e+00  3.576488e+00  2.000000e+00
     vertex  1.778694e+00  3.569171e+00  2.000000e-01
   endloop
 endfacet
 facet normal  6.258828e-01 -7.799172e-01  0.000000e+00
   outer loop
     vertex  1.876953e+00  3.623047e+00  2.000000e-01
     vertex  1.876953e+00  3.623047e+00  2.000000e+00
     vertex  1.842950e+00  3.595760e+00  2.000000e+00
   endloop
 endfacet
 facet normal  5.734749e-01 -8.192216e-01 -1.585849e-03
   outer loop
     vertex  1.876953e+00  3.623047e+00  2.000000e-01
     vertex  1.842950e+00  3.595760e+00  2.000000e+00
     vertex  1.819984e+00  3.583167e+00  2.000000e-01
   endloop
 endfacet
 facet normal  0.000000e+00 -1.000000e+00  0.000000e+00
   outer loop
     vertex  2.353516e-01  3.564453e+00  2.000000e-01
     vertex  1.735352e+00  3.564453e+00  2.000000e+00
     vertex  2.353516e-01  3.564453e+00  2.000000e+00
   endloop
 endfacet
 facet normal  0.000000e+00 -1.000000e+00  0.000000e+00
   outer loop
     vertex  1.735352e+00  3.564453e+00  2.000000e-01
     vertex  1.735352e+00  3.564453e+00  2.000000e+00
     vertex  2.353516e-01  3.564453e+00  2.000000e-01
   endloop
 endfacet
 facet normal -9.858102e-01 -1.678641e-01  0.000000e+00
   outer loop
     vertex  4.648677e-02  3.698108e+00  2.000000e-01
     vertex  3.515625e-02  3.764648e+00  2.000000e+00
     vertex  3.515625e-02  3.764648e+00  2.000000e-01
   endloop
 endfacet
 facet normal -9.752986e-01 -2.208814e-01  2.026054e-03
   outer loop
     vertex  4.648677e-02  3.698108e+00  2.000000e-01
     vertex  5.474930e-02  3.678136e+00  2.000000e+00
     vertex  3.515625e-02  3.764648e+00  2.000000e+00
   endloop
 endfacet
 facet normal -7.838747e-01 -6.209129e-01  2.763195e-03
   outer loop
     vertex  7.930472e-02  3.639125e+00  2.000000e-01
     vertex  1.098268e-01  3.608603e+00  2.000000e+00
     vertex  5.474930e-02  3.678136e+00  2.000000e+00
   endloop
 endfacet
 facet normal -8.738439e-01 -4.862047e-01 -1.383621e-03
   outer loop
     vertex  7.930472e-02  3.639125e+00  2.000000e-01
     vertex  5.474930e-02  3.678136e+00  2.000000e+00
     vertex  4.648677e-02  3.698108e+00  2.000000e-01
   endloop
 endfacet
 facet normal -4.862110e-01 -8.738404e-01  1.383650e-03
   outer loop
     vertex  1.488379e-01  3.584047e+00  2.000000e-01
     vertex  1.688103e-01  3.575784e+00  2.000000e+00
     vertex  1.098268e-01  3.608603e+00  2.000000e+00
   endloop
 endfacet
 facet normal -6.209186e-01 -7.838702e-01 -2.763251e-03
   outer loop
     vertex  1.488379e-01  3.584047e+00  2.000000e-01
     vertex  1.098268e-01  3.608603e+00  2.000000e+00
     vertex  7.930472e-02  3.639125e+00  2.000000e-01
   endloop
 endfacet
 facet normal -1.678665e-01 -9.858097e-01  0.000000e+00
   outer loop
     vertex  2.353516e-01  3.564453e+00  2.000000e-01
     vertex  2.353516e-01  3.564453e+00  2.000000e+00
     vertex  1.688103e-01  3.575784e+00  2.000000e+00
   endloop
 endfacet
 facet normal -2.208839e-01 -9.752980e-01 -2.026081e-03
   outer loop
     vertex  2.353516e-01  3.564453e+00  2.000000e-01
     vertex  1.688103e-01  3.575784e+00  2.000000e+00
     vertex  1.488379e-01  3.584047e+00  2.000000e-01
   endloop
 endfacet
 facet normal -1.000000e+00  0.000000e+00  0.000000e+00
   outer loop
     vertex  3.515625e-02  3.764648e+00  2.000000e-01
     vertex  3.515625e-02  5.764648e+00  2.000000e+00
     vertex  3.515625e-02  5.764648e+00  2.000000e-01
   endloop
 endfacet
 facet normal -1.000000e+00  0.000000e+00  0.000000e+00
   outer loop
     vertex  3.515625e-02  3.764648e+00  2.000000e-01
     vertex  3.515625e-02  3.764648e+00  2.000000e+00
     vertex  3.515625e-02  5.764648e+00  2.000000e+00
   endloop
 endfacet
 facet normal -7.799172e-01  6.258827e-01  0.000000e+00
   outer loop
     vertex  6.646274e-02  5.872247e+00  2.000000e-01
     vertex  9.375000e-02  5.906250e+00  2.000000e+00
     vertex  9.375000e-02  5.906250e+00  2.000000e-01
   endloop
 endfacet
 facet normal -8.192215e-01  5.734750e-01  1.585844e-03
   outer loop
     vertex  6.646274e-02  5.872247e+00  2.000000e-01
     vertex  5.387017e-02  5.849281e+00  2.000000e+00
     vertex  9.375000e-02  5.906250e+00  2.000000e+00
   endloop
 endfacet
 facet normal -9.470679e-01  3.210326e-01  6.353988e-04
   outer loop
     vertex  4.719112e-02  5.833140e+00  2.000000e-01
     vertex  3.987379e-02  5.807991e+00  2.000000e+00
     vertex  5.387017e-02  5.849281e+00  2.000000e+00
   endloop
 endfacet
 facet normal -8.969999e-01  4.420302e-01 -6.353973e-04
   outer loop
     vertex  4.719112e-02  5.833140e+00  2.000000e-01
     vertex  5.387017e-02  5.849281e+00  2.000000e+00
     vertex  6.646274e-02  5.872247e+00  2.000000e-01
   endloop
 endfacet
 facet normal -9.941286e-01  1.082054e-01  0.000000e+00
   outer loop
     vertex  3.515625e-02  5.764648e+00  2.000000e-01
     vertex  3.515625e-02  5.764648e+00  2.000000e+00
     vertex  3.987379e-02  5.807991e+00  2.000000e+00
   endloop
 endfacet
 facet normal -9.849096e-01  1.730624e-01 -1.585847e-03
   outer loop
     vertex  3.515625e-02  5.764648e+00  2.000000e-01
     vertex  3.987379e-02  5.807991e+00  2.000000e+00
     vertex  4.719112e-02  5.833140e+00  2.000000e-01
   endloop
 endfacet
 facet normal -7.071070e-01  7.071066e-01  0.000000e+00
   outer loop
     vertex  9.375000e-02  5.906250e+00  2.000000e-01
     vertex  5.351562e-01  6.347657e+00  2.000000e+00
     vertex  5.351562e-01  6.347657e+00  2.000000e-01
   endloop
 endfacet
 facet normal -7.071070e-01  7.071066e-01  0.000000e+00
   outer loop
     vertex  9.375000e-02  5.906250e+00  2.000000e-01
     vertex  9.375000e-02  5.906250e+00  2.000000e+00
     vertex  5.351562e-01  6.347657e+00  2.000000e+00
   endloop
 endfacet
 facet normal -1.000000e+00  0.000000e+00  0.000000e+00
   outer loop
     vertex  5.351562e-01  6.347657e+00  2.000000e-01
     vertex  5.351562e-01  6.681641e+00  2.000000e+00
     vertex  5.351562e-01  6.681641e+00  2.000000e-01
   endloop
 endfacet
 facet normal -1.000000e+00  0.000000e+00  0.000000e+00
   outer loop
     vertex  5.351562e-01  6.347657e+00  2.000000e-01
     vertex  5.351562e-01  6.347657e+00  2.000000e+00
     vertex  5.351562e-01  6.681641e+00  2.000000e+00
   endloop
 endfacet
 facet normal -7.071068e-01 -7.071068e-01  0.000000e+00
   outer loop
     vertex  5.351562e-01  6.681641e+00  2.000000e-01
     vertex  1.523438e-01  7.064453e+00  2.000000e+00
     vertex  1.523438e-01  7.064453e+00  2.000000e-01
   endloop
 endfacet
 facet normal -7.071068e-01 -7.071068e-01  0.000000e+00
   outer loop
     vertex  5.351562e-01  6.681641e+00  2.000000e-01
     vertex  5.351562e-01  6.681641e+00  2.000000e+00
     vertex  1.523438e-01  7.064453e+00  2.000000e+00
   endloop
 endfacet
 facet normal  0.000000e+00 -1.000000e+00  0.000000e+00
   outer loop
     vertex  1.523438e-01  7.064453e+00  2.000000e-01
     vertex -1.816406e-01  7.064453e+00  2.000000e+00
     vertex -1.816406e-01  7.064453e+00  2.000000e-01
   endloop
 endfacet
 facet normal  0.000000e+00 -1.000000e+00  0.000000e+00
   outer loop
     vertex  1.523438e-01  7.064453e+00  2.000000e-01
     vertex  1.523438e-01  7.064453e+00  2.000000e+00
     vertex -1.816406e-01  7.064453e+00  2.000000e+00
   endloop
 endfacet
 facet normal  7.071068e-01 -7.071068e-01  0.000000e+00
   outer loop
     vertex -1.816406e-01  7.064453e+00  2.000000e-01
     vertex -5.644531e-01  6.681641e+00  2.000000e+00
     vertex -5.644531e-01  6.681641e+00  2.000000e-01
   endloop
 endfacet
 facet normal  7.071068e-01 -7.071068e-01  0.000000e+00
   outer loop
     vertex -1.816406e-01  7.064453e+00  2.000000e-01
     vertex -1.816406e-01  7.064453e+00  2.000000e+00
     vertex -5.644531e-01  6.681641e+00  2.000000e+00
   endloop
 endfacet
 facet normal  1.000000e+00 -3.324180e-16  0.000000e+00
   outer loop
     vertex -5.644531e-01  6.681641e+00  2.000000e-01
     vertex -5.644531e-01  6.347657e+00  2.000000e+00
     vertex -5.644531e-01  6.347657e+00  2.000000e-01
   endloop
 endfacet
 facet normal  1.000000e+00 -3.324180e-16  0.000000e+00
   outer loop
     vertex -5.644531e-01  6.681641e+00  2.000000e-01
     vertex -5.644531e-01  6.681641e+00  2.000000e+00
     vertex -5.644531e-01  6.347657e+00  2.000000e+00
   endloop
 endfacet
 facet normal  7.071070e-01  7.071066e-01  0.000000e+00
   outer loop
     vertex -5.644531e-01  6.347657e+00  2.000000e-01
     vertex -1.230469e-01  5.906250e+00  2.000000e+00
     vertex -1.230469e-01  5.906250e+00  2.000000e-01
   endloop
 endfacet
 facet normal  7.071070e-01  7.071066e-01 -0.000000e+00
   outer loop
     vertex -5.644531e-01  6.347657e+00  2.000000e-01
     vertex -5.644531e-01  6.347657e+00  2.000000e+00
     vertex -1.230469e-01  5.906250e+00  2.000000e+00
   endloop
 endfacet
 facet normal  9.941286e-01  1.082055e-01  0.000000e+00
   outer loop
     vertex -6.917067e-02  5.807991e+00  2.000000e-01
     vertex -6.445313e-02  5.764648e+00  2.000000e+00
     vertex -6.445313e-02  5.764648e+00  2.000000e-01
   endloop
 endfacet
 facet normal  9.849096e-01  1.730623e-01  1.585844e-03
   outer loop
     vertex -6.917067e-02  5.807991e+00  2.000000e-01
     vertex -7.648799e-02  5.833140e+00  2.000000e+00
     vertex -6.445313e-02  5.764648e+00  2.000000e+00
   endloop
 endfacet
 facet normal  8.969999e-01  4.420303e-01  6.353988e-04
   outer loop
     vertex -8.316704e-02  5.849281e+00  2.000000e-01
     vertex -9.575963e-02  5.872247e+00  2.000000e+00
     vertex -7.648799e-02  5.833140e+00  2.000000e+00
   endloop
 endfacet
 facet normal  9.470679e-01  3.210326e-01 -6.353973e-04
   outer loop
     vertex -8.316704e-02  5.849281e+00  2.000000e-01
     vertex -7.648799e-02  5.833140e+00  2.000000e+00
     vertex -6.917067e-02  5.807991e+00  2.000000e-01
   endloop
 endfacet
 facet normal  7.799171e-01  6.258828e-01 -0.000000e+00
   outer loop
     vertex -1.230469e-01  5.906250e+00  2.000000e-01
     vertex -1.230469e-01  5.906250e+00  2.000000e+00
     vertex -9.575963e-02  5.872247e+00  2.000000e+00
   endloop
 endfacet
 facet normal  8.192215e-01  5.734750e-01 -1.585847e-03
   outer loop
     vertex -1.230469e-01  5.906250e+00  2.000000e-01
     vertex -9.575963e-02  5.872247e+00  2.000000e+00
     vertex -8.316704e-02  5.849281e+00  2.000000e-01
   endloop
 endfacet
 facet normal  1.000000e+00  0.000000e+00  0.000000e+00
   outer loop
     vertex -6.445313e-02  5.764648e+00  2.000000e-01
     vertex -6.445313e-02  3.764648e+00  2.000000e+00
     vertex -6.445313e-02  3.764648e+00  2.000000e-01
   endloop
 endfacet
 facet normal  1.000000e+00  0.000000e+00 -0.000000e+00
   outer loop
     vertex -6.445313e-02  5.764648e+00  2.000000e-01
     vertex -6.445313e-02  5.764648e+00  2.000000e+00
     vertex -6.445313e-02  3.764648e+00  2.000000e+00
   endloop
 endfacet
 facet normal  1.678643e-01 -9.858101e-01  0.000000e+00
   outer loop
     vertex -1.981080e-01  3.575784e+00  2.000000e-01
     vertex -2.646484e-01  3.564453e+00  2.000000e+00
     vertex -2.646484e-01  3.564453e+00  2.000000e-01
   endloop
 endfacet
 facet normal  2.208816e-01 -9.752985e-01  2.026054e-03
   outer loop
     vertex -1.981080e-01  3.575784e+00  2.000000e-01
     vertex -1.781356e-01  3.584046e+00  2.000000e+00
     vertex -2.646484e-01  3.564453e+00  2.000000e+00
   endloop
 endfacet
 facet normal  6.209131e-01 -7.838745e-01  2.763195e-03
   outer loop
     vertex -1.391251e-01  3.608602e+00  2.000000e-01
     vertex -1.086028e-01  3.639124e+00  2.000000e+00
     vertex -1.781356e-01  3.584046e+00  2.000000e+00
   endloop
 endfacet
 facet normal  4.862048e-01 -8.738438e-01 -1.383621e-03
   outer loop
     vertex -1.391251e-01  3.608602e+00  2.000000e-01
     vertex -1.781356e-01  3.584046e+00  2.000000e+00
     vertex -1.981080e-01  3.575784e+00  2.000000e-01
   endloop
 endfacet
 facet normal  8.738405e-01 -4.862108e-01  1.383650e-03
   outer loop
     vertex -8.404657e-02  3.678135e+00  2.000000e-01
     vertex -7.578395e-02  3.698107e+00  2.000000e+00
     vertex -1.086028e-01  3.639124e+00  2.000000e+00
   endloop
 endfacet
 facet normal  7.838703e-01 -6.209184e-01 -2.763251e-03
   outer loop
     vertex -8.404657e-02  3.678135e+00  2.000000e-01
     vertex -1.086028e-01  3.639124e+00  2.000000e+00
     vertex -1.391251e-01  3.608602e+00  2.000000e-01
   endloop
 endfacet
 facet normal  9.858098e-01 -1.678663e-01  0.000000e+00
   outer loop
     vertex -6.445313e-02  3.764648e+00  2.000000e-01
     vertex -6.445313e-02  3.764648e+00  2.000000e+00
     vertex -7.578395e-02  3.698107e+00  2.000000e+00
   endloop
 endfacet
 facet normal  9.752981e-01 -2.208837e-01 -2.026082e-03
   outer loop
     vertex -6.445313e-02  3.764648e+00  2.000000e-01
     vertex -7.578395e-02  3.698107e+00  2.000000e+00
     vertex -8.404657e-02  3.678135e+00  2.000000e-01
   endloop
 endfacet
 facet normal  0.000000e+00 -1.000000e+00  0.000000e+00
   outer loop
     vertex -2.646484e-01  3.564453e+00  2.000000e-01
     vertex -1.764648e+00  3.564453e+00  2.000000e+00
     vertex -1.764648e+00  3.564453e+00  2.000000e-01
   endloop
 endfacet
 facet normal  0.000000e+00 -1.000000e+00  0.000000e+00
   outer loop
     vertex -2.646484e-01  3.564453e+00  2.000000e-01
     vertex -2.646484e-01  3.564453e+00  2.000000e+00
     vertex -1.764648e+00  3.564453e+00  2.000000e+00
   endloop
 endfacet
 facet normal -6.258827e-01 -7.799172e-01  0.000000e+00
   outer loop
     vertex -1.872247e+00  3.595760e+00  2.000000e-01
     vertex -1.906250e+00  3.623047e+00  2.000000e+00
     vertex -1.906250e+00  3.623047e+00  2.000000e-01
   endloop
 endfacet
 facet normal -5.734750e-01 -8.192215e-01  1.585845e-03
   outer loop
     vertex -1.872247e+00  3.595760e+00  2.000000e-01
     vertex -1.849281e+00  3.583167e+00  2.000000e+00
     vertex -1.906250e+00  3.623047e+00  2.000000e+00
   endloop
 endfacet
 facet normal -3.210325e-01 -9.470680e-01  6.353992e-04
   outer loop
     vertex -1.833140e+00  3.576488e+00  2.000000e-01
     vertex -1.807990e+00  3.569171e+00  2.000000e+00
     vertex -1.849281e+00  3.583167e+00  2.000000e+00
   endloop
 endfacet
 facet normal -4.420301e-01 -8.970000e-01 -6.353977e-04
   outer loop
     vertex -1.833140e+00  3.576488e+00  2.000000e-01
     vertex -1.849281e+00  3.583167e+00  2.000000e+00
     vertex -1.872247e+00  3.595760e+00  2.000000e-01
   endloop
 endfacet
 facet normal -1.082052e-01 -9.941286e-01  0.000000e+00
   outer loop
     vertex -1.764648e+00  3.564453e+00  2.000000e-01
     vertex -1.764648e+00  3.564453e+00  2.000000e+00
     vertex -1.807990e+00  3.569171e+00  2.000000e+00
   endloop
 endfacet
 facet normal -1.730622e-01 -9.849096e-01 -1.585848e-03
   outer loop
     vertex -1.764648e+00  3.564453e+00  2.000000e-01
     vertex -1.807990e+00  3.569171e+00  2.000000e+00
     vertex -1.833140e+00  3.576488e+00  2.000000e-01
   endloop
 endfacet
 facet normal -7.071068e-01 -7.071068e-01  0.000000e+00
   outer loop
     vertex -2.906250e+00  4.623047e+00  2.000000e-01
     vertex -1.906250e+00  3.623047e+00  2.000000e+00
     vertex -2.906250e+00  4.623047e+00  2.000000e+00
   endloop
 endfacet
 facet normal -7.071068e-01 -7.071068e-01  0.000000e+00
   outer loop
     vertex -1.906250e+00  3.623047e+00  2.000000e-01
     vertex -1.906250e+00  3.623047e+00  2.000000e+00
     vertex -2.906250e+00  4.623047e+00  2.000000e-01
   endloop
 endfacet
 facet normal -9.941286e-01 -1.082053e-01  0.000000e+00
   outer loop
     vertex -2.960126e+00  4.721306e+00  2.000000e-01
     vertex -2.964844e+00  4.764648e+00  2.000000e+00
     vertex -2.964844e+00  4.764648e+00  2.000000e-01
   endloop
 endfacet
 facet normal -9.849096e-01 -1.730621e-01  1.585845e-03
   outer loop
     vertex -2.960126e+00  4.721306e+00  2.000000e-01
     vertex -2.952809e+00  4.696157e+00  2.000000e+00
     vertex -2.964844e+00  4.764648e+00  2.000000e+00
   endloop
 endfacet
 facet normal -8.970000e-01 -4.420302e-01  6.353992e-04
   outer loop
     vertex -2.946130e+00  4.680016e+00  2.000000e-01
     vertex -2.933537e+00  4.657050e+00  2.000000e+00
     vertex -2.952809e+00  4.696157e+00  2.000000e+00
   endloop
 endfacet
 facet normal -9.470680e-01 -3.210325e-01 -6.353977e-04
   outer loop
     vertex -2.946130e+00  4.680016e+00  2.000000e-01
     vertex -2.952809e+00  4.696157e+00  2.000000e+00
     vertex -2.960126e+00  4.721306e+00  2.000000e-01
   endloop
 endfacet
 facet normal -7.799171e-01 -6.258828e-01  0.000000e+00
   outer loop
     vertex -2.906250e+00  4.623047e+00  2.000000e-01
     vertex -2.906250e+00  4.623047e+00  2.000000e+00
     vertex -2.933537e+00  4.657050e+00  2.000000e+00
   endloop
 endfacet
 facet normal -8.192216e-01 -5.734749e-01 -1.585848e-03
   outer loop
     vertex -2.906250e+00  4.623047e+00  2.000000e-01
     vertex -2.933537e+00  4.657050e+00  2.000000e+00
     vertex -2.946130e+00  4.680016e+00  2.000000e-01
   endloop
 endfacet
 facet normal -1.000000e+00  0.000000e+00  0.000000e+00
   outer loop
     vertex -2.964844e+00  4.764648e+00  2.000000e-01
     vertex -2.964844e+00  8.264648e+00  2.000000e+00
     vertex -2.964844e+00  8.264648e+00  2.000000e-01
   endloop
 endfacet
 facet normal -1.000000e+00  0.000000e+00  0.000000e+00
   outer loop
     vertex -2.964844e+00  4.764648e+00  2.000000e-01
     vertex -2.964844e+00  4.764648e+00  2.000000e+00
     vertex -2.964844e+00  8.264648e+00  2.000000e+00
   endloop
 endfacet
 facet normal -7.799172e-01  6.258827e-01  0.000000e+00
   outer loop
     vertex -2.933537e+00  8.372247e+00  2.000000e-01
     vertex -2.906250e+00  8.406250e+00  2.000000e+00
     vertex -2.906250e+00  8.406250e+00  2.000000e-01
   endloop
 endfacet
 facet normal -8.192215e-01  5.734750e-01  1.585844e-03
   outer loop
     vertex -2.933537e+00  8.372247e+00  2.000000e-01
     vertex -2.946130e+00  8.349281e+00  2.000000e+00
     vertex -2.906250e+00  8.406250e+00  2.000000e+00
   endloop
 endfacet
 facet normal -9.470679e-01  3.210326e-01  6.353988e-04
   outer loop
     vertex -2.952809e+00  8.333140e+00  2.000000e-01
     vertex -2.960126e+00  8.307991e+00  2.000000e+00
     vertex -2.946130e+00  8.349281e+00  2.000000e+00
   endloop
 endfacet
 facet normal -8.969999e-01  4.420302e-01 -6.353973e-04
   outer loop
     vertex -2.952809e+00  8.333140e+00  2.000000e-01
     vertex -2.946130e+00  8.349281e+00  2.000000e+00
     vertex -2.933537e+00  8.372247e+00  2.000000e-01
   endloop
 endfacet
 facet normal -9.941286e-01  1.082054e-01  0.000000e+00
   outer loop
     vertex -2.964844e+00  8.264648e+00  2.000000e-01
     vertex -2.964844e+00  8.264648e+00  2.000000e+00
     vertex -2.960126e+00  8.307991e+00  2.000000e+00
   endloop
 endfacet
 facet normal -9.849096e-01  1.730624e-01 -1.585847e-03
   outer loop
     vertex -2.964844e+00  8.264648e+00  2.000000e-01
     vertex -2.960126e+00  8.307991e+00  2.000000e+00
     vertex -2.952809e+00  8.333140e+00  2.000000e-01
   endloop
 endfacet
 facet normal -7.071307e-01  7.070828e-01  0.000000e+00
   outer loop
     vertex -2.906250e+00  8.406250e+00  2.000000e-01
     vertex -2.473656e+00  8.838873e+00  2.000000e+00
     vertex -2.473656e+00  8.838873e+00  2.000000e-01
   endloop
 endfacet
 facet normal -7.071307e-01  7.070828e-01  0.000000e+00
   outer loop
     vertex -2.906250e+00  8.406250e+00  2.000000e-01
     vertex -2.906250e+00  8.406250e+00  2.000000e+00
     vertex -2.473656e+00  8.838873e+00  2.000000e+00
   endloop
 endfacet
 facet normal  6.801789e-01 -7.330462e-01  0.000000e+00
   outer loop
     vertex -6.308172e+00  6.848623e+00  2.000000e-01
     vertex -6.626000e+00  6.553717e+00  2.000000e+00
     vertex -6.626000e+00  6.553717e+00  2.000000e-01
   endloop
 endfacet
 facet normal  6.728314e-01 -7.397919e-01 -2.402548e-03
   outer loop
     vertex -6.308172e+00  6.848623e+00  2.000000e-01
     vertex -6.157577e+00  6.979742e+00  2.000000e+00
     vertex -6.626000e+00  6.553717e+00  2.000000e+00
   endloop
 endfacet
 facet normal  6.240943e-01 -7.813448e-01 -2.581527e-03
   outer loop
     vertex -5.978114e+00  7.129034e+00  2.000000e-01
     vertex -5.685417e+00  7.356876e+00  2.000000e+00
     vertex -6.157577e+00  6.979742e+00  2.000000e+00
   endloop
 endfacet
 facet normal  6.474620e-01 -7.620966e-01  1.344714e-03
   outer loop
     vertex -5.978114e+00  7.129034e+00  2.000000e-01
     vertex -6.157577e+00  6.979742e+00  2.000000e+00
     vertex -6.308172e+00  6.848623e+00  2.000000e-01
   endloop
 endfacet
 facet normal  5.710399e-01 -8.209183e-01 -2.576137e-03
   outer loop
     vertex -5.505285e+00  7.487827e+00  2.000000e-01
     vertex -5.203070e+00  7.692402e+00  2.000000e+00
     vertex -5.685417e+00  7.356876e+00  2.000000e+00
   endloop
 endfacet
 facet normal  6.044865e-01 -7.966114e-01  2.539312e-03
   outer loop
     vertex -5.505285e+00  7.487827e+00  2.000000e-01
     vertex -5.685417e+00  7.356876e+00  2.000000e+00
     vertex -5.978114e+00  7.129034e+00  2.000000e-01
   endloop
 endfacet
 facet normal  5.140571e-01 -8.577522e-01 -2.557235e-03
   outer loop
     vertex -5.019941e+00  7.807519e+00  2.000000e-01
     vertex -4.710280e+00  7.987735e+00  2.000000e+00
     vertex -5.203070e+00  7.692402e+00  2.000000e+00
   endloop
 endfacet
 facet normal  5.500796e-01 -8.351083e-01  2.555789e-03
   outer loop
     vertex -5.019941e+00  7.807519e+00  2.000000e-01
     vertex -5.203070e+00  7.692402e+00  2.000000e+00
     vertex -5.505285e+00  7.487827e+00  2.000000e-01
   endloop
 endfacet
 facet normal  4.540508e-01 -8.909721e-01 -2.559668e-03
   outer loop
     vertex -4.518626e+00  8.090576e+00  2.000000e-01
     vertex -4.204029e+00  8.245727e+00  2.000000e+00
     vertex -4.710280e+00  7.987735e+00  2.000000e+00
   endloop
 endfacet
 facet normal  4.916663e-01 -8.707798e-01  2.599075e-03
   outer loop
     vertex -4.518626e+00  8.090576e+00  2.000000e-01
     vertex -4.710280e+00  7.987735e+00  2.000000e+00
     vertex -5.019941e+00  7.807519e+00  2.000000e-01
   endloop
 endfacet
 facet normal  3.920408e-01 -9.199451e-01 -2.247030e-03
   outer loop
     vertex -4.050380e+00  8.315602e+00  2.000000e-01
     vertex -3.680580e+00  8.468798e+00  2.000000e+00
     vertex -4.204029e+00  8.245727e+00  2.000000e+00
   endloop
 endfacet
 facet normal  4.331503e-01 -9.013195e-01  1.985142e-03
   outer loop
     vertex -4.050380e+00  8.315602e+00  2.000000e-01
     vertex -4.204029e+00  8.245727e+00  2.000000e+00
     vertex -4.518626e+00  8.090576e+00  2.000000e-01
   endloop
 endfacet
 facet normal  3.292408e-01 -9.442442e-01 -1.835728e-03
   outer loop
     vertex -3.561876e+00  8.513688e+00  2.000000e-01
     vertex -3.135207e+00  8.658960e+00  2.000000e+00
     vertex -3.680580e+00  8.468798e+00  2.000000e+00
   endloop
 endfacet
 facet normal  3.757751e-01 -9.267094e-01  1.670356e-03
   outer loop
     vertex -3.561876e+00  8.513688e+00  2.000000e-01
     vertex -3.680580e+00  8.468798e+00  2.000000e+00
     vertex -4.050380e+00  8.315602e+00  2.000000e-01
   endloop
 endfacet
 facet normal  2.799180e-01 -9.600236e-01 -8.086312e-04
   outer loop
     vertex -3.022675e+00  8.693288e+00  2.000000e-01
     vertex -2.805024e+00  8.755233e+00  2.000000e+00
     vertex -3.135207e+00  8.658960e+00  2.000000e+00
   endloop
 endfacet
 facet normal  3.160154e-01 -9.487526e-01  1.663048e-03
   outer loop
     vertex -3.022675e+00  8.693288e+00  2.000000e-01
     vertex -3.135207e+00  8.658960e+00  2.000000e+00
     vertex -3.561876e+00  8.513688e+00  2.000000e-01
   endloop
 endfacet
 facet normal  2.447331e-01 -9.695905e-01  0.000000e+00
   outer loop
     vertex -2.473656e+00  8.838873e+00  2.000000e-01
     vertex -2.473656e+00  8.838873e+00  2.000000e+00
     vertex -2.805024e+00  8.755233e+00  2.000000e+00
   endloop
 endfacet
 facet normal  2.563144e-01 -9.665908e-01  2.271438e-03
   outer loop
     vertex -2.473656e+00  8.838873e+00  2.000000e-01
     vertex -2.805024e+00  8.755233e+00  2.000000e+00
     vertex -3.022675e+00  8.693288e+00  2.000000e-01
   endloop
 endfacet
 facet normal -5.870039e-01 -8.095841e-01  0.000000e+00
   outer loop
     vertex -6.853642e+00  6.518747e+00  2.000000e-01
     vertex -6.907250e+00  6.557617e+00  2.000000e+00
     vertex -6.907250e+00  6.557617e+00  2.000000e-01
   endloop
 endfacet
 facet normal -5.396722e-01 -8.418726e-01  2.106900e-03
   outer loop
     vertex -6.853642e+00  6.518747e+00  2.000000e-01
     vertex -6.832573e+00  6.509746e+00  2.000000e+00
     vertex -6.907250e+00  6.557617e+00  2.000000e+00
   endloop
 endfacet
 facet normal -1.225486e-01 -9.924587e-01  2.764459e-03
   outer loop
     vertex -6.790281e+00  6.499510e+00  2.000000e-01
     vertex -6.744537e+00  6.498875e+00  2.000000e+00
     vertex -6.832573e+00  6.509746e+00  2.000000e+00
   endloop
 endfacet
 facet normal -2.905194e-01 -9.568681e-01 -1.384505e-03
   outer loop
     vertex -6.790281e+00  6.499510e+00  2.000000e-01
     vertex -6.832573e+00  6.509746e+00  2.000000e+00
     vertex -6.853642e+00  6.518747e+00  2.000000e-01
   endloop
 endfacet
 facet normal  2.638691e-01 -9.645575e-01  1.384534e-03
   outer loop
     vertex -6.701977e+00  6.507935e+00  2.000000e-01
     vertex -6.680666e+00  6.516348e+00  2.000000e+00
     vertex -6.744537e+00  6.498875e+00  2.000000e+00
   endloop
 endfacet
 facet normal  9.497584e-02 -9.954757e-01 -2.764517e-03
   outer loop
     vertex -6.701977e+00  6.507935e+00  2.000000e-01
     vertex -6.744537e+00  6.498875e+00  2.000000e+00
     vertex -6.790281e+00  6.499510e+00  2.000000e-01
   endloop
 endfacet
 facet normal  5.643282e-01 -8.255505e-01  0.000000e+00
   outer loop
     vertex -6.626000e+00  6.553717e+00  2.000000e-01
     vertex -6.626000e+00  6.553717e+00  2.000000e+00
     vertex -6.680666e+00  6.516348e+00  2.000000e+00
   endloop
 endfacet
 facet normal  5.161194e-01 -8.565141e-01 -2.106928e-03
   outer loop
     vertex -6.626000e+00  6.553717e+00  2.000000e-01
     vertex -6.680666e+00  6.516348e+00  2.000000e+00
     vertex -6.701977e+00  6.507935e+00  2.000000e-01
   endloop
 endfacet
 facet normal  9.401048e-01  3.408856e-01  2.117433e-11
   outer loop
     vertex -7.128254e+00  6.602486e+00  2.000000e+00
     vertex -7.102482e+00  6.531410e+00  2.000000e+00
     vertex -7.102482e+00  6.531410e+00  2.000000e-01
   endloop
 endfacet
 facet normal  9.401048e-01  3.408856e-01 -1.812670e-11
   outer loop
     vertex -7.128254e+00  6.602486e+00  2.000000e+00
     vertex -7.102482e+00  6.531410e+00  2.000000e-01
     vertex -7.128254e+00  6.602486e+00  2.000000e-01
   endloop
 endfacet
 facet normal  7.463934e-01  6.655050e-01 -1.507878e-11
   outer loop
     vertex -7.178570e+00  6.658917e+00  2.000000e+00
     vertex -7.128254e+00  6.602486e+00  2.000000e-01
     vertex -7.178570e+00  6.658917e+00  2.000000e-01
   endloop
 endfacet
 facet normal  7.463934e-01  6.655050e-01  1.812660e-11
   outer loop
     vertex -7.178570e+00  6.658917e+00  2.000000e+00
     vertex -7.128254e+00  6.602486e+00  2.000000e+00
     vertex -7.128254e+00  6.602486e+00  2.000000e-01
   endloop
 endfacet
 facet normal  4.460211e-01  8.950225e-01 -1.203103e-11
   outer loop
     vertex -7.246238e+00  6.692639e+00  2.000000e+00
     vertex -7.178570e+00  6.658917e+00  2.000000e-01
     vertex -7.246238e+00  6.692639e+00  2.000000e-01
   endloop
 endfacet
 facet normal  4.460211e-01  8.950225e-01  1.507885e-11
   outer loop
     vertex -7.246238e+00  6.692639e+00  2.000000e+00
     vertex -7.178570e+00  6.658917e+00  2.000000e+00
     vertex -7.178570e+00  6.658917e+00  2.000000e-01
   endloop
 endfacet
 facet normal  8.191149e-02  9.966396e-01 -8.982853e-12
   outer loop
     vertex -7.321588e+00  6.698831e+00  2.000000e+00
     vertex -7.246238e+00  6.692639e+00  2.000000e-01
     vertex -7.321588e+00  6.698831e+00  2.000000e-01
   endloop
 endfacet
 facet normal  8.191149e-02  9.966396e-01  1.203127e-11
   outer loop
     vertex -7.321588e+00  6.698831e+00  2.000000e+00
     vertex -7.246238e+00  6.692639e+00  2.000000e+00
     vertex -7.246238e+00  6.692639e+00  2.000000e-01
   endloop
 endfacet
 facet normal -7.878348e-01 -6.158866e-01 -7.851514e-11
   outer loop
     vertex -7.467760e+00  6.391113e+00  2.000000e+00
     vertex -7.467760e+00  6.391113e+00  2.000000e-01
     vertex -7.446160e+00  6.363482e+00  2.000000e-01
   endloop
 endfacet
 facet normal -6.681349e-01 -7.440402e-01 -2.085105e-10
   outer loop
     vertex -7.446160e+00  6.363482e+00  2.000000e+00
     vertex -7.446160e+00  6.363482e+00  2.000000e-01
     vertex -7.420065e+00  6.340049e+00  2.000000e-01
   endloop
 endfacet
 facet normal -7.878348e-01 -6.158866e-01  2.085107e-10
   outer loop
     vertex -7.446160e+00  6.363482e+00  2.000000e+00
     vertex -7.467760e+00  6.391113e+00  2.000000e+00
     vertex -7.446160e+00  6.363482e+00  2.000000e-01
   endloop
 endfacet
 facet normal -5.278889e-01 -8.493134e-01 -3.384685e-10
   outer loop
     vertex -7.420065e+00  6.340049e+00  2.000000e+00
     vertex -7.420065e+00  6.340049e+00  2.000000e-01
     vertex -7.390278e+00  6.321534e+00  2.000000e-01
   endloop
 endfacet
 facet normal -6.681349e-01 -7.440402e-01  3.384686e-10
   outer loop
     vertex -7.420065e+00  6.340049e+00  2.000000e+00
     vertex -7.446160e+00  6.363482e+00  2.000000e+00
     vertex -7.420065e+00  6.340049e+00  2.000000e-01
   endloop
 endfacet
 facet normal -5.278889e-01 -8.493135e-01  4.684077e-10
   outer loop
     vertex -7.390278e+00  6.321534e+00  2.000000e+00
     vertex -7.420065e+00  6.340049e+00  2.000000e+00
     vertex -7.390278e+00  6.321534e+00  2.000000e-01
   endloop
 endfacet
 facet normal  0.000000e+00  0.000000e+00  1.000000e+00
   outer loop
     vertex -6.924752e+00 -6.760651e+00  2.000000e-01
     vertex -7.152181e+00 -6.673259e+00  2.000000e-01
     vertex -6.751406e+00 -7.082839e+00  2.000000e-01
   endloop
 endfacet
 facet normal  0.000000e+00  0.000000e+00  1.000000e+00
   outer loop
     vertex -6.470865e+00 -7.197495e+00  2.000000e-01
     vertex -6.751406e+00 -7.082839e+00  2.000000e-01
     vertex -6.330973e+00 -7.466034e+00  2.000000e-01
   endloop
 endfacet
 facet normal  0.000000e+00  0.000000e+00  1.000000e+00
   outer loop
     vertex -6.470865e+00 -7.197495e+00  2.000000e-01
     vertex -6.924752e+00 -6.760651e+00  2.000000e-01
     vertex -6.751406e+00 -7.082839e+00  2.000000e-01
   endloop
 endfacet
 facet normal  0.000000e+00  0.000000e+00  1.000000e+00
   outer loop
     vertex -7.353295e+00 -6.292875e+00  2.000000e-01
     vertex -7.531190e+00 -6.239225e+00  2.000000e-01
     vertex -7.152181e+00 -6.673259e+00  2.000000e-01
   endloop
 endfacet
 facet normal  0.000000e+00  0.000000e+00  1.000000e+00
   outer loop
     vertex -7.353295e+00 -6.292875e+00  2.000000e-01
     vertex -7.152181e+00 -6.673259e+00  2.000000e-01
     vertex -6.924752e+00 -6.760651e+00  2.000000e-01
   endloop
 endfacet
 facet normal  0.000000e+00  0.000000e+00  1.000000e+00
   outer loop
     vertex -5.995666e+00 -7.600272e+00  2.000000e-01
     vertex -6.330973e+00 -7.466034e+00  2.000000e-01
     vertex -5.892796e+00 -7.821405e+00  2.000000e-01
   endloop
 endfacet
 facet normal  0.000000e+00  0.000000e+00  1.000000e+00
   outer loop
     vertex -5.995666e+00 -7.600272e+00  2.000000e-01
     vertex -6.470865e+00 -7.197495e+00  2.000000e-01
     vertex -6.330973e+00 -7.466034e+00  2.000000e-01
   endloop
 endfacet
 facet normal  0.000000e+00  0.000000e+00  1.000000e+00
   outer loop
     vertex -7.713758e+00 -5.848825e+00  2.000000e-01
     vertex -7.886182e+00 -5.783229e+00  2.000000e-01
     vertex -7.531190e+00 -6.239225e+00  2.000000e-01
   endloop
 endfacet
 facet normal  0.000000e+00  0.000000e+00  1.000000e+00
   outer loop
     vertex -7.713758e+00 -5.848825e+00  2.000000e-01
     vertex -7.531190e+00 -6.239225e+00  2.000000e-01
     vertex -7.353295e+00 -6.292875e+00  2.000000e-01
   endloop
 endfacet
 facet normal  0.000000e+00  0.000000e+00  1.000000e+00
   outer loop
     vertex -5.502898e+00 -7.966643e+00  2.000000e-01
     vertex -5.892796e+00 -7.821405e+00  2.000000e-01
     vertex -5.438608e+00 -8.147895e+00  2.000000e-01
   endloop
 endfacet
 facet normal  0.000000e+00  0.000000e+00  1.000000e+00
   outer loop
     vertex -5.502898e+00 -7.966643e+00  2.000000e-01
     vertex -5.995666e+00 -7.600272e+00  2.000000e-01
     vertex -5.892796e+00 -7.821405e+00  2.000000e-01
   endloop
 endfacet
 facet normal  0.000000e+00  0.000000e+00  1.000000e+00
   outer loop
     vertex -8.047102e+00 -5.386671e+00  2.000000e-01
     vertex -8.249620e+00 -5.254614e+00  2.000000e-01
     vertex -7.886182e+00 -5.783229e+00  2.000000e-01
   endloop
 endfacet
 facet normal  0.000000e+00  0.000000e+00  1.000000e+00
   outer loop
     vertex -8.047102e+00 -5.386671e+00  2.000000e-01
     vertex -7.886182e+00 -5.783229e+00  2.000000e-01
     vertex -7.713758e+00 -5.848825e+00  2.000000e-01
   endloop
 endfacet
 facet normal  0.000000e+00  0.000000e+00  1.000000e+00
   outer loop
     vertex -4.995926e+00 -8.294971e+00  2.000000e-01
     vertex -5.438608e+00 -8.147895e+00  2.000000e-01
     vertex -4.969895e+00 -8.444795e+00  2.000000e-01
   endloop
 endfacet
 facet normal  0.000000e+00  0.000000e+00  1.000000e+00
   outer loop
     vertex -4.995926e+00 -8.294971e+00  2.000000e-01
     vertex -5.502898e+00 -7.966643e+00  2.000000e-01
     vertex -5.438608e+00 -8.147895e+00  2.000000e-01
   endloop
 endfacet
 facet normal  0.000000e+00  0.000000e+00  1.000000e+00
   outer loop
     vertex -8.350421e+00 -4.910493e+00  2.000000e-01
     vertex -8.577355e+00 -4.707988e+00  2.000000e-01
     vertex -8.249620e+00 -5.254614e+00  2.000000e-01
   endloop
 endfacet
 facet normal  0.000000e+00  0.000000e+00  1.000000e+00
   outer loop
     vertex -8.350421e+00 -4.910493e+00  2.000000e-01
     vertex -8.249620e+00 -5.254614e+00  2.000000e-01
     vertex -8.047102e+00 -5.386671e+00  2.000000e-01
   endloop
 endfacet
 facet normal  0.000000e+00  0.000000e+00  1.000000e+00
   outer loop
     vertex -4.477678e+00 -8.584219e+00  2.000000e-01
     vertex -4.969895e+00 -8.444795e+00  2.000000e-01
     vertex -4.487888e+00 -8.711665e+00  2.000000e-01
   endloop
 endfacet
 facet normal  0.000000e+00  0.000000e+00  1.000000e+00
   outer loop
     vertex -4.477678e+00 -8.584219e+00  2.000000e-01
     vertex -4.995926e+00 -8.294971e+00  2.000000e-01
     vertex -4.969895e+00 -8.444795e+00  2.000000e-01
   endloop
 endfacet
 facet normal  0.000000e+00  0.000000e+00  1.000000e+00
   outer loop
     vertex -8.621135e+00 -4.424724e+00  2.000000e-01
     vertex -8.577355e+00 -4.707988e+00  2.000000e-01
     vertex -8.350421e+00 -4.910493e+00  2.000000e-01
   endloop
 endfacet
 facet normal  0.000000e+00  0.000000e+00  1.000000e+00
   outer loop
     vertex -8.866583e+00 -4.149269e+00  2.000000e-01
     vertex -8.577355e+00 -4.707988e+00  2.000000e-01
     vertex -8.621135e+00 -4.424724e+00  2.000000e-01
   endloop
 endfacet
 facet normal  0.000000e+00  0.000000e+00  1.000000e+00
   outer loop
     vertex -8.857088e+00 -3.934057e+00  2.000000e-01
     vertex -8.866583e+00 -4.149269e+00  2.000000e-01
     vertex -8.621135e+00 -4.424724e+00  2.000000e-01
   endloop
 endfacet
 facet normal  0.000000e+00  0.000000e+00  1.000000e+00
   outer loop
     vertex -3.950502e+00 -8.833868e+00  2.000000e-01
     vertex -4.487888e+00 -8.711665e+00  2.000000e-01
     vertex -3.993599e+00 -8.948236e+00  2.000000e-01
   endloop
 endfacet
 facet normal  0.000000e+00  0.000000e+00  1.000000e+00
   outer loop
     vertex -3.950502e+00 -8.833868e+00  2.000000e-01
     vertex -4.477678e+00 -8.584219e+00  2.000000e-01
     vertex -4.487888e+00 -8.711665e+00  2.000000e-01
   endloop
 endfacet
 facet normal  0.000000e+00  0.000000e+00  1.000000e+00
   outer loop
     vertex -9.114943e+00 -3.585063e+00  2.000000e-01
     vertex -8.866583e+00 -4.149269e+00  2.000000e-01
     vertex -8.857088e+00 -3.934057e+00  2.000000e-01
   endloop
 endfacet
 facet normal  0.000000e+00  0.000000e+00  1.000000e+00
   outer loop
     vertex -3.487840e+00 -9.154356e+00  2.000000e-01
     vertex -3.950502e+00 -8.833868e+00  2.000000e-01
     vertex -3.993599e+00 -8.948236e+00  2.000000e-01
   endloop
 endfacet
 facet normal  0.000000e+00  0.000000e+00  1.000000e+00
   outer loop
     vertex -9.056688e+00 -3.443208e+00  2.000000e-01
     vertex -9.114943e+00 -3.585063e+00  2.000000e-01
     vertex -8.857088e+00 -3.934057e+00  2.000000e-01
   endloop
 endfacet
 facet normal  0.000000e+00  0.000000e+00  1.000000e+00
   outer loop
     vertex -3.416341e+00 -9.043687e+00  2.000000e-01
     vertex -3.950502e+00 -8.833868e+00  2.000000e-01
     vertex -3.487840e+00 -9.154356e+00  2.000000e-01
   endloop
 endfacet
 facet normal  0.000000e+00  0.000000e+00  1.000000e+00
   outer loop
     vertex -9.320735e+00 -3.022359e+00  2.000000e-01
     vertex -9.114943e+00 -3.585063e+00  2.000000e-01
     vertex -9.056688e+00 -3.443208e+00  2.000000e-01
   endloop
 endfacet
 facet normal  0.000000e+00  0.000000e+00  1.000000e+00
   outer loop
     vertex -2.913173e+00 -9.347559e+00  2.000000e-01
     vertex -3.416341e+00 -9.043687e+00  2.000000e-01
     vertex -3.487840e+00 -9.154356e+00  2.000000e-01
   endloop
 endfacet
 facet normal  0.000000e+00  0.000000e+00  1.000000e+00
   outer loop
     vertex -9.218958e+00 -2.956749e+00  2.000000e-01
     vertex -9.320735e+00 -3.022359e+00  2.000000e-01
     vertex -9.056688e+00 -3.443208e+00  2.000000e-01
   endloop
 endfacet
 facet normal  0.000000e+00  0.000000e+00  1.000000e+00
   outer loop
     vertex -2.876761e+00 -9.213632e+00  2.000000e-01
     vertex -3.416341e+00 -9.043687e+00  2.000000e-01
     vertex -2.913173e+00 -9.347559e+00  2.000000e-01
   endloop
 endfacet
 facet normal  0.000000e+00  0.000000e+00  1.000000e+00
   outer loop
     vertex -9.343567e+00 -2.478903e+00  2.000000e-01
     vertex -9.483109e+00 -2.468093e+00  2.000000e-01
     vertex -9.320735e+00 -3.022359e+00  2.000000e-01
   endloop
 endfacet
 facet normal  0.000000e+00  0.000000e+00  1.000000e+00
   outer loop
     vertex -9.343567e+00 -2.478903e+00  2.000000e-01
     vertex -9.320735e+00 -3.022359e+00  2.000000e-01
     vertex -9.218958e+00 -2.956749e+00  2.000000e-01
   endloop
 endfacet
 facet normal  0.000000e+00  0.000000e+00  1.000000e+00
   outer loop
     vertex -2.337318e+00 -9.342877e+00  2.000000e-01
     vertex -2.876761e+00 -9.213632e+00  2.000000e-01
     vertex -2.913173e+00 -9.347559e+00  2.000000e-01
   endloop
 endfacet
 facet normal  0.000000e+00  0.000000e+00  1.000000e+00
   outer loop
     vertex -2.337318e+00 -9.342877e+00  2.000000e-01
     vertex -2.913173e+00 -9.347559e+00  2.000000e-01
     vertex -2.325755e+00 -9.502956e+00  2.000000e-01
   endloop
 endfacet
 facet normal  0.000000e+00  0.000000e+00  1.000000e+00
   outer loop
     vertex -9.413952e+00 -2.119538e+00  2.000000e-01
     vertex -9.483109e+00 -2.468093e+00  2.000000e-01
     vertex -9.343567e+00 -2.478903e+00  2.000000e-01
   endloop
 endfacet
 facet normal  0.000000e+00  0.000000e+00  1.000000e+00
   outer loop
     vertex -9.413952e+00 -2.119538e+00  2.000000e-01
     vertex -9.597221e+00 -1.955045e+00  2.000000e-01
     vertex -9.483109e+00 -2.468093e+00  2.000000e-01
   endloop
 endfacet
 facet normal  0.000000e+00  0.000000e+00  1.000000e+00
   outer loop
     vertex -1.897121e+00 -9.591013e+00  2.000000e-01
     vertex -2.337318e+00 -9.342877e+00  2.000000e-01
     vertex -2.325755e+00 -9.502956e+00  2.000000e-01
   endloop
 endfacet
 facet normal  0.000000e+00  0.000000e+00  1.000000e+00
   outer loop
     vertex -1.790039e+00 -9.433594e+00  2.000000e-01
     vertex -2.337318e+00 -9.342877e+00  2.000000e-01
     vertex -1.897121e+00 -9.591013e+00  2.000000e-01
   endloop
 endfacet
 facet normal  0.000000e+00  0.000000e+00  1.000000e+00
   outer loop
     vertex -9.463867e+00 -1.756836e+00  2.000000e-01
     vertex -9.597221e+00 -1.955045e+00  2.000000e-01
     vertex -9.413952e+00 -2.119538e+00  2.000000e-01
   endloop
 endfacet
 facet normal  0.000000e+00  0.000000e+00  1.000000e+00
   outer loop
     vertex -1.720865e+00 -9.430430e+00  2.000000e-01
     vertex -1.790039e+00 -9.433594e+00  2.000000e-01
     vertex -1.897121e+00 -9.591013e+00  2.000000e-01
   endloop
 endfacet
 facet normal  0.000000e+00  0.000000e+00  1.000000e+00
   outer loop
     vertex -1.464844e+00 -9.659179e+00  2.000000e-01
     vertex -1.720865e+00 -9.430430e+00  2.000000e-01
     vertex -1.897121e+00 -9.591013e+00  2.000000e-01
   endloop
 endfacet
 facet normal  0.000000e+00  0.000000e+00  1.000000e+00
   outer loop
     vertex -9.675781e+00 -1.435547e+00  2.000000e-01
     vertex -9.597221e+00 -1.955045e+00  2.000000e-01
     vertex -9.463867e+00 -1.756836e+00  2.000000e-01
   endloop
 endfacet
 facet normal  0.000000e+00  0.000000e+00  1.000000e+00
   outer loop
     vertex -9.675781e+00 -1.435547e+00  2.000000e-01
     vertex -9.463867e+00 -1.756836e+00  2.000000e-01
     vertex -9.453945e+00 -1.668686e+00  2.000000e-01
   endloop
 endfacet
 facet normal  0.000000e+00  0.000000e+00  1.000000e+00
   outer loop
     vertex -1.656915e+00 -9.403870e+00  2.000000e-01
     vertex -1.720865e+00 -9.430430e+00  2.000000e-01
     vertex -1.464844e+00 -9.659179e+00  2.000000e-01
   endloop
 endfacet
 facet normal  0.000000e+00  0.000000e+00  1.000000e+00
   outer loop
     vertex -9.406878e+00 -1.593495e+00  2.000000e-01
     vertex -9.675781e+00 -1.435547e+00  2.000000e-01
     vertex -9.453945e+00 -1.668686e+00  2.000000e-01
   endloop
 endfacet
 facet normal  0.000000e+00  0.000000e+00  1.000000e+00
   outer loop
     vertex -1.594558e+00 -9.340785e+00  2.000000e-01
     vertex -1.656915e+00 -9.403870e+00  2.000000e-01
     vertex -1.464844e+00 -9.659179e+00  2.000000e-01
   endloop
 endfacet
 facet normal  0.000000e+00  0.000000e+00  1.000000e+00
   outer loop
     vertex -9.331926e+00 -1.546053e+00  2.000000e-01
     vertex -9.675781e+00 -1.435547e+00  2.000000e-01
     vertex -9.406878e+00 -1.593495e+00  2.000000e-01
   endloop
 endfacet
 facet normal  0.000000e+00  0.000000e+00  1.000000e+00
   outer loop
     vertex -9.243832e+00 -1.535689e+00  2.000000e-01
     vertex -9.675781e+00 -1.435547e+00  2.000000e-01
     vertex -9.331926e+00 -1.546053e+00  2.000000e-01
   endloop
 endfacet
 facet normal  0.000000e+00  0.000000e+00  1.000000e+00
   outer loop
     vertex -1.464844e+00 -9.235351e+00  2.000000e-01
     vertex -1.575775e+00 -9.168812e+00  2.000000e-01
     vertex -1.565614e+00 -9.256935e+00  2.000000e-01
   endloop
 endfacet
 facet normal  0.000000e+00  0.000000e+00  1.000000e+00
   outer loop
     vertex -1.464844e+00 -9.235351e+00  2.000000e-01
     vertex -1.565614e+00 -9.256935e+00  2.000000e-01
     vertex -1.594558e+00 -9.340785e+00  2.000000e-01
   endloop
 endfacet
 facet normal  0.000000e+00  0.000000e+00  1.000000e+00
   outer loop
     vertex -1.464844e+00 -9.235351e+00  2.000000e-01
     vertex -1.594558e+00 -9.340785e+00  2.000000e-01
     vertex -1.464844e+00 -9.659179e+00  2.000000e-01
   endloop
 endfacet
 facet normal  0.000000e+00  0.000000e+00  1.000000e+00
   outer loop
     vertex -1.445250e+00 -9.148838e+00  2.000000e-01
     vertex -1.623047e+00 -9.093750e+00  2.000000e-01
     vertex -1.575775e+00 -9.168812e+00  2.000000e-01
   endloop
 endfacet
 facet normal  0.000000e+00  0.000000e+00  1.000000e+00
   outer loop
     vertex -1.445250e+00 -9.148838e+00  2.000000e-01
     vertex -1.575775e+00 -9.168812e+00  2.000000e-01
     vertex -1.464844e+00 -9.235351e+00  2.000000e-01
   endloop
 endfacet
 facet normal  0.000000e+00  0.000000e+00  1.000000e+00
   outer loop
     vertex -1.390172e+00 -9.079305e+00  2.000000e-01
     vertex -1.623047e+00 -9.093750e+00  2.000000e-01
     vertex -1.445250e+00 -9.148838e+00  2.000000e-01
   endloop
 endfacet
 facet normal  0.000000e+00  0.000000e+00  1.000000e+00
   outer loop
     vertex -1.331189e+00 -9.046487e+00  2.000000e-01
     vertex -1.623047e+00 -9.093750e+00  2.000000e-01
     vertex -1.390172e+00 -9.079305e+00  2.000000e-01
   endloop
 endfacet
 facet normal  0.000000e+00  0.000000e+00  1.000000e+00
   outer loop
     vertex -4.648438e-01 -8.318359e+00  2.000000e-01
     vertex -1.264648e+00 -9.035156e+00  2.000000e-01
     vertex -4.648438e-01 -9.035156e+00  2.000000e-01
   endloop
 endfacet
 facet normal  0.000000e+00  0.000000e+00  1.000000e+00
   outer loop
     vertex -9.062500e-01 -7.876953e+00  2.000000e-01
     vertex -1.331189e+00 -9.046487e+00  2.000000e-01
     vertex -1.264648e+00 -9.035156e+00  2.000000e-01
   endloop
 endfacet
 facet normal  0.000000e+00  0.000000e+00  1.000000e+00
   outer loop
     vertex -9.062500e-01 -7.876953e+00  2.000000e-01
     vertex -1.264648e+00 -9.035156e+00  2.000000e-01
     vertex -4.648438e-01 -8.318359e+00  2.000000e-01
   endloop
 endfacet
 facet normal  0.000000e+00  0.000000e+00  1.000000e+00
   outer loop
     vertex -9.461298e-01 -7.819984e+00  2.000000e-01
     vertex -2.564453e+00 -8.152344e+00  2.000000e-01
     vertex -1.623047e+00 -9.093750e+00  2.000000e-01
   endloop
 endfacet
 facet normal  0.000000e+00  0.000000e+00  1.000000e+00
   outer loop
     vertex -9.461298e-01 -7.819984e+00  2.000000e-01
     vertex -1.623047e+00 -9.093750e+00  2.000000e-01
     vertex -1.331189e+00 -9.046487e+00  2.000000e-01
   endloop
 endfacet
 facet normal  0.000000e+00  0.000000e+00  1.000000e+00
   outer loop
     vertex -9.461298e-01 -7.819984e+00  2.000000e-01
     vertex -1.331189e+00 -9.046487e+00  2.000000e-01
     vertex -9.062500e-01 -7.876953e+00  2.000000e-01
   endloop
 endfacet
 facet normal  0.000000e+00  0.000000e+00  1.000000e+00
   outer loop
     vertex -9.601262e-01 -7.778694e+00  2.000000e-01
     vertex -2.564453e+00 -8.152344e+00  2.000000e-01
     vertex -9.461298e-01 -7.819984e+00  2.000000e-01
   endloop
 endfacet
 facet normal  0.000000e+00  0.000000e+00  1.000000e+00
   outer loop
     vertex -9.648438e-01 -7.735352e+00  2.000000e-01
     vertex -2.564453e+00 -8.152344e+00  2.000000e-01
     vertex -9.601262e-01 -7.778694e+00  2.000000e-01
   endloop
 endfacet
 facet normal  0.000000e+00  0.000000e+00  1.000000e+00
   outer loop
     vertex -9.648437e-01 -7.235352e+00  2.000000e-01
     vertex -2.564453e+00 -8.152344e+00  2.000000e-01
     vertex -9.648438e-01 -7.735352e+00  2.000000e-01
   endloop
 endfacet
 facet normal  0.000000e+00  0.000000e+00  1.000000e+00
   outer loop
     vertex -9.452502e-01 -7.148838e+00  2.000000e-01
     vertex -2.564453e+00 -8.152344e+00  2.000000e-01
     vertex -9.648437e-01 -7.235352e+00  2.000000e-01
   endloop
 endfacet
 facet normal  0.000000e+00  0.000000e+00  1.000000e+00
   outer loop
     vertex  1.235352e+00 -9.035156e+00  2.000000e-01
     vertex  4.355469e-01 -8.318359e+00  2.000000e-01
     vertex  4.355469e-01 -9.035156e+00  2.000000e-01
   endloop
 endfacet
 facet normal  0.000000e+00  0.000000e+00  1.000000e+00
   outer loop
     vertex -9.370018e+00  1.594026e+00  2.000000e-01
     vertex -9.433238e+00  1.656247e+00  2.000000e-01
     vertex -9.668945e+00  1.464844e+00  2.000000e-01
   endloop
 endfacet
 facet normal  0.000000e+00  0.000000e+00  1.000000e+00
   outer loop
     vertex -9.370018e+00  1.594026e+00  2.000000e-01
     vertex -9.668945e+00  1.464844e+00  2.000000e-01
     vertex -9.264649e+00  1.464844e+00  2.000000e-01
   endloop
 endfacet
 facet normal  0.000000e+00  0.000000e+00  1.000000e+00
   outer loop
     vertex  1.548536e+00 -9.308876e+00  2.000000e-01
     vertex  1.435547e+00 -9.653320e+00  2.000000e-01
     vertex  1.598492e+00 -9.382176e+00  2.000000e-01
   endloop
 endfacet
 facet normal  0.000000e+00  0.000000e+00  1.000000e+00
   outer loop
     vertex  1.548536e+00 -9.308876e+00  2.000000e-01
     vertex  1.435547e+00 -9.235351e+00  2.000000e-01
     vertex  1.435547e+00 -9.653320e+00  2.000000e-01
   endloop
 endfacet
 facet normal  0.000000e+00  0.000000e+00  1.000000e+00
   outer loop
     vertex  1.675236e+00 -9.426667e+00  2.000000e-01
     vertex  1.598492e+00 -9.382176e+00  2.000000e-01
     vertex  1.435547e+00 -9.653320e+00  2.000000e-01
   endloop
 endfacet
 facet normal  0.000000e+00  0.000000e+00  1.000000e+00
   outer loop
     vertex -9.460229e+00  1.721462e+00  2.000000e-01
     vertex -9.668945e+00  1.464844e+00  2.000000e-01
     vertex -9.433238e+00  1.656247e+00  2.000000e-01
   endloop
 endfacet
 facet normal  0.000000e+00  0.000000e+00  1.000000e+00
   outer loop
     vertex -9.286107e+00  1.565262e+00  2.000000e-01
     vertex -9.370018e+00  1.594026e+00  2.000000e-01
     vertex -9.264649e+00  1.464844e+00  2.000000e-01
   endloop
 endfacet
 facet normal  0.000000e+00  0.000000e+00  1.000000e+00
   outer loop
     vertex  1.535190e+00 -9.221183e+00  2.000000e-01
     vertex  1.424216e+00 -9.168811e+00  2.000000e-01
     vertex  1.435547e+00 -9.235351e+00  2.000000e-01
   endloop
 endfacet
 facet normal  0.000000e+00  0.000000e+00  1.000000e+00
   outer loop
     vertex  1.535190e+00 -9.221183e+00  2.000000e-01
     vertex  1.435547e+00 -9.235351e+00  2.000000e-01
     vertex  1.548536e+00 -9.308876e+00  2.000000e-01
   endloop
 endfacet
 facet normal  0.000000e+00  0.000000e+00  1.000000e+00
   outer loop
     vertex -9.462889e+00  1.791992e+00  2.000000e-01
     vertex -9.668945e+00  1.464844e+00  2.000000e-01
     vertex -9.460229e+00  1.721462e+00  2.000000e-01
   endloop
 endfacet
 facet normal  0.000000e+00  0.000000e+00  1.000000e+00
   outer loop
     vertex  1.763672e+00 -9.433594e+00  2.000000e-01
     vertex  1.675236e+00 -9.426667e+00  2.000000e-01
     vertex  1.435547e+00 -9.653320e+00  2.000000e-01
   endloop
 endfacet
 facet normal  0.000000e+00  0.000000e+00  1.000000e+00
   outer loop
     vertex -9.198006e+00  1.575614e+00  2.000000e-01
     vertex -9.264649e+00  1.464844e+00  2.000000e-01
     vertex -9.178135e+00  1.445250e+00  2.000000e-01
   endloop
 endfacet
 facet normal  0.000000e+00  0.000000e+00  1.000000e+00
   outer loop
     vertex -9.198006e+00  1.575614e+00  2.000000e-01
     vertex -9.286107e+00  1.565262e+00  2.000000e-01
     vertex -9.264649e+00  1.464844e+00  2.000000e-01
   endloop
 endfacet
 facet normal  0.000000e+00  0.000000e+00  1.000000e+00
   outer loop
     vertex  1.552935e+00 -9.152166e+00  2.000000e-01
     vertex  1.424216e+00 -9.168811e+00  2.000000e-01
     vertex  1.535190e+00 -9.221183e+00  2.000000e-01
   endloop
 endfacet
 facet normal  0.000000e+00  0.000000e+00  1.000000e+00
   outer loop
     vertex  1.552935e+00 -9.152166e+00  2.000000e-01
     vertex  1.391398e+00 -9.109828e+00  2.000000e-01
     vertex  1.424216e+00 -9.168811e+00  2.000000e-01
   endloop
 endfacet
 facet normal  0.000000e+00  0.000000e+00  1.000000e+00
   outer loop
     vertex  2.019468e+00 -9.552535e+00  2.000000e-01
     vertex  1.763672e+00 -9.433594e+00  2.000000e-01
     vertex  1.435547e+00 -9.653320e+00  2.000000e-01
   endloop
 endfacet
 facet normal  0.000000e+00  0.000000e+00  1.000000e+00
   outer loop
     vertex  1.593750e+00 -9.093750e+00  2.000000e-01
     vertex  1.391398e+00 -9.109828e+00  2.000000e-01
     vertex  1.552935e+00 -9.152166e+00  2.000000e-01
   endloop
 endfacet
 facet normal  0.000000e+00  0.000000e+00  1.000000e+00
   outer loop
     vertex  1.593750e+00 -9.093750e+00  2.000000e-01
     vertex  1.321865e+00 -9.054749e+00  2.000000e-01
     vertex  1.391398e+00 -9.109828e+00  2.000000e-01
   endloop
 endfacet
 facet normal  0.000000e+00  0.000000e+00  1.000000e+00
   outer loop
     vertex -9.123045e+00  1.623047e+00  2.000000e-01
     vertex -9.178135e+00  1.445250e+00  2.000000e-01
     vertex -9.108602e+00  1.390172e+00  2.000000e-01
   endloop
 endfacet
 facet normal  0.000000e+00  0.000000e+00  1.000000e+00
   outer loop
     vertex -9.123045e+00  1.623047e+00  2.000000e-01
     vertex -9.108602e+00  1.390172e+00  2.000000e-01
     vertex -9.075784e+00  1.331189e+00  2.000000e-01
   endloop
 endfacet
 facet normal  0.000000e+00  0.000000e+00  1.000000e+00
   outer loop
     vertex -9.123045e+00  1.623047e+00  2.000000e-01
     vertex -9.198006e+00  1.575614e+00  2.000000e-01
     vertex -9.178135e+00  1.445250e+00  2.000000e-01
   endloop
 endfacet
 facet normal  0.000000e+00  0.000000e+00  1.000000e+00
   outer loop
     vertex -9.541271e+00  2.106392e+00  2.000000e-01
     vertex -9.668945e+00  1.464844e+00  2.000000e-01
     vertex -9.462889e+00  1.791992e+00  2.000000e-01
   endloop
 endfacet
 facet normal  0.000000e+00  0.000000e+00  1.000000e+00
   outer loop
     vertex -1.420695e+00 -5.860875e+00  2.000000e-01
     vertex -2.564453e+00 -8.152344e+00  2.000000e-01
     vertex -9.452502e-01 -7.148838e+00  2.000000e-01
   endloop
 endfacet
 facet normal  0.000000e+00  0.000000e+00  1.000000e+00
   outer loop
     vertex  2.104695e+00 -9.376391e+00  2.000000e-01
     vertex  1.763672e+00 -9.433594e+00  2.000000e-01
     vertex  2.019468e+00 -9.552535e+00  2.000000e-01
   endloop
 endfacet
 facet normal  0.000000e+00  0.000000e+00  1.000000e+00
   outer loop
     vertex -1.351162e+00 -5.915954e+00  2.000000e-01
     vertex -1.420695e+00 -5.860875e+00  2.000000e-01
     vertex -9.452502e-01 -7.148838e+00  2.000000e-01
   endloop
 endfacet
 facet normal  0.000000e+00  0.000000e+00  1.000000e+00
   outer loop
     vertex -1.351162e+00 -5.915954e+00  2.000000e-01
     vertex -9.452502e-01 -7.148838e+00  2.000000e-01
     vertex -8.901715e-01 -7.079305e+00  2.000000e-01
   endloop
 endfacet
 facet normal  0.000000e+00  0.000000e+00  1.000000e+00
   outer loop
     vertex -1.453513e+00 -5.801892e+00  2.000000e-01
     vertex -2.564453e+00 -8.152344e+00  2.000000e-01
     vertex -1.420695e+00 -5.860875e+00  2.000000e-01
   endloop
 endfacet
 facet normal  0.000000e+00  0.000000e+00  1.000000e+00
   outer loop
     vertex -1.453513e+00 -5.801892e+00  2.000000e-01
     vertex -2.564453e+00 -4.818359e+00  2.000000e-01
     vertex -2.564453e+00 -8.152344e+00  2.000000e-01
   endloop
 endfacet
 facet normal  0.000000e+00  0.000000e+00  1.000000e+00
   outer loop
     vertex -1.264648e+00 -5.935547e+00  2.000000e-01
     vertex -1.351162e+00 -5.915954e+00  2.000000e-01
     vertex -8.901715e-01 -7.079305e+00  2.000000e-01
   endloop
 endfacet
 facet normal  0.000000e+00  0.000000e+00  1.000000e+00
   outer loop
     vertex -1.264648e+00 -5.935547e+00  2.000000e-01
     vertex -8.901715e-01 -7.079305e+00  2.000000e-01
     vertex -8.311887e-01 -7.046487e+00  2.000000e-01
   endloop
 endfacet
 facet normal  0.000000e+00  0.000000e+00  1.000000e+00
   outer loop
     vertex -1.264648e+00 -5.935547e+00  2.000000e-01
     vertex -8.311887e-01 -7.046487e+00  2.000000e-01
     vertex -7.646484e-01 -7.035157e+00  2.000000e-01
   endloop
 endfacet
 facet normal  0.000000e+00  0.000000e+00  1.000000e+00
   outer loop
     vertex -1.464844e+00 -5.735351e+00  2.000000e-01
     vertex -2.564453e+00 -4.818359e+00  2.000000e-01
     vertex -1.453513e+00 -5.801892e+00  2.000000e-01
   endloop
 endfacet
 facet normal  0.000000e+00  0.000000e+00  1.000000e+00
   outer loop
     vertex -9.364105e+00  2.363349e+00  2.000000e-01
     vertex -9.541271e+00  2.106392e+00  2.000000e-01
     vertex -9.462889e+00  1.791992e+00  2.000000e-01
   endloop
 endfacet
 facet normal  0.000000e+00  0.000000e+00  1.000000e+00
   outer loop
     vertex  8.769531e-01 -7.876953e+00  2.000000e-01
     vertex  4.355469e-01 -8.318359e+00  2.000000e-01
     vertex  1.235352e+00 -9.035156e+00  2.000000e-01
   endloop
 endfacet
 facet normal  0.000000e+00  0.000000e+00  1.000000e+00
   outer loop
     vertex  8.769531e-01 -7.876953e+00  2.000000e-01
     vertex  1.235352e+00 -9.035156e+00  2.000000e-01
     vertex  1.321865e+00 -9.054749e+00  2.000000e-01
   endloop
 endfacet
 facet normal  0.000000e+00  0.000000e+00  1.000000e+00
   outer loop
     vertex  9.042404e-01 -7.842950e+00  2.000000e-01
     vertex  1.321865e+00 -9.054749e+00  2.000000e-01
     vertex  1.593750e+00 -9.093750e+00  2.000000e-01
   endloop
 endfacet
 facet normal  0.000000e+00  0.000000e+00  1.000000e+00
   outer loop
     vertex  9.042404e-01 -7.842950e+00  2.000000e-01
     vertex  8.769531e-01 -7.876953e+00  2.000000e-01
     vertex  1.321865e+00 -9.054749e+00  2.000000e-01
   endloop
 endfacet
 facet normal  0.000000e+00  0.000000e+00  1.000000e+00
   outer loop
     vertex  2.442650e+00 -9.303398e+00  2.000000e-01
     vertex  2.104695e+00 -9.376391e+00  2.000000e-01
     vertex  2.019468e+00 -9.552535e+00  2.000000e-01
   endloop
 endfacet
 facet normal  0.000000e+00  0.000000e+00  1.000000e+00
   outer loop
     vertex  2.595389e+00 -9.413212e+00  2.000000e-01
     vertex  2.442650e+00 -9.303398e+00  2.000000e-01
     vertex  2.019468e+00 -9.552535e+00  2.000000e-01
   endloop
 endfacet
 facet normal  0.000000e+00  0.000000e+00  1.000000e+00
   outer loop
     vertex -7.351162e+00  5.840465e-01  2.000000e-01
     vertex -7.420695e+00  6.391250e-01  2.000000e-01
     vertex -8.681641e+00 -5.351563e-01  2.000000e-01
   endloop
 endfacet
 facet normal  0.000000e+00  0.000000e+00  1.000000e+00
   outer loop
     vertex -7.453513e+00  6.981080e-01  2.000000e-01
     vertex -9.064453e+00  1.264648e+00  2.000000e-01
     vertex -9.064453e+00 -1.523438e-01  2.000000e-01
   endloop
 endfacet
 facet normal  0.000000e+00  0.000000e+00  1.000000e+00
   outer loop
     vertex -7.453513e+00  6.981080e-01  2.000000e-01
     vertex -9.064453e+00 -1.523438e-01  2.000000e-01
     vertex -8.681641e+00 -5.351563e-01  2.000000e-01
   endloop
 endfacet
 facet normal  0.000000e+00  0.000000e+00  1.000000e+00
   outer loop
     vertex -7.453513e+00  6.981080e-01  2.000000e-01
     vertex -8.681641e+00 -5.351563e-01  2.000000e-01
     vertex -7.420695e+00  6.391250e-01  2.000000e-01
   endloop
 endfacet
 facet normal  0.000000e+00  0.000000e+00  1.000000e+00
   outer loop
     vertex -7.464844e+00  7.646484e-01  2.000000e-01
     vertex -9.064453e+00  1.264648e+00  2.000000e-01
     vertex -7.453513e+00  6.981080e-01  2.000000e-01
   endloop
 endfacet
 facet normal  0.000000e+00  0.000000e+00  1.000000e+00
   outer loop
     vertex -5.264648e+00 -1.435547e+00  2.000000e-01
     vertex -8.181641e+00 -2.535156e+00  2.000000e-01
     vertex -4.847656e+00 -2.535156e+00  2.000000e-01
   endloop
 endfacet
 facet normal  0.000000e+00  0.000000e+00  1.000000e+00
   outer loop
     vertex -7.264648e+00  5.644531e-01  2.000000e-01
     vertex -7.351162e+00  5.840465e-01  2.000000e-01
     vertex -8.681641e+00 -5.351563e-01  2.000000e-01
   endloop
 endfacet
 facet normal  0.000000e+00  0.000000e+00  1.000000e+00
   outer loop
     vertex -1.464844e+00 -5.235352e+00  2.000000e-01
     vertex -2.564453e+00 -4.818359e+00  2.000000e-01
     vertex -1.464844e+00 -5.735351e+00  2.000000e-01
   endloop
 endfacet
 facet normal  0.000000e+00  0.000000e+00  1.000000e+00
   outer loop
     vertex -9.381040e+00  2.739930e+00  2.000000e-01
     vertex -9.541271e+00  2.106392e+00  2.000000e-01
     vertex -9.364105e+00  2.363349e+00  2.000000e-01
   endloop
 endfacet
 facet normal  0.000000e+00  0.000000e+00  1.000000e+00
   outer loop
     vertex -5.198108e+00 -1.424216e+00  2.000000e-01
     vertex -5.264648e+00 -1.435547e+00  2.000000e-01
     vertex -4.847656e+00 -2.535156e+00  2.000000e-01
   endloop
 endfacet
 facet normal  0.000000e+00  0.000000e+00  1.000000e+00
   outer loop
     vertex -1.445250e+00 -5.148838e+00  2.000000e-01
     vertex -2.564453e+00 -4.818359e+00  2.000000e-01
     vertex -1.464844e+00 -5.235352e+00  2.000000e-01
   endloop
 endfacet
 facet normal  0.000000e+00  0.000000e+00  1.000000e+00
   outer loop
     vertex -5.139125e+00 -1.391398e+00  2.000000e-01
     vertex -5.198108e+00 -1.424216e+00  2.000000e-01
     vertex -4.847656e+00 -2.535156e+00  2.000000e-01
   endloop
 endfacet
 facet normal  0.000000e+00  0.000000e+00  1.000000e+00
   outer loop
     vertex -1.390171e+00 -5.079305e+00  2.000000e-01
     vertex -2.564453e+00 -4.818359e+00  2.000000e-01
     vertex -1.445250e+00 -5.148838e+00  2.000000e-01
   endloop
 endfacet
 facet normal  0.000000e+00  0.000000e+00  1.000000e+00
   outer loop
     vertex  7.353515e-01 -7.035157e+00  2.000000e-01
     vertex -1.264648e+00 -5.935547e+00  2.000000e-01
     vertex -7.646484e-01 -7.035157e+00  2.000000e-01
   endloop
 endfacet
 facet normal  0.000000e+00  0.000000e+00  1.000000e+00
   outer loop
     vertex -9.226691e+00  2.927244e+00  2.000000e-01
     vertex -9.381040e+00  2.739930e+00  2.000000e-01
     vertex -9.364105e+00  2.363349e+00  2.000000e-01
   endloop
 endfacet
 facet normal  0.000000e+00  0.000000e+00  1.000000e+00
   outer loop
     vertex  2.930805e+00 -9.169090e+00  2.000000e-01
     vertex  2.442650e+00 -9.303398e+00  2.000000e-01
     vertex  2.595389e+00 -9.413212e+00  2.000000e-01
   endloop
 endfacet
 facet normal  0.000000e+00  0.000000e+00  1.000000e+00
   outer loop
     vertex -7.464844e+00  1.264648e+00  2.000000e-01
     vertex -9.075784e+00  1.331189e+00  2.000000e-01
     vertex -9.064453e+00  1.264648e+00  2.000000e-01
   endloop
 endfacet
 facet normal  0.000000e+00  0.000000e+00  1.000000e+00
   outer loop
     vertex -7.464844e+00  1.264648e+00  2.000000e-01
     vertex -9.064453e+00  1.264648e+00  2.000000e-01
     vertex -7.464844e+00  7.646484e-01  2.000000e-01
   endloop
 endfacet
 facet normal  0.000000e+00  0.000000e+00  1.000000e+00
   outer loop
     vertex -7.452809e+00  1.333140e+00  2.000000e-01
     vertex -9.075784e+00  1.331189e+00  2.000000e-01
     vertex -7.464844e+00  1.264648e+00  2.000000e-01
   endloop
 endfacet
 facet normal  0.000000e+00  0.000000e+00  1.000000e+00
   outer loop
     vertex -7.452809e+00  1.333140e+00  2.000000e-01
     vertex -9.123045e+00  1.623047e+00  2.000000e-01
     vertex -9.075784e+00  1.331189e+00  2.000000e-01
   endloop
 endfacet
 facet normal  0.000000e+00  0.000000e+00  1.000000e+00
   outer loop
     vertex  3.170739e+00 -9.233273e+00  2.000000e-01
     vertex  2.930805e+00 -9.169090e+00  2.000000e-01
     vertex  2.595389e+00 -9.413212e+00  2.000000e-01
   endloop
 endfacet
 facet normal  0.000000e+00  0.000000e+00  1.000000e+00
   outer loop
     vertex -9.184963e+00  3.365255e+00  2.000000e-01
     vertex -9.381040e+00  2.739930e+00  2.000000e-01
     vertex -9.226691e+00  2.927244e+00  2.000000e-01
   endloop
 endfacet
 facet normal  0.000000e+00  0.000000e+00  1.000000e+00
   outer loop
     vertex -1.681641e+00 -3.935547e+00  2.000000e-01
     vertex -1.390171e+00 -5.079305e+00  2.000000e-01
     vertex -1.331189e+00 -5.046487e+00  2.000000e-01
   endloop
 endfacet
 facet normal  0.000000e+00  0.000000e+00  1.000000e+00
   outer loop
     vertex -1.681641e+00 -3.935547e+00  2.000000e-01
     vertex -1.331189e+00 -5.046487e+00  2.000000e-01
     vertex -1.264648e+00 -5.035157e+00  2.000000e-01
   endloop
 endfacet
 facet normal  0.000000e+00  0.000000e+00  1.000000e+00
   outer loop
     vertex -1.681641e+00 -3.935547e+00  2.000000e-01
     vertex -2.564453e+00 -4.818359e+00  2.000000e-01
     vertex -1.390171e+00 -5.079305e+00  2.000000e-01
   endloop
 endfacet
 facet normal  0.000000e+00  0.000000e+00  1.000000e+00
   outer loop
     vertex -3.964844e+00 -1.652344e+00  2.000000e-01
     vertex -5.075784e+00 -6.688111e-01  2.000000e-01
     vertex -5.064453e+00 -7.353515e-01  2.000000e-01
   endloop
 endfacet
 facet normal  0.000000e+00  0.000000e+00  1.000000e+00
   outer loop
     vertex -3.964844e+00 -1.652344e+00  2.000000e-01
     vertex -5.064453e+00 -7.353515e-01  2.000000e-01
     vertex -5.064453e+00 -1.235352e+00  2.000000e-01
   endloop
 endfacet
 facet normal  0.000000e+00  0.000000e+00  1.000000e+00
   outer loop
     vertex -3.964844e+00 -1.652344e+00  2.000000e-01
     vertex -5.064453e+00 -1.235352e+00  2.000000e-01
     vertex -5.084046e+00 -1.321865e+00  2.000000e-01
   endloop
 endfacet
 facet normal  0.000000e+00  0.000000e+00  1.000000e+00
   outer loop
     vertex -3.964844e+00 -1.652344e+00  2.000000e-01
     vertex -5.084046e+00 -1.321865e+00  2.000000e-01
     vertex -5.139125e+00 -1.391398e+00  2.000000e-01
   endloop
 endfacet
 facet normal  0.000000e+00  0.000000e+00  1.000000e+00
   outer loop
     vertex -3.964844e+00 -1.652344e+00  2.000000e-01
     vertex -5.139125e+00 -1.391398e+00  2.000000e-01
     vertex -4.847656e+00 -2.535156e+00  2.000000e-01
   endloop
 endfacet
 facet normal  0.000000e+00  0.000000e+00  1.000000e+00
   outer loop
     vertex  2.535156e+00 -8.152344e+00  2.000000e-01
     vertex  9.042404e-01 -7.842950e+00  2.000000e-01
     vertex  1.593750e+00 -9.093750e+00  2.000000e-01
   endloop
 endfacet
 facet normal  0.000000e+00  0.000000e+00  1.000000e+00
   outer loop
     vertex  2.535156e+00 -8.152344e+00  2.000000e-01
     vertex  9.355468e-01 -7.235351e+00  2.000000e-01
     vertex  9.355468e-01 -7.735352e+00  2.000000e-01
   endloop
 endfacet
 facet normal  0.000000e+00  0.000000e+00  1.000000e+00
   outer loop
     vertex  2.535156e+00 -8.152344e+00  2.000000e-01
     vertex  9.355468e-01 -7.735352e+00  2.000000e-01
     vertex  9.235120e-01 -7.803843e+00  2.000000e-01
   endloop
 endfacet
 facet normal  0.000000e+00  0.000000e+00  1.000000e+00
   outer loop
     vertex  2.535156e+00 -8.152344e+00  2.000000e-01
     vertex  9.235120e-01 -7.803843e+00  2.000000e-01
     vertex  9.042404e-01 -7.842950e+00  2.000000e-01
   endloop
 endfacet
 facet normal  0.000000e+00  0.000000e+00  1.000000e+00
   outer loop
     vertex -8.181639e+00  2.564453e+00  2.000000e-01
     vertex -7.452809e+00  1.333140e+00  2.000000e-01
     vertex -7.433537e+00  1.372247e+00  2.000000e-01
   endloop
 endfacet
 facet normal  0.000000e+00  0.000000e+00  1.000000e+00
   outer loop
     vertex -8.181639e+00  2.564453e+00  2.000000e-01
     vertex -7.433537e+00  1.372247e+00  2.000000e-01
     vertex -7.406250e+00  1.406250e+00  2.000000e-01
   endloop
 endfacet
 facet normal  0.000000e+00  0.000000e+00  1.000000e+00
   outer loop
     vertex -8.181639e+00  2.564453e+00  2.000000e-01
     vertex -9.123045e+00  1.623047e+00  2.000000e-01
     vertex -7.452809e+00  1.333140e+00  2.000000e-01
   endloop
 endfacet
 facet normal  0.000000e+00  0.000000e+00  1.000000e+00
   outer loop
     vertex  3.420013e+00 -8.999792e+00  2.000000e-01
     vertex  2.930805e+00 -9.169090e+00  2.000000e-01
     vertex  3.170739e+00 -9.233273e+00  2.000000e-01
   endloop
 endfacet
 facet normal  0.000000e+00  0.000000e+00  1.000000e+00
   outer loop
     vertex -9.049091e+00  3.488200e+00  2.000000e-01
     vertex -9.184963e+00  3.365255e+00  2.000000e-01
     vertex -9.226691e+00  2.927244e+00  2.000000e-01
   endloop
 endfacet
 facet normal  0.000000e+00  0.000000e+00  1.000000e+00
   outer loop
     vertex  3.739220e+00 -9.013839e+00  2.000000e-01
     vertex  3.420013e+00 -8.999792e+00  2.000000e-01
     vertex  3.170739e+00 -9.233273e+00  2.000000e-01
   endloop
 endfacet
 facet normal  0.000000e+00  0.000000e+00  1.000000e+00
   outer loop
     vertex -5.764648e+00  5.644531e-01  2.000000e-01
     vertex -7.264648e+00  5.644531e-01  2.000000e-01
     vertex -5.264649e+00 -5.351563e-01  2.000000e-01
   endloop
 endfacet
 facet normal  0.000000e+00  0.000000e+00  1.000000e+00
   outer loop
     vertex -5.698108e+00  5.757836e-01  2.000000e-01
     vertex -5.764648e+00  5.644531e-01  2.000000e-01
     vertex -5.264649e+00 -5.351563e-01  2.000000e-01
   endloop
 endfacet
 facet normal  0.000000e+00  0.000000e+00  1.000000e+00
   outer loop
     vertex -6.964843e+00  1.847656e+00  2.000000e-01
     vertex -8.181639e+00  2.564453e+00  2.000000e-01
     vertex -7.406250e+00  1.406250e+00  2.000000e-01
   endloop
 endfacet
 facet normal  0.000000e+00  0.000000e+00  1.000000e+00
   outer loop
     vertex -5.639125e+00  6.086016e-01  2.000000e-01
     vertex -5.264649e+00 -5.351563e-01  2.000000e-01
     vertex -5.178135e+00 -5.547496e-01  2.000000e-01
   endloop
 endfacet
 facet normal  0.000000e+00  0.000000e+00  1.000000e+00
   outer loop
     vertex -5.639125e+00  6.086016e-01  2.000000e-01
     vertex -5.698108e+00  5.757836e-01  2.000000e-01
     vertex -5.264649e+00 -5.351563e-01  2.000000e-01
   endloop
 endfacet
 facet normal  0.000000e+00  0.000000e+00  1.000000e+00
   outer loop
     vertex -8.959990e+00  3.956133e+00  2.000000e-01
     vertex -9.184963e+00  3.365255e+00  2.000000e-01
     vertex -9.049091e+00  3.488200e+00  2.000000e-01
   endloop
 endfacet
 facet normal  0.000000e+00  0.000000e+00  1.000000e+00
   outer loop
     vertex -5.584046e+00  6.781348e-01  2.000000e-01
     vertex -5.178135e+00 -5.547496e-01  2.000000e-01
     vertex -5.108602e+00 -6.098281e-01  2.000000e-01
   endloop
 endfacet
 facet normal  0.000000e+00  0.000000e+00  1.000000e+00
   outer loop
     vertex -5.584046e+00  6.781348e-01  2.000000e-01
     vertex -5.639125e+00  6.086016e-01  2.000000e-01
     vertex -5.178135e+00 -5.547496e-01  2.000000e-01
   endloop
 endfacet
 facet normal  0.000000e+00  0.000000e+00  1.000000e+00
   outer loop
     vertex  3.909093e+00 -8.795040e+00  2.000000e-01
     vertex  3.420013e+00 -8.999792e+00  2.000000e-01
     vertex  3.739220e+00 -9.013839e+00  2.000000e-01
   endloop
 endfacet
 facet normal  0.000000e+00  0.000000e+00  1.000000e+00
   outer loop
     vertex -8.833362e+00  4.037215e+00  2.000000e-01
     vertex -8.959990e+00  3.956133e+00  2.000000e-01
     vertex -9.049091e+00  3.488200e+00  2.000000e-01
   endloop
 endfacet
 facet normal  0.000000e+00  0.000000e+00  1.000000e+00
   outer loop
     vertex  4.298701e+00 -8.755283e+00  2.000000e-01
     vertex  3.909093e+00 -8.795040e+00  2.000000e-01
     vertex  3.739220e+00 -9.013839e+00  2.000000e-01
   endloop
 endfacet
 facet normal  0.000000e+00  0.000000e+00  1.000000e+00
   outer loop
     vertex -6.964843e+00  2.564453e+00  2.000000e-01
     vertex -8.181639e+00  2.564453e+00  2.000000e-01
     vertex -6.964843e+00  1.847656e+00  2.000000e-01
   endloop
 endfacet
 facet normal  0.000000e+00  0.000000e+00  1.000000e+00
   outer loop
     vertex -8.706194e+00  4.515233e+00  2.000000e-01
     vertex -8.959990e+00  3.956133e+00  2.000000e-01
     vertex -8.833362e+00  4.037215e+00  2.000000e-01
   endloop
 endfacet
 facet normal  0.000000e+00  0.000000e+00  1.000000e+00
   outer loop
     vertex  4.396425e+00 -8.554605e+00  2.000000e-01
     vertex  3.909093e+00 -8.795040e+00  2.000000e-01
     vertex  4.298701e+00 -8.755283e+00  2.000000e-01
   endloop
 endfacet
 facet normal  0.000000e+00  0.000000e+00  1.000000e+00
   outer loop
     vertex -8.607614e+00  4.518266e+00  2.000000e-01
     vertex -8.706194e+00  4.515233e+00  2.000000e-01
     vertex -8.833362e+00  4.037215e+00  2.000000e-01
   endloop
 endfacet
 facet normal  0.000000e+00  0.000000e+00  1.000000e+00
   outer loop
     vertex  2.535156e+00 -6.318360e+00  2.000000e-01
     vertex  9.242163e-01 -7.168811e+00  2.000000e-01
     vertex  9.355468e-01 -7.235351e+00  2.000000e-01
   endloop
 endfacet
 facet normal  0.000000e+00  0.000000e+00  1.000000e+00
   outer loop
     vertex  2.535156e+00 -6.318360e+00  2.000000e-01
     vertex  9.355468e-01 -7.235351e+00  2.000000e-01
     vertex  2.535156e+00 -8.152344e+00  2.000000e-01
   endloop
 endfacet
 facet normal  0.000000e+00  0.000000e+00  1.000000e+00
   outer loop
     vertex  2.152344e+00 -5.935547e+00  2.000000e-01
     vertex  7.353515e-01 -7.035157e+00  2.000000e-01
     vertex  8.218652e-01 -7.054750e+00  2.000000e-01
   endloop
 endfacet
 facet normal  0.000000e+00  0.000000e+00  1.000000e+00
   outer loop
     vertex  2.152344e+00 -5.935547e+00  2.000000e-01
     vertex  8.218652e-01 -7.054750e+00  2.000000e-01
     vertex  8.913984e-01 -7.109829e+00  2.000000e-01
   endloop
 endfacet
 facet normal  0.000000e+00  0.000000e+00  1.000000e+00
   outer loop
     vertex  2.152344e+00 -5.935547e+00  2.000000e-01
     vertex  8.913984e-01 -7.109829e+00  2.000000e-01
     vertex  9.242163e-01 -7.168811e+00  2.000000e-01
   endloop
 endfacet
 facet normal  0.000000e+00  0.000000e+00  1.000000e+00
   outer loop
     vertex  2.152344e+00 -5.935547e+00  2.000000e-01
     vertex  9.242163e-01 -7.168811e+00  2.000000e-01
     vertex  2.535156e+00 -6.318360e+00  2.000000e-01
   endloop
 endfacet
 facet normal  0.000000e+00  0.000000e+00  1.000000e+00
   outer loop
     vertex  4.846716e+00 -8.458242e+00  2.000000e-01
     vertex  4.396425e+00 -8.554605e+00  2.000000e-01
     vertex  4.298701e+00 -8.755283e+00  2.000000e-01
   endloop
 endfacet
 facet normal  0.000000e+00  0.000000e+00  1.000000e+00
   outer loop
     vertex  4.879948e+00 -8.278609e+00  2.000000e-01
     vertex  4.396425e+00 -8.554605e+00  2.000000e-01
     vertex  4.846716e+00 -8.458242e+00  2.000000e-01
   endloop
 endfacet
 facet normal  0.000000e+00  0.000000e+00  1.000000e+00
   outer loop
     vertex -8.423252e+00  5.045026e+00  2.000000e-01
     vertex -8.706194e+00  4.515233e+00  2.000000e-01
     vertex -8.607614e+00  4.518266e+00  2.000000e-01
   endloop
 endfacet
 facet normal  0.000000e+00  0.000000e+00  1.000000e+00
   outer loop
     vertex -8.322794e+00  5.035796e+00  2.000000e-01
     vertex -8.423252e+00  5.045026e+00  2.000000e-01
     vertex -8.607614e+00  4.518266e+00  2.000000e-01
   endloop
 endfacet
 facet normal  0.000000e+00  0.000000e+00  1.000000e+00
   outer loop
     vertex  5.380480e+00 -8.123696e+00  2.000000e-01
     vertex  4.879948e+00 -8.278609e+00  2.000000e-01
     vertex  4.846716e+00 -8.458242e+00  2.000000e-01
   endloop
 endfacet
 facet normal  0.000000e+00  0.000000e+00  1.000000e+00
   outer loop
     vertex  5.357133e+00 -7.967645e+00  2.000000e-01
     vertex  4.879948e+00 -8.278609e+00  2.000000e-01
     vertex  5.380480e+00 -8.123696e+00  2.000000e-01
   endloop
 endfacet
 facet normal  0.000000e+00  0.000000e+00  1.000000e+00
   outer loop
     vertex -8.110468e+00  5.547705e+00  2.000000e-01
     vertex -8.423252e+00  5.045026e+00  2.000000e-01
     vertex -8.322794e+00  5.035796e+00  2.000000e-01
   endloop
 endfacet
 facet normal  0.000000e+00  0.000000e+00  1.000000e+00
   outer loop
     vertex -8.003323e+00  5.533408e+00  2.000000e-01
     vertex -8.110468e+00  5.547705e+00  2.000000e-01
     vertex -8.322794e+00  5.035796e+00  2.000000e-01
   endloop
 endfacet
 facet normal  0.000000e+00  0.000000e+00  1.000000e+00
   outer loop
     vertex -4.847656e+00  2.564453e+00  2.000000e-01
     vertex -6.064453e+00  2.564453e+00  2.000000e-01
     vertex -6.064453e+00  1.847656e+00  2.000000e-01
   endloop
 endfacet
 facet normal  0.000000e+00  0.000000e+00  1.000000e+00
   outer loop
     vertex -4.847656e+00  2.564453e+00  2.000000e-01
     vertex -6.064453e+00  1.847656e+00  2.000000e-01
     vertex -5.623047e+00  1.406250e+00  2.000000e-01
   endloop
 endfacet
 facet normal  0.000000e+00  0.000000e+00  1.000000e+00
   outer loop
     vertex -4.847656e+00  2.564453e+00  2.000000e-01
     vertex -5.623047e+00  1.406250e+00  2.000000e-01
     vertex -5.583167e+00  1.349281e+00  2.000000e-01
   endloop
 endfacet
 facet normal  0.000000e+00  0.000000e+00  1.000000e+00
   outer loop
     vertex  1.652344e+00 -3.935547e+00  2.000000e-01
     vertex -1.681641e+00 -3.935547e+00  2.000000e-01
     vertex -1.264648e+00 -5.035157e+00  2.000000e-01
   endloop
 endfacet
 facet normal  0.000000e+00  0.000000e+00  1.000000e+00
   outer loop
     vertex  1.652344e+00 -3.935547e+00  2.000000e-01
     vertex  2.535156e+00 -5.035157e+00  2.000000e-01
     vertex  2.535156e+00 -4.818359e+00  2.000000e-01
   endloop
 endfacet
 facet normal  0.000000e+00  0.000000e+00  1.000000e+00
   outer loop
     vertex -3.964844e+00  1.681641e+00  2.000000e-01
     vertex -5.108602e+00 -6.098281e-01  2.000000e-01
     vertex -5.075784e+00 -6.688111e-01  2.000000e-01
   endloop
 endfacet
 facet normal  0.000000e+00  0.000000e+00  1.000000e+00
   outer loop
     vertex -3.964844e+00  1.681641e+00  2.000000e-01
     vertex -5.584046e+00  6.781348e-01  2.000000e-01
     vertex -5.108602e+00 -6.098281e-01  2.000000e-01
   endloop
 endfacet
 facet normal  0.000000e+00  0.000000e+00  1.000000e+00
   outer loop
     vertex -3.964844e+00  1.681641e+00  2.000000e-01
     vertex -4.847656e+00  2.564453e+00  2.000000e-01
     vertex -5.583167e+00  1.349281e+00  2.000000e-01
   endloop
 endfacet
 facet normal  0.000000e+00  0.000000e+00  1.000000e+00
   outer loop
     vertex -3.964844e+00  1.681641e+00  2.000000e-01
     vertex -5.583167e+00  1.349281e+00  2.000000e-01
     vertex -5.569171e+00  1.307991e+00  2.000000e-01
   endloop
 endfacet
 facet normal  0.000000e+00  0.000000e+00  1.000000e+00
   outer loop
     vertex -3.964844e+00  1.681641e+00  2.000000e-01
     vertex -5.569171e+00  1.307991e+00  2.000000e-01
     vertex -5.564453e+00  1.264648e+00  2.000000e-01
   endloop
 endfacet
 facet normal  0.000000e+00  0.000000e+00  1.000000e+00
   outer loop
     vertex -3.964844e+00  1.681641e+00  2.000000e-01
     vertex -5.564453e+00  1.264648e+00  2.000000e-01
     vertex -5.564453e+00  7.646484e-01  2.000000e-01
   endloop
 endfacet
 facet normal  0.000000e+00  0.000000e+00  1.000000e+00
   outer loop
     vertex -3.964844e+00  1.681641e+00  2.000000e-01
     vertex -5.075784e+00 -6.688111e-01  2.000000e-01
     vertex -3.964844e+00 -1.652344e+00  2.000000e-01
   endloop
 endfacet
 facet normal  0.000000e+00  0.000000e+00  1.000000e+00
   outer loop
     vertex -3.964844e+00  1.681641e+00  2.000000e-01
     vertex -5.564453e+00  7.646484e-01  2.000000e-01
     vertex -5.584046e+00  6.781348e-01  2.000000e-01
   endloop
 endfacet
 facet normal  0.000000e+00  0.000000e+00  1.000000e+00
   outer loop
     vertex  5.896961e+00 -7.753012e+00  2.000000e-01
     vertex  5.357133e+00 -7.967645e+00  2.000000e-01
     vertex  5.380480e+00 -8.123696e+00  2.000000e-01
   endloop
 endfacet
 facet normal  0.000000e+00  0.000000e+00  1.000000e+00
   outer loop
     vertex -7.801941e+00  5.979352e+00  2.000000e-01
     vertex -8.110468e+00  5.547705e+00  2.000000e-01
     vertex -8.003323e+00  5.533408e+00  2.000000e-01
   endloop
 endfacet
 facet normal  0.000000e+00  0.000000e+00  1.000000e+00
   outer loop
     vertex  5.824458e+00 -7.623324e+00  2.000000e-01
     vertex  5.357133e+00 -7.967645e+00  2.000000e-01
     vertex  5.896961e+00 -7.753012e+00  2.000000e-01
   endloop
 endfacet
 facet normal  0.000000e+00  0.000000e+00  1.000000e+00
   outer loop
     vertex -7.708020e+00  5.936008e+00  2.000000e-01
     vertex -7.801941e+00  5.979352e+00  2.000000e-01
     vertex -8.003323e+00  5.533408e+00  2.000000e-01
   endloop
 endfacet
 facet normal  0.000000e+00  0.000000e+00  1.000000e+00
   outer loop
     vertex -7.446160e+00  6.363482e+00  2.000000e-01
     vertex -7.801941e+00  5.979352e+00  2.000000e-01
     vertex -7.708020e+00  5.936008e+00  2.000000e-01
   endloop
 endfacet
 facet normal  0.000000e+00  0.000000e+00  1.000000e+00
   outer loop
     vertex -7.420065e+00  6.340049e+00  2.000000e-01
     vertex -7.446160e+00  6.363482e+00  2.000000e-01
     vertex -7.708020e+00  5.936008e+00  2.000000e-01
   endloop
 endfacet
 facet normal  0.000000e+00  0.000000e+00  1.000000e+00
   outer loop
     vertex -7.467760e+00  6.391113e+00  2.000000e-01
     vertex -7.801941e+00  5.979352e+00  2.000000e-01
     vertex -7.446160e+00  6.363482e+00  2.000000e-01
   endloop
 endfacet
 facet normal  0.000000e+00  0.000000e+00  1.000000e+00
   outer loop
     vertex -7.390278e+00  6.321534e+00  2.000000e-01
     vertex -7.420065e+00  6.340049e+00  2.000000e-01
     vertex -7.708020e+00  5.936008e+00  2.000000e-01
   endloop
 endfacet
 facet normal  0.000000e+00  0.000000e+00  1.000000e+00
   outer loop
     vertex  6.392888e+00 -7.348040e+00  2.000000e-01
     vertex  6.279332e+00 -7.246974e+00  2.000000e-01
     vertex  5.824458e+00 -7.623324e+00  2.000000e-01
   endloop
 endfacet
 facet normal  0.000000e+00  0.000000e+00  1.000000e+00
   outer loop
     vertex  6.392888e+00 -7.348040e+00  2.000000e-01
     vertex  5.824458e+00 -7.623324e+00  2.000000e-01
     vertex  5.896961e+00 -7.753012e+00  2.000000e-01
   endloop
 endfacet
 facet normal  0.000000e+00  0.000000e+00  1.000000e+00
   outer loop
     vertex  6.719021e+00 -6.840193e+00  2.000000e-01
     vertex  6.279332e+00 -7.246974e+00  2.000000e-01
     vertex  6.392888e+00 -7.348040e+00  2.000000e-01
   endloop
 endfacet
 facet normal  0.000000e+00  0.000000e+00  1.000000e+00
   outer loop
     vertex  6.864872e+00 -6.911109e+00  2.000000e-01
     vertex  6.719021e+00 -6.840193e+00  2.000000e-01
     vertex  6.392888e+00 -7.348040e+00  2.000000e-01
   endloop
 endfacet
 facet normal  0.000000e+00  0.000000e+00  1.000000e+00
   outer loop
     vertex  7.135742e+00 -6.410157e+00  2.000000e-01
     vertex  6.719021e+00 -6.840193e+00  2.000000e-01
     vertex  6.864872e+00 -6.911109e+00  2.000000e-01
   endloop
 endfacet
 facet normal  0.000000e+00  0.000000e+00  1.000000e+00
   outer loop
     vertex  7.266342e+00 -6.492902e+00  2.000000e-01
     vertex  7.135742e+00 -6.410157e+00  2.000000e-01
     vertex  6.864872e+00 -6.911109e+00  2.000000e-01
   endloop
 endfacet
 facet normal  0.000000e+00  0.000000e+00  1.000000e+00
   outer loop
     vertex -6.406372e+00  7.422552e+00  2.000000e-01
     vertex -6.821289e+00  7.041015e+00  2.000000e-01
     vertex -6.740235e+00  6.958984e+00  2.000000e-01
   endloop
 endfacet
 facet normal  0.000000e+00  0.000000e+00  1.000000e+00
   outer loop
     vertex -6.259274e+00  7.385305e+00  2.000000e-01
     vertex -6.406372e+00  7.422552e+00  2.000000e-01
     vertex -6.740235e+00  6.958984e+00  2.000000e-01
   endloop
 endfacet
 facet normal  0.000000e+00  0.000000e+00  1.000000e+00
   outer loop
     vertex  7.528958e+00 -5.958036e+00  2.000000e-01
     vertex  7.135742e+00 -6.410157e+00  2.000000e-01
     vertex  7.266342e+00 -6.492902e+00  2.000000e-01
   endloop
 endfacet
 facet normal  0.000000e+00  0.000000e+00  1.000000e+00
   outer loop
     vertex  7.643194e+00 -6.053526e+00  2.000000e-01
     vertex  7.528958e+00 -5.958036e+00  2.000000e-01
     vertex  7.266342e+00 -6.492902e+00  2.000000e-01
   endloop
 endfacet
 facet normal  0.000000e+00  0.000000e+00  1.000000e+00
   outer loop
     vertex -5.970657e+00  7.779732e+00  2.000000e-01
     vertex -6.406372e+00  7.422552e+00  2.000000e-01
     vertex -6.259274e+00  7.385305e+00  2.000000e-01
   endloop
 endfacet
 facet normal  0.000000e+00  0.000000e+00  1.000000e+00
   outer loop
     vertex -5.755988e+00  7.784066e+00  2.000000e-01
     vertex -5.970657e+00  7.779732e+00  2.000000e-01
     vertex -6.259274e+00  7.385305e+00  2.000000e-01
   endloop
 endfacet
 facet normal  0.000000e+00  0.000000e+00  1.000000e+00
   outer loop
     vertex  7.993136e+00 -5.595657e+00  2.000000e-01
     vertex  7.528958e+00 -5.958036e+00  2.000000e-01
     vertex  7.643194e+00 -6.053526e+00  2.000000e-01
   endloop
 endfacet
 facet normal  0.000000e+00  0.000000e+00  1.000000e+00
   outer loop
     vertex  7.896837e+00 -5.485454e+00  2.000000e-01
     vertex  7.528958e+00 -5.958036e+00  2.000000e-01
     vertex  7.993136e+00 -5.595657e+00  2.000000e-01
   endloop
 endfacet
 facet normal  0.000000e+00  0.000000e+00  1.000000e+00
   outer loop
     vertex -5.565795e+00  8.075777e+00  2.000000e-01
     vertex -5.970657e+00  7.779732e+00  2.000000e-01
     vertex -5.755988e+00  7.784066e+00  2.000000e-01
   endloop
 endfacet
 facet normal  0.000000e+00  0.000000e+00  1.000000e+00
   outer loop
     vertex -5.275490e+00  8.121671e+00  2.000000e-01
     vertex -5.565795e+00  8.075777e+00  2.000000e-01
     vertex -5.755988e+00  7.784066e+00  2.000000e-01
   endloop
 endfacet
 facet normal  0.000000e+00  0.000000e+00  1.000000e+00
   outer loop
     vertex  8.314106e+00 -5.122156e+00  2.000000e-01
     vertex  7.896837e+00 -5.485454e+00  2.000000e-01
     vertex  7.993136e+00 -5.595657e+00  2.000000e-01
   endloop
 endfacet
 facet normal  0.000000e+00  0.000000e+00  1.000000e+00
   outer loop
     vertex -5.145930e+00  8.349868e+00  2.000000e-01
     vertex -5.565795e+00  8.075777e+00  2.000000e-01
     vertex -5.275490e+00  8.121671e+00  2.000000e-01
   endloop
 endfacet
 facet normal  0.000000e+00  0.000000e+00  1.000000e+00
   outer loop
     vertex  8.255228e+00 -4.965349e+00  2.000000e-01
     vertex  7.896837e+00 -5.485454e+00  2.000000e-01
     vertex  8.314106e+00 -5.122156e+00  2.000000e-01
   endloop
 endfacet
 facet normal  0.000000e+00  0.000000e+00  1.000000e+00
   outer loop
     vertex -4.794737e+00  8.419193e+00  2.000000e-01
     vertex -5.145930e+00  8.349868e+00  2.000000e-01
     vertex -5.275490e+00  8.121671e+00  2.000000e-01
   endloop
 endfacet
 facet normal  0.000000e+00  0.000000e+00  1.000000e+00
   outer loop
     vertex  5.093750e+00 -1.376953e+00  2.000000e-01
     vertex  3.935547e+00 -1.652344e+00  2.000000e-01
     vertex  4.818359e+00 -2.535156e+00  2.000000e-01
   endloop
 endfacet
 facet normal  0.000000e+00  0.000000e+00  1.000000e+00
   outer loop
     vertex  4.652344e+00 -9.355469e-01  2.000000e-01
     vertex  3.935547e+00 -1.652344e+00  2.000000e-01
     vertex  5.093750e+00 -1.376953e+00  2.000000e-01
   endloop
 endfacet
 facet normal  0.000000e+00  0.000000e+00  1.000000e+00
   outer loop
     vertex  4.652344e+00 -9.355469e-01  2.000000e-01
     vertex  3.935547e+00 -9.355469e-01  2.000000e-01
     vertex  3.935547e+00 -1.652344e+00  2.000000e-01
   endloop
 endfacet
 facet normal  0.000000e+00  0.000000e+00  1.000000e+00
   outer loop
     vertex  5.127753e+00 -1.404240e+00  2.000000e-01
     vertex  5.093750e+00 -1.376953e+00  2.000000e-01
     vertex  4.818359e+00 -2.535156e+00  2.000000e-01
   endloop
 endfacet
 facet normal  0.000000e+00  0.000000e+00  1.000000e+00
   outer loop
     vertex  5.166860e+00 -1.423512e+00  2.000000e-01
     vertex  5.127753e+00 -1.404240e+00  2.000000e-01
     vertex  4.818359e+00 -2.535156e+00  2.000000e-01
   endloop
 endfacet
 facet normal  0.000000e+00  0.000000e+00  1.000000e+00
   outer loop
     vertex  5.235352e+00 -1.435547e+00  2.000000e-01
     vertex  5.166860e+00 -1.423512e+00  2.000000e-01
     vertex  4.818359e+00 -2.535156e+00  2.000000e-01
   endloop
 endfacet
 facet normal  0.000000e+00  0.000000e+00  1.000000e+00
   outer loop
     vertex -4.667523e+00  8.625198e+00  2.000000e-01
     vertex -5.145930e+00  8.349868e+00  2.000000e-01
     vertex -4.794737e+00  8.419193e+00  2.000000e-01
   endloop
 endfacet
 facet normal  0.000000e+00  0.000000e+00  1.000000e+00
   outer loop
     vertex  8.604325e+00 -4.635995e+00  2.000000e-01
     vertex  8.255228e+00 -4.965349e+00  2.000000e-01
     vertex  8.314106e+00 -5.122156e+00  2.000000e-01
   endloop
 endfacet
 facet normal  0.000000e+00  0.000000e+00  1.000000e+00
   outer loop
     vertex  8.566944e+00 -4.446763e+00  2.000000e-01
     vertex  8.255228e+00 -4.965349e+00  2.000000e-01
     vertex  8.604325e+00 -4.635995e+00  2.000000e-01
   endloop
 endfacet
 facet normal  0.000000e+00  0.000000e+00  1.000000e+00
   outer loop
     vertex -4.313298e+00  8.678491e+00  2.000000e-01
     vertex -4.667523e+00  8.625198e+00  2.000000e-01
     vertex -4.794737e+00  8.419193e+00  2.000000e-01
   endloop
 endfacet
 facet normal  0.000000e+00  0.000000e+00  1.000000e+00
   outer loop
     vertex -4.222851e+00  8.849085e+00  2.000000e-01
     vertex -4.667523e+00  8.625198e+00  2.000000e-01
     vertex -4.313298e+00  8.678491e+00  2.000000e-01
   endloop
 endfacet
 facet normal  0.000000e+00  0.000000e+00  1.000000e+00
   outer loop
     vertex  8.862336e+00 -4.140185e+00  2.000000e-01
     vertex  8.566944e+00 -4.446763e+00  2.000000e-01
     vertex  8.604325e+00 -4.635995e+00  2.000000e-01
   endloop
 endfacet
 facet normal  0.000000e+00  0.000000e+00  1.000000e+00
   outer loop
     vertex  8.829945e+00 -3.937486e+00  2.000000e-01
     vertex  8.566944e+00 -4.446763e+00  2.000000e-01
     vertex  8.862336e+00 -4.140185e+00  2.000000e-01
   endloop
 endfacet
 facet normal  0.000000e+00  0.000000e+00  1.000000e+00
   outer loop
     vertex -3.830626e+00  8.901220e+00  2.000000e-01
     vertex -4.222851e+00  8.849085e+00  2.000000e-01
     vertex -4.313298e+00  8.678491e+00  2.000000e-01
   endloop
 endfacet
 facet normal  0.000000e+00  0.000000e+00  1.000000e+00
   outer loop
     vertex -4.648438e-01  5.681640e+00  2.000000e-01
     vertex -2.564453e+00  4.847656e+00  2.000000e-01
     vertex -1.681641e+00  3.964844e+00  2.000000e-01
   endloop
 endfacet
 facet normal  0.000000e+00  0.000000e+00  1.000000e+00
   outer loop
     vertex -4.648438e-01  5.681640e+00  2.000000e-01
     vertex -1.681641e+00  3.964844e+00  2.000000e-01
     vertex -4.648438e-01  3.964844e+00  2.000000e-01
   endloop
 endfacet
 facet normal  0.000000e+00  0.000000e+00  1.000000e+00
   outer loop
     vertex -9.062500e-01  6.123047e+00  2.000000e-01
     vertex -2.564453e+00  4.847656e+00  2.000000e-01
     vertex -4.648438e-01  5.681640e+00  2.000000e-01
   endloop
 endfacet
 facet normal  0.000000e+00  0.000000e+00  1.000000e+00
   outer loop
     vertex -9.461298e-01  6.180016e+00  2.000000e-01
     vertex -2.564453e+00  4.847656e+00  2.000000e-01
     vertex -9.062500e-01  6.123047e+00  2.000000e-01
   endloop
 endfacet
 facet normal  0.000000e+00  0.000000e+00  1.000000e+00
   outer loop
     vertex -9.601262e-01  6.221306e+00  2.000000e-01
     vertex -2.564453e+00  4.847656e+00  2.000000e-01
     vertex -9.461298e-01  6.180016e+00  2.000000e-01
   endloop
 endfacet
 facet normal  0.000000e+00  0.000000e+00  1.000000e+00
   outer loop
     vertex -9.648438e-01  6.264648e+00  2.000000e-01
     vertex -2.564453e+00  4.847656e+00  2.000000e-01
     vertex -9.601262e-01  6.221306e+00  2.000000e-01
   endloop
 endfacet
 facet normal  0.000000e+00  0.000000e+00  1.000000e+00
   outer loop
     vertex -3.706992e+00  9.073817e+00  2.000000e-01
     vertex -4.222851e+00  8.849085e+00  2.000000e-01
     vertex -3.830626e+00  8.901220e+00  2.000000e-01
   endloop
 endfacet
 facet normal  0.000000e+00  0.000000e+00  1.000000e+00
   outer loop
     vertex  9.087004e+00 -3.637751e+00  2.000000e-01
     vertex  8.829945e+00 -3.937486e+00  2.000000e-01
     vertex  8.862336e+00 -4.140185e+00  2.000000e-01
   endloop
 endfacet
 facet normal  0.000000e+00  0.000000e+00  1.000000e+00
   outer loop
     vertex  9.043759e+00 -3.444113e+00  2.000000e-01
     vertex  8.829945e+00 -3.937486e+00  2.000000e-01
     vertex  9.087004e+00 -3.637751e+00  2.000000e-01
   endloop
 endfacet
 facet normal  0.000000e+00  0.000000e+00  1.000000e+00
   outer loop
     vertex  8.152344e+00 -2.535156e+00  2.000000e-01
     vertex  5.235352e+00 -1.435547e+00  2.000000e-01
     vertex  4.818359e+00 -2.535156e+00  2.000000e-01
   endloop
 endfacet
 facet normal  0.000000e+00  0.000000e+00  1.000000e+00
   outer loop
     vertex -2.564453e+00  8.181640e+00  2.000000e-01
     vertex -2.564453e+00  4.847656e+00  2.000000e-01
     vertex -9.648438e-01  6.264648e+00  2.000000e-01
   endloop
 endfacet
 facet normal  0.000000e+00  0.000000e+00  1.000000e+00
   outer loop
     vertex  3.935547e+00  1.681641e+00  2.000000e-01
     vertex  3.935547e+00  9.648438e-01  2.000000e-01
     vertex  4.652344e+00  9.648438e-01  2.000000e-01
   endloop
 endfacet
 facet normal  0.000000e+00  0.000000e+00  1.000000e+00
   outer loop
     vertex -3.322584e+00  9.097011e+00  2.000000e-01
     vertex -3.706992e+00  9.073817e+00  2.000000e-01
     vertex -3.830626e+00  8.901220e+00  2.000000e-01
   endloop
 endfacet
 facet normal  0.000000e+00  0.000000e+00  1.000000e+00
   outer loop
     vertex -9.648438e-01  6.764648e+00  2.000000e-01
     vertex -2.564453e+00  8.181640e+00  2.000000e-01
     vertex -9.648438e-01  6.264648e+00  2.000000e-01
   endloop
 endfacet
 facet normal  0.000000e+00  0.000000e+00  1.000000e+00
   outer loop
     vertex -9.528089e-01  6.833140e+00  2.000000e-01
     vertex -2.564453e+00  8.181640e+00  2.000000e-01
     vertex -9.648438e-01  6.764648e+00  2.000000e-01
   endloop
 endfacet
 facet normal  0.000000e+00  0.000000e+00  1.000000e+00
   outer loop
     vertex -9.335373e-01  6.872247e+00  2.000000e-01
     vertex -2.564453e+00  8.181640e+00  2.000000e-01
     vertex -9.528089e-01  6.833140e+00  2.000000e-01
   endloop
 endfacet
 facet normal  0.000000e+00  0.000000e+00  1.000000e+00
   outer loop
     vertex -9.062500e-01  6.906250e+00  2.000000e-01
     vertex -2.564453e+00  8.181640e+00  2.000000e-01
     vertex -9.335373e-01  6.872247e+00  2.000000e-01
   endloop
 endfacet
 facet normal  0.000000e+00  0.000000e+00  1.000000e+00
   outer loop
     vertex -3.168932e+00  9.271932e+00  2.000000e-01
     vertex -3.706992e+00  9.073817e+00  2.000000e-01
     vertex -3.322584e+00  9.097011e+00  2.000000e-01
   endloop
 endfacet
 facet normal  0.000000e+00  0.000000e+00  1.000000e+00
   outer loop
     vertex  4.355469e-01  5.681641e+00  2.000000e-01
     vertex  4.355469e-01  3.964844e+00  2.000000e-01
     vertex  1.652344e+00  3.964844e+00  2.000000e-01
   endloop
 endfacet
 facet normal  0.000000e+00  0.000000e+00  1.000000e+00
   outer loop
     vertex  9.277577e+00 -3.131547e+00  2.000000e-01
     vertex  9.043759e+00 -3.444113e+00  2.000000e-01
     vertex  9.087004e+00 -3.637751e+00  2.000000e-01
   endloop
 endfacet
 facet normal  0.000000e+00  0.000000e+00  1.000000e+00
   outer loop
     vertex  9.209168e+00 -2.972032e+00  2.000000e-01
     vertex  9.043759e+00 -3.444113e+00  2.000000e-01
     vertex  9.277577e+00 -3.131547e+00  2.000000e-01
   endloop
 endfacet
 facet normal  0.000000e+00  0.000000e+00  1.000000e+00
   outer loop
     vertex  7.735352e+00 -1.435547e+00  2.000000e-01
     vertex  5.235352e+00 -1.435547e+00  2.000000e-01
     vertex  8.152344e+00 -2.535156e+00  2.000000e-01
   endloop
 endfacet
 facet normal  0.000000e+00  0.000000e+00  1.000000e+00
   outer loop
     vertex  7.801892e+00 -1.424216e+00  2.000000e-01
     vertex  7.735352e+00 -1.435547e+00  2.000000e-01
     vertex  8.152344e+00 -2.535156e+00  2.000000e-01
   endloop
 endfacet
 facet normal  0.000000e+00  0.000000e+00  1.000000e+00
   outer loop
     vertex  5.818359e+00  5.644531e-01  2.000000e-01
     vertex  5.435547e+00  1.816406e-01  2.000000e-01
     vertex  5.435547e+00 -1.523437e-01  2.000000e-01
   endloop
 endfacet
 facet normal  0.000000e+00  0.000000e+00  1.000000e+00
   outer loop
     vertex  5.818359e+00  5.644531e-01  2.000000e-01
     vertex  5.435547e+00 -1.523437e-01  2.000000e-01
     vertex  5.818359e+00 -5.351562e-01  2.000000e-01
   endloop
 endfacet
 facet normal  0.000000e+00  0.000000e+00  1.000000e+00
   outer loop
     vertex -2.835309e+00  9.249023e+00  2.000000e-01
     vertex -3.168932e+00  9.271932e+00  2.000000e-01
     vertex -3.322584e+00  9.097011e+00  2.000000e-01
   endloop
 endfacet
 facet normal  0.000000e+00  0.000000e+00  1.000000e+00
   outer loop
     vertex  7.860875e+00 -1.391398e+00  2.000000e-01
     vertex  7.801892e+00 -1.424216e+00  2.000000e-01
     vertex  8.152344e+00 -2.535156e+00  2.000000e-01
   endloop
 endfacet
 facet normal  0.000000e+00  0.000000e+00  1.000000e+00
   outer loop
     vertex  5.093750e+00  1.406250e+00  2.000000e-01
     vertex  3.935547e+00  1.681641e+00  2.000000e-01
     vertex  4.652344e+00  9.648438e-01  2.000000e-01
   endloop
 endfacet
 facet normal  0.000000e+00  0.000000e+00  1.000000e+00
   outer loop
     vertex -2.685336e+00  9.421294e+00  2.000000e-01
     vertex -3.168932e+00  9.271932e+00  2.000000e-01
     vertex -2.835309e+00  9.249023e+00  2.000000e-01
   endloop
 endfacet
 facet normal  0.000000e+00  0.000000e+00  1.000000e+00
   outer loop
     vertex  9.433634e+00 -2.624256e+00  2.000000e-01
     vertex  9.328017e+00 -2.525190e+00  2.000000e-01
     vertex  9.209168e+00 -2.972032e+00  2.000000e-01
   endloop
 endfacet
 facet normal  0.000000e+00  0.000000e+00  1.000000e+00
   outer loop
     vertex  9.433634e+00 -2.624256e+00  2.000000e-01
     vertex  9.209168e+00 -2.972032e+00  2.000000e-01
     vertex  9.277577e+00 -3.131547e+00  2.000000e-01
   endloop
 endfacet
 facet normal  0.000000e+00  0.000000e+00  1.000000e+00
   outer loop
     vertex -2.344599e+00  9.368058e+00  2.000000e-01
     vertex -2.685336e+00  9.421294e+00  2.000000e-01
     vertex -2.835309e+00  9.249023e+00  2.000000e-01
   endloop
 endfacet
 facet normal  0.000000e+00  0.000000e+00  1.000000e+00
   outer loop
     vertex  4.818359e+00  2.564453e+00  2.000000e-01
     vertex  3.935547e+00  1.681641e+00  2.000000e-01
     vertex  5.093750e+00  1.406250e+00  2.000000e-01
   endloop
 endfacet
 facet normal  0.000000e+00  0.000000e+00  1.000000e+00
   outer loop
     vertex  4.818359e+00  2.564453e+00  2.000000e-01
     vertex  5.093750e+00  1.406250e+00  2.000000e-01
     vertex  5.150719e+00  1.446130e+00  2.000000e-01
   endloop
 endfacet
 facet normal  0.000000e+00  0.000000e+00  1.000000e+00
   outer loop
     vertex  4.818359e+00  2.564453e+00  2.000000e-01
     vertex  5.150719e+00  1.446130e+00  2.000000e-01
     vertex  5.192009e+00  1.460126e+00  2.000000e-01
   endloop
 endfacet
 facet normal  0.000000e+00  0.000000e+00  1.000000e+00
   outer loop
     vertex  4.818359e+00  2.564453e+00  2.000000e-01
     vertex  5.192009e+00  1.460126e+00  2.000000e-01
     vertex  5.235352e+00  1.464844e+00  2.000000e-01
   endloop
 endfacet
 facet normal  0.000000e+00  0.000000e+00  1.000000e+00
   outer loop
     vertex  2.535156e+00  4.847656e+00  2.000000e-01
     vertex  9.355468e-01  6.264649e+00  2.000000e-01
     vertex  9.235120e-01  6.196157e+00  2.000000e-01
   endloop
 endfacet
 facet normal  0.000000e+00  0.000000e+00  1.000000e+00
   outer loop
     vertex  2.535156e+00  4.847656e+00  2.000000e-01
     vertex  9.235120e-01  6.196157e+00  2.000000e-01
     vertex  9.042404e-01  6.157050e+00  2.000000e-01
   endloop
 endfacet
 facet normal  0.000000e+00  0.000000e+00  1.000000e+00
   outer loop
     vertex  2.535156e+00  4.847656e+00  2.000000e-01
     vertex  9.042404e-01  6.157050e+00  2.000000e-01
     vertex  8.769531e-01  6.123047e+00  2.000000e-01
   endloop
 endfacet
 facet normal  0.000000e+00  0.000000e+00  1.000000e+00
   outer loop
     vertex  2.535156e+00  4.847656e+00  2.000000e-01
     vertex  8.769531e-01  6.123047e+00  2.000000e-01
     vertex  4.355469e-01  5.681641e+00  2.000000e-01
   endloop
 endfacet
 facet normal  0.000000e+00  0.000000e+00  1.000000e+00
   outer loop
     vertex  2.535156e+00  4.847656e+00  2.000000e-01
     vertex  4.355469e-01  5.681641e+00  2.000000e-01
     vertex  1.652344e+00  3.964844e+00  2.000000e-01
   endloop
 endfacet
 facet normal  0.000000e+00  0.000000e+00  1.000000e+00
   outer loop
     vertex  9.555064e+00 -2.118324e+00  2.000000e-01
     vertex  9.398727e+00 -2.136554e+00  2.000000e-01
     vertex  9.328017e+00 -2.525190e+00  2.000000e-01
   endloop
 endfacet
 facet normal  0.000000e+00  0.000000e+00  1.000000e+00
   outer loop
     vertex  9.555064e+00 -2.118324e+00  2.000000e-01
     vertex  9.328017e+00 -2.525190e+00  2.000000e-01
     vertex  9.433634e+00 -2.624256e+00  2.000000e-01
   endloop
 endfacet
 facet normal  0.000000e+00  0.000000e+00  1.000000e+00
   outer loop
     vertex -2.078953e+00  9.573765e+00  2.000000e-01
     vertex -2.344599e+00  9.368058e+00  2.000000e-01
     vertex -2.068647e+00  9.420460e+00  2.000000e-01
   endloop
 endfacet
 facet normal  0.000000e+00  0.000000e+00  1.000000e+00
   outer loop
     vertex -2.078953e+00  9.573765e+00  2.000000e-01
     vertex -2.685336e+00  9.421294e+00  2.000000e-01
     vertex -2.344599e+00  9.368058e+00  2.000000e-01
   endloop
 endfacet
 facet normal  0.000000e+00  0.000000e+00  1.000000e+00
   outer loop
     vertex  9.093750e+00 -1.593750e+00  2.000000e-01
     vertex  7.915954e+00 -1.321865e+00  2.000000e-01
     vertex  7.860875e+00 -1.391398e+00  2.000000e-01
   endloop
 endfacet
 facet normal  0.000000e+00  0.000000e+00  1.000000e+00
   outer loop
     vertex  9.093750e+00 -1.593750e+00  2.000000e-01
     vertex  7.860875e+00 -1.391398e+00  2.000000e-01
     vertex  8.152344e+00 -2.535156e+00  2.000000e-01
   endloop
 endfacet
 facet normal  0.000000e+00  0.000000e+00  1.000000e+00
   outer loop
     vertex -1.791016e+00  9.462890e+00  2.000000e-01
     vertex -2.078953e+00  9.573765e+00  2.000000e-01
     vertex -2.068647e+00  9.420460e+00  2.000000e-01
   endloop
 endfacet
 facet normal  0.000000e+00  0.000000e+00  1.000000e+00
   outer loop
     vertex  9.435547e+00 -1.744141e+00  2.000000e-01
     vertex  9.398727e+00 -2.136554e+00  2.000000e-01
     vertex  9.555064e+00 -2.118324e+00  2.000000e-01
   endloop
 endfacet
 facet normal  0.000000e+00  0.000000e+00  1.000000e+00
   outer loop
     vertex -1.420695e+00  9.139125e+00  2.000000e-01
     vertex -1.582940e+00  9.180307e+00  2.000000e-01
     vertex -1.623047e+00  9.123047e+00  2.000000e-01
   endloop
 endfacet
 facet normal  0.000000e+00  0.000000e+00  1.000000e+00
   outer loop
     vertex  9.148838e+00 -1.415954e+00  2.000000e-01
     vertex  9.093750e+00 -1.593750e+00  2.000000e-01
     vertex  9.168632e+00 -1.546193e+00  2.000000e-01
   endloop
 endfacet
 facet normal  0.000000e+00  0.000000e+00  1.000000e+00
   outer loop
     vertex  9.148838e+00 -1.415954e+00  2.000000e-01
     vertex  9.079305e+00 -1.360875e+00  2.000000e-01
     vertex  9.093750e+00 -1.593750e+00  2.000000e-01
   endloop
 endfacet
 facet normal  0.000000e+00  0.000000e+00  1.000000e+00
   outer loop
     vertex -1.351162e+00  9.084046e+00  2.000000e-01
     vertex -1.420695e+00  9.139125e+00  2.000000e-01
     vertex -1.623047e+00  9.123047e+00  2.000000e-01
   endloop
 endfacet
 facet normal  0.000000e+00  0.000000e+00  1.000000e+00
   outer loop
     vertex -1.351162e+00  9.084046e+00  2.000000e-01
     vertex -1.623047e+00  9.123047e+00  2.000000e-01
     vertex -2.564453e+00  8.181640e+00  2.000000e-01
   endloop
 endfacet
 facet normal  0.000000e+00  0.000000e+00  1.000000e+00
   outer loop
     vertex  9.046487e+00 -1.301892e+00  2.000000e-01
     vertex  7.915954e+00 -1.321865e+00  2.000000e-01
     vertex  9.093750e+00 -1.593750e+00  2.000000e-01
   endloop
 endfacet
 facet normal  0.000000e+00  0.000000e+00  1.000000e+00
   outer loop
     vertex  9.046487e+00 -1.301892e+00  2.000000e-01
     vertex  7.935547e+00 -1.235352e+00  2.000000e-01
     vertex  7.915954e+00 -1.321865e+00  2.000000e-01
   endloop
 endfacet
 facet normal  0.000000e+00  0.000000e+00  1.000000e+00
   outer loop
     vertex  9.046487e+00 -1.301892e+00  2.000000e-01
     vertex  9.093750e+00 -1.593750e+00  2.000000e-01
     vertex  9.079305e+00 -1.360875e+00  2.000000e-01
   endloop
 endfacet
 facet normal  0.000000e+00  0.000000e+00  1.000000e+00
   outer loop
     vertex -1.453513e+00  9.198108e+00  2.000000e-01
     vertex -1.582940e+00  9.180307e+00  2.000000e-01
     vertex -1.420695e+00  9.139125e+00  2.000000e-01
   endloop
 endfacet
 facet normal  0.000000e+00  0.000000e+00  1.000000e+00
   outer loop
     vertex -1.453513e+00  9.198108e+00  2.000000e-01
     vertex -1.564988e+00  9.247871e+00  2.000000e-01
     vertex -1.582940e+00  9.180307e+00  2.000000e-01
   endloop
 endfacet
 facet normal  0.000000e+00  0.000000e+00  1.000000e+00
   outer loop
     vertex  9.035156e+00 -1.235352e+00  2.000000e-01
     vertex  7.935547e+00 -1.235352e+00  2.000000e-01
     vertex  9.046487e+00 -1.301892e+00  2.000000e-01
   endloop
 endfacet
 facet normal  0.000000e+00  0.000000e+00  1.000000e+00
   outer loop
     vertex -1.264648e+00  9.064453e+00  2.000000e-01
     vertex -9.062500e-01  6.906250e+00  2.000000e-01
     vertex -4.062500e-01  7.406250e+00  2.000000e-01
   endloop
 endfacet
 facet normal  0.000000e+00  0.000000e+00  1.000000e+00
   outer loop
     vertex -1.264648e+00  9.064453e+00  2.000000e-01
     vertex -4.062500e-01  7.406250e+00  2.000000e-01
     vertex -3.492808e-01  7.446130e+00  2.000000e-01
   endloop
 endfacet
 facet normal  0.000000e+00  0.000000e+00  1.000000e+00
   outer loop
     vertex -1.264648e+00  9.064453e+00  2.000000e-01
     vertex -3.492808e-01  7.446130e+00  2.000000e-01
     vertex -3.079905e-01  7.460126e+00  2.000000e-01
   endloop
 endfacet
 facet normal  0.000000e+00  0.000000e+00  1.000000e+00
   outer loop
     vertex -1.264648e+00  9.064453e+00  2.000000e-01
     vertex -3.079905e-01  7.460126e+00  2.000000e-01
     vertex -2.646484e-01  7.464844e+00  2.000000e-01
   endloop
 endfacet
 facet normal  0.000000e+00  0.000000e+00  1.000000e+00
   outer loop
     vertex -1.264648e+00  9.064453e+00  2.000000e-01
     vertex -2.564453e+00  8.181640e+00  2.000000e-01
     vertex -9.062500e-01  6.906250e+00  2.000000e-01
   endloop
 endfacet
 facet normal  0.000000e+00  0.000000e+00  1.000000e+00
   outer loop
     vertex -1.264648e+00  9.064453e+00  2.000000e-01
     vertex -1.351162e+00  9.084046e+00  2.000000e-01
     vertex -2.564453e+00  8.181640e+00  2.000000e-01
   endloop
 endfacet
 facet normal  0.000000e+00  0.000000e+00  1.000000e+00
   outer loop
     vertex  9.235352e+00 -1.435547e+00  2.000000e-01
     vertex  9.168632e+00 -1.546193e+00  2.000000e-01
     vertex  9.256715e+00 -1.535696e+00  2.000000e-01
   endloop
 endfacet
 facet normal  0.000000e+00  0.000000e+00  1.000000e+00
   outer loop
     vertex  9.235352e+00 -1.435547e+00  2.000000e-01
     vertex  9.256715e+00 -1.535696e+00  2.000000e-01
     vertex  9.340674e+00 -1.564321e+00  2.000000e-01
   endloop
 endfacet
 facet normal  0.000000e+00  0.000000e+00  1.000000e+00
   outer loop
     vertex  9.235352e+00 -1.435547e+00  2.000000e-01
     vertex  9.148838e+00 -1.415954e+00  2.000000e-01
     vertex  9.168632e+00 -1.546193e+00  2.000000e-01
   endloop
 endfacet
 facet normal  0.000000e+00  0.000000e+00  1.000000e+00
   outer loop
     vertex -1.464844e+00  9.264649e+00  2.000000e-01
     vertex -1.577326e+00  9.335711e+00  2.000000e-01
     vertex -1.564988e+00  9.247871e+00  2.000000e-01
   endloop
 endfacet
 facet normal  0.000000e+00  0.000000e+00  1.000000e+00
   outer loop
     vertex -1.464844e+00  9.264649e+00  2.000000e-01
     vertex -1.564988e+00  9.247871e+00  2.000000e-01
     vertex -1.453513e+00  9.198108e+00  2.000000e-01
   endloop
 endfacet
 facet normal  0.000000e+00  0.000000e+00  1.000000e+00
   outer loop
     vertex  9.617611e+00 -1.778149e+00  2.000000e-01
     vertex  9.428954e+00 -1.682828e+00  2.000000e-01
     vertex  9.435547e+00 -1.744141e+00  2.000000e-01
   endloop
 endfacet
 facet normal  0.000000e+00  0.000000e+00  1.000000e+00
   outer loop
     vertex  9.617611e+00 -1.778149e+00  2.000000e-01
     vertex  9.435547e+00 -1.744141e+00  2.000000e-01
     vertex  9.555064e+00 -2.118324e+00  2.000000e-01
   endloop
 endfacet
 facet normal  0.000000e+00  0.000000e+00  1.000000e+00
   outer loop
     vertex  9.035156e+00 -8.183593e-01  2.000000e-01
     vertex  7.935547e+00 -1.235352e+00  2.000000e-01
     vertex  9.035156e+00 -1.235352e+00  2.000000e-01
   endloop
 endfacet
 facet normal  0.000000e+00  0.000000e+00  1.000000e+00
   outer loop
     vertex  9.035156e+00 -8.183593e-01  2.000000e-01
     vertex  7.935547e+00 -7.353515e-01  2.000000e-01
     vertex  7.935547e+00 -1.235352e+00  2.000000e-01
   endloop
 endfacet
 facet normal  0.000000e+00  0.000000e+00  1.000000e+00
   outer loop
     vertex  8.593750e+00 -3.769531e-01  2.000000e-01
     vertex  7.935547e+00 -7.353515e-01  2.000000e-01
     vertex  9.035156e+00 -8.183593e-01  2.000000e-01
   endloop
 endfacet
 facet normal  0.000000e+00  0.000000e+00  1.000000e+00
   outer loop
     vertex  8.593750e+00 -3.769531e-01  2.000000e-01
     vertex  7.924216e+00 -6.688111e-01  2.000000e-01
     vertex  7.935547e+00 -7.353515e-01  2.000000e-01
   endloop
 endfacet
 facet normal  0.000000e+00  0.000000e+00  1.000000e+00
   outer loop
     vertex -1.464844e+00  9.692383e+00  2.000000e-01
     vertex -1.577326e+00  9.335711e+00  2.000000e-01
     vertex -1.464844e+00  9.264649e+00  2.000000e-01
   endloop
 endfacet
 facet normal  0.000000e+00  0.000000e+00  1.000000e+00
   outer loop
     vertex -1.464844e+00  9.692383e+00  2.000000e-01
     vertex -2.078953e+00  9.573765e+00  2.000000e-01
     vertex -1.791016e+00  9.462890e+00  2.000000e-01
   endloop
 endfacet
 facet normal  0.000000e+00  0.000000e+00  1.000000e+00
   outer loop
     vertex -1.464844e+00  9.692383e+00  2.000000e-01
     vertex -1.791016e+00  9.462890e+00  2.000000e-01
     vertex -1.702665e+00  9.454949e+00  2.000000e-01
   endloop
 endfacet
 facet normal  0.000000e+00  0.000000e+00  1.000000e+00
   outer loop
     vertex -1.464844e+00  9.692383e+00  2.000000e-01
     vertex -1.702665e+00  9.454949e+00  2.000000e-01
     vertex -1.626437e+00  9.409580e+00  2.000000e-01
   endloop
 endfacet
 facet normal  0.000000e+00  0.000000e+00  1.000000e+00
   outer loop
     vertex -1.464844e+00  9.692383e+00  2.000000e-01
     vertex -1.626437e+00  9.409580e+00  2.000000e-01
     vertex -1.577326e+00  9.335711e+00  2.000000e-01
   endloop
 endfacet
 facet normal  0.000000e+00  0.000000e+00  1.000000e+00
   outer loop
     vertex  9.665039e+00 -1.435547e+00  2.000000e-01
     vertex  9.235352e+00 -1.435547e+00  2.000000e-01
     vertex  9.340674e+00 -1.564321e+00  2.000000e-01
   endloop
 endfacet
 facet normal  0.000000e+00  0.000000e+00  1.000000e+00
   outer loop
     vertex  9.665039e+00 -1.435547e+00  2.000000e-01
     vertex  9.340674e+00 -1.564321e+00  2.000000e-01
     vertex  9.403997e+00 -1.626437e+00  2.000000e-01
   endloop
 endfacet
 facet normal  0.000000e+00  0.000000e+00  1.000000e+00
   outer loop
     vertex  9.665039e+00 -1.435547e+00  2.000000e-01
     vertex  9.403997e+00 -1.626437e+00  2.000000e-01
     vertex  9.428954e+00 -1.682828e+00  2.000000e-01
   endloop
 endfacet
 facet normal  0.000000e+00  0.000000e+00  1.000000e+00
   outer loop
     vertex  9.665039e+00 -1.435547e+00  2.000000e-01
     vertex  9.428954e+00 -1.682828e+00  2.000000e-01
     vertex  9.617611e+00 -1.778149e+00  2.000000e-01
   endloop
 endfacet
 facet normal  0.000000e+00  0.000000e+00  1.000000e+00
   outer loop
     vertex  8.553870e+00 -3.199839e-01  2.000000e-01
     vertex  7.924216e+00 -6.688111e-01  2.000000e-01
     vertex  8.593750e+00 -3.769531e-01  2.000000e-01
   endloop
 endfacet
 facet normal  0.000000e+00  0.000000e+00  1.000000e+00
   outer loop
     vertex  8.553870e+00 -3.199839e-01  2.000000e-01
     vertex  7.891398e+00 -6.098281e-01  2.000000e-01
     vertex  7.924216e+00 -6.688111e-01  2.000000e-01
   endloop
 endfacet
 facet normal  0.000000e+00  0.000000e+00  1.000000e+00
   outer loop
     vertex  8.539874e+00 -2.786937e-01  2.000000e-01
     vertex  7.891398e+00 -6.098281e-01  2.000000e-01
     vertex  8.553870e+00 -3.199839e-01  2.000000e-01
   endloop
 endfacet
 facet normal  0.000000e+00  0.000000e+00  1.000000e+00
   outer loop
     vertex  8.535156e+00 -2.353516e-01  2.000000e-01
     vertex  7.891398e+00 -6.098281e-01  2.000000e-01
     vertex  8.539874e+00 -2.786937e-01  2.000000e-01
   endloop
 endfacet
 facet normal  0.000000e+00  0.000000e+00  1.000000e+00
   outer loop
     vertex  8.535156e+00 -2.353516e-01  2.000000e-01
     vertex  7.821865e+00 -5.547496e-01  2.000000e-01
     vertex  7.891398e+00 -6.098281e-01  2.000000e-01
   endloop
 endfacet
 facet normal  0.000000e+00  0.000000e+00  1.000000e+00
   outer loop
     vertex  7.735352e+00  5.644531e-01  2.000000e-01
     vertex  5.818359e+00  5.644531e-01  2.000000e-01
     vertex  5.818359e+00 -5.351562e-01  2.000000e-01
   endloop
 endfacet
 facet normal  0.000000e+00  0.000000e+00  1.000000e+00
   outer loop
     vertex  7.735352e+00  5.644531e-01  2.000000e-01
     vertex  5.818359e+00 -5.351562e-01  2.000000e-01
     vertex  7.735351e+00 -5.351562e-01  2.000000e-01
   endloop
 endfacet
 facet normal  0.000000e+00  0.000000e+00  1.000000e+00
   outer loop
     vertex  7.801892e+00  5.757836e-01  2.000000e-01
     vertex  7.821865e+00 -5.547496e-01  2.000000e-01
     vertex  8.535156e+00 -2.353516e-01  2.000000e-01
   endloop
 endfacet
 facet normal  0.000000e+00  0.000000e+00  1.000000e+00
   outer loop
     vertex  7.801892e+00  5.757836e-01  2.000000e-01
     vertex  7.735352e+00  5.644531e-01  2.000000e-01
     vertex  7.735351e+00 -5.351562e-01  2.000000e-01
   endloop
 endfacet
 facet normal  0.000000e+00  0.000000e+00  1.000000e+00
   outer loop
     vertex  7.801892e+00  5.757836e-01  2.000000e-01
     vertex  7.735351e+00 -5.351562e-01  2.000000e-01
     vertex  7.821865e+00 -5.547496e-01  2.000000e-01
   endloop
 endfacet
 facet normal  0.000000e+00  0.000000e+00  1.000000e+00
   outer loop
     vertex  8.535156e+00  2.646484e-01  2.000000e-01
     vertex  7.801892e+00  5.757836e-01  2.000000e-01
     vertex  8.535156e+00 -2.353516e-01  2.000000e-01
   endloop
 endfacet
 facet normal  0.000000e+00  0.000000e+00  1.000000e+00
   outer loop
     vertex  8.535156e+00  2.646484e-01  2.000000e-01
     vertex  7.860875e+00  6.086016e-01  2.000000e-01
     vertex  7.801892e+00  5.757836e-01  2.000000e-01
   endloop
 endfacet
 facet normal  0.000000e+00  0.000000e+00  1.000000e+00
   outer loop
     vertex  8.547191e+00  3.331398e-01  2.000000e-01
     vertex  7.860875e+00  6.086016e-01  2.000000e-01
     vertex  8.535156e+00  2.646484e-01  2.000000e-01
   endloop
 endfacet
 facet normal  0.000000e+00  0.000000e+00  1.000000e+00
   outer loop
     vertex  8.547191e+00  3.331398e-01  2.000000e-01
     vertex  7.915954e+00  6.781348e-01  2.000000e-01
     vertex  7.860875e+00  6.086016e-01  2.000000e-01
   endloop
 endfacet
 facet normal  0.000000e+00  0.000000e+00  1.000000e+00
   outer loop
     vertex  8.566463e+00  3.722471e-01  2.000000e-01
     vertex  7.915954e+00  6.781348e-01  2.000000e-01
     vertex  8.547191e+00  3.331398e-01  2.000000e-01
   endloop
 endfacet
 facet normal  0.000000e+00  0.000000e+00  1.000000e+00
   outer loop
     vertex  8.593750e+00  4.062500e-01  2.000000e-01
     vertex  7.915954e+00  6.781348e-01  2.000000e-01
     vertex  8.566463e+00  3.722471e-01  2.000000e-01
   endloop
 endfacet
 facet normal  0.000000e+00  0.000000e+00  1.000000e+00
   outer loop
     vertex  8.593750e+00  4.062500e-01  2.000000e-01
     vertex  7.935547e+00  7.646484e-01  2.000000e-01
     vertex  7.915954e+00  6.781348e-01  2.000000e-01
   endloop
 endfacet
 facet normal  0.000000e+00  0.000000e+00  1.000000e+00
   outer loop
     vertex  9.035156e+00  8.476562e-01  2.000000e-01
     vertex  7.935547e+00  7.646484e-01  2.000000e-01
     vertex  8.593750e+00  4.062500e-01  2.000000e-01
   endloop
 endfacet
 facet normal  0.000000e+00  0.000000e+00  1.000000e+00
   outer loop
     vertex  9.035156e+00  8.476562e-01  2.000000e-01
     vertex  7.935547e+00  1.264648e+00  2.000000e-01
     vertex  7.935547e+00  7.646484e-01  2.000000e-01
   endloop
 endfacet
 facet normal  0.000000e+00  0.000000e+00  1.000000e+00
   outer loop
     vertex  9.035156e+00  1.264648e+00  2.000000e-01
     vertex  7.935547e+00  1.264648e+00  2.000000e-01
     vertex  9.035156e+00  8.476562e-01  2.000000e-01
   endloop
 endfacet
 facet normal  0.000000e+00  0.000000e+00  1.000000e+00
   outer loop
     vertex  9.035156e+00  1.264648e+00  2.000000e-01
     vertex  7.924216e+00  1.331189e+00  2.000000e-01
     vertex  7.935547e+00  1.264648e+00  2.000000e-01
   endloop
 endfacet
 facet normal  0.000000e+00  0.000000e+00  1.000000e+00
   outer loop
     vertex  1.235352e+00  9.064453e+00  2.000000e-01
     vertex -2.646484e-01  7.464844e+00  2.000000e-01
     vertex  2.353516e-01  7.464844e+00  2.000000e-01
   endloop
 endfacet
 facet normal  0.000000e+00  0.000000e+00  1.000000e+00
   outer loop
     vertex  1.235352e+00  9.064453e+00  2.000000e-01
     vertex  2.353516e-01  7.464844e+00  2.000000e-01
     vertex  3.038429e-01  7.452809e+00  2.000000e-01
   endloop
 endfacet
 facet normal  0.000000e+00  0.000000e+00  1.000000e+00
   outer loop
     vertex  1.235352e+00  9.064453e+00  2.000000e-01
     vertex  3.038429e-01  7.452809e+00  2.000000e-01
     vertex  3.429503e-01  7.433537e+00  2.000000e-01
   endloop
 endfacet
 facet normal  0.000000e+00  0.000000e+00  1.000000e+00
   outer loop
     vertex  1.235352e+00  9.064453e+00  2.000000e-01
     vertex  3.429503e-01  7.433537e+00  2.000000e-01
     vertex  3.769531e-01  7.406250e+00  2.000000e-01
   endloop
 endfacet
 facet normal  0.000000e+00  0.000000e+00  1.000000e+00
   outer loop
     vertex  1.235352e+00  9.064453e+00  2.000000e-01
     vertex  3.769531e-01  7.406250e+00  2.000000e-01
     vertex  8.769531e-01  6.906250e+00  2.000000e-01
   endloop
 endfacet
 facet normal  0.000000e+00  0.000000e+00  1.000000e+00
   outer loop
     vertex  1.235352e+00  9.064453e+00  2.000000e-01
     vertex -1.264648e+00  9.064453e+00  2.000000e-01
     vertex -2.646484e-01  7.464844e+00  2.000000e-01
   endloop
 endfacet
 facet normal  0.000000e+00  0.000000e+00  1.000000e+00
   outer loop
     vertex  9.054749e+00  1.351162e+00  2.000000e-01
     vertex  7.924216e+00  1.331189e+00  2.000000e-01
     vertex  9.035156e+00  1.264648e+00  2.000000e-01
   endloop
 endfacet
 facet normal  0.000000e+00  0.000000e+00  1.000000e+00
   outer loop
     vertex  8.152344e+00  2.564453e+00  2.000000e-01
     vertex  4.818359e+00  2.564453e+00  2.000000e-01
     vertex  5.235352e+00  1.464844e+00  2.000000e-01
   endloop
 endfacet
 facet normal  0.000000e+00  0.000000e+00  1.000000e+00
   outer loop
     vertex  8.152344e+00  2.564453e+00  2.000000e-01
     vertex  5.235352e+00  1.464844e+00  2.000000e-01
     vertex  7.735351e+00  1.464844e+00  2.000000e-01
   endloop
 endfacet
 facet normal  0.000000e+00  0.000000e+00  1.000000e+00
   outer loop
     vertex  8.152344e+00  2.564453e+00  2.000000e-01
     vertex  7.735351e+00  1.464844e+00  2.000000e-01
     vertex  7.821865e+00  1.445250e+00  2.000000e-01
   endloop
 endfacet
 facet normal  0.000000e+00  0.000000e+00  1.000000e+00
   outer loop
     vertex  8.152344e+00  2.564453e+00  2.000000e-01
     vertex  7.821865e+00  1.445250e+00  2.000000e-01
     vertex  7.891398e+00  1.390172e+00  2.000000e-01
   endloop
 endfacet
 facet normal  0.000000e+00  0.000000e+00  1.000000e+00
   outer loop
     vertex  2.535156e+00  8.181641e+00  2.000000e-01
     vertex  9.355468e-01  6.264649e+00  2.000000e-01
     vertex  2.535156e+00  4.847656e+00  2.000000e-01
   endloop
 endfacet
 facet normal  0.000000e+00  0.000000e+00  1.000000e+00
   outer loop
     vertex  2.535156e+00  8.181641e+00  2.000000e-01
     vertex  8.769531e-01  6.906250e+00  2.000000e-01
     vertex  9.168329e-01  6.849281e+00  2.000000e-01
   endloop
 endfacet
 facet normal  0.000000e+00  0.000000e+00  1.000000e+00
   outer loop
     vertex  2.535156e+00  8.181641e+00  2.000000e-01
     vertex  9.168329e-01  6.849281e+00  2.000000e-01
     vertex  9.308293e-01  6.807991e+00  2.000000e-01
   endloop
 endfacet
 facet normal  0.000000e+00  0.000000e+00  1.000000e+00
   outer loop
     vertex  2.535156e+00  8.181641e+00  2.000000e-01
     vertex  9.308293e-01  6.807991e+00  2.000000e-01
     vertex  9.355468e-01  6.764648e+00  2.000000e-01
   endloop
 endfacet
 facet normal  0.000000e+00  0.000000e+00  1.000000e+00
   outer loop
     vertex  2.535156e+00  8.181641e+00  2.000000e-01
     vertex  9.355468e-01  6.764648e+00  2.000000e-01
     vertex  9.355468e-01  6.264649e+00  2.000000e-01
   endloop
 endfacet
 facet normal  0.000000e+00  0.000000e+00  1.000000e+00
   outer loop
     vertex  2.535156e+00  8.181641e+00  2.000000e-01
     vertex  1.235352e+00  9.064453e+00  2.000000e-01
     vertex  8.769531e-01  6.906250e+00  2.000000e-01
   endloop
 endfacet
 facet normal  0.000000e+00  0.000000e+00  1.000000e+00
   outer loop
     vertex  2.535156e+00  8.181641e+00  2.000000e-01
     vertex  1.301892e+00  9.075784e+00  2.000000e-01
     vertex  1.235352e+00  9.064453e+00  2.000000e-01
   endloop
 endfacet
 facet normal  0.000000e+00  0.000000e+00  1.000000e+00
   outer loop
     vertex  9.093750e+00  1.623047e+00  2.000000e-01
     vertex  9.054749e+00  1.351162e+00  2.000000e-01
     vertex  9.109828e+00  1.420695e+00  2.000000e-01
   endloop
 endfacet
 facet normal  0.000000e+00  0.000000e+00  1.000000e+00
   outer loop
     vertex  9.093750e+00  1.623047e+00  2.000000e-01
     vertex  7.924216e+00  1.331189e+00  2.000000e-01
     vertex  9.054749e+00  1.351162e+00  2.000000e-01
   endloop
 endfacet
 facet normal  0.000000e+00  0.000000e+00  1.000000e+00
   outer loop
     vertex  9.093750e+00  1.623047e+00  2.000000e-01
     vertex  8.152344e+00  2.564453e+00  2.000000e-01
     vertex  7.891398e+00  1.390172e+00  2.000000e-01
   endloop
 endfacet
 facet normal  0.000000e+00  0.000000e+00  1.000000e+00
   outer loop
     vertex  9.093750e+00  1.623047e+00  2.000000e-01
     vertex  7.891398e+00  1.390172e+00  2.000000e-01
     vertex  7.924216e+00  1.331189e+00  2.000000e-01
   endloop
 endfacet
 facet normal  0.000000e+00  0.000000e+00  1.000000e+00
   outer loop
     vertex  1.593750e+00  9.123047e+00  2.000000e-01
     vertex  1.301892e+00  9.075784e+00  2.000000e-01
     vertex  2.535156e+00  8.181641e+00  2.000000e-01
   endloop
 endfacet
 facet normal  0.000000e+00  0.000000e+00  1.000000e+00
   outer loop
     vertex  1.593750e+00  9.123047e+00  2.000000e-01
     vertex  1.415954e+00  9.178135e+00  2.000000e-01
     vertex  1.360875e+00  9.108602e+00  2.000000e-01
   endloop
 endfacet
 facet normal  0.000000e+00  0.000000e+00  1.000000e+00
   outer loop
     vertex  1.593750e+00  9.123047e+00  2.000000e-01
     vertex  1.360875e+00  9.108602e+00  2.000000e-01
     vertex  1.301892e+00  9.075784e+00  2.000000e-01
   endloop
 endfacet
 facet normal  0.000000e+00  0.000000e+00  1.000000e+00
   outer loop
     vertex  9.151584e+00  1.582590e+00  2.000000e-01
     vertex  9.093750e+00  1.623047e+00  2.000000e-01
     vertex  9.109828e+00  1.420695e+00  2.000000e-01
   endloop
 endfacet
 facet normal  0.000000e+00  0.000000e+00  1.000000e+00
   outer loop
     vertex  9.151584e+00  1.582590e+00  2.000000e-01
     vertex  9.109828e+00  1.420695e+00  2.000000e-01
     vertex  9.168811e+00  1.453513e+00  2.000000e-01
   endloop
 endfacet
 facet normal  0.000000e+00  0.000000e+00  1.000000e+00
   outer loop
     vertex  1.546685e+00  9.198238e+00  2.000000e-01
     vertex  1.415954e+00  9.178135e+00  2.000000e-01
     vertex  1.593750e+00  9.123047e+00  2.000000e-01
   endloop
 endfacet
 facet normal  0.000000e+00  0.000000e+00  1.000000e+00
   outer loop
     vertex  1.546685e+00  9.198238e+00  2.000000e-01
     vertex  1.435547e+00  9.264648e+00  2.000000e-01
     vertex  1.415954e+00  9.178135e+00  2.000000e-01
   endloop
 endfacet
 facet normal  0.000000e+00  0.000000e+00  1.000000e+00
   outer loop
     vertex  9.219870e+00  1.564739e+00  2.000000e-01
     vertex  9.168811e+00  1.453513e+00  2.000000e-01
     vertex  9.235352e+00  1.464844e+00  2.000000e-01
   endloop
 endfacet
 facet normal  0.000000e+00  0.000000e+00  1.000000e+00
   outer loop
     vertex  9.219870e+00  1.564739e+00  2.000000e-01
     vertex  9.151584e+00  1.582590e+00  2.000000e-01
     vertex  9.168811e+00  1.453513e+00  2.000000e-01
   endloop
 endfacet
 facet normal  0.000000e+00  0.000000e+00  1.000000e+00
   outer loop
     vertex  1.536764e+00  9.286389e+00  2.000000e-01
     vertex  1.435547e+00  9.264648e+00  2.000000e-01
     vertex  1.546685e+00  9.198238e+00  2.000000e-01
   endloop
 endfacet
 facet normal  0.000000e+00  0.000000e+00  1.000000e+00
   outer loop
     vertex  9.307638e+00  1.577579e+00  2.000000e-01
     vertex  9.219870e+00  1.564739e+00  2.000000e-01
     vertex  9.235352e+00  1.464844e+00  2.000000e-01
   endloop
 endfacet
 facet normal  0.000000e+00  0.000000e+00  1.000000e+00
   outer loop
     vertex  1.565939e+00  9.370158e+00  2.000000e-01
     vertex  1.435547e+00  9.264648e+00  2.000000e-01
     vertex  1.536764e+00  9.286389e+00  2.000000e-01
   endloop
 endfacet
 facet normal  0.000000e+00  0.000000e+00  1.000000e+00
   outer loop
     vertex  9.659180e+00  1.464844e+00  2.000000e-01
     vertex  9.381225e+00  1.627111e+00  2.000000e-01
     vertex  9.307638e+00  1.577579e+00  2.000000e-01
   endloop
 endfacet
 facet normal  0.000000e+00  0.000000e+00  1.000000e+00
   outer loop
     vertex  9.659180e+00  1.464844e+00  2.000000e-01
     vertex  9.307638e+00  1.577579e+00  2.000000e-01
     vertex  9.235352e+00  1.464844e+00  2.000000e-01
   endloop
 endfacet
 facet normal  0.000000e+00  0.000000e+00  1.000000e+00
   outer loop
     vertex  1.435547e+00  9.692383e+00  2.000000e-01
     vertex  1.565939e+00  9.370158e+00  2.000000e-01
     vertex  1.628468e+00  9.433073e+00  2.000000e-01
   endloop
 endfacet
 facet normal  0.000000e+00  0.000000e+00  1.000000e+00
   outer loop
     vertex  1.435547e+00  9.692383e+00  2.000000e-01
     vertex  1.435547e+00  9.264648e+00  2.000000e-01
     vertex  1.565939e+00  9.370158e+00  2.000000e-01
   endloop
 endfacet
 facet normal  0.000000e+00  0.000000e+00  1.000000e+00
   outer loop
     vertex  9.426157e+00  1.703597e+00  2.000000e-01
     vertex  9.381225e+00  1.627111e+00  2.000000e-01
     vertex  9.659180e+00  1.464844e+00  2.000000e-01
   endloop
 endfacet
 facet normal  0.000000e+00  0.000000e+00  1.000000e+00
   outer loop
     vertex  1.684884e+00  9.457624e+00  2.000000e-01
     vertex  1.435547e+00  9.692383e+00  2.000000e-01
     vertex  1.628468e+00  9.433073e+00  2.000000e-01
   endloop
 endfacet
 facet normal  0.000000e+00  0.000000e+00  1.000000e+00
   outer loop
     vertex  9.433594e+00  1.791992e+00  2.000000e-01
     vertex  9.426157e+00  1.703597e+00  2.000000e-01
     vertex  9.659180e+00  1.464844e+00  2.000000e-01
   endloop
 endfacet
 facet normal  0.000000e+00  0.000000e+00  1.000000e+00
   outer loop
     vertex  1.787352e+00  9.639847e+00  2.000000e-01
     vertex  1.684884e+00  9.457624e+00  2.000000e-01
     vertex  1.746094e+00  9.463867e+00  2.000000e-01
   endloop
 endfacet
 facet normal  0.000000e+00  0.000000e+00  1.000000e+00
   outer loop
     vertex  1.787352e+00  9.639847e+00  2.000000e-01
     vertex  1.435547e+00  9.692383e+00  2.000000e-01
     vertex  1.684884e+00  9.457624e+00  2.000000e-01
   endloop
 endfacet
 facet normal  0.000000e+00  0.000000e+00  1.000000e+00
   outer loop
     vertex  9.561709e+00  2.044935e+00  2.000000e-01
     vertex  9.433594e+00  1.791992e+00  2.000000e-01
     vertex  9.659180e+00  1.464844e+00  2.000000e-01
   endloop
 endfacet
 facet normal  0.000000e+00  0.000000e+00  1.000000e+00
   outer loop
     vertex  9.561709e+00  2.044935e+00  2.000000e-01
     vertex  9.380767e+00  2.121503e+00  2.000000e-01
     vertex  9.433594e+00  1.791992e+00  2.000000e-01
   endloop
 endfacet
 facet normal  0.000000e+00  0.000000e+00  1.000000e+00
   outer loop
     vertex  2.136662e+00  9.572728e+00  2.000000e-01
     vertex  1.787352e+00  9.639847e+00  2.000000e-01
     vertex  1.746094e+00  9.463867e+00  2.000000e-01
   endloop
 endfacet
 facet normal  0.000000e+00  0.000000e+00  1.000000e+00
   outer loop
     vertex  2.136662e+00  9.572728e+00  2.000000e-01
     vertex  1.746094e+00  9.463867e+00  2.000000e-01
     vertex  2.170678e+00  9.422981e+00  2.000000e-01
   endloop
 endfacet
 facet normal  0.000000e+00  0.000000e+00  1.000000e+00
   outer loop
     vertex  9.314209e+00  2.448459e+00  2.000000e-01
     vertex  9.380767e+00  2.121503e+00  2.000000e-01
     vertex  9.561709e+00  2.044935e+00  2.000000e-01
   endloop
 endfacet
 facet normal  0.000000e+00  0.000000e+00  1.000000e+00
   outer loop
     vertex  9.425807e+00  2.617235e+00  2.000000e-01
     vertex  9.314209e+00  2.448459e+00  2.000000e-01
     vertex  9.561709e+00  2.044935e+00  2.000000e-01
   endloop
 endfacet
 facet normal  0.000000e+00  0.000000e+00  1.000000e+00
   outer loop
     vertex  2.656804e+00  9.444814e+00  2.000000e-01
     vertex  2.170678e+00  9.422981e+00  2.000000e-01
     vertex  2.591143e+00  9.347169e+00  2.000000e-01
   endloop
 endfacet
 facet normal  0.000000e+00  0.000000e+00  1.000000e+00
   outer loop
     vertex  2.656804e+00  9.444814e+00  2.000000e-01
     vertex  2.136662e+00  9.572728e+00  2.000000e-01
     vertex  2.170678e+00  9.422981e+00  2.000000e-01
   endloop
 endfacet
 facet normal  0.000000e+00  0.000000e+00  1.000000e+00
   outer loop
     vertex  9.184679e+00  2.948553e+00  2.000000e-01
     vertex  9.314209e+00  2.448459e+00  2.000000e-01
     vertex  9.425807e+00  2.617235e+00  2.000000e-01
   endloop
 endfacet
 facet normal  0.000000e+00  0.000000e+00  1.000000e+00
   outer loop
     vertex  2.966488e+00  9.252080e+00  2.000000e-01
     vertex  2.656804e+00  9.444814e+00  2.000000e-01
     vertex  2.591143e+00  9.347169e+00  2.000000e-01
   endloop
 endfacet
 facet normal  0.000000e+00  0.000000e+00  1.000000e+00
   outer loop
     vertex  9.248918e+00  3.190944e+00  2.000000e-01
     vertex  9.184679e+00  2.948553e+00  2.000000e-01
     vertex  9.425807e+00  2.617235e+00  2.000000e-01
   endloop
 endfacet
 facet normal  0.000000e+00  0.000000e+00  1.000000e+00
   outer loop
     vertex  3.174088e+00  9.283691e+00  2.000000e-01
     vertex  2.656804e+00  9.444814e+00  2.000000e-01
     vertex  2.966488e+00  9.252080e+00  2.000000e-01
   endloop
 endfacet
 facet normal  0.000000e+00  0.000000e+00  1.000000e+00
   outer loop
     vertex  9.021700e+00  3.446093e+00  2.000000e-01
     vertex  9.184679e+00  2.948553e+00  2.000000e-01
     vertex  9.248918e+00  3.190944e+00  2.000000e-01
   endloop
 endfacet
 facet normal  0.000000e+00  0.000000e+00  1.000000e+00
   outer loop
     vertex  3.451043e+00  9.093296e+00  2.000000e-01
     vertex  3.174088e+00  9.283691e+00  2.000000e-01
     vertex  2.966488e+00  9.252080e+00  2.000000e-01
   endloop
 endfacet
 facet normal  0.000000e+00  0.000000e+00  1.000000e+00
   outer loop
     vertex  3.686617e+00  9.089548e+00  2.000000e-01
     vertex  3.174088e+00  9.283691e+00  2.000000e-01
     vertex  3.451043e+00  9.093296e+00  2.000000e-01
   endloop
 endfacet
 facet normal  0.000000e+00  0.000000e+00  1.000000e+00
   outer loop
     vertex  9.032402e+00  3.758320e+00  2.000000e-01
     vertex  9.021700e+00  3.446093e+00  2.000000e-01
     vertex  9.248918e+00  3.190944e+00  2.000000e-01
   endloop
 endfacet
 facet normal  0.000000e+00  0.000000e+00  1.000000e+00
   outer loop
     vertex  9.032402e+00  3.758320e+00  2.000000e-01
     vertex  8.825071e+00  3.939975e+00  2.000000e-01
     vertex  9.021700e+00  3.446093e+00  2.000000e-01
   endloop
 endfacet
 facet normal  0.000000e+00  0.000000e+00  1.000000e+00
   outer loop
     vertex  3.950960e+00  8.888539e+00  2.000000e-01
     vertex  3.686617e+00  9.089548e+00  2.000000e-01
     vertex  3.451043e+00  9.093296e+00  2.000000e-01
   endloop
 endfacet
 facet normal  0.000000e+00  0.000000e+00  1.000000e+00
   outer loop
     vertex  4.192288e+00  8.862800e+00  2.000000e-01
     vertex  3.686617e+00  9.089548e+00  2.000000e-01
     vertex  3.950960e+00  8.888539e+00  2.000000e-01
   endloop
 endfacet
 facet normal  0.000000e+00  0.000000e+00  1.000000e+00
   outer loop
     vertex  8.776711e+00  4.316889e+00  2.000000e-01
     vertex  8.570047e+00  4.476982e+00  2.000000e-01
     vertex  8.825071e+00  3.939975e+00  2.000000e-01
   endloop
 endfacet
 facet normal  0.000000e+00  0.000000e+00  1.000000e+00
   outer loop
     vertex  8.776711e+00  4.316889e+00  2.000000e-01
     vertex  8.825071e+00  3.939975e+00  2.000000e-01
     vertex  9.032402e+00  3.758320e+00  2.000000e-01
   endloop
 endfacet
 facet normal  0.000000e+00  0.000000e+00  1.000000e+00
   outer loop
     vertex  4.460970e+00  8.637459e+00  2.000000e-01
     vertex  4.192288e+00  8.862800e+00  2.000000e-01
     vertex  3.950960e+00  8.888539e+00  2.000000e-01
   endloop
 endfacet
 facet normal  0.000000e+00  0.000000e+00  1.000000e+00
   outer loop
     vertex  4.688840e+00  8.604102e+00  2.000000e-01
     vertex  4.192288e+00  8.862800e+00  2.000000e-01
     vertex  4.460970e+00  8.637459e+00  2.000000e-01
   endloop
 endfacet
 facet normal  0.000000e+00  0.000000e+00  1.000000e+00
   outer loop
     vertex  4.975061e+00  8.340678e+00  2.000000e-01
     vertex  4.688840e+00  8.604102e+00  2.000000e-01
     vertex  4.460970e+00  8.637459e+00  2.000000e-01
   endloop
 endfacet
 facet normal  0.000000e+00  0.000000e+00  1.000000e+00
   outer loop
     vertex  8.482598e+00  4.863879e+00  2.000000e-01
     vertex  8.303012e+00  4.958048e+00  2.000000e-01
     vertex  8.570047e+00  4.476982e+00  2.000000e-01
   endloop
 endfacet
 facet normal  0.000000e+00  0.000000e+00  1.000000e+00
   outer loop
     vertex  8.482598e+00  4.863879e+00  2.000000e-01
     vertex  8.570047e+00  4.476982e+00  2.000000e-01
     vertex  8.776711e+00  4.316889e+00  2.000000e-01
   endloop
 endfacet
 facet normal  0.000000e+00  0.000000e+00  1.000000e+00
   outer loop
     vertex  5.173890e+00  8.314383e+00  2.000000e-01
     vertex  4.975061e+00  8.340678e+00  2.000000e-01
     vertex  5.486431e+00  8.000012e+00  2.000000e-01
   endloop
 endfacet
 facet normal  0.000000e+00  0.000000e+00  1.000000e+00
   outer loop
     vertex  5.173890e+00  8.314383e+00  2.000000e-01
     vertex  4.688840e+00  8.604102e+00  2.000000e-01
     vertex  4.975061e+00  8.340678e+00  2.000000e-01
   endloop
 endfacet
 facet normal  0.000000e+00  0.000000e+00  1.000000e+00
   outer loop
     vertex  8.151156e+00  5.396288e+00  2.000000e-01
     vertex  8.303012e+00  4.958048e+00  2.000000e-01
     vertex  8.482598e+00  4.863879e+00  2.000000e-01
   endloop
 endfacet
 facet normal  0.000000e+00  0.000000e+00  1.000000e+00
   outer loop
     vertex  8.151156e+00  5.396288e+00  2.000000e-01
     vertex  8.003226e+00  5.429796e+00  2.000000e-01
     vertex  8.303012e+00  4.958048e+00  2.000000e-01
   endloop
 endfacet
 facet normal  0.000000e+00  0.000000e+00  1.000000e+00
   outer loop
     vertex  5.644957e+00  7.994868e+00  2.000000e-01
     vertex  5.486431e+00  8.000012e+00  2.000000e-01
     vertex  5.988177e+00  7.618253e+00  2.000000e-01
   endloop
 endfacet
 facet normal  0.000000e+00  0.000000e+00  1.000000e+00
   outer loop
     vertex  5.644957e+00  7.994868e+00  2.000000e-01
     vertex  5.173890e+00  8.314383e+00  2.000000e-01
     vertex  5.486431e+00  8.000012e+00  2.000000e-01
   endloop
 endfacet
 facet normal  0.000000e+00  0.000000e+00  1.000000e+00
   outer loop
     vertex  7.783865e+00  5.910940e+00  2.000000e-01
     vertex  7.646377e+00  5.922723e+00  2.000000e-01
     vertex  8.003226e+00  5.429796e+00  2.000000e-01
   endloop
 endfacet
 facet normal  0.000000e+00  0.000000e+00  1.000000e+00
   outer loop
     vertex  7.783865e+00  5.910940e+00  2.000000e-01
     vertex  8.003226e+00  5.429796e+00  2.000000e-01
     vertex  8.151156e+00  5.396288e+00  2.000000e-01
   endloop
 endfacet
 facet normal  0.000000e+00  0.000000e+00  1.000000e+00
   outer loop
     vertex  6.099566e+00  7.647053e+00  2.000000e-01
     vertex  5.988177e+00  7.618253e+00  2.000000e-01
     vertex  6.235617e+00  7.411090e+00  2.000000e-01
   endloop
 endfacet
 facet normal  0.000000e+00  0.000000e+00  1.000000e+00
   outer loop
     vertex  6.099566e+00  7.647053e+00  2.000000e-01
     vertex  5.644957e+00  7.994868e+00  2.000000e-01
     vertex  5.988177e+00  7.618253e+00  2.000000e-01
   endloop
 endfacet
 facet normal  0.000000e+00  0.000000e+00  1.000000e+00
   outer loop
     vertex  7.382622e+00  6.404545e+00  2.000000e-01
     vertex  7.282971e+00  6.366480e+00  2.000000e-01
     vertex  7.646377e+00  5.922723e+00  2.000000e-01
   endloop
 endfacet
 facet normal  0.000000e+00  0.000000e+00  1.000000e+00
   outer loop
     vertex  7.382622e+00  6.404545e+00  2.000000e-01
     vertex  7.646377e+00  5.922723e+00  2.000000e-01
     vertex  7.783865e+00  5.910940e+00  2.000000e-01
   endloop
 endfacet
 facet normal  0.000000e+00  0.000000e+00  1.000000e+00
   outer loop
     vertex  6.535270e+00  7.272702e+00  2.000000e-01
     vertex  6.235617e+00  7.411090e+00  2.000000e-01
     vertex  6.476562e+00  7.196289e+00  2.000000e-01
   endloop
 endfacet
 facet normal  0.000000e+00  0.000000e+00  1.000000e+00
   outer loop
     vertex  6.535270e+00  7.272702e+00  2.000000e-01
     vertex  6.099566e+00  7.647053e+00  2.000000e-01
     vertex  6.235617e+00  7.411090e+00  2.000000e-01
   endloop
 endfacet
 facet normal  0.000000e+00  0.000000e+00  1.000000e+00
   outer loop
     vertex  6.949723e+00  6.873819e+00  2.000000e-01
     vertex  6.476562e+00  7.196289e+00  2.000000e-01
     vertex  6.891382e+00  6.792794e+00  2.000000e-01
   endloop
 endfacet
 facet normal  0.000000e+00  0.000000e+00  1.000000e+00
   outer loop
     vertex  6.949723e+00  6.873819e+00  2.000000e-01
     vertex  6.891382e+00  6.792794e+00  2.000000e-01
     vertex  7.282971e+00  6.366480e+00  2.000000e-01
   endloop
 endfacet
 facet normal  0.000000e+00  0.000000e+00  1.000000e+00
   outer loop
     vertex  6.949723e+00  6.873819e+00  2.000000e-01
     vertex  7.282971e+00  6.366480e+00  2.000000e-01
     vertex  7.382622e+00  6.404545e+00  2.000000e-01
   endloop
 endfacet
 facet normal  0.000000e+00  0.000000e+00  1.000000e+00
   outer loop
     vertex  6.949723e+00  6.873819e+00  2.000000e-01
     vertex  6.535270e+00  7.272702e+00  2.000000e-01
     vertex  6.476562e+00  7.196289e+00  2.000000e-01
   endloop
 endfacet
 facet normal -0.000000e+00  0.000000e+00  1.000000e+00
   outer loop
     vertex -8.681641e+00 -5.351563e-01  2.000000e-01
     vertex -5.264649e+00 -5.351563e-01  2.000000e-01
     vertex -7.264648e+00  5.644531e-01  2.000000e-01
   endloop
 endfacet
 facet normal  0.000000e+00  0.000000e+00  1.000000e+00
   outer loop
     vertex -5.264648e+00 -1.435547e+00  2.000000e-01
     vertex -9.675781e+00 -1.435547e+00  2.000000e-01
     vertex -9.243832e+00 -1.535689e+00  2.000000e-01
   endloop
 endfacet
 facet normal  0.000000e+00  0.000000e+00  1.000000e+00
   outer loop
     vertex -5.264648e+00 -1.435547e+00  2.000000e-01
     vertex -9.243832e+00 -1.535689e+00  2.000000e-01
     vertex -9.178432e+00 -1.554303e+00  2.000000e-01
   endloop
 endfacet
 facet normal  0.000000e+00  0.000000e+00  1.000000e+00
   outer loop
     vertex -5.264648e+00 -1.435547e+00  2.000000e-01
     vertex -9.178432e+00 -1.554303e+00  2.000000e-01
     vertex -9.123047e+00 -1.593750e+00  2.000000e-01
   endloop
 endfacet
 facet normal  0.000000e+00  0.000000e+00  1.000000e+00
   outer loop
     vertex -5.264648e+00 -1.435547e+00  2.000000e-01
     vertex -9.123047e+00 -1.593750e+00  2.000000e-01
     vertex -8.181641e+00 -2.535156e+00  2.000000e-01
   endloop
 endfacet
 facet normal  0.000000e+00  0.000000e+00  1.000000e+00
   outer loop
     vertex  2.152344e+00 -5.935547e+00  2.000000e-01
     vertex -1.264648e+00 -5.935547e+00  2.000000e-01
     vertex  7.353515e-01 -7.035157e+00  2.000000e-01
   endloop
 endfacet
 facet normal  0.000000e+00  0.000000e+00  1.000000e+00
   outer loop
     vertex -1.264648e+00 -5.035157e+00  2.000000e-01
     vertex  2.535156e+00 -5.035157e+00  2.000000e-01
     vertex  1.652344e+00 -3.935547e+00  2.000000e-01
   endloop
 endfacet
endsolid
